OpenROAD dc5eee77c45dba8e5ace2fc89c38c6d9a4ed6e0f 
Features included (+) or not (-): +GPU +GUI +Python
This program is licensed under the BSD-3 license. See the LICENSE file for details.
Components of this program may be licensed under more restrictive licenses which must be honored.
===== SETUP endpoint paths =====
Startpoint                           Endpoint                                 Slack
----------------------------------------------------------------------------------
dp.rf.rf[5][1]$_DFFE_PP_/Q (sky130_fd_sc_hd__edfxtp_1) dp.rf.rf[13][31]$_DFFE_PP_/D (sky130_fd_sc_hd__edfxtp_1)    0.2402
dp.rf.rf[5][1]$_DFFE_PP_/Q (sky130_fd_sc_hd__edfxtp_1) dp.rf.rf[12][31]$_DFFE_PP_/D (sky130_fd_sc_hd__edfxtp_1)    0.2402
dp.rf.rf[5][1]$_DFFE_PP_/Q (sky130_fd_sc_hd__edfxtp_1) dp.rf.rf[3][31]$_DFFE_PP_/D (sky130_fd_sc_hd__edfxtp_1)    0.2425
dp.rf.rf[5][1]$_DFFE_PP_/Q (sky130_fd_sc_hd__edfxtp_1) dp.rf.rf[2][31]$_DFFE_PP_/D (sky130_fd_sc_hd__edfxtp_1)    0.2425
dp.rf.rf[5][1]$_DFFE_PP_/Q (sky130_fd_sc_hd__edfxtp_1) dp.rf.rf[14][31]$_DFFE_PP_/D (sky130_fd_sc_hd__edfxtp_1)    0.2442
dp.rf.rf[5][1]$_DFFE_PP_/Q (sky130_fd_sc_hd__edfxtp_1) dp.rf.rf[10][31]$_DFFE_PP_/D (sky130_fd_sc_hd__edfxtp_1)    0.2451
dp.rf.rf[5][1]$_DFFE_PP_/Q (sky130_fd_sc_hd__edfxtp_1) dp.rf.rf[11][31]$_DFFE_PP_/D (sky130_fd_sc_hd__edfxtp_1)    0.2459
dp.rf.rf[5][1]$_DFFE_PP_/Q (sky130_fd_sc_hd__edfxtp_1) dp.rf.rf[8][31]$_DFFE_PP_/D (sky130_fd_sc_hd__edfxtp_1)    0.2465
dp.rf.rf[5][1]$_DFFE_PP_/Q (sky130_fd_sc_hd__edfxtp_1) dp.rf.rf[9][31]$_DFFE_PP_/D (sky130_fd_sc_hd__edfxtp_1)    0.2467
dp.rf.rf[5][1]$_DFFE_PP_/Q (sky130_fd_sc_hd__edfxtp_1) dp.rf.rf[17][31]$_DFFE_PP_/D (sky130_fd_sc_hd__edfxtp_1)    0.2477
dp.rf.rf[5][1]$_DFFE_PP_/Q (sky130_fd_sc_hd__edfxtp_1) dp.rf.rf[19][31]$_DFFE_PP_/D (sky130_fd_sc_hd__edfxtp_1)    0.2480
dp.rf.rf[5][1]$_DFFE_PP_/Q (sky130_fd_sc_hd__edfxtp_1) dp.rf.rf[23][31]$_DFFE_PP_/D (sky130_fd_sc_hd__edfxtp_1)    0.2480
dp.rf.rf[5][1]$_DFFE_PP_/Q (sky130_fd_sc_hd__edfxtp_1) dp.rf.rf[18][31]$_DFFE_PP_/D (sky130_fd_sc_hd__edfxtp_1)    0.2482
dp.rf.rf[5][1]$_DFFE_PP_/Q (sky130_fd_sc_hd__edfxtp_1) dp.rf.rf[16][31]$_DFFE_PP_/D (sky130_fd_sc_hd__edfxtp_1)    0.2482
dp.rf.rf[5][1]$_DFFE_PP_/Q (sky130_fd_sc_hd__edfxtp_1) dp.rf.rf[22][31]$_DFFE_PP_/D (sky130_fd_sc_hd__edfxtp_1)    0.2483
dp.rf.rf[5][1]$_DFFE_PP_/Q (sky130_fd_sc_hd__edfxtp_1) dp.rf.rf[21][31]$_DFFE_PP_/D (sky130_fd_sc_hd__edfxtp_1)    0.2494
dp.rf.rf[5][1]$_DFFE_PP_/Q (sky130_fd_sc_hd__edfxtp_1) dp.rf.rf[26][31]$_DFFE_PP_/D (sky130_fd_sc_hd__edfxtp_1)    0.2560
dp.rf.rf[5][1]$_DFFE_PP_/Q (sky130_fd_sc_hd__edfxtp_1) dp.rf.rf[27][31]$_DFFE_PP_/D (sky130_fd_sc_hd__edfxtp_1)    0.2565
dp.rf.rf[5][1]$_DFFE_PP_/Q (sky130_fd_sc_hd__edfxtp_1) dp.rf.rf[30][31]$_DFFE_PP_/D (sky130_fd_sc_hd__edfxtp_1)    0.2570
dp.rf.rf[5][1]$_DFFE_PP_/Q (sky130_fd_sc_hd__edfxtp_1) dp.rf.rf[31][31]$_DFFE_PP_/D (sky130_fd_sc_hd__edfxtp_1)    0.2572
dp.rf.rf[5][1]$_DFFE_PP_/Q (sky130_fd_sc_hd__edfxtp_1) dp.rf.rf[25][31]$_DFFE_PP_/D (sky130_fd_sc_hd__edfxtp_1)    0.2587
dp.rf.rf[5][1]$_DFFE_PP_/Q (sky130_fd_sc_hd__edfxtp_1) dp.rf.rf[29][31]$_DFFE_PP_/D (sky130_fd_sc_hd__edfxtp_1)    0.2593
dp.rf.rf[5][1]$_DFFE_PP_/Q (sky130_fd_sc_hd__edfxtp_1) dp.rf.rf[28][31]$_DFFE_PP_/D (sky130_fd_sc_hd__edfxtp_1)    0.2593
dp.rf.rf[5][1]$_DFFE_PP_/Q (sky130_fd_sc_hd__edfxtp_1) dp.rf.rf[4][31]$_DFFE_PP_/D (sky130_fd_sc_hd__edfxtp_1)    0.2608
dp.rf.rf[5][1]$_DFFE_PP_/Q (sky130_fd_sc_hd__edfxtp_1) dp.rf.rf[7][31]$_DFFE_PP_/D (sky130_fd_sc_hd__edfxtp_1)    0.2615
dp.rf.rf[5][1]$_DFFE_PP_/Q (sky130_fd_sc_hd__edfxtp_1) dp.rf.rf[5][31]$_DFFE_PP_/D (sky130_fd_sc_hd__edfxtp_1)    0.2616
dp.rf.rf[5][1]$_DFFE_PP_/Q (sky130_fd_sc_hd__edfxtp_1) dp.rf.rf[6][31]$_DFFE_PP_/D (sky130_fd_sc_hd__edfxtp_1)    0.2617
dp.rf.rf[5][1]$_DFFE_PP_/Q (sky130_fd_sc_hd__edfxtp_1) dp.rf.rf[1][31]$_DFFE_PP_/D (sky130_fd_sc_hd__edfxtp_1)    0.2623
dp.rf.rf[5][1]$_DFFE_PP_/Q (sky130_fd_sc_hd__edfxtp_1) dp.rf.rf[0][31]$_DFFE_PP_/D (sky130_fd_sc_hd__edfxtp_1)    0.2624
dp.rf.rf[5][1]$_DFFE_PP_/Q (sky130_fd_sc_hd__edfxtp_1) dp.rf.rf[15][31]$_DFFE_PP_/D (sky130_fd_sc_hd__edfxtp_1)    0.2633
dp.rf.rf[5][1]$_DFFE_PP_/Q (sky130_fd_sc_hd__edfxtp_1) dp.rf.rf[20][31]$_DFFE_PP_/D (sky130_fd_sc_hd__edfxtp_1)    0.2707
dp.rf.rf[5][1]$_DFFE_PP_/Q (sky130_fd_sc_hd__edfxtp_1) dp.rf.rf[24][31]$_DFFE_PP_/D (sky130_fd_sc_hd__edfxtp_1)    0.2752
dp.rf.rf[5][1]$_DFFE_PP_/Q (sky130_fd_sc_hd__edfxtp_1) dp.rf.rf[16][30]$_DFFE_PP_/D (sky130_fd_sc_hd__edfxtp_1)    0.2984
dp.rf.rf[5][1]$_DFFE_PP_/Q (sky130_fd_sc_hd__edfxtp_1) dp.rf.rf[22][30]$_DFFE_PP_/D (sky130_fd_sc_hd__edfxtp_1)    0.2985
dp.rf.rf[5][1]$_DFFE_PP_/Q (sky130_fd_sc_hd__edfxtp_1) dp.rf.rf[23][30]$_DFFE_PP_/D (sky130_fd_sc_hd__edfxtp_1)    0.2985
dp.rf.rf[5][1]$_DFFE_PP_/Q (sky130_fd_sc_hd__edfxtp_1) dp.rf.rf[18][30]$_DFFE_PP_/D (sky130_fd_sc_hd__edfxtp_1)    0.2987
dp.rf.rf[5][1]$_DFFE_PP_/Q (sky130_fd_sc_hd__edfxtp_1) dp.rf.rf[20][30]$_DFFE_PP_/D (sky130_fd_sc_hd__edfxtp_1)    0.2987
dp.rf.rf[5][1]$_DFFE_PP_/Q (sky130_fd_sc_hd__edfxtp_1) dp.rf.rf[21][30]$_DFFE_PP_/D (sky130_fd_sc_hd__edfxtp_1)    0.2988
dp.rf.rf[5][1]$_DFFE_PP_/Q (sky130_fd_sc_hd__edfxtp_1) dp.rf.rf[19][30]$_DFFE_PP_/D (sky130_fd_sc_hd__edfxtp_1)    0.2988
dp.rf.rf[5][1]$_DFFE_PP_/Q (sky130_fd_sc_hd__edfxtp_1) dp.rf.rf[17][30]$_DFFE_PP_/D (sky130_fd_sc_hd__edfxtp_1)    0.2994
dp.rf.rf[5][1]$_DFFE_PP_/Q (sky130_fd_sc_hd__edfxtp_1) dp.rf.rf[14][30]$_DFFE_PP_/D (sky130_fd_sc_hd__edfxtp_1)    0.3042
dp.rf.rf[5][1]$_DFFE_PP_/Q (sky130_fd_sc_hd__edfxtp_1) dp.rf.rf[15][30]$_DFFE_PP_/D (sky130_fd_sc_hd__edfxtp_1)    0.3043
dp.rf.rf[5][1]$_DFFE_PP_/Q (sky130_fd_sc_hd__edfxtp_1) dp.rf.rf[28][29]$_DFFE_PP_/D (sky130_fd_sc_hd__edfxtp_1)    0.3046
dp.rf.rf[5][1]$_DFFE_PP_/Q (sky130_fd_sc_hd__edfxtp_1) dp.rf.rf[17][29]$_DFFE_PP_/D (sky130_fd_sc_hd__edfxtp_1)    0.3051
dp.rf.rf[5][1]$_DFFE_PP_/Q (sky130_fd_sc_hd__edfxtp_1) dp.rf.rf[16][29]$_DFFE_PP_/D (sky130_fd_sc_hd__edfxtp_1)    0.3051
dp.rf.rf[5][1]$_DFFE_PP_/Q (sky130_fd_sc_hd__edfxtp_1) dp.rf.rf[29][29]$_DFFE_PP_/D (sky130_fd_sc_hd__edfxtp_1)    0.3052
dp.rf.rf[5][1]$_DFFE_PP_/Q (sky130_fd_sc_hd__edfxtp_1) dp.rf.rf[8][29]$_DFFE_PP_/D (sky130_fd_sc_hd__edfxtp_1)    0.3055
dp.rf.rf[5][1]$_DFFE_PP_/Q (sky130_fd_sc_hd__edfxtp_1) dp.rf.rf[10][29]$_DFFE_PP_/D (sky130_fd_sc_hd__edfxtp_1)    0.3055
dp.rf.rf[5][1]$_DFFE_PP_/Q (sky130_fd_sc_hd__edfxtp_1) dp.rf.rf[10][30]$_DFFE_PP_/D (sky130_fd_sc_hd__edfxtp_1)    0.3055
dp.rf.rf[5][1]$_DFFE_PP_/Q (sky130_fd_sc_hd__edfxtp_1) dp.rf.rf[9][29]$_DFFE_PP_/D (sky130_fd_sc_hd__edfxtp_1)    0.3056
dp.rf.rf[5][1]$_DFFE_PP_/Q (sky130_fd_sc_hd__edfxtp_1) dp.rf.rf[26][29]$_DFFE_PP_/D (sky130_fd_sc_hd__edfxtp_1)    0.3070
dp.rf.rf[5][1]$_DFFE_PP_/Q (sky130_fd_sc_hd__edfxtp_1) dp.rf.rf[2][29]$_DFFE_PP_/D (sky130_fd_sc_hd__edfxtp_1)    0.3073
dp.rf.rf[5][1]$_DFFE_PP_/Q (sky130_fd_sc_hd__edfxtp_1) dp.rf.rf[6][29]$_DFFE_PP_/D (sky130_fd_sc_hd__edfxtp_1)    0.3074
dp.rf.rf[5][1]$_DFFE_PP_/Q (sky130_fd_sc_hd__edfxtp_1) dp.rf.rf[11][30]$_DFFE_PP_/D (sky130_fd_sc_hd__edfxtp_1)    0.3074
dp.rf.rf[5][1]$_DFFE_PP_/Q (sky130_fd_sc_hd__edfxtp_1) dp.rf.rf[3][29]$_DFFE_PP_/D (sky130_fd_sc_hd__edfxtp_1)    0.3074
dp.rf.rf[5][1]$_DFFE_PP_/Q (sky130_fd_sc_hd__edfxtp_1) dp.rf.rf[7][29]$_DFFE_PP_/D (sky130_fd_sc_hd__edfxtp_1)    0.3075
dp.rf.rf[5][1]$_DFFE_PP_/Q (sky130_fd_sc_hd__edfxtp_1) dp.rf.rf[5][29]$_DFFE_PP_/D (sky130_fd_sc_hd__edfxtp_1)    0.3075
dp.rf.rf[5][1]$_DFFE_PP_/Q (sky130_fd_sc_hd__edfxtp_1) dp.rf.rf[4][29]$_DFFE_PP_/D (sky130_fd_sc_hd__edfxtp_1)    0.3076
dp.rf.rf[5][1]$_DFFE_PP_/Q (sky130_fd_sc_hd__edfxtp_1) dp.rf.rf[18][29]$_DFFE_PP_/D (sky130_fd_sc_hd__edfxtp_1)    0.3079
dp.rf.rf[5][1]$_DFFE_PP_/Q (sky130_fd_sc_hd__edfxtp_1) dp.rf.rf[0][29]$_DFFE_PP_/D (sky130_fd_sc_hd__edfxtp_1)    0.3080
dp.rf.rf[5][1]$_DFFE_PP_/Q (sky130_fd_sc_hd__edfxtp_1) dp.rf.rf[1][29]$_DFFE_PP_/D (sky130_fd_sc_hd__edfxtp_1)    0.3081
dp.rf.rf[5][1]$_DFFE_PP_/Q (sky130_fd_sc_hd__edfxtp_1) dp.rf.rf[19][29]$_DFFE_PP_/D (sky130_fd_sc_hd__edfxtp_1)    0.3083
dp.rf.rf[5][1]$_DFFE_PP_/Q (sky130_fd_sc_hd__edfxtp_1) dp.rf.rf[22][29]$_DFFE_PP_/D (sky130_fd_sc_hd__edfxtp_1)    0.3083
dp.rf.rf[5][1]$_DFFE_PP_/Q (sky130_fd_sc_hd__edfxtp_1) dp.rf.rf[5][30]$_DFFE_PP_/D (sky130_fd_sc_hd__edfxtp_1)    0.3087
dp.rf.rf[5][1]$_DFFE_PP_/Q (sky130_fd_sc_hd__edfxtp_1) dp.rf.rf[4][30]$_DFFE_PP_/D (sky130_fd_sc_hd__edfxtp_1)    0.3087
dp.rf.rf[5][1]$_DFFE_PP_/Q (sky130_fd_sc_hd__edfxtp_1) dp.rf.rf[8][30]$_DFFE_PP_/D (sky130_fd_sc_hd__edfxtp_1)    0.3088
dp.rf.rf[5][1]$_DFFE_PP_/Q (sky130_fd_sc_hd__edfxtp_1) dp.rf.rf[20][29]$_DFFE_PP_/D (sky130_fd_sc_hd__edfxtp_1)    0.3090
dp.rf.rf[5][1]$_DFFE_PP_/Q (sky130_fd_sc_hd__edfxtp_1) dp.rf.rf[21][29]$_DFFE_PP_/D (sky130_fd_sc_hd__edfxtp_1)    0.3092
dp.rf.rf[5][1]$_DFFE_PP_/Q (sky130_fd_sc_hd__edfxtp_1) dp.rf.rf[23][29]$_DFFE_PP_/D (sky130_fd_sc_hd__edfxtp_1)    0.3100
dp.rf.rf[5][1]$_DFFE_PP_/Q (sky130_fd_sc_hd__edfxtp_1) dp.rf.rf[9][30]$_DFFE_PP_/D (sky130_fd_sc_hd__edfxtp_1)    0.3101
dp.rf.rf[5][1]$_DFFE_PP_/Q (sky130_fd_sc_hd__edfxtp_1) dp.rf.rf[30][29]$_DFFE_PP_/D (sky130_fd_sc_hd__edfxtp_1)    0.3107
dp.rf.rf[5][1]$_DFFE_PP_/Q (sky130_fd_sc_hd__edfxtp_1) dp.rf.rf[31][29]$_DFFE_PP_/D (sky130_fd_sc_hd__edfxtp_1)    0.3109
dp.rf.rf[5][1]$_DFFE_PP_/Q (sky130_fd_sc_hd__edfxtp_1) dp.rf.rf[11][29]$_DFFE_PP_/D (sky130_fd_sc_hd__edfxtp_1)    0.3110
dp.rf.rf[5][1]$_DFFE_PP_/Q (sky130_fd_sc_hd__edfxtp_1) dp.rf.rf[12][29]$_DFFE_PP_/D (sky130_fd_sc_hd__edfxtp_1)    0.3111
dp.rf.rf[5][1]$_DFFE_PP_/Q (sky130_fd_sc_hd__edfxtp_1) dp.rf.rf[27][29]$_DFFE_PP_/D (sky130_fd_sc_hd__edfxtp_1)    0.3112
dp.rf.rf[5][1]$_DFFE_PP_/Q (sky130_fd_sc_hd__edfxtp_1) dp.rf.rf[24][29]$_DFFE_PP_/D (sky130_fd_sc_hd__edfxtp_1)    0.3113
dp.rf.rf[5][1]$_DFFE_PP_/Q (sky130_fd_sc_hd__edfxtp_1) dp.rf.rf[25][29]$_DFFE_PP_/D (sky130_fd_sc_hd__edfxtp_1)    0.3113
dp.rf.rf[5][1]$_DFFE_PP_/Q (sky130_fd_sc_hd__edfxtp_1) dp.rf.rf[13][29]$_DFFE_PP_/D (sky130_fd_sc_hd__edfxtp_1)    0.3115
dp.rf.rf[5][1]$_DFFE_PP_/Q (sky130_fd_sc_hd__edfxtp_1) dp.rf.rf[15][29]$_DFFE_PP_/D (sky130_fd_sc_hd__edfxtp_1)    0.3117
dp.rf.rf[5][1]$_DFFE_PP_/Q (sky130_fd_sc_hd__edfxtp_1) dp.rf.rf[14][29]$_DFFE_PP_/D (sky130_fd_sc_hd__edfxtp_1)    0.3119
dp.rf.rf[5][1]$_DFFE_PP_/Q (sky130_fd_sc_hd__edfxtp_1) dp.rf.rf[1][30]$_DFFE_PP_/D (sky130_fd_sc_hd__edfxtp_1)    0.3122
dp.rf.rf[5][1]$_DFFE_PP_/Q (sky130_fd_sc_hd__edfxtp_1) dp.rf.rf[0][30]$_DFFE_PP_/D (sky130_fd_sc_hd__edfxtp_1)    0.3122
dp.rf.rf[5][1]$_DFFE_PP_/Q (sky130_fd_sc_hd__edfxtp_1) dp.rf.rf[28][30]$_DFFE_PP_/D (sky130_fd_sc_hd__edfxtp_1)    0.3126
dp.rf.rf[5][1]$_DFFE_PP_/Q (sky130_fd_sc_hd__edfxtp_1) dp.rf.rf[29][30]$_DFFE_PP_/D (sky130_fd_sc_hd__edfxtp_1)    0.3127
dp.rf.rf[5][1]$_DFFE_PP_/Q (sky130_fd_sc_hd__edfxtp_1) dp.rf.rf[30][30]$_DFFE_PP_/D (sky130_fd_sc_hd__edfxtp_1)    0.3128
dp.rf.rf[5][1]$_DFFE_PP_/Q (sky130_fd_sc_hd__edfxtp_1) dp.rf.rf[3][30]$_DFFE_PP_/D (sky130_fd_sc_hd__edfxtp_1)    0.3132
dp.rf.rf[5][1]$_DFFE_PP_/Q (sky130_fd_sc_hd__edfxtp_1) dp.rf.rf[24][30]$_DFFE_PP_/D (sky130_fd_sc_hd__edfxtp_1)    0.3138
dp.rf.rf[5][1]$_DFFE_PP_/Q (sky130_fd_sc_hd__edfxtp_1) dp.rf.rf[25][30]$_DFFE_PP_/D (sky130_fd_sc_hd__edfxtp_1)    0.3139
dp.rf.rf[5][1]$_DFFE_PP_/Q (sky130_fd_sc_hd__edfxtp_1) dp.rf.rf[26][30]$_DFFE_PP_/D (sky130_fd_sc_hd__edfxtp_1)    0.3139
dp.rf.rf[5][1]$_DFFE_PP_/Q (sky130_fd_sc_hd__edfxtp_1) dp.rf.rf[27][30]$_DFFE_PP_/D (sky130_fd_sc_hd__edfxtp_1)    0.3140
dp.rf.rf[5][1]$_DFFE_PP_/Q (sky130_fd_sc_hd__edfxtp_1) dp.rf.rf[31][30]$_DFFE_PP_/D (sky130_fd_sc_hd__edfxtp_1)    0.3141
dp.rf.rf[5][1]$_DFFE_PP_/Q (sky130_fd_sc_hd__edfxtp_1) dp.rf.rf[2][30]$_DFFE_PP_/D (sky130_fd_sc_hd__edfxtp_1)    0.3154
dp.rf.rf[5][1]$_DFFE_PP_/Q (sky130_fd_sc_hd__edfxtp_1) dp.rf.rf[7][30]$_DFFE_PP_/D (sky130_fd_sc_hd__edfxtp_1)    0.3161
dp.rf.rf[5][1]$_DFFE_PP_/Q (sky130_fd_sc_hd__edfxtp_1) dp.rf.rf[6][30]$_DFFE_PP_/D (sky130_fd_sc_hd__edfxtp_1)    0.3166
dp.rf.rf[5][1]$_DFFE_PP_/Q (sky130_fd_sc_hd__edfxtp_1) dp.rf.rf[12][30]$_DFFE_PP_/D (sky130_fd_sc_hd__edfxtp_1)    0.3179
dp.rf.rf[5][1]$_DFFE_PP_/Q (sky130_fd_sc_hd__edfxtp_1) dp.rf.rf[13][30]$_DFFE_PP_/D (sky130_fd_sc_hd__edfxtp_1)    0.3188
dp.rf.rf[11][2]$_DFFE_PP_/Q (sky130_fd_sc_hd__edfxtp_1) dp.rf.rf[17][20]$_DFFE_PP_/D (sky130_fd_sc_hd__edfxtp_1)    0.3382
dp.rf.rf[11][2]$_DFFE_PP_/Q (sky130_fd_sc_hd__edfxtp_1) dp.rf.rf[16][20]$_DFFE_PP_/D (sky130_fd_sc_hd__edfxtp_1)    0.3384
dp.rf.rf[11][2]$_DFFE_PP_/Q (sky130_fd_sc_hd__edfxtp_1) dp.rf.rf[18][20]$_DFFE_PP_/D (sky130_fd_sc_hd__edfxtp_1)    0.3384
dp.rf.rf[11][2]$_DFFE_PP_/Q (sky130_fd_sc_hd__edfxtp_1) dp.rf.rf[20][20]$_DFFE_PP_/D (sky130_fd_sc_hd__edfxtp_1)    0.3389
dp.rf.rf[11][2]$_DFFE_PP_/Q (sky130_fd_sc_hd__edfxtp_1) dp.rf.rf[19][20]$_DFFE_PP_/D (sky130_fd_sc_hd__edfxtp_1)    0.3390
dp.rf.rf[11][2]$_DFFE_PP_/Q (sky130_fd_sc_hd__edfxtp_1) dp.rf.rf[21][20]$_DFFE_PP_/D (sky130_fd_sc_hd__edfxtp_1)    0.3390
dp.rf.rf[11][2]$_DFFE_PP_/Q (sky130_fd_sc_hd__edfxtp_1) dp.rf.rf[28][20]$_DFFE_PP_/D (sky130_fd_sc_hd__edfxtp_1)    0.3397
dp.rf.rf[11][2]$_DFFE_PP_/Q (sky130_fd_sc_hd__edfxtp_1) dp.rf.rf[22][20]$_DFFE_PP_/D (sky130_fd_sc_hd__edfxtp_1)    0.3400
dp.rf.rf[11][2]$_DFFE_PP_/Q (sky130_fd_sc_hd__edfxtp_1) dp.rf.rf[23][20]$_DFFE_PP_/D (sky130_fd_sc_hd__edfxtp_1)    0.3402
dp.rf.rf[11][2]$_DFFE_PP_/Q (sky130_fd_sc_hd__edfxtp_1) dp.rf.rf[29][20]$_DFFE_PP_/D (sky130_fd_sc_hd__edfxtp_1)    0.3404
dp.rf.rf[11][2]$_DFFE_PP_/Q (sky130_fd_sc_hd__edfxtp_1) dp.rf.rf[27][20]$_DFFE_PP_/D (sky130_fd_sc_hd__edfxtp_1)    0.3943
dp.rf.rf[11][2]$_DFFE_PP_/Q (sky130_fd_sc_hd__edfxtp_1) dp.rf.rf[26][20]$_DFFE_PP_/D (sky130_fd_sc_hd__edfxtp_1)    0.3946
dp.rf.rf[11][2]$_DFFE_PP_/Q (sky130_fd_sc_hd__edfxtp_1) dp.rf.rf[1][20]$_DFFE_PP_/D (sky130_fd_sc_hd__edfxtp_1)    0.3948
dp.rf.rf[11][2]$_DFFE_PP_/Q (sky130_fd_sc_hd__edfxtp_1) dp.rf.rf[0][20]$_DFFE_PP_/D (sky130_fd_sc_hd__edfxtp_1)    0.3948
dp.rf.rf[11][2]$_DFFE_PP_/Q (sky130_fd_sc_hd__edfxtp_1) dp.rf.rf[25][20]$_DFFE_PP_/D (sky130_fd_sc_hd__edfxtp_1)    0.3951
dp.rf.rf[11][2]$_DFFE_PP_/Q (sky130_fd_sc_hd__edfxtp_1) dp.rf.rf[24][20]$_DFFE_PP_/D (sky130_fd_sc_hd__edfxtp_1)    0.3954
dp.rf.rf[11][2]$_DFFE_PP_/Q (sky130_fd_sc_hd__edfxtp_1) dp.rf.rf[6][20]$_DFFE_PP_/D (sky130_fd_sc_hd__edfxtp_1)    0.3958
dp.rf.rf[11][2]$_DFFE_PP_/Q (sky130_fd_sc_hd__edfxtp_1) dp.rf.rf[2][20]$_DFFE_PP_/D (sky130_fd_sc_hd__edfxtp_1)    0.3961
dp.rf.rf[11][2]$_DFFE_PP_/Q (sky130_fd_sc_hd__edfxtp_1) dp.rf.rf[3][20]$_DFFE_PP_/D (sky130_fd_sc_hd__edfxtp_1)    0.3961
dp.rf.rf[11][2]$_DFFE_PP_/Q (sky130_fd_sc_hd__edfxtp_1) dp.rf.rf[7][20]$_DFFE_PP_/D (sky130_fd_sc_hd__edfxtp_1)    0.3961
dp.rf.rf[11][2]$_DFFE_PP_/Q (sky130_fd_sc_hd__edfxtp_1) dp.rf.rf[5][20]$_DFFE_PP_/D (sky130_fd_sc_hd__edfxtp_1)    0.3965
dp.rf.rf[11][2]$_DFFE_PP_/Q (sky130_fd_sc_hd__edfxtp_1) dp.rf.rf[15][20]$_DFFE_PP_/D (sky130_fd_sc_hd__edfxtp_1)    0.3969
dp.rf.rf[11][2]$_DFFE_PP_/Q (sky130_fd_sc_hd__edfxtp_1) dp.rf.rf[14][20]$_DFFE_PP_/D (sky130_fd_sc_hd__edfxtp_1)    0.3970
dp.rf.rf[11][2]$_DFFE_PP_/Q (sky130_fd_sc_hd__edfxtp_1) dp.rf.rf[13][20]$_DFFE_PP_/D (sky130_fd_sc_hd__edfxtp_1)    0.3975
dp.rf.rf[11][2]$_DFFE_PP_/Q (sky130_fd_sc_hd__edfxtp_1) dp.rf.rf[11][20]$_DFFE_PP_/D (sky130_fd_sc_hd__edfxtp_1)    0.3977
dp.rf.rf[11][2]$_DFFE_PP_/Q (sky130_fd_sc_hd__edfxtp_1) dp.rf.rf[10][20]$_DFFE_PP_/D (sky130_fd_sc_hd__edfxtp_1)    0.3977
dp.rf.rf[11][2]$_DFFE_PP_/Q (sky130_fd_sc_hd__edfxtp_1) dp.rf.rf[4][20]$_DFFE_PP_/D (sky130_fd_sc_hd__edfxtp_1)    0.3993
dp.rf.rf[11][2]$_DFFE_PP_/Q (sky130_fd_sc_hd__edfxtp_1) dp.rf.rf[8][20]$_DFFE_PP_/D (sky130_fd_sc_hd__edfxtp_1)    0.4011
dp.rf.rf[11][2]$_DFFE_PP_/Q (sky130_fd_sc_hd__edfxtp_1) dp.rf.rf[9][20]$_DFFE_PP_/D (sky130_fd_sc_hd__edfxtp_1)    0.4012
dp.rf.rf[11][2]$_DFFE_PP_/Q (sky130_fd_sc_hd__edfxtp_1) dp.rf.rf[12][20]$_DFFE_PP_/D (sky130_fd_sc_hd__edfxtp_1)    0.4018
dp.rf.rf[11][2]$_DFFE_PP_/Q (sky130_fd_sc_hd__edfxtp_1) dp.rf.rf[31][20]$_DFFE_PP_/D (sky130_fd_sc_hd__edfxtp_1)    0.4113
dp.rf.rf[11][2]$_DFFE_PP_/Q (sky130_fd_sc_hd__edfxtp_1) dp.rf.rf[30][20]$_DFFE_PP_/D (sky130_fd_sc_hd__edfxtp_1)    0.4115
dp.rf.rf[5][1]$_DFFE_PP_/Q (sky130_fd_sc_hd__edfxtp_1) dp.rf.rf[14][28]$_DFFE_PP_/D (sky130_fd_sc_hd__edfxtp_1)    0.4365
dp.rf.rf[5][1]$_DFFE_PP_/Q (sky130_fd_sc_hd__edfxtp_1) dp.rf.rf[19][28]$_DFFE_PP_/D (sky130_fd_sc_hd__edfxtp_1)    0.4467
dp.rf.rf[5][1]$_DFFE_PP_/Q (sky130_fd_sc_hd__edfxtp_1) dp.rf.rf[8][28]$_DFFE_PP_/D (sky130_fd_sc_hd__edfxtp_1)    0.4501
dp.rf.rf[5][1]$_DFFE_PP_/Q (sky130_fd_sc_hd__edfxtp_1) dp.rf.rf[15][28]$_DFFE_PP_/D (sky130_fd_sc_hd__edfxtp_1)    0.4505
dp.rf.rf[5][1]$_DFFE_PP_/Q (sky130_fd_sc_hd__edfxtp_1) dp.rf.rf[13][28]$_DFFE_PP_/D (sky130_fd_sc_hd__edfxtp_1)    0.4505
dp.rf.rf[5][1]$_DFFE_PP_/Q (sky130_fd_sc_hd__edfxtp_1) dp.rf.rf[9][28]$_DFFE_PP_/D (sky130_fd_sc_hd__edfxtp_1)    0.4505
dp.rf.rf[5][1]$_DFFE_PP_/Q (sky130_fd_sc_hd__edfxtp_1) dp.rf.rf[10][28]$_DFFE_PP_/D (sky130_fd_sc_hd__edfxtp_1)    0.4506
dp.rf.rf[5][1]$_DFFE_PP_/Q (sky130_fd_sc_hd__edfxtp_1) dp.rf.rf[11][28]$_DFFE_PP_/D (sky130_fd_sc_hd__edfxtp_1)    0.4506
dp.rf.rf[5][1]$_DFFE_PP_/Q (sky130_fd_sc_hd__edfxtp_1) dp.rf.rf[4][28]$_DFFE_PP_/D (sky130_fd_sc_hd__edfxtp_1)    0.4506
dp.rf.rf[5][1]$_DFFE_PP_/Q (sky130_fd_sc_hd__edfxtp_1) dp.rf.rf[5][28]$_DFFE_PP_/D (sky130_fd_sc_hd__edfxtp_1)    0.4511
dp.rf.rf[5][1]$_DFFE_PP_/Q (sky130_fd_sc_hd__edfxtp_1) dp.rf.rf[12][28]$_DFFE_PP_/D (sky130_fd_sc_hd__edfxtp_1)    0.4516
dp.rf.rf[5][1]$_DFFE_PP_/Q (sky130_fd_sc_hd__edfxtp_1) dp.rf.rf[1][28]$_DFFE_PP_/D (sky130_fd_sc_hd__edfxtp_1)    0.4520
dp.rf.rf[5][1]$_DFFE_PP_/Q (sky130_fd_sc_hd__edfxtp_1) dp.rf.rf[0][28]$_DFFE_PP_/D (sky130_fd_sc_hd__edfxtp_1)    0.4520
dp.rf.rf[5][1]$_DFFE_PP_/Q (sky130_fd_sc_hd__edfxtp_1) dp.rf.rf[6][28]$_DFFE_PP_/D (sky130_fd_sc_hd__edfxtp_1)    0.4529
dp.rf.rf[5][1]$_DFFE_PP_/Q (sky130_fd_sc_hd__edfxtp_1) dp.rf.rf[7][28]$_DFFE_PP_/D (sky130_fd_sc_hd__edfxtp_1)    0.4534
dp.rf.rf[5][1]$_DFFE_PP_/Q (sky130_fd_sc_hd__edfxtp_1) dp.rf.rf[2][28]$_DFFE_PP_/D (sky130_fd_sc_hd__edfxtp_1)    0.4534
dp.rf.rf[5][1]$_DFFE_PP_/Q (sky130_fd_sc_hd__edfxtp_1) dp.rf.rf[3][28]$_DFFE_PP_/D (sky130_fd_sc_hd__edfxtp_1)    0.4538
dp.rf.rf[5][1]$_DFFE_PP_/Q (sky130_fd_sc_hd__edfxtp_1) dp.rf.rf[28][28]$_DFFE_PP_/D (sky130_fd_sc_hd__edfxtp_1)    0.4553
dp.rf.rf[5][1]$_DFFE_PP_/Q (sky130_fd_sc_hd__edfxtp_1) dp.rf.rf[29][28]$_DFFE_PP_/D (sky130_fd_sc_hd__edfxtp_1)    0.4573
dp.rf.rf[5][1]$_DFFE_PP_/Q (sky130_fd_sc_hd__edfxtp_1) dp.rf.rf[31][28]$_DFFE_PP_/D (sky130_fd_sc_hd__edfxtp_1)    0.4573
dp.rf.rf[5][1]$_DFFE_PP_/Q (sky130_fd_sc_hd__edfxtp_1) dp.rf.rf[30][28]$_DFFE_PP_/D (sky130_fd_sc_hd__edfxtp_1)    0.4585
dp.rf.rf[5][1]$_DFFE_PP_/Q (sky130_fd_sc_hd__edfxtp_1) dp.rf.rf[24][28]$_DFFE_PP_/D (sky130_fd_sc_hd__edfxtp_1)    0.4615
dp.rf.rf[5][1]$_DFFE_PP_/Q (sky130_fd_sc_hd__edfxtp_1) dp.rf.rf[21][28]$_DFFE_PP_/D (sky130_fd_sc_hd__edfxtp_1)    0.4627
dp.rf.rf[5][1]$_DFFE_PP_/Q (sky130_fd_sc_hd__edfxtp_1) dp.rf.rf[23][28]$_DFFE_PP_/D (sky130_fd_sc_hd__edfxtp_1)    0.4627
dp.rf.rf[5][1]$_DFFE_PP_/Q (sky130_fd_sc_hd__edfxtp_1) dp.rf.rf[22][28]$_DFFE_PP_/D (sky130_fd_sc_hd__edfxtp_1)    0.4627
dp.rf.rf[5][1]$_DFFE_PP_/Q (sky130_fd_sc_hd__edfxtp_1) dp.rf.rf[20][28]$_DFFE_PP_/D (sky130_fd_sc_hd__edfxtp_1)    0.4627
dp.rf.rf[5][1]$_DFFE_PP_/Q (sky130_fd_sc_hd__edfxtp_1) dp.rf.rf[27][28]$_DFFE_PP_/D (sky130_fd_sc_hd__edfxtp_1)    0.4644
dp.rf.rf[5][1]$_DFFE_PP_/Q (sky130_fd_sc_hd__edfxtp_1) dp.rf.rf[26][28]$_DFFE_PP_/D (sky130_fd_sc_hd__edfxtp_1)    0.4652
dp.rf.rf[5][1]$_DFFE_PP_/Q (sky130_fd_sc_hd__edfxtp_1) dp.rf.rf[25][28]$_DFFE_PP_/D (sky130_fd_sc_hd__edfxtp_1)    0.4678
dp.rf.rf[5][1]$_DFFE_PP_/Q (sky130_fd_sc_hd__edfxtp_1) dp.rf.rf[18][28]$_DFFE_PP_/D (sky130_fd_sc_hd__edfxtp_1)    0.4689
dp.rf.rf[5][1]$_DFFE_PP_/Q (sky130_fd_sc_hd__edfxtp_1) dp.rf.rf[17][28]$_DFFE_PP_/D (sky130_fd_sc_hd__edfxtp_1)    0.4695
dp.rf.rf[5][1]$_DFFE_PP_/Q (sky130_fd_sc_hd__edfxtp_1) dp.rf.rf[16][28]$_DFFE_PP_/D (sky130_fd_sc_hd__edfxtp_1)    0.4699
dp.rf.rf[11][0]$_DFFE_PP_/Q (sky130_fd_sc_hd__edfxtp_1) dp.rf.rf[21][16]$_DFFE_PP_/D (sky130_fd_sc_hd__edfxtp_1)    0.5319
dp.rf.rf[11][0]$_DFFE_PP_/Q (sky130_fd_sc_hd__edfxtp_1) dp.rf.rf[22][16]$_DFFE_PP_/D (sky130_fd_sc_hd__edfxtp_1)    0.5325
dp.rf.rf[11][0]$_DFFE_PP_/Q (sky130_fd_sc_hd__edfxtp_1) dp.rf.rf[23][16]$_DFFE_PP_/D (sky130_fd_sc_hd__edfxtp_1)    0.5337
dp.rf.rf[11][0]$_DFFE_PP_/Q (sky130_fd_sc_hd__edfxtp_1) dp.rf.rf[20][16]$_DFFE_PP_/D (sky130_fd_sc_hd__edfxtp_1)    0.5381
dp.rf.rf[30][2]$_DFFE_PP_/Q (sky130_fd_sc_hd__edfxtp_1) dp.rf.rf[27][26]$_DFFE_PP_/D (sky130_fd_sc_hd__edfxtp_1)    0.5744
dp.rf.rf[30][2]$_DFFE_PP_/Q (sky130_fd_sc_hd__edfxtp_1) dp.rf.rf[20][26]$_DFFE_PP_/D (sky130_fd_sc_hd__edfxtp_1)    0.5745
dp.rf.rf[30][2]$_DFFE_PP_/Q (sky130_fd_sc_hd__edfxtp_1) dp.rf.rf[26][26]$_DFFE_PP_/D (sky130_fd_sc_hd__edfxtp_1)    0.5745
dp.rf.rf[30][2]$_DFFE_PP_/Q (sky130_fd_sc_hd__edfxtp_1) dp.rf.rf[23][26]$_DFFE_PP_/D (sky130_fd_sc_hd__edfxtp_1)    0.5745
dp.rf.rf[30][2]$_DFFE_PP_/Q (sky130_fd_sc_hd__edfxtp_1) dp.rf.rf[21][26]$_DFFE_PP_/D (sky130_fd_sc_hd__edfxtp_1)    0.5745
dp.rf.rf[30][2]$_DFFE_PP_/Q (sky130_fd_sc_hd__edfxtp_1) dp.rf.rf[22][26]$_DFFE_PP_/D (sky130_fd_sc_hd__edfxtp_1)    0.5745
dp.rf.rf[30][2]$_DFFE_PP_/Q (sky130_fd_sc_hd__edfxtp_1) dp.rf.rf[4][26]$_DFFE_PP_/D (sky130_fd_sc_hd__edfxtp_1)    0.5745
dp.rf.rf[30][2]$_DFFE_PP_/Q (sky130_fd_sc_hd__edfxtp_1) dp.rf.rf[5][26]$_DFFE_PP_/D (sky130_fd_sc_hd__edfxtp_1)    0.5746
dp.rf.rf[30][2]$_DFFE_PP_/Q (sky130_fd_sc_hd__edfxtp_1) dp.rf.rf[6][26]$_DFFE_PP_/D (sky130_fd_sc_hd__edfxtp_1)    0.5746
dp.rf.rf[30][2]$_DFFE_PP_/Q (sky130_fd_sc_hd__edfxtp_1) dp.rf.rf[7][26]$_DFFE_PP_/D (sky130_fd_sc_hd__edfxtp_1)    0.5747
dp.rf.rf[30][2]$_DFFE_PP_/Q (sky130_fd_sc_hd__edfxtp_1) dp.rf.rf[2][26]$_DFFE_PP_/D (sky130_fd_sc_hd__edfxtp_1)    0.5749
dp.rf.rf[30][2]$_DFFE_PP_/Q (sky130_fd_sc_hd__edfxtp_1) dp.rf.rf[1][26]$_DFFE_PP_/D (sky130_fd_sc_hd__edfxtp_1)    0.5750
dp.rf.rf[30][2]$_DFFE_PP_/Q (sky130_fd_sc_hd__edfxtp_1) dp.rf.rf[3][26]$_DFFE_PP_/D (sky130_fd_sc_hd__edfxtp_1)    0.5752
dp.rf.rf[30][2]$_DFFE_PP_/Q (sky130_fd_sc_hd__edfxtp_1) dp.rf.rf[28][26]$_DFFE_PP_/D (sky130_fd_sc_hd__edfxtp_1)    0.5753
dp.rf.rf[30][2]$_DFFE_PP_/Q (sky130_fd_sc_hd__edfxtp_1) dp.rf.rf[18][26]$_DFFE_PP_/D (sky130_fd_sc_hd__edfxtp_1)    0.5754
dp.rf.rf[30][2]$_DFFE_PP_/Q (sky130_fd_sc_hd__edfxtp_1) dp.rf.rf[29][26]$_DFFE_PP_/D (sky130_fd_sc_hd__edfxtp_1)    0.5754
dp.rf.rf[30][2]$_DFFE_PP_/Q (sky130_fd_sc_hd__edfxtp_1) dp.rf.rf[30][26]$_DFFE_PP_/D (sky130_fd_sc_hd__edfxtp_1)    0.5759
dp.rf.rf[30][2]$_DFFE_PP_/Q (sky130_fd_sc_hd__edfxtp_1) dp.rf.rf[31][26]$_DFFE_PP_/D (sky130_fd_sc_hd__edfxtp_1)    0.5762
dp.rf.rf[11][0]$_DFFE_PP_/Q (sky130_fd_sc_hd__edfxtp_1) dp.rf.rf[13][16]$_DFFE_PP_/D (sky130_fd_sc_hd__edfxtp_1)    0.5764
dp.rf.rf[11][0]$_DFFE_PP_/Q (sky130_fd_sc_hd__edfxtp_1) dp.rf.rf[14][16]$_DFFE_PP_/D (sky130_fd_sc_hd__edfxtp_1)    0.5765
dp.rf.rf[11][0]$_DFFE_PP_/Q (sky130_fd_sc_hd__edfxtp_1) dp.rf.rf[15][16]$_DFFE_PP_/D (sky130_fd_sc_hd__edfxtp_1)    0.5766
dp.rf.rf[11][0]$_DFFE_PP_/Q (sky130_fd_sc_hd__edfxtp_1) dp.rf.rf[6][16]$_DFFE_PP_/D (sky130_fd_sc_hd__edfxtp_1)    0.5774
dp.rf.rf[11][0]$_DFFE_PP_/Q (sky130_fd_sc_hd__edfxtp_1) dp.rf.rf[7][16]$_DFFE_PP_/D (sky130_fd_sc_hd__edfxtp_1)    0.5778
dp.rf.rf[30][2]$_DFFE_PP_/Q (sky130_fd_sc_hd__edfxtp_1) dp.rf.rf[17][26]$_DFFE_PP_/D (sky130_fd_sc_hd__edfxtp_1)    0.5783
dp.rf.rf[11][0]$_DFFE_PP_/Q (sky130_fd_sc_hd__edfxtp_1) dp.rf.rf[11][16]$_DFFE_PP_/D (sky130_fd_sc_hd__edfxtp_1)    0.5783
dp.rf.rf[30][2]$_DFFE_PP_/Q (sky130_fd_sc_hd__edfxtp_1) dp.rf.rf[16][26]$_DFFE_PP_/D (sky130_fd_sc_hd__edfxtp_1)    0.5784
dp.rf.rf[11][0]$_DFFE_PP_/Q (sky130_fd_sc_hd__edfxtp_1) dp.rf.rf[3][16]$_DFFE_PP_/D (sky130_fd_sc_hd__edfxtp_1)    0.5785
dp.rf.rf[11][0]$_DFFE_PP_/Q (sky130_fd_sc_hd__edfxtp_1) dp.rf.rf[12][16]$_DFFE_PP_/D (sky130_fd_sc_hd__edfxtp_1)    0.5786
dp.rf.rf[11][0]$_DFFE_PP_/Q (sky130_fd_sc_hd__edfxtp_1) dp.rf.rf[0][16]$_DFFE_PP_/D (sky130_fd_sc_hd__edfxtp_1)    0.5787
dp.rf.rf[11][0]$_DFFE_PP_/Q (sky130_fd_sc_hd__edfxtp_1) dp.rf.rf[8][16]$_DFFE_PP_/D (sky130_fd_sc_hd__edfxtp_1)    0.5787
dp.rf.rf[11][0]$_DFFE_PP_/Q (sky130_fd_sc_hd__edfxtp_1) dp.rf.rf[9][16]$_DFFE_PP_/D (sky130_fd_sc_hd__edfxtp_1)    0.5787
dp.rf.rf[11][0]$_DFFE_PP_/Q (sky130_fd_sc_hd__edfxtp_1) dp.rf.rf[5][16]$_DFFE_PP_/D (sky130_fd_sc_hd__edfxtp_1)    0.5787
dp.rf.rf[11][0]$_DFFE_PP_/Q (sky130_fd_sc_hd__edfxtp_1) dp.rf.rf[10][16]$_DFFE_PP_/D (sky130_fd_sc_hd__edfxtp_1)    0.5789
dp.rf.rf[11][0]$_DFFE_PP_/Q (sky130_fd_sc_hd__edfxtp_1) dp.rf.rf[1][16]$_DFFE_PP_/D (sky130_fd_sc_hd__edfxtp_1)    0.5789
dp.rf.rf[11][0]$_DFFE_PP_/Q (sky130_fd_sc_hd__edfxtp_1) dp.rf.rf[4][16]$_DFFE_PP_/D (sky130_fd_sc_hd__edfxtp_1)    0.5791
dp.rf.rf[11][0]$_DFFE_PP_/Q (sky130_fd_sc_hd__edfxtp_1) dp.rf.rf[2][16]$_DFFE_PP_/D (sky130_fd_sc_hd__edfxtp_1)    0.5793
dp.rf.rf[11][0]$_DFFE_PP_/Q (sky130_fd_sc_hd__edfxtp_1) dp.rf.rf[24][16]$_DFFE_PP_/D (sky130_fd_sc_hd__edfxtp_1)    0.5801
dp.rf.rf[11][0]$_DFFE_PP_/Q (sky130_fd_sc_hd__edfxtp_1) dp.rf.rf[25][16]$_DFFE_PP_/D (sky130_fd_sc_hd__edfxtp_1)    0.5805
dp.rf.rf[11][0]$_DFFE_PP_/Q (sky130_fd_sc_hd__edfxtp_1) dp.rf.rf[26][16]$_DFFE_PP_/D (sky130_fd_sc_hd__edfxtp_1)    0.5840
dp.rf.rf[30][2]$_DFFE_PP_/Q (sky130_fd_sc_hd__edfxtp_1) dp.rf.rf[9][26]$_DFFE_PP_/D (sky130_fd_sc_hd__edfxtp_1)    0.5843
dp.rf.rf[11][0]$_DFFE_PP_/Q (sky130_fd_sc_hd__edfxtp_1) dp.rf.rf[27][16]$_DFFE_PP_/D (sky130_fd_sc_hd__edfxtp_1)    0.5845
dp.rf.rf[11][0]$_DFFE_PP_/Q (sky130_fd_sc_hd__edfxtp_1) dp.rf.rf[30][16]$_DFFE_PP_/D (sky130_fd_sc_hd__edfxtp_1)    0.5846
dp.rf.rf[11][0]$_DFFE_PP_/Q (sky130_fd_sc_hd__edfxtp_1) dp.rf.rf[29][16]$_DFFE_PP_/D (sky130_fd_sc_hd__edfxtp_1)    0.5851
dp.rf.rf[30][2]$_DFFE_PP_/Q (sky130_fd_sc_hd__edfxtp_1) dp.rf.rf[24][26]$_DFFE_PP_/D (sky130_fd_sc_hd__edfxtp_1)    0.5855
dp.rf.rf[11][0]$_DFFE_PP_/Q (sky130_fd_sc_hd__edfxtp_1) dp.rf.rf[31][16]$_DFFE_PP_/D (sky130_fd_sc_hd__edfxtp_1)    0.5861
dp.rf.rf[11][0]$_DFFE_PP_/Q (sky130_fd_sc_hd__edfxtp_1) dp.rf.rf[19][16]$_DFFE_PP_/D (sky130_fd_sc_hd__edfxtp_1)    0.5865
dp.rf.rf[30][2]$_DFFE_PP_/Q (sky130_fd_sc_hd__edfxtp_1) dp.rf.rf[25][26]$_DFFE_PP_/D (sky130_fd_sc_hd__edfxtp_1)    0.5867
dp.rf.rf[30][2]$_DFFE_PP_/Q (sky130_fd_sc_hd__edfxtp_1) dp.rf.rf[19][26]$_DFFE_PP_/D (sky130_fd_sc_hd__edfxtp_1)    0.5869
dp.rf.rf[11][0]$_DFFE_PP_/Q (sky130_fd_sc_hd__edfxtp_1) dp.rf.rf[18][16]$_DFFE_PP_/D (sky130_fd_sc_hd__edfxtp_1)    0.5872
dp.rf.rf[30][2]$_DFFE_PP_/Q (sky130_fd_sc_hd__edfxtp_1) dp.rf.rf[10][26]$_DFFE_PP_/D (sky130_fd_sc_hd__edfxtp_1)    0.5896
dp.rf.rf[30][2]$_DFFE_PP_/Q (sky130_fd_sc_hd__edfxtp_1) dp.rf.rf[14][26]$_DFFE_PP_/D (sky130_fd_sc_hd__edfxtp_1)    0.5910
dp.rf.rf[30][2]$_DFFE_PP_/Q (sky130_fd_sc_hd__edfxtp_1) dp.rf.rf[0][26]$_DFFE_PP_/D (sky130_fd_sc_hd__edfxtp_1)    0.5912
dp.rf.rf[30][2]$_DFFE_PP_/Q (sky130_fd_sc_hd__edfxtp_1) dp.rf.rf[11][26]$_DFFE_PP_/D (sky130_fd_sc_hd__edfxtp_1)    0.5913
dp.rf.rf[11][0]$_DFFE_PP_/Q (sky130_fd_sc_hd__edfxtp_1) dp.rf.rf[28][16]$_DFFE_PP_/D (sky130_fd_sc_hd__edfxtp_1)    0.5916
dp.rf.rf[11][0]$_DFFE_PP_/Q (sky130_fd_sc_hd__edfxtp_1) dp.rf.rf[16][16]$_DFFE_PP_/D (sky130_fd_sc_hd__edfxtp_1)    0.5922
dp.rf.rf[30][2]$_DFFE_PP_/Q (sky130_fd_sc_hd__edfxtp_1) dp.rf.rf[15][26]$_DFFE_PP_/D (sky130_fd_sc_hd__edfxtp_1)    0.5925
dp.rf.rf[30][2]$_DFFE_PP_/Q (sky130_fd_sc_hd__edfxtp_1) dp.rf.rf[12][26]$_DFFE_PP_/D (sky130_fd_sc_hd__edfxtp_1)    0.5926
dp.rf.rf[30][2]$_DFFE_PP_/Q (sky130_fd_sc_hd__edfxtp_1) dp.rf.rf[13][26]$_DFFE_PP_/D (sky130_fd_sc_hd__edfxtp_1)    0.5926
dp.rf.rf[30][2]$_DFFE_PP_/Q (sky130_fd_sc_hd__edfxtp_1) dp.rf.rf[8][26]$_DFFE_PP_/D (sky130_fd_sc_hd__edfxtp_1)    0.5927
dp.rf.rf[11][0]$_DFFE_PP_/Q (sky130_fd_sc_hd__edfxtp_1) dp.rf.rf[17][16]$_DFFE_PP_/D (sky130_fd_sc_hd__edfxtp_1)    0.5931
dp.rf.rf[5][1]$_DFFE_PP_/Q (sky130_fd_sc_hd__dfrtp_1) dp.pcreg.q[31]$_DFF_PP0_/D (sky130_fd_sc_hd__dfrtp_1)    0.6792
dp.rf.rf[11][0]$_DFFE_PP_/Q (sky130_fd_sc_hd__edfxtp_1) dp.rf.rf[6][0]$_DFFE_PP_/D (sky130_fd_sc_hd__edfxtp_1)    0.6975
dp.rf.rf[11][0]$_DFFE_PP_/Q (sky130_fd_sc_hd__edfxtp_1) dp.rf.rf[26][0]$_DFFE_PP_/D (sky130_fd_sc_hd__edfxtp_1)    0.6978
dp.rf.rf[11][0]$_DFFE_PP_/Q (sky130_fd_sc_hd__edfxtp_1) dp.rf.rf[27][0]$_DFFE_PP_/D (sky130_fd_sc_hd__edfxtp_1)    0.6978
dp.rf.rf[11][0]$_DFFE_PP_/Q (sky130_fd_sc_hd__edfxtp_1) dp.rf.rf[25][0]$_DFFE_PP_/D (sky130_fd_sc_hd__edfxtp_1)    0.6978
dp.rf.rf[11][0]$_DFFE_PP_/Q (sky130_fd_sc_hd__edfxtp_1) dp.rf.rf[30][0]$_DFFE_PP_/D (sky130_fd_sc_hd__edfxtp_1)    0.6980
dp.rf.rf[11][0]$_DFFE_PP_/Q (sky130_fd_sc_hd__edfxtp_1) dp.rf.rf[31][0]$_DFFE_PP_/D (sky130_fd_sc_hd__edfxtp_1)    0.6981
dp.rf.rf[11][0]$_DFFE_PP_/Q (sky130_fd_sc_hd__edfxtp_1) dp.rf.rf[28][0]$_DFFE_PP_/D (sky130_fd_sc_hd__edfxtp_1)    0.6984
dp.rf.rf[11][0]$_DFFE_PP_/Q (sky130_fd_sc_hd__edfxtp_1) dp.rf.rf[4][0]$_DFFE_PP_/D (sky130_fd_sc_hd__edfxtp_1)    0.6985
dp.rf.rf[11][0]$_DFFE_PP_/Q (sky130_fd_sc_hd__edfxtp_1) dp.rf.rf[5][0]$_DFFE_PP_/D (sky130_fd_sc_hd__edfxtp_1)    0.6986
dp.rf.rf[11][0]$_DFFE_PP_/Q (sky130_fd_sc_hd__edfxtp_1) dp.rf.rf[29][0]$_DFFE_PP_/D (sky130_fd_sc_hd__edfxtp_1)    0.6987
dp.rf.rf[11][0]$_DFFE_PP_/Q (sky130_fd_sc_hd__edfxtp_1) dp.rf.rf[20][0]$_DFFE_PP_/D (sky130_fd_sc_hd__edfxtp_1)    0.6988
dp.rf.rf[11][0]$_DFFE_PP_/Q (sky130_fd_sc_hd__edfxtp_1) dp.rf.rf[24][0]$_DFFE_PP_/D (sky130_fd_sc_hd__edfxtp_1)    0.6988
dp.rf.rf[11][0]$_DFFE_PP_/Q (sky130_fd_sc_hd__edfxtp_1) dp.rf.rf[7][0]$_DFFE_PP_/D (sky130_fd_sc_hd__edfxtp_1)    0.6989
dp.rf.rf[11][0]$_DFFE_PP_/Q (sky130_fd_sc_hd__edfxtp_1) dp.rf.rf[21][0]$_DFFE_PP_/D (sky130_fd_sc_hd__edfxtp_1)    0.6993
dp.rf.rf[11][0]$_DFFE_PP_/Q (sky130_fd_sc_hd__edfxtp_1) dp.rf.rf[23][0]$_DFFE_PP_/D (sky130_fd_sc_hd__edfxtp_1)    0.6996
dp.rf.rf[11][0]$_DFFE_PP_/Q (sky130_fd_sc_hd__edfxtp_1) dp.rf.rf[22][0]$_DFFE_PP_/D (sky130_fd_sc_hd__edfxtp_1)    0.6997
dp.rf.rf[11][0]$_DFFE_PP_/Q (sky130_fd_sc_hd__edfxtp_1) dp.rf.rf[16][0]$_DFFE_PP_/D (sky130_fd_sc_hd__edfxtp_1)    0.7012
dp.rf.rf[11][0]$_DFFE_PP_/Q (sky130_fd_sc_hd__edfxtp_1) dp.rf.rf[19][0]$_DFFE_PP_/D (sky130_fd_sc_hd__edfxtp_1)    0.7012
dp.rf.rf[11][0]$_DFFE_PP_/Q (sky130_fd_sc_hd__edfxtp_1) dp.rf.rf[18][0]$_DFFE_PP_/D (sky130_fd_sc_hd__edfxtp_1)    0.7013
dp.rf.rf[11][0]$_DFFE_PP_/Q (sky130_fd_sc_hd__edfxtp_1) dp.rf.rf[17][0]$_DFFE_PP_/D (sky130_fd_sc_hd__edfxtp_1)    0.7013
dp.rf.rf[11][0]$_DFFE_PP_/Q (sky130_fd_sc_hd__edfxtp_1) dp.rf.rf[2][0]$_DFFE_PP_/D (sky130_fd_sc_hd__edfxtp_1)    0.7024
dp.rf.rf[11][0]$_DFFE_PP_/Q (sky130_fd_sc_hd__edfxtp_1) dp.rf.rf[3][0]$_DFFE_PP_/D (sky130_fd_sc_hd__edfxtp_1)    0.7027
dp.rf.rf[11][0]$_DFFE_PP_/Q (sky130_fd_sc_hd__edfxtp_1) dp.rf.rf[0][0]$_DFFE_PP_/D (sky130_fd_sc_hd__edfxtp_1)    0.7053
dp.rf.rf[11][0]$_DFFE_PP_/Q (sky130_fd_sc_hd__edfxtp_1) dp.rf.rf[15][0]$_DFFE_PP_/D (sky130_fd_sc_hd__edfxtp_1)    0.7086
dp.rf.rf[11][0]$_DFFE_PP_/Q (sky130_fd_sc_hd__edfxtp_1) dp.rf.rf[14][0]$_DFFE_PP_/D (sky130_fd_sc_hd__edfxtp_1)    0.7086
dp.rf.rf[11][0]$_DFFE_PP_/Q (sky130_fd_sc_hd__edfxtp_1) dp.rf.rf[13][0]$_DFFE_PP_/D (sky130_fd_sc_hd__edfxtp_1)    0.7087
dp.rf.rf[11][0]$_DFFE_PP_/Q (sky130_fd_sc_hd__edfxtp_1) dp.rf.rf[12][0]$_DFFE_PP_/D (sky130_fd_sc_hd__edfxtp_1)    0.7089
dp.rf.rf[11][0]$_DFFE_PP_/Q (sky130_fd_sc_hd__edfxtp_1) dp.rf.rf[1][0]$_DFFE_PP_/D (sky130_fd_sc_hd__edfxtp_1)    0.7095
dp.rf.rf[11][0]$_DFFE_PP_/Q (sky130_fd_sc_hd__edfxtp_1) dp.rf.rf[11][0]$_DFFE_PP_/D (sky130_fd_sc_hd__edfxtp_1)    0.7111
dp.rf.rf[11][0]$_DFFE_PP_/Q (sky130_fd_sc_hd__edfxtp_1) dp.rf.rf[10][0]$_DFFE_PP_/D (sky130_fd_sc_hd__edfxtp_1)    0.7120
dp.rf.rf[11][0]$_DFFE_PP_/Q (sky130_fd_sc_hd__edfxtp_1) dp.rf.rf[9][0]$_DFFE_PP_/D (sky130_fd_sc_hd__edfxtp_1)    0.7121
dp.rf.rf[11][0]$_DFFE_PP_/Q (sky130_fd_sc_hd__edfxtp_1) dp.rf.rf[8][0]$_DFFE_PP_/D (sky130_fd_sc_hd__edfxtp_1)    0.7121
dp.rf.rf[31][3]$_DFFE_PP_/Q (sky130_fd_sc_hd__edfxtp_1) dp.rf.rf[5][25]$_DFFE_PP_/D (sky130_fd_sc_hd__edfxtp_1)    0.7231
dp.rf.rf[31][3]$_DFFE_PP_/Q (sky130_fd_sc_hd__edfxtp_1) dp.rf.rf[6][25]$_DFFE_PP_/D (sky130_fd_sc_hd__edfxtp_1)    0.7232
dp.rf.rf[31][3]$_DFFE_PP_/Q (sky130_fd_sc_hd__edfxtp_1) dp.rf.rf[4][25]$_DFFE_PP_/D (sky130_fd_sc_hd__edfxtp_1)    0.7233
dp.rf.rf[31][3]$_DFFE_PP_/Q (sky130_fd_sc_hd__edfxtp_1) dp.rf.rf[30][25]$_DFFE_PP_/D (sky130_fd_sc_hd__edfxtp_1)    0.7298
dp.rf.rf[31][3]$_DFFE_PP_/Q (sky130_fd_sc_hd__edfxtp_1) dp.rf.rf[31][25]$_DFFE_PP_/D (sky130_fd_sc_hd__edfxtp_1)    0.7299
dp.rf.rf[31][3]$_DFFE_PP_/Q (sky130_fd_sc_hd__edfxtp_1) dp.rf.rf[27][25]$_DFFE_PP_/D (sky130_fd_sc_hd__edfxtp_1)    0.7306
dp.rf.rf[31][3]$_DFFE_PP_/Q (sky130_fd_sc_hd__edfxtp_1) dp.rf.rf[26][25]$_DFFE_PP_/D (sky130_fd_sc_hd__edfxtp_1)    0.7307
dp.rf.rf[31][3]$_DFFE_PP_/Q (sky130_fd_sc_hd__edfxtp_1) dp.rf.rf[23][25]$_DFFE_PP_/D (sky130_fd_sc_hd__edfxtp_1)    0.7408
dp.rf.rf[31][3]$_DFFE_PP_/Q (sky130_fd_sc_hd__edfxtp_1) dp.rf.rf[22][25]$_DFFE_PP_/D (sky130_fd_sc_hd__edfxtp_1)    0.7408
dp.rf.rf[31][3]$_DFFE_PP_/Q (sky130_fd_sc_hd__edfxtp_1) dp.rf.rf[21][25]$_DFFE_PP_/D (sky130_fd_sc_hd__edfxtp_1)    0.7409
dp.rf.rf[31][3]$_DFFE_PP_/Q (sky130_fd_sc_hd__edfxtp_1) dp.rf.rf[7][25]$_DFFE_PP_/D (sky130_fd_sc_hd__edfxtp_1)    0.7418
dp.rf.rf[31][3]$_DFFE_PP_/Q (sky130_fd_sc_hd__edfxtp_1) dp.rf.rf[16][25]$_DFFE_PP_/D (sky130_fd_sc_hd__edfxtp_1)    0.7430
dp.rf.rf[31][3]$_DFFE_PP_/Q (sky130_fd_sc_hd__edfxtp_1) dp.rf.rf[0][25]$_DFFE_PP_/D (sky130_fd_sc_hd__edfxtp_1)    0.7438
dp.rf.rf[31][3]$_DFFE_PP_/Q (sky130_fd_sc_hd__edfxtp_1) dp.rf.rf[19][25]$_DFFE_PP_/D (sky130_fd_sc_hd__edfxtp_1)    0.7449
dp.rf.rf[31][3]$_DFFE_PP_/Q (sky130_fd_sc_hd__edfxtp_1) dp.rf.rf[20][25]$_DFFE_PP_/D (sky130_fd_sc_hd__edfxtp_1)    0.7449
dp.rf.rf[31][3]$_DFFE_PP_/Q (sky130_fd_sc_hd__edfxtp_1) dp.rf.rf[17][25]$_DFFE_PP_/D (sky130_fd_sc_hd__edfxtp_1)    0.7450
dp.rf.rf[31][3]$_DFFE_PP_/Q (sky130_fd_sc_hd__edfxtp_1) dp.rf.rf[18][25]$_DFFE_PP_/D (sky130_fd_sc_hd__edfxtp_1)    0.7452
dp.rf.rf[31][3]$_DFFE_PP_/Q (sky130_fd_sc_hd__edfxtp_1) dp.rf.rf[29][25]$_DFFE_PP_/D (sky130_fd_sc_hd__edfxtp_1)    0.7457
dp.rf.rf[31][3]$_DFFE_PP_/Q (sky130_fd_sc_hd__edfxtp_1) dp.rf.rf[28][25]$_DFFE_PP_/D (sky130_fd_sc_hd__edfxtp_1)    0.7460
dp.rf.rf[31][3]$_DFFE_PP_/Q (sky130_fd_sc_hd__edfxtp_1) dp.rf.rf[25][25]$_DFFE_PP_/D (sky130_fd_sc_hd__edfxtp_1)    0.7461
dp.rf.rf[31][3]$_DFFE_PP_/Q (sky130_fd_sc_hd__edfxtp_1) dp.rf.rf[24][25]$_DFFE_PP_/D (sky130_fd_sc_hd__edfxtp_1)    0.7461
dp.rf.rf[31][3]$_DFFE_PP_/Q (sky130_fd_sc_hd__edfxtp_1) dp.rf.rf[2][25]$_DFFE_PP_/D (sky130_fd_sc_hd__edfxtp_1)    0.7462
dp.rf.rf[31][3]$_DFFE_PP_/Q (sky130_fd_sc_hd__edfxtp_1) dp.rf.rf[1][25]$_DFFE_PP_/D (sky130_fd_sc_hd__edfxtp_1)    0.7462
dp.rf.rf[31][3]$_DFFE_PP_/Q (sky130_fd_sc_hd__edfxtp_1) dp.rf.rf[3][25]$_DFFE_PP_/D (sky130_fd_sc_hd__edfxtp_1)    0.7464
dp.rf.rf[31][3]$_DFFE_PP_/Q (sky130_fd_sc_hd__edfxtp_1) dp.rf.rf[10][25]$_DFFE_PP_/D (sky130_fd_sc_hd__edfxtp_1)    0.7475
dp.rf.rf[31][3]$_DFFE_PP_/Q (sky130_fd_sc_hd__edfxtp_1) dp.rf.rf[11][25]$_DFFE_PP_/D (sky130_fd_sc_hd__edfxtp_1)    0.7476
dp.rf.rf[31][3]$_DFFE_PP_/Q (sky130_fd_sc_hd__edfxtp_1) dp.rf.rf[9][25]$_DFFE_PP_/D (sky130_fd_sc_hd__edfxtp_1)    0.7477
dp.rf.rf[31][3]$_DFFE_PP_/Q (sky130_fd_sc_hd__edfxtp_1) dp.rf.rf[8][25]$_DFFE_PP_/D (sky130_fd_sc_hd__edfxtp_1)    0.7477
dp.rf.rf[31][3]$_DFFE_PP_/Q (sky130_fd_sc_hd__edfxtp_1) dp.rf.rf[13][25]$_DFFE_PP_/D (sky130_fd_sc_hd__edfxtp_1)    0.7479
dp.rf.rf[31][3]$_DFFE_PP_/Q (sky130_fd_sc_hd__edfxtp_1) dp.rf.rf[14][25]$_DFFE_PP_/D (sky130_fd_sc_hd__edfxtp_1)    0.7486
dp.rf.rf[31][3]$_DFFE_PP_/Q (sky130_fd_sc_hd__edfxtp_1) dp.rf.rf[15][25]$_DFFE_PP_/D (sky130_fd_sc_hd__edfxtp_1)    0.7487
dp.rf.rf[31][3]$_DFFE_PP_/Q (sky130_fd_sc_hd__edfxtp_1) dp.rf.rf[12][25]$_DFFE_PP_/D (sky130_fd_sc_hd__edfxtp_1)    0.7582
dp.rf.rf[5][1]$_DFFE_PP_/Q (sky130_fd_sc_hd__dfrtp_1) dp.pcreg.q[29]$_DFF_PP0_/D (sky130_fd_sc_hd__dfrtp_1)    0.7609
dp.rf.rf[5][1]$_DFFE_PP_/Q (sky130_fd_sc_hd__edfxtp_1) dp.rf.rf[1][27]$_DFFE_PP_/D (sky130_fd_sc_hd__edfxtp_1)    0.8139
dp.rf.rf[5][1]$_DFFE_PP_/Q (sky130_fd_sc_hd__edfxtp_1) dp.rf.rf[22][27]$_DFFE_PP_/D (sky130_fd_sc_hd__edfxtp_1)    0.8159
dp.rf.rf[5][1]$_DFFE_PP_/Q (sky130_fd_sc_hd__edfxtp_1) dp.rf.rf[12][27]$_DFFE_PP_/D (sky130_fd_sc_hd__edfxtp_1)    0.8163
dp.rf.rf[5][1]$_DFFE_PP_/Q (sky130_fd_sc_hd__edfxtp_1) dp.rf.rf[14][27]$_DFFE_PP_/D (sky130_fd_sc_hd__edfxtp_1)    0.8163
dp.rf.rf[5][1]$_DFFE_PP_/Q (sky130_fd_sc_hd__edfxtp_1) dp.rf.rf[15][27]$_DFFE_PP_/D (sky130_fd_sc_hd__edfxtp_1)    0.8163
dp.rf.rf[5][1]$_DFFE_PP_/Q (sky130_fd_sc_hd__edfxtp_1) dp.rf.rf[13][27]$_DFFE_PP_/D (sky130_fd_sc_hd__edfxtp_1)    0.8165
dp.rf.rf[5][1]$_DFFE_PP_/Q (sky130_fd_sc_hd__edfxtp_1) dp.rf.rf[7][27]$_DFFE_PP_/D (sky130_fd_sc_hd__edfxtp_1)    0.8167
dp.rf.rf[5][1]$_DFFE_PP_/Q (sky130_fd_sc_hd__edfxtp_1) dp.rf.rf[6][27]$_DFFE_PP_/D (sky130_fd_sc_hd__edfxtp_1)    0.8168
dp.rf.rf[5][1]$_DFFE_PP_/Q (sky130_fd_sc_hd__edfxtp_1) dp.rf.rf[4][27]$_DFFE_PP_/D (sky130_fd_sc_hd__edfxtp_1)    0.8169
dp.rf.rf[5][1]$_DFFE_PP_/Q (sky130_fd_sc_hd__edfxtp_1) dp.rf.rf[20][27]$_DFFE_PP_/D (sky130_fd_sc_hd__edfxtp_1)    0.8172
dp.rf.rf[5][1]$_DFFE_PP_/Q (sky130_fd_sc_hd__edfxtp_1) dp.rf.rf[5][27]$_DFFE_PP_/D (sky130_fd_sc_hd__edfxtp_1)    0.8173
dp.rf.rf[5][1]$_DFFE_PP_/Q (sky130_fd_sc_hd__edfxtp_1) dp.rf.rf[23][27]$_DFFE_PP_/D (sky130_fd_sc_hd__edfxtp_1)    0.8175
dp.rf.rf[5][1]$_DFFE_PP_/Q (sky130_fd_sc_hd__edfxtp_1) dp.rf.rf[21][27]$_DFFE_PP_/D (sky130_fd_sc_hd__edfxtp_1)    0.8232
dp.rf.rf[5][1]$_DFFE_PP_/Q (sky130_fd_sc_hd__edfxtp_1) dp.rf.rf[0][27]$_DFFE_PP_/D (sky130_fd_sc_hd__edfxtp_1)    0.8251
dp.rf.rf[5][1]$_DFFE_PP_/Q (sky130_fd_sc_hd__edfxtp_1) dp.rf.rf[28][27]$_DFFE_PP_/D (sky130_fd_sc_hd__edfxtp_1)    0.8253
dp.rf.rf[5][1]$_DFFE_PP_/Q (sky130_fd_sc_hd__edfxtp_1) dp.rf.rf[2][27]$_DFFE_PP_/D (sky130_fd_sc_hd__edfxtp_1)    0.8256
dp.rf.rf[5][1]$_DFFE_PP_/Q (sky130_fd_sc_hd__edfxtp_1) dp.rf.rf[17][27]$_DFFE_PP_/D (sky130_fd_sc_hd__edfxtp_1)    0.8258
dp.rf.rf[5][1]$_DFFE_PP_/Q (sky130_fd_sc_hd__edfxtp_1) dp.rf.rf[16][27]$_DFFE_PP_/D (sky130_fd_sc_hd__edfxtp_1)    0.8259
dp.rf.rf[5][1]$_DFFE_PP_/Q (sky130_fd_sc_hd__edfxtp_1) dp.rf.rf[3][27]$_DFFE_PP_/D (sky130_fd_sc_hd__edfxtp_1)    0.8262
dp.rf.rf[5][1]$_DFFE_PP_/Q (sky130_fd_sc_hd__edfxtp_1) dp.rf.rf[11][27]$_DFFE_PP_/D (sky130_fd_sc_hd__edfxtp_1)    0.8265
dp.rf.rf[5][1]$_DFFE_PP_/Q (sky130_fd_sc_hd__edfxtp_1) dp.rf.rf[27][27]$_DFFE_PP_/D (sky130_fd_sc_hd__edfxtp_1)    0.8268
dp.rf.rf[5][1]$_DFFE_PP_/Q (sky130_fd_sc_hd__edfxtp_1) dp.rf.rf[19][27]$_DFFE_PP_/D (sky130_fd_sc_hd__edfxtp_1)    0.8272
dp.rf.rf[5][1]$_DFFE_PP_/Q (sky130_fd_sc_hd__edfxtp_1) dp.rf.rf[18][27]$_DFFE_PP_/D (sky130_fd_sc_hd__edfxtp_1)    0.8272
dp.rf.rf[5][1]$_DFFE_PP_/Q (sky130_fd_sc_hd__edfxtp_1) dp.rf.rf[10][27]$_DFFE_PP_/D (sky130_fd_sc_hd__edfxtp_1)    0.8282
dp.rf.rf[5][1]$_DFFE_PP_/Q (sky130_fd_sc_hd__edfxtp_1) dp.rf.rf[26][27]$_DFFE_PP_/D (sky130_fd_sc_hd__edfxtp_1)    0.8312
dp.rf.rf[5][1]$_DFFE_PP_/Q (sky130_fd_sc_hd__edfxtp_1) dp.rf.rf[24][27]$_DFFE_PP_/D (sky130_fd_sc_hd__edfxtp_1)    0.8338
dp.rf.rf[5][1]$_DFFE_PP_/Q (sky130_fd_sc_hd__edfxtp_1) dp.rf.rf[25][27]$_DFFE_PP_/D (sky130_fd_sc_hd__edfxtp_1)    0.8339
dp.rf.rf[5][1]$_DFFE_PP_/Q (sky130_fd_sc_hd__edfxtp_1) dp.rf.rf[30][27]$_DFFE_PP_/D (sky130_fd_sc_hd__edfxtp_1)    0.8341
dp.rf.rf[5][1]$_DFFE_PP_/Q (sky130_fd_sc_hd__edfxtp_1) dp.rf.rf[31][27]$_DFFE_PP_/D (sky130_fd_sc_hd__edfxtp_1)    0.8349
dp.rf.rf[5][1]$_DFFE_PP_/Q (sky130_fd_sc_hd__dfrtp_1) dp.pcreg.q[28]$_DFF_PP0_/D (sky130_fd_sc_hd__dfrtp_1)    0.8363
dp.rf.rf[5][1]$_DFFE_PP_/Q (sky130_fd_sc_hd__edfxtp_1) dp.rf.rf[29][27]$_DFFE_PP_/D (sky130_fd_sc_hd__edfxtp_1)    0.8364
dp.rf.rf[5][1]$_DFFE_PP_/Q (sky130_fd_sc_hd__edfxtp_1) dp.rf.rf[8][27]$_DFFE_PP_/D (sky130_fd_sc_hd__edfxtp_1)    0.8388
dp.rf.rf[5][1]$_DFFE_PP_/Q (sky130_fd_sc_hd__edfxtp_1) dp.rf.rf[9][27]$_DFFE_PP_/D (sky130_fd_sc_hd__edfxtp_1)    0.8388
dp.rf.rf[11][2]$_DFFE_PP_/Q (sky130_fd_sc_hd__edfxtp_1) dp.rf.rf[23][21]$_DFFE_PP_/D (sky130_fd_sc_hd__edfxtp_1)    0.8419
dp.rf.rf[11][2]$_DFFE_PP_/Q (sky130_fd_sc_hd__edfxtp_1) dp.rf.rf[22][21]$_DFFE_PP_/D (sky130_fd_sc_hd__edfxtp_1)    0.8420
dp.rf.rf[11][2]$_DFFE_PP_/Q (sky130_fd_sc_hd__edfxtp_1) dp.rf.rf[21][21]$_DFFE_PP_/D (sky130_fd_sc_hd__edfxtp_1)    0.8428
dp.rf.rf[11][2]$_DFFE_PP_/Q (sky130_fd_sc_hd__edfxtp_1) dp.rf.rf[20][21]$_DFFE_PP_/D (sky130_fd_sc_hd__edfxtp_1)    0.8438
dp.rf.rf[11][2]$_DFFE_PP_/Q (sky130_fd_sc_hd__edfxtp_1) dp.rf.rf[15][21]$_DFFE_PP_/D (sky130_fd_sc_hd__edfxtp_1)    0.8832
dp.rf.rf[11][2]$_DFFE_PP_/Q (sky130_fd_sc_hd__edfxtp_1) dp.rf.rf[13][21]$_DFFE_PP_/D (sky130_fd_sc_hd__edfxtp_1)    0.8833
dp.rf.rf[11][2]$_DFFE_PP_/Q (sky130_fd_sc_hd__edfxtp_1) dp.rf.rf[12][21]$_DFFE_PP_/D (sky130_fd_sc_hd__edfxtp_1)    0.8834
dp.rf.rf[11][2]$_DFFE_PP_/Q (sky130_fd_sc_hd__edfxtp_1) dp.rf.rf[14][21]$_DFFE_PP_/D (sky130_fd_sc_hd__edfxtp_1)    0.8834
dp.rf.rf[11][2]$_DFFE_PP_/Q (sky130_fd_sc_hd__edfxtp_1) dp.rf.rf[9][21]$_DFFE_PP_/D (sky130_fd_sc_hd__edfxtp_1)    0.8851
dp.rf.rf[11][2]$_DFFE_PP_/Q (sky130_fd_sc_hd__edfxtp_1) dp.rf.rf[8][21]$_DFFE_PP_/D (sky130_fd_sc_hd__edfxtp_1)    0.8852
dp.rf.rf[11][2]$_DFFE_PP_/Q (sky130_fd_sc_hd__edfxtp_1) dp.rf.rf[11][21]$_DFFE_PP_/D (sky130_fd_sc_hd__edfxtp_1)    0.8854
dp.rf.rf[11][2]$_DFFE_PP_/Q (sky130_fd_sc_hd__edfxtp_1) dp.rf.rf[6][21]$_DFFE_PP_/D (sky130_fd_sc_hd__edfxtp_1)    0.8854
dp.rf.rf[11][2]$_DFFE_PP_/Q (sky130_fd_sc_hd__edfxtp_1) dp.rf.rf[7][21]$_DFFE_PP_/D (sky130_fd_sc_hd__edfxtp_1)    0.8854
dp.rf.rf[11][2]$_DFFE_PP_/Q (sky130_fd_sc_hd__edfxtp_1) dp.rf.rf[0][21]$_DFFE_PP_/D (sky130_fd_sc_hd__edfxtp_1)    0.8855
dp.rf.rf[11][2]$_DFFE_PP_/Q (sky130_fd_sc_hd__edfxtp_1) dp.rf.rf[4][21]$_DFFE_PP_/D (sky130_fd_sc_hd__edfxtp_1)    0.8857
dp.rf.rf[11][2]$_DFFE_PP_/Q (sky130_fd_sc_hd__edfxtp_1) dp.rf.rf[5][21]$_DFFE_PP_/D (sky130_fd_sc_hd__edfxtp_1)    0.8862
dp.rf.rf[11][2]$_DFFE_PP_/Q (sky130_fd_sc_hd__edfxtp_1) dp.rf.rf[10][21]$_DFFE_PP_/D (sky130_fd_sc_hd__edfxtp_1)    0.8862
dp.rf.rf[11][2]$_DFFE_PP_/Q (sky130_fd_sc_hd__edfxtp_1) dp.rf.rf[26][21]$_DFFE_PP_/D (sky130_fd_sc_hd__edfxtp_1)    0.8868
dp.rf.rf[11][2]$_DFFE_PP_/Q (sky130_fd_sc_hd__edfxtp_1) dp.rf.rf[25][21]$_DFFE_PP_/D (sky130_fd_sc_hd__edfxtp_1)    0.8879
dp.rf.rf[11][2]$_DFFE_PP_/Q (sky130_fd_sc_hd__edfxtp_1) dp.rf.rf[30][21]$_DFFE_PP_/D (sky130_fd_sc_hd__edfxtp_1)    0.8879
dp.rf.rf[11][2]$_DFFE_PP_/Q (sky130_fd_sc_hd__edfxtp_1) dp.rf.rf[28][21]$_DFFE_PP_/D (sky130_fd_sc_hd__edfxtp_1)    0.8882
dp.rf.rf[11][2]$_DFFE_PP_/Q (sky130_fd_sc_hd__edfxtp_1) dp.rf.rf[29][21]$_DFFE_PP_/D (sky130_fd_sc_hd__edfxtp_1)    0.8883
dp.rf.rf[11][2]$_DFFE_PP_/Q (sky130_fd_sc_hd__edfxtp_1) dp.rf.rf[24][21]$_DFFE_PP_/D (sky130_fd_sc_hd__edfxtp_1)    0.8886
dp.rf.rf[11][2]$_DFFE_PP_/Q (sky130_fd_sc_hd__edfxtp_1) dp.rf.rf[31][21]$_DFFE_PP_/D (sky130_fd_sc_hd__edfxtp_1)    0.8888
dp.rf.rf[11][2]$_DFFE_PP_/Q (sky130_fd_sc_hd__edfxtp_1) dp.rf.rf[17][21]$_DFFE_PP_/D (sky130_fd_sc_hd__edfxtp_1)    0.8893
dp.rf.rf[11][2]$_DFFE_PP_/Q (sky130_fd_sc_hd__edfxtp_1) dp.rf.rf[27][21]$_DFFE_PP_/D (sky130_fd_sc_hd__edfxtp_1)    0.8896
dp.rf.rf[11][2]$_DFFE_PP_/Q (sky130_fd_sc_hd__edfxtp_1) dp.rf.rf[16][21]$_DFFE_PP_/D (sky130_fd_sc_hd__edfxtp_1)    0.8902
dp.rf.rf[11][2]$_DFFE_PP_/Q (sky130_fd_sc_hd__edfxtp_1) dp.rf.rf[19][21]$_DFFE_PP_/D (sky130_fd_sc_hd__edfxtp_1)    0.8902
dp.rf.rf[11][2]$_DFFE_PP_/Q (sky130_fd_sc_hd__edfxtp_1) dp.rf.rf[18][21]$_DFFE_PP_/D (sky130_fd_sc_hd__edfxtp_1)    0.8902
dp.rf.rf[5][1]$_DFFE_PP_/Q (sky130_fd_sc_hd__dfrtp_1) dp.pcreg.q[30]$_DFF_PP0_/D (sky130_fd_sc_hd__dfrtp_1)    0.8960
dp.rf.rf[11][2]$_DFFE_PP_/Q (sky130_fd_sc_hd__edfxtp_1) dp.rf.rf[3][21]$_DFFE_PP_/D (sky130_fd_sc_hd__edfxtp_1)    0.9009
dp.rf.rf[11][2]$_DFFE_PP_/Q (sky130_fd_sc_hd__edfxtp_1) dp.rf.rf[2][21]$_DFFE_PP_/D (sky130_fd_sc_hd__edfxtp_1)    0.9011
dp.rf.rf[11][2]$_DFFE_PP_/Q (sky130_fd_sc_hd__edfxtp_1) dp.rf.rf[1][21]$_DFFE_PP_/D (sky130_fd_sc_hd__edfxtp_1)    0.9012
dp.rf.rf[5][1]$_DFFE_PP_/Q (sky130_fd_sc_hd__edfxtp_1) dp.rf.rf[5][24]$_DFFE_PP_/D (sky130_fd_sc_hd__edfxtp_1)    0.9029
dp.rf.rf[5][1]$_DFFE_PP_/Q (sky130_fd_sc_hd__edfxtp_1) dp.rf.rf[4][24]$_DFFE_PP_/D (sky130_fd_sc_hd__edfxtp_1)    0.9030
dp.rf.rf[5][1]$_DFFE_PP_/Q (sky130_fd_sc_hd__edfxtp_1) dp.rf.rf[0][24]$_DFFE_PP_/D (sky130_fd_sc_hd__edfxtp_1)    0.9034
dp.rf.rf[5][1]$_DFFE_PP_/Q (sky130_fd_sc_hd__edfxtp_1) dp.rf.rf[7][24]$_DFFE_PP_/D (sky130_fd_sc_hd__edfxtp_1)    0.9035
dp.rf.rf[5][1]$_DFFE_PP_/Q (sky130_fd_sc_hd__edfxtp_1) dp.rf.rf[22][24]$_DFFE_PP_/D (sky130_fd_sc_hd__edfxtp_1)    0.9035
dp.rf.rf[5][1]$_DFFE_PP_/Q (sky130_fd_sc_hd__edfxtp_1) dp.rf.rf[6][24]$_DFFE_PP_/D (sky130_fd_sc_hd__edfxtp_1)    0.9035
dp.rf.rf[5][1]$_DFFE_PP_/Q (sky130_fd_sc_hd__edfxtp_1) dp.rf.rf[23][24]$_DFFE_PP_/D (sky130_fd_sc_hd__edfxtp_1)    0.9035
dp.rf.rf[5][1]$_DFFE_PP_/Q (sky130_fd_sc_hd__edfxtp_1) dp.rf.rf[21][24]$_DFFE_PP_/D (sky130_fd_sc_hd__edfxtp_1)    0.9036
dp.rf.rf[5][1]$_DFFE_PP_/Q (sky130_fd_sc_hd__edfxtp_1) dp.rf.rf[1][24]$_DFFE_PP_/D (sky130_fd_sc_hd__edfxtp_1)    0.9038
dp.rf.rf[5][1]$_DFFE_PP_/Q (sky130_fd_sc_hd__edfxtp_1) dp.rf.rf[2][24]$_DFFE_PP_/D (sky130_fd_sc_hd__edfxtp_1)    0.9085
dp.rf.rf[5][1]$_DFFE_PP_/Q (sky130_fd_sc_hd__edfxtp_1) dp.rf.rf[17][24]$_DFFE_PP_/D (sky130_fd_sc_hd__edfxtp_1)    0.9086
dp.rf.rf[5][1]$_DFFE_PP_/Q (sky130_fd_sc_hd__edfxtp_1) dp.rf.rf[20][24]$_DFFE_PP_/D (sky130_fd_sc_hd__edfxtp_1)    0.9087
dp.rf.rf[5][1]$_DFFE_PP_/Q (sky130_fd_sc_hd__edfxtp_1) dp.rf.rf[16][24]$_DFFE_PP_/D (sky130_fd_sc_hd__edfxtp_1)    0.9088
dp.rf.rf[5][1]$_DFFE_PP_/Q (sky130_fd_sc_hd__edfxtp_1) dp.rf.rf[3][24]$_DFFE_PP_/D (sky130_fd_sc_hd__edfxtp_1)    0.9088
dp.rf.rf[5][1]$_DFFE_PP_/Q (sky130_fd_sc_hd__edfxtp_1) dp.rf.rf[18][24]$_DFFE_PP_/D (sky130_fd_sc_hd__edfxtp_1)    0.9089
dp.rf.rf[5][1]$_DFFE_PP_/Q (sky130_fd_sc_hd__edfxtp_1) dp.rf.rf[19][24]$_DFFE_PP_/D (sky130_fd_sc_hd__edfxtp_1)    0.9090
dp.rf.rf[5][1]$_DFFE_PP_/Q (sky130_fd_sc_hd__edfxtp_1) dp.rf.rf[27][24]$_DFFE_PP_/D (sky130_fd_sc_hd__edfxtp_1)    0.9103
dp.rf.rf[5][1]$_DFFE_PP_/Q (sky130_fd_sc_hd__edfxtp_1) dp.rf.rf[30][24]$_DFFE_PP_/D (sky130_fd_sc_hd__edfxtp_1)    0.9110
dp.rf.rf[5][1]$_DFFE_PP_/Q (sky130_fd_sc_hd__edfxtp_1) dp.rf.rf[29][24]$_DFFE_PP_/D (sky130_fd_sc_hd__edfxtp_1)    0.9119
dp.rf.rf[5][1]$_DFFE_PP_/Q (sky130_fd_sc_hd__edfxtp_1) dp.rf.rf[31][24]$_DFFE_PP_/D (sky130_fd_sc_hd__edfxtp_1)    0.9131
dp.rf.rf[5][1]$_DFFE_PP_/Q (sky130_fd_sc_hd__edfxtp_1) dp.rf.rf[28][24]$_DFFE_PP_/D (sky130_fd_sc_hd__edfxtp_1)    0.9132
dp.rf.rf[5][1]$_DFFE_PP_/Q (sky130_fd_sc_hd__edfxtp_1) dp.rf.rf[26][24]$_DFFE_PP_/D (sky130_fd_sc_hd__edfxtp_1)    0.9165
dp.rf.rf[5][1]$_DFFE_PP_/Q (sky130_fd_sc_hd__edfxtp_1) dp.rf.rf[13][24]$_DFFE_PP_/D (sky130_fd_sc_hd__edfxtp_1)    0.9174
dp.rf.rf[5][1]$_DFFE_PP_/Q (sky130_fd_sc_hd__edfxtp_1) dp.rf.rf[12][24]$_DFFE_PP_/D (sky130_fd_sc_hd__edfxtp_1)    0.9174
dp.rf.rf[5][1]$_DFFE_PP_/Q (sky130_fd_sc_hd__edfxtp_1) dp.rf.rf[14][24]$_DFFE_PP_/D (sky130_fd_sc_hd__edfxtp_1)    0.9175
dp.rf.rf[5][1]$_DFFE_PP_/Q (sky130_fd_sc_hd__edfxtp_1) dp.rf.rf[15][24]$_DFFE_PP_/D (sky130_fd_sc_hd__edfxtp_1)    0.9175
dp.rf.rf[5][1]$_DFFE_PP_/Q (sky130_fd_sc_hd__edfxtp_1) dp.rf.rf[24][24]$_DFFE_PP_/D (sky130_fd_sc_hd__edfxtp_1)    0.9191
dp.rf.rf[5][1]$_DFFE_PP_/Q (sky130_fd_sc_hd__edfxtp_1) dp.rf.rf[11][24]$_DFFE_PP_/D (sky130_fd_sc_hd__edfxtp_1)    0.9216
dp.rf.rf[5][1]$_DFFE_PP_/Q (sky130_fd_sc_hd__edfxtp_1) dp.rf.rf[10][24]$_DFFE_PP_/D (sky130_fd_sc_hd__edfxtp_1)    0.9228
dp.rf.rf[5][1]$_DFFE_PP_/Q (sky130_fd_sc_hd__edfxtp_1) dp.rf.rf[25][24]$_DFFE_PP_/D (sky130_fd_sc_hd__edfxtp_1)    0.9237
dp.rf.rf[5][1]$_DFFE_PP_/Q (sky130_fd_sc_hd__edfxtp_1) dp.rf.rf[9][24]$_DFFE_PP_/D (sky130_fd_sc_hd__edfxtp_1)    0.9242
dp.rf.rf[5][1]$_DFFE_PP_/Q (sky130_fd_sc_hd__edfxtp_1) dp.rf.rf[8][24]$_DFFE_PP_/D (sky130_fd_sc_hd__edfxtp_1)    0.9244
dp.rf.rf[30][2]$_DFFE_PP_/Q (sky130_fd_sc_hd__dfrtp_1) dp.pcreg.q[26]$_DFF_PP0_/D (sky130_fd_sc_hd__dfrtp_1)    0.9841
dp.rf.rf[11][0]$_DFFE_PP_/Q (sky130_fd_sc_hd__edfxtp_1) dp.rf.rf[20][14]$_DFFE_PP_/D (sky130_fd_sc_hd__edfxtp_1)    0.9980
dp.rf.rf[11][0]$_DFFE_PP_/Q (sky130_fd_sc_hd__edfxtp_1) dp.rf.rf[21][14]$_DFFE_PP_/D (sky130_fd_sc_hd__edfxtp_1)    0.9981
dp.rf.rf[11][0]$_DFFE_PP_/Q (sky130_fd_sc_hd__edfxtp_1) dp.rf.rf[23][14]$_DFFE_PP_/D (sky130_fd_sc_hd__edfxtp_1)    0.9982
dp.rf.rf[11][0]$_DFFE_PP_/Q (sky130_fd_sc_hd__edfxtp_1) dp.rf.rf[27][14]$_DFFE_PP_/D (sky130_fd_sc_hd__edfxtp_1)    1.0003
dp.rf.rf[11][0]$_DFFE_PP_/Q (sky130_fd_sc_hd__edfxtp_1) dp.rf.rf[31][14]$_DFFE_PP_/D (sky130_fd_sc_hd__edfxtp_1)    1.0008
dp.rf.rf[11][0]$_DFFE_PP_/Q (sky130_fd_sc_hd__edfxtp_1) dp.rf.rf[29][14]$_DFFE_PP_/D (sky130_fd_sc_hd__edfxtp_1)    1.0011
dp.rf.rf[11][0]$_DFFE_PP_/Q (sky130_fd_sc_hd__edfxtp_1) dp.rf.rf[28][14]$_DFFE_PP_/D (sky130_fd_sc_hd__edfxtp_1)    1.0011
dp.rf.rf[11][0]$_DFFE_PP_/Q (sky130_fd_sc_hd__edfxtp_1) dp.rf.rf[22][14]$_DFFE_PP_/D (sky130_fd_sc_hd__edfxtp_1)    1.0016
dp.rf.rf[11][0]$_DFFE_PP_/Q (sky130_fd_sc_hd__edfxtp_1) dp.rf.rf[25][14]$_DFFE_PP_/D (sky130_fd_sc_hd__edfxtp_1)    1.0021
dp.rf.rf[11][0]$_DFFE_PP_/Q (sky130_fd_sc_hd__edfxtp_1) dp.rf.rf[24][14]$_DFFE_PP_/D (sky130_fd_sc_hd__edfxtp_1)    1.0023
dp.rf.rf[11][0]$_DFFE_PP_/Q (sky130_fd_sc_hd__edfxtp_1) dp.rf.rf[26][14]$_DFFE_PP_/D (sky130_fd_sc_hd__edfxtp_1)    1.0042
dp.rf.rf[11][0]$_DFFE_PP_/Q (sky130_fd_sc_hd__edfxtp_1) dp.rf.rf[16][14]$_DFFE_PP_/D (sky130_fd_sc_hd__edfxtp_1)    1.0051
dp.rf.rf[11][0]$_DFFE_PP_/Q (sky130_fd_sc_hd__edfxtp_1) dp.rf.rf[17][14]$_DFFE_PP_/D (sky130_fd_sc_hd__edfxtp_1)    1.0055
dp.rf.rf[11][0]$_DFFE_PP_/Q (sky130_fd_sc_hd__edfxtp_1) dp.rf.rf[18][14]$_DFFE_PP_/D (sky130_fd_sc_hd__edfxtp_1)    1.0057
dp.rf.rf[11][0]$_DFFE_PP_/Q (sky130_fd_sc_hd__edfxtp_1) dp.rf.rf[19][14]$_DFFE_PP_/D (sky130_fd_sc_hd__edfxtp_1)    1.0060
dp.rf.rf[11][0]$_DFFE_PP_/Q (sky130_fd_sc_hd__edfxtp_1) dp.rf.rf[30][14]$_DFFE_PP_/D (sky130_fd_sc_hd__edfxtp_1)    1.0064
dp.rf.rf[11][0]$_DFFE_PP_/Q (sky130_fd_sc_hd__edfxtp_1) dp.rf.rf[14][14]$_DFFE_PP_/D (sky130_fd_sc_hd__edfxtp_1)    1.0068
dp.rf.rf[11][0]$_DFFE_PP_/Q (sky130_fd_sc_hd__edfxtp_1) dp.rf.rf[8][14]$_DFFE_PP_/D (sky130_fd_sc_hd__edfxtp_1)    1.0070
dp.rf.rf[11][0]$_DFFE_PP_/Q (sky130_fd_sc_hd__edfxtp_1) dp.rf.rf[11][14]$_DFFE_PP_/D (sky130_fd_sc_hd__edfxtp_1)    1.0071
dp.rf.rf[11][0]$_DFFE_PP_/Q (sky130_fd_sc_hd__edfxtp_1) dp.rf.rf[7][14]$_DFFE_PP_/D (sky130_fd_sc_hd__edfxtp_1)    1.0075
dp.rf.rf[11][0]$_DFFE_PP_/Q (sky130_fd_sc_hd__edfxtp_1) dp.rf.rf[6][14]$_DFFE_PP_/D (sky130_fd_sc_hd__edfxtp_1)    1.0077
dp.rf.rf[11][0]$_DFFE_PP_/Q (sky130_fd_sc_hd__edfxtp_1) dp.rf.rf[13][14]$_DFFE_PP_/D (sky130_fd_sc_hd__edfxtp_1)    1.0078
dp.rf.rf[11][0]$_DFFE_PP_/Q (sky130_fd_sc_hd__edfxtp_1) dp.rf.rf[12][14]$_DFFE_PP_/D (sky130_fd_sc_hd__edfxtp_1)    1.0081
dp.rf.rf[11][0]$_DFFE_PP_/Q (sky130_fd_sc_hd__edfxtp_1) dp.rf.rf[10][14]$_DFFE_PP_/D (sky130_fd_sc_hd__edfxtp_1)    1.0081
dp.rf.rf[11][0]$_DFFE_PP_/Q (sky130_fd_sc_hd__edfxtp_1) dp.rf.rf[15][14]$_DFFE_PP_/D (sky130_fd_sc_hd__edfxtp_1)    1.0088
dp.rf.rf[11][0]$_DFFE_PP_/Q (sky130_fd_sc_hd__edfxtp_1) dp.rf.rf[1][14]$_DFFE_PP_/D (sky130_fd_sc_hd__edfxtp_1)    1.0163
dp.rf.rf[11][0]$_DFFE_PP_/Q (sky130_fd_sc_hd__edfxtp_1) dp.rf.rf[2][14]$_DFFE_PP_/D (sky130_fd_sc_hd__edfxtp_1)    1.0173
dp.rf.rf[11][0]$_DFFE_PP_/Q (sky130_fd_sc_hd__edfxtp_1) dp.rf.rf[3][14]$_DFFE_PP_/D (sky130_fd_sc_hd__edfxtp_1)    1.0174
dp.rf.rf[11][0]$_DFFE_PP_/Q (sky130_fd_sc_hd__edfxtp_1) dp.rf.rf[4][14]$_DFFE_PP_/D (sky130_fd_sc_hd__edfxtp_1)    1.0176
dp.rf.rf[11][0]$_DFFE_PP_/Q (sky130_fd_sc_hd__edfxtp_1) dp.rf.rf[5][14]$_DFFE_PP_/D (sky130_fd_sc_hd__edfxtp_1)    1.0176
dp.rf.rf[11][0]$_DFFE_PP_/Q (sky130_fd_sc_hd__edfxtp_1) dp.rf.rf[0][14]$_DFFE_PP_/D (sky130_fd_sc_hd__edfxtp_1)    1.0178
dp.rf.rf[11][0]$_DFFE_PP_/Q (sky130_fd_sc_hd__edfxtp_1) dp.rf.rf[14][22]$_DFFE_PP_/D (sky130_fd_sc_hd__edfxtp_1)    1.0187
dp.rf.rf[11][0]$_DFFE_PP_/Q (sky130_fd_sc_hd__edfxtp_1) dp.rf.rf[6][22]$_DFFE_PP_/D (sky130_fd_sc_hd__edfxtp_1)    1.0188
dp.rf.rf[11][0]$_DFFE_PP_/Q (sky130_fd_sc_hd__edfxtp_1) dp.rf.rf[13][22]$_DFFE_PP_/D (sky130_fd_sc_hd__edfxtp_1)    1.0192
dp.rf.rf[11][0]$_DFFE_PP_/Q (sky130_fd_sc_hd__edfxtp_1) dp.rf.rf[12][22]$_DFFE_PP_/D (sky130_fd_sc_hd__edfxtp_1)    1.0196
dp.rf.rf[11][0]$_DFFE_PP_/Q (sky130_fd_sc_hd__edfxtp_1) dp.rf.rf[7][22]$_DFFE_PP_/D (sky130_fd_sc_hd__edfxtp_1)    1.0218
dp.rf.rf[11][0]$_DFFE_PP_/Q (sky130_fd_sc_hd__edfxtp_1) dp.rf.rf[15][22]$_DFFE_PP_/D (sky130_fd_sc_hd__edfxtp_1)    1.0219
dp.rf.rf[11][0]$_DFFE_PP_/Q (sky130_fd_sc_hd__edfxtp_1) dp.rf.rf[10][22]$_DFFE_PP_/D (sky130_fd_sc_hd__edfxtp_1)    1.0225
dp.rf.rf[11][0]$_DFFE_PP_/Q (sky130_fd_sc_hd__edfxtp_1) dp.rf.rf[9][22]$_DFFE_PP_/D (sky130_fd_sc_hd__edfxtp_1)    1.0225
dp.rf.rf[11][0]$_DFFE_PP_/Q (sky130_fd_sc_hd__edfxtp_1) dp.rf.rf[11][22]$_DFFE_PP_/D (sky130_fd_sc_hd__edfxtp_1)    1.0225
dp.rf.rf[11][0]$_DFFE_PP_/Q (sky130_fd_sc_hd__edfxtp_1) dp.rf.rf[5][22]$_DFFE_PP_/D (sky130_fd_sc_hd__edfxtp_1)    1.0230
dp.rf.rf[11][0]$_DFFE_PP_/Q (sky130_fd_sc_hd__edfxtp_1) dp.rf.rf[4][22]$_DFFE_PP_/D (sky130_fd_sc_hd__edfxtp_1)    1.0232
dp.rf.rf[11][0]$_DFFE_PP_/Q (sky130_fd_sc_hd__edfxtp_1) dp.rf.rf[18][22]$_DFFE_PP_/D (sky130_fd_sc_hd__edfxtp_1)    1.0236
dp.rf.rf[11][0]$_DFFE_PP_/Q (sky130_fd_sc_hd__edfxtp_1) dp.rf.rf[0][22]$_DFFE_PP_/D (sky130_fd_sc_hd__edfxtp_1)    1.0237
dp.rf.rf[11][0]$_DFFE_PP_/Q (sky130_fd_sc_hd__edfxtp_1) dp.rf.rf[1][22]$_DFFE_PP_/D (sky130_fd_sc_hd__edfxtp_1)    1.0239
dp.rf.rf[11][0]$_DFFE_PP_/Q (sky130_fd_sc_hd__edfxtp_1) dp.rf.rf[19][22]$_DFFE_PP_/D (sky130_fd_sc_hd__edfxtp_1)    1.0239
dp.rf.rf[11][0]$_DFFE_PP_/Q (sky130_fd_sc_hd__edfxtp_1) dp.rf.rf[22][22]$_DFFE_PP_/D (sky130_fd_sc_hd__edfxtp_1)    1.0239
dp.rf.rf[11][0]$_DFFE_PP_/Q (sky130_fd_sc_hd__edfxtp_1) dp.rf.rf[23][22]$_DFFE_PP_/D (sky130_fd_sc_hd__edfxtp_1)    1.0239
dp.rf.rf[11][0]$_DFFE_PP_/Q (sky130_fd_sc_hd__edfxtp_1) dp.rf.rf[21][22]$_DFFE_PP_/D (sky130_fd_sc_hd__edfxtp_1)    1.0240
dp.rf.rf[11][0]$_DFFE_PP_/Q (sky130_fd_sc_hd__edfxtp_1) dp.rf.rf[2][22]$_DFFE_PP_/D (sky130_fd_sc_hd__edfxtp_1)    1.0241
dp.rf.rf[11][0]$_DFFE_PP_/Q (sky130_fd_sc_hd__edfxtp_1) dp.rf.rf[30][22]$_DFFE_PP_/D (sky130_fd_sc_hd__edfxtp_1)    1.0244
dp.rf.rf[11][0]$_DFFE_PP_/Q (sky130_fd_sc_hd__edfxtp_1) dp.rf.rf[31][22]$_DFFE_PP_/D (sky130_fd_sc_hd__edfxtp_1)    1.0244
dp.rf.rf[11][0]$_DFFE_PP_/Q (sky130_fd_sc_hd__edfxtp_1) dp.rf.rf[3][22]$_DFFE_PP_/D (sky130_fd_sc_hd__edfxtp_1)    1.0244
dp.rf.rf[11][0]$_DFFE_PP_/Q (sky130_fd_sc_hd__edfxtp_1) dp.rf.rf[28][22]$_DFFE_PP_/D (sky130_fd_sc_hd__edfxtp_1)    1.0246
dp.rf.rf[11][0]$_DFFE_PP_/Q (sky130_fd_sc_hd__edfxtp_1) dp.rf.rf[29][22]$_DFFE_PP_/D (sky130_fd_sc_hd__edfxtp_1)    1.0246
dp.rf.rf[11][0]$_DFFE_PP_/Q (sky130_fd_sc_hd__edfxtp_1) dp.rf.rf[25][22]$_DFFE_PP_/D (sky130_fd_sc_hd__edfxtp_1)    1.0246
dp.rf.rf[11][0]$_DFFE_PP_/Q (sky130_fd_sc_hd__edfxtp_1) dp.rf.rf[9][14]$_DFFE_PP_/D (sky130_fd_sc_hd__edfxtp_1)    1.0250
dp.rf.rf[11][0]$_DFFE_PP_/Q (sky130_fd_sc_hd__edfxtp_1) dp.rf.rf[8][22]$_DFFE_PP_/D (sky130_fd_sc_hd__edfxtp_1)    1.0253
dp.rf.rf[11][0]$_DFFE_PP_/Q (sky130_fd_sc_hd__edfxtp_1) dp.rf.rf[16][22]$_DFFE_PP_/D (sky130_fd_sc_hd__edfxtp_1)    1.0253
dp.rf.rf[11][0]$_DFFE_PP_/Q (sky130_fd_sc_hd__edfxtp_1) dp.rf.rf[17][22]$_DFFE_PP_/D (sky130_fd_sc_hd__edfxtp_1)    1.0253
dp.rf.rf[11][0]$_DFFE_PP_/Q (sky130_fd_sc_hd__edfxtp_1) dp.rf.rf[20][22]$_DFFE_PP_/D (sky130_fd_sc_hd__edfxtp_1)    1.0253
dp.rf.rf[11][0]$_DFFE_PP_/Q (sky130_fd_sc_hd__edfxtp_1) dp.rf.rf[26][22]$_DFFE_PP_/D (sky130_fd_sc_hd__edfxtp_1)    1.0264
dp.rf.rf[11][0]$_DFFE_PP_/Q (sky130_fd_sc_hd__edfxtp_1) dp.rf.rf[27][22]$_DFFE_PP_/D (sky130_fd_sc_hd__edfxtp_1)    1.0266
dp.rf.rf[11][0]$_DFFE_PP_/Q (sky130_fd_sc_hd__edfxtp_1) dp.rf.rf[24][22]$_DFFE_PP_/D (sky130_fd_sc_hd__edfxtp_1)    1.0294
dp.rf.rf[11][0]$_DFFE_PP_/Q (sky130_fd_sc_hd__edfxtp_1) dp.rf.rf[17][10]$_DFFE_PP_/D (sky130_fd_sc_hd__edfxtp_1)    1.0744
dp.rf.rf[11][0]$_DFFE_PP_/Q (sky130_fd_sc_hd__edfxtp_1) dp.rf.rf[23][10]$_DFFE_PP_/D (sky130_fd_sc_hd__edfxtp_1)    1.0770
dp.rf.rf[11][0]$_DFFE_PP_/Q (sky130_fd_sc_hd__edfxtp_1) dp.rf.rf[21][10]$_DFFE_PP_/D (sky130_fd_sc_hd__edfxtp_1)    1.0771
dp.rf.rf[11][0]$_DFFE_PP_/Q (sky130_fd_sc_hd__edfxtp_1) dp.rf.rf[26][10]$_DFFE_PP_/D (sky130_fd_sc_hd__edfxtp_1)    1.0773
dp.rf.rf[11][0]$_DFFE_PP_/Q (sky130_fd_sc_hd__edfxtp_1) dp.rf.rf[20][10]$_DFFE_PP_/D (sky130_fd_sc_hd__edfxtp_1)    1.0776
dp.rf.rf[11][0]$_DFFE_PP_/Q (sky130_fd_sc_hd__edfxtp_1) dp.rf.rf[22][10]$_DFFE_PP_/D (sky130_fd_sc_hd__edfxtp_1)    1.0777
dp.rf.rf[11][0]$_DFFE_PP_/Q (sky130_fd_sc_hd__edfxtp_1) dp.rf.rf[16][10]$_DFFE_PP_/D (sky130_fd_sc_hd__edfxtp_1)    1.0786
dp.rf.rf[11][0]$_DFFE_PP_/Q (sky130_fd_sc_hd__edfxtp_1) dp.rf.rf[19][10]$_DFFE_PP_/D (sky130_fd_sc_hd__edfxtp_1)    1.0813
dp.rf.rf[11][0]$_DFFE_PP_/Q (sky130_fd_sc_hd__edfxtp_1) dp.rf.rf[18][10]$_DFFE_PP_/D (sky130_fd_sc_hd__edfxtp_1)    1.0814
dp.rf.rf[11][0]$_DFFE_PP_/Q (sky130_fd_sc_hd__edfxtp_1) dp.rf.rf[28][10]$_DFFE_PP_/D (sky130_fd_sc_hd__edfxtp_1)    1.0842
dp.rf.rf[11][0]$_DFFE_PP_/Q (sky130_fd_sc_hd__edfxtp_1) dp.rf.rf[29][10]$_DFFE_PP_/D (sky130_fd_sc_hd__edfxtp_1)    1.0843
dp.rf.rf[11][0]$_DFFE_PP_/Q (sky130_fd_sc_hd__edfxtp_1) dp.rf.rf[31][10]$_DFFE_PP_/D (sky130_fd_sc_hd__edfxtp_1)    1.0843
dp.rf.rf[11][0]$_DFFE_PP_/Q (sky130_fd_sc_hd__edfxtp_1) dp.rf.rf[30][10]$_DFFE_PP_/D (sky130_fd_sc_hd__edfxtp_1)    1.0849
dp.rf.rf[11][0]$_DFFE_PP_/Q (sky130_fd_sc_hd__edfxtp_1) dp.rf.rf[25][10]$_DFFE_PP_/D (sky130_fd_sc_hd__edfxtp_1)    1.0851
dp.rf.rf[11][0]$_DFFE_PP_/Q (sky130_fd_sc_hd__edfxtp_1) dp.rf.rf[27][10]$_DFFE_PP_/D (sky130_fd_sc_hd__edfxtp_1)    1.0852
dp.rf.rf[11][0]$_DFFE_PP_/Q (sky130_fd_sc_hd__edfxtp_1) dp.rf.rf[24][10]$_DFFE_PP_/D (sky130_fd_sc_hd__edfxtp_1)    1.0865
dp.rf.rf[11][0]$_DFFE_PP_/Q (sky130_fd_sc_hd__edfxtp_1) dp.rf.rf[2][10]$_DFFE_PP_/D (sky130_fd_sc_hd__edfxtp_1)    1.0906
dp.rf.rf[11][0]$_DFFE_PP_/Q (sky130_fd_sc_hd__edfxtp_1) dp.rf.rf[3][10]$_DFFE_PP_/D (sky130_fd_sc_hd__edfxtp_1)    1.0907
dp.rf.rf[11][0]$_DFFE_PP_/Q (sky130_fd_sc_hd__edfxtp_1) dp.rf.rf[1][10]$_DFFE_PP_/D (sky130_fd_sc_hd__edfxtp_1)    1.0915
dp.rf.rf[11][0]$_DFFE_PP_/Q (sky130_fd_sc_hd__edfxtp_1) dp.rf.rf[0][10]$_DFFE_PP_/D (sky130_fd_sc_hd__edfxtp_1)    1.0930
dp.rf.rf[11][0]$_DFFE_PP_/Q (sky130_fd_sc_hd__edfxtp_1) dp.rf.rf[6][10]$_DFFE_PP_/D (sky130_fd_sc_hd__edfxtp_1)    1.0938
dp.rf.rf[11][0]$_DFFE_PP_/Q (sky130_fd_sc_hd__edfxtp_1) dp.rf.rf[7][10]$_DFFE_PP_/D (sky130_fd_sc_hd__edfxtp_1)    1.0938
dp.rf.rf[11][0]$_DFFE_PP_/Q (sky130_fd_sc_hd__edfxtp_1) dp.rf.rf[5][10]$_DFFE_PP_/D (sky130_fd_sc_hd__edfxtp_1)    1.0969
dp.rf.rf[11][0]$_DFFE_PP_/Q (sky130_fd_sc_hd__edfxtp_1) dp.rf.rf[4][10]$_DFFE_PP_/D (sky130_fd_sc_hd__edfxtp_1)    1.0970
dp.rf.rf[11][0]$_DFFE_PP_/Q (sky130_fd_sc_hd__edfxtp_1) dp.rf.rf[9][10]$_DFFE_PP_/D (sky130_fd_sc_hd__edfxtp_1)    1.0992
dp.rf.rf[11][0]$_DFFE_PP_/Q (sky130_fd_sc_hd__edfxtp_1) dp.rf.rf[11][10]$_DFFE_PP_/D (sky130_fd_sc_hd__edfxtp_1)    1.0999
dp.rf.rf[11][0]$_DFFE_PP_/Q (sky130_fd_sc_hd__edfxtp_1) dp.rf.rf[10][10]$_DFFE_PP_/D (sky130_fd_sc_hd__edfxtp_1)    1.1002
dp.rf.rf[11][0]$_DFFE_PP_/Q (sky130_fd_sc_hd__edfxtp_1) dp.rf.rf[8][10]$_DFFE_PP_/D (sky130_fd_sc_hd__edfxtp_1)    1.1024
dp.rf.rf[11][0]$_DFFE_PP_/Q (sky130_fd_sc_hd__edfxtp_1) dp.rf.rf[14][10]$_DFFE_PP_/D (sky130_fd_sc_hd__edfxtp_1)    1.1066
dp.rf.rf[11][0]$_DFFE_PP_/Q (sky130_fd_sc_hd__edfxtp_1) dp.rf.rf[15][10]$_DFFE_PP_/D (sky130_fd_sc_hd__edfxtp_1)    1.1078
dp.rf.rf[11][0]$_DFFE_PP_/Q (sky130_fd_sc_hd__edfxtp_1) dp.rf.rf[13][10]$_DFFE_PP_/D (sky130_fd_sc_hd__edfxtp_1)    1.1087
dp.rf.rf[11][0]$_DFFE_PP_/Q (sky130_fd_sc_hd__edfxtp_1) dp.rf.rf[12][10]$_DFFE_PP_/D (sky130_fd_sc_hd__edfxtp_1)    1.1103
dp.rf.rf[5][30]$_DFFE_PP_/Q (sky130_fd_sc_hd__dfrtp_1) dp.pcreg.q[21]$_DFF_PP0_/D (sky130_fd_sc_hd__dfrtp_1)    1.1669
dp.rf.rf[5][30]$_DFFE_PP_/Q (sky130_fd_sc_hd__dfrtp_1) dp.pcreg.q[19]$_DFF_PP0_/D (sky130_fd_sc_hd__dfrtp_1)    1.1704
dp.rf.rf[5][30]$_DFFE_PP_/Q (sky130_fd_sc_hd__dfrtp_1) dp.pcreg.q[23]$_DFF_PP0_/D (sky130_fd_sc_hd__dfrtp_1)    1.1714
dp.rf.rf[5][30]$_DFFE_PP_/Q (sky130_fd_sc_hd__dfrtp_1) dp.pcreg.q[22]$_DFF_PP0_/D (sky130_fd_sc_hd__dfrtp_1)    1.1724
dp.rf.rf[5][30]$_DFFE_PP_/Q (sky130_fd_sc_hd__dfrtp_1) dp.pcreg.q[24]$_DFF_PP0_/D (sky130_fd_sc_hd__dfrtp_1)    1.1746
dp.rf.rf[5][30]$_DFFE_PP_/Q (sky130_fd_sc_hd__dfrtp_1) dp.pcreg.q[25]$_DFF_PP0_/D (sky130_fd_sc_hd__dfrtp_1)    1.1821
dp.rf.rf[11][2]$_DFFE_PP_/Q (sky130_fd_sc_hd__edfxtp_1) dp.rf.rf[17][9]$_DFFE_PP_/D (sky130_fd_sc_hd__edfxtp_1)    1.1823
dp.rf.rf[11][2]$_DFFE_PP_/Q (sky130_fd_sc_hd__edfxtp_1) dp.rf.rf[16][9]$_DFFE_PP_/D (sky130_fd_sc_hd__edfxtp_1)    1.1824
dp.rf.rf[11][2]$_DFFE_PP_/Q (sky130_fd_sc_hd__edfxtp_1) dp.rf.rf[19][9]$_DFFE_PP_/D (sky130_fd_sc_hd__edfxtp_1)    1.1828
dp.rf.rf[11][2]$_DFFE_PP_/Q (sky130_fd_sc_hd__edfxtp_1) dp.rf.rf[18][9]$_DFFE_PP_/D (sky130_fd_sc_hd__edfxtp_1)    1.1828
dp.rf.rf[11][2]$_DFFE_PP_/Q (sky130_fd_sc_hd__edfxtp_1) dp.rf.rf[20][9]$_DFFE_PP_/D (sky130_fd_sc_hd__edfxtp_1)    1.1845
dp.rf.rf[11][2]$_DFFE_PP_/Q (sky130_fd_sc_hd__edfxtp_1) dp.rf.rf[23][9]$_DFFE_PP_/D (sky130_fd_sc_hd__edfxtp_1)    1.1847
dp.rf.rf[11][2]$_DFFE_PP_/Q (sky130_fd_sc_hd__edfxtp_1) dp.rf.rf[26][9]$_DFFE_PP_/D (sky130_fd_sc_hd__edfxtp_1)    1.1850
dp.rf.rf[11][2]$_DFFE_PP_/Q (sky130_fd_sc_hd__edfxtp_1) dp.rf.rf[27][9]$_DFFE_PP_/D (sky130_fd_sc_hd__edfxtp_1)    1.1850
dp.rf.rf[11][2]$_DFFE_PP_/Q (sky130_fd_sc_hd__edfxtp_1) dp.rf.rf[31][9]$_DFFE_PP_/D (sky130_fd_sc_hd__edfxtp_1)    1.1851
dp.rf.rf[11][2]$_DFFE_PP_/Q (sky130_fd_sc_hd__edfxtp_1) dp.rf.rf[30][9]$_DFFE_PP_/D (sky130_fd_sc_hd__edfxtp_1)    1.1856
dp.rf.rf[11][2]$_DFFE_PP_/Q (sky130_fd_sc_hd__edfxtp_1) dp.rf.rf[24][9]$_DFFE_PP_/D (sky130_fd_sc_hd__edfxtp_1)    1.1860
dp.rf.rf[11][2]$_DFFE_PP_/Q (sky130_fd_sc_hd__edfxtp_1) dp.rf.rf[25][9]$_DFFE_PP_/D (sky130_fd_sc_hd__edfxtp_1)    1.1860
dp.rf.rf[11][2]$_DFFE_PP_/Q (sky130_fd_sc_hd__edfxtp_1) dp.rf.rf[29][9]$_DFFE_PP_/D (sky130_fd_sc_hd__edfxtp_1)    1.1861
dp.rf.rf[11][2]$_DFFE_PP_/Q (sky130_fd_sc_hd__edfxtp_1) dp.rf.rf[28][9]$_DFFE_PP_/D (sky130_fd_sc_hd__edfxtp_1)    1.1869
dp.rf.rf[11][2]$_DFFE_PP_/Q (sky130_fd_sc_hd__edfxtp_1) dp.rf.rf[21][9]$_DFFE_PP_/D (sky130_fd_sc_hd__edfxtp_1)    1.1896
dp.rf.rf[5][30]$_DFFE_PP_/Q (sky130_fd_sc_hd__dfrtp_1) dp.pcreg.q[20]$_DFF_PP0_/D (sky130_fd_sc_hd__dfrtp_1)    1.1896
dp.rf.rf[11][2]$_DFFE_PP_/Q (sky130_fd_sc_hd__edfxtp_1) dp.rf.rf[22][9]$_DFFE_PP_/D (sky130_fd_sc_hd__edfxtp_1)    1.1898
dp.rf.rf[5][30]$_DFFE_PP_/Q (sky130_fd_sc_hd__dfrtp_1) dp.pcreg.q[18]$_DFF_PP0_/D (sky130_fd_sc_hd__dfrtp_1)    1.1912
dp.rf.rf[11][2]$_DFFE_PP_/Q (sky130_fd_sc_hd__edfxtp_1) dp.rf.rf[6][9]$_DFFE_PP_/D (sky130_fd_sc_hd__edfxtp_1)    1.1912
dp.rf.rf[11][2]$_DFFE_PP_/Q (sky130_fd_sc_hd__edfxtp_1) dp.rf.rf[7][9]$_DFFE_PP_/D (sky130_fd_sc_hd__edfxtp_1)    1.1917
dp.rf.rf[11][2]$_DFFE_PP_/Q (sky130_fd_sc_hd__edfxtp_1) dp.rf.rf[4][9]$_DFFE_PP_/D (sky130_fd_sc_hd__edfxtp_1)    1.1927
dp.rf.rf[11][2]$_DFFE_PP_/Q (sky130_fd_sc_hd__edfxtp_1) dp.rf.rf[5][9]$_DFFE_PP_/D (sky130_fd_sc_hd__edfxtp_1)    1.1934
dp.rf.rf[11][2]$_DFFE_PP_/Q (sky130_fd_sc_hd__edfxtp_1) dp.rf.rf[1][9]$_DFFE_PP_/D (sky130_fd_sc_hd__edfxtp_1)    1.1943
dp.rf.rf[11][2]$_DFFE_PP_/Q (sky130_fd_sc_hd__edfxtp_1) dp.rf.rf[3][9]$_DFFE_PP_/D (sky130_fd_sc_hd__edfxtp_1)    1.1963
dp.rf.rf[11][2]$_DFFE_PP_/Q (sky130_fd_sc_hd__edfxtp_1) dp.rf.rf[2][9]$_DFFE_PP_/D (sky130_fd_sc_hd__edfxtp_1)    1.1964
dp.rf.rf[11][2]$_DFFE_PP_/Q (sky130_fd_sc_hd__edfxtp_1) dp.rf.rf[11][9]$_DFFE_PP_/D (sky130_fd_sc_hd__edfxtp_1)    1.2015
dp.rf.rf[11][2]$_DFFE_PP_/Q (sky130_fd_sc_hd__edfxtp_1) dp.rf.rf[0][9]$_DFFE_PP_/D (sky130_fd_sc_hd__edfxtp_1)    1.2054
dp.rf.rf[11][2]$_DFFE_PP_/Q (sky130_fd_sc_hd__edfxtp_1) dp.rf.rf[10][9]$_DFFE_PP_/D (sky130_fd_sc_hd__edfxtp_1)    1.2055
dp.rf.rf[5][1]$_DFFE_PP_/Q (sky130_fd_sc_hd__dfrtp_1) dp.pcreg.q[27]$_DFF_PP0_/D (sky130_fd_sc_hd__dfrtp_1)    1.2064
dp.rf.rf[11][2]$_DFFE_PP_/Q (sky130_fd_sc_hd__edfxtp_1) dp.rf.rf[9][9]$_DFFE_PP_/D (sky130_fd_sc_hd__edfxtp_1)    1.2075
dp.rf.rf[11][2]$_DFFE_PP_/Q (sky130_fd_sc_hd__edfxtp_1) dp.rf.rf[8][9]$_DFFE_PP_/D (sky130_fd_sc_hd__edfxtp_1)    1.2099
dp.rf.rf[11][2]$_DFFE_PP_/Q (sky130_fd_sc_hd__edfxtp_1) dp.rf.rf[14][9]$_DFFE_PP_/D (sky130_fd_sc_hd__edfxtp_1)    1.2103
dp.rf.rf[11][2]$_DFFE_PP_/Q (sky130_fd_sc_hd__edfxtp_1) dp.rf.rf[15][9]$_DFFE_PP_/D (sky130_fd_sc_hd__edfxtp_1)    1.2105
dp.rf.rf[11][2]$_DFFE_PP_/Q (sky130_fd_sc_hd__edfxtp_1) dp.rf.rf[12][9]$_DFFE_PP_/D (sky130_fd_sc_hd__edfxtp_1)    1.2124
dp.rf.rf[11][2]$_DFFE_PP_/Q (sky130_fd_sc_hd__edfxtp_1) dp.rf.rf[13][9]$_DFFE_PP_/D (sky130_fd_sc_hd__edfxtp_1)    1.2138
dp.rf.rf[5][1]$_DFFE_PP_/Q (sky130_fd_sc_hd__edfxtp_1) dp.rf.rf[29][18]$_DFFE_PP_/D (sky130_fd_sc_hd__edfxtp_1)    1.2154
dp.rf.rf[5][1]$_DFFE_PP_/Q (sky130_fd_sc_hd__edfxtp_1) dp.rf.rf[28][18]$_DFFE_PP_/D (sky130_fd_sc_hd__edfxtp_1)    1.2154
dp.rf.rf[5][1]$_DFFE_PP_/Q (sky130_fd_sc_hd__edfxtp_1) dp.rf.rf[24][18]$_DFFE_PP_/D (sky130_fd_sc_hd__edfxtp_1)    1.2156
dp.rf.rf[11][2]$_DFFE_PP_/Q (sky130_fd_sc_hd__edfxtp_1) dp.rf.rf[22][19]$_DFFE_PP_/D (sky130_fd_sc_hd__edfxtp_1)    1.2305
dp.rf.rf[11][2]$_DFFE_PP_/Q (sky130_fd_sc_hd__edfxtp_1) dp.rf.rf[21][19]$_DFFE_PP_/D (sky130_fd_sc_hd__edfxtp_1)    1.2306
dp.rf.rf[11][2]$_DFFE_PP_/Q (sky130_fd_sc_hd__edfxtp_1) dp.rf.rf[23][19]$_DFFE_PP_/D (sky130_fd_sc_hd__edfxtp_1)    1.2307
dp.rf.rf[11][2]$_DFFE_PP_/Q (sky130_fd_sc_hd__edfxtp_1) dp.rf.rf[29][19]$_DFFE_PP_/D (sky130_fd_sc_hd__edfxtp_1)    1.2309
dp.rf.rf[11][2]$_DFFE_PP_/Q (sky130_fd_sc_hd__edfxtp_1) dp.rf.rf[18][19]$_DFFE_PP_/D (sky130_fd_sc_hd__edfxtp_1)    1.2316
dp.rf.rf[11][2]$_DFFE_PP_/Q (sky130_fd_sc_hd__edfxtp_1) dp.rf.rf[19][19]$_DFFE_PP_/D (sky130_fd_sc_hd__edfxtp_1)    1.2316
dp.rf.rf[11][2]$_DFFE_PP_/Q (sky130_fd_sc_hd__edfxtp_1) dp.rf.rf[17][19]$_DFFE_PP_/D (sky130_fd_sc_hd__edfxtp_1)    1.2317
dp.rf.rf[11][2]$_DFFE_PP_/Q (sky130_fd_sc_hd__edfxtp_1) dp.rf.rf[16][19]$_DFFE_PP_/D (sky130_fd_sc_hd__edfxtp_1)    1.2319
dp.rf.rf[11][2]$_DFFE_PP_/Q (sky130_fd_sc_hd__edfxtp_1) dp.rf.rf[28][19]$_DFFE_PP_/D (sky130_fd_sc_hd__edfxtp_1)    1.2332
dp.rf.rf[11][2]$_DFFE_PP_/Q (sky130_fd_sc_hd__edfxtp_1) dp.rf.rf[31][19]$_DFFE_PP_/D (sky130_fd_sc_hd__edfxtp_1)    1.2333
dp.rf.rf[11][2]$_DFFE_PP_/Q (sky130_fd_sc_hd__edfxtp_1) dp.rf.rf[30][19]$_DFFE_PP_/D (sky130_fd_sc_hd__edfxtp_1)    1.2354
dp.rf.rf[11][2]$_DFFE_PP_/Q (sky130_fd_sc_hd__edfxtp_1) dp.rf.rf[0][19]$_DFFE_PP_/D (sky130_fd_sc_hd__edfxtp_1)    1.2354
dp.rf.rf[11][2]$_DFFE_PP_/Q (sky130_fd_sc_hd__edfxtp_1) dp.rf.rf[27][19]$_DFFE_PP_/D (sky130_fd_sc_hd__edfxtp_1)    1.2358
dp.rf.rf[11][2]$_DFFE_PP_/Q (sky130_fd_sc_hd__edfxtp_1) dp.rf.rf[26][19]$_DFFE_PP_/D (sky130_fd_sc_hd__edfxtp_1)    1.2360
dp.rf.rf[11][2]$_DFFE_PP_/Q (sky130_fd_sc_hd__edfxtp_1) dp.rf.rf[25][19]$_DFFE_PP_/D (sky130_fd_sc_hd__edfxtp_1)    1.2363
dp.rf.rf[11][2]$_DFFE_PP_/Q (sky130_fd_sc_hd__edfxtp_1) dp.rf.rf[24][19]$_DFFE_PP_/D (sky130_fd_sc_hd__edfxtp_1)    1.2364
dp.rf.rf[11][2]$_DFFE_PP_/Q (sky130_fd_sc_hd__edfxtp_1) dp.rf.rf[20][19]$_DFFE_PP_/D (sky130_fd_sc_hd__edfxtp_1)    1.2366
dp.rf.rf[11][2]$_DFFE_PP_/Q (sky130_fd_sc_hd__edfxtp_1) dp.rf.rf[3][19]$_DFFE_PP_/D (sky130_fd_sc_hd__edfxtp_1)    1.2375
dp.rf.rf[11][2]$_DFFE_PP_/Q (sky130_fd_sc_hd__edfxtp_1) dp.rf.rf[2][19]$_DFFE_PP_/D (sky130_fd_sc_hd__edfxtp_1)    1.2384
dp.rf.rf[11][2]$_DFFE_PP_/Q (sky130_fd_sc_hd__edfxtp_1) dp.rf.rf[1][19]$_DFFE_PP_/D (sky130_fd_sc_hd__edfxtp_1)    1.2388
dp.rf.rf[11][2]$_DFFE_PP_/Q (sky130_fd_sc_hd__edfxtp_1) dp.rf.rf[4][19]$_DFFE_PP_/D (sky130_fd_sc_hd__edfxtp_1)    1.2388
dp.rf.rf[11][2]$_DFFE_PP_/Q (sky130_fd_sc_hd__edfxtp_1) dp.rf.rf[6][19]$_DFFE_PP_/D (sky130_fd_sc_hd__edfxtp_1)    1.2389
dp.rf.rf[11][2]$_DFFE_PP_/Q (sky130_fd_sc_hd__edfxtp_1) dp.rf.rf[7][19]$_DFFE_PP_/D (sky130_fd_sc_hd__edfxtp_1)    1.2390
dp.rf.rf[31][3]$_DFFE_PP_/Q (sky130_fd_sc_hd__edfxtp_1) dp.rf.rf[2][23]$_DFFE_PP_/D (sky130_fd_sc_hd__edfxtp_1)    1.2393
dp.rf.rf[31][3]$_DFFE_PP_/Q (sky130_fd_sc_hd__edfxtp_1) dp.rf.rf[7][23]$_DFFE_PP_/D (sky130_fd_sc_hd__edfxtp_1)    1.2397
dp.rf.rf[31][3]$_DFFE_PP_/Q (sky130_fd_sc_hd__edfxtp_1) dp.rf.rf[0][23]$_DFFE_PP_/D (sky130_fd_sc_hd__edfxtp_1)    1.2397
dp.rf.rf[31][3]$_DFFE_PP_/Q (sky130_fd_sc_hd__edfxtp_1) dp.rf.rf[5][23]$_DFFE_PP_/D (sky130_fd_sc_hd__edfxtp_1)    1.2400
dp.rf.rf[31][3]$_DFFE_PP_/Q (sky130_fd_sc_hd__edfxtp_1) dp.rf.rf[6][23]$_DFFE_PP_/D (sky130_fd_sc_hd__edfxtp_1)    1.2402
dp.rf.rf[11][2]$_DFFE_PP_/Q (sky130_fd_sc_hd__edfxtp_1) dp.rf.rf[13][19]$_DFFE_PP_/D (sky130_fd_sc_hd__edfxtp_1)    1.2402
dp.rf.rf[11][2]$_DFFE_PP_/Q (sky130_fd_sc_hd__edfxtp_1) dp.rf.rf[5][19]$_DFFE_PP_/D (sky130_fd_sc_hd__edfxtp_1)    1.2403
dp.rf.rf[11][2]$_DFFE_PP_/Q (sky130_fd_sc_hd__edfxtp_1) dp.rf.rf[12][19]$_DFFE_PP_/D (sky130_fd_sc_hd__edfxtp_1)    1.2409
dp.rf.rf[11][2]$_DFFE_PP_/Q (sky130_fd_sc_hd__edfxtp_1) dp.rf.rf[14][19]$_DFFE_PP_/D (sky130_fd_sc_hd__edfxtp_1)    1.2413
dp.rf.rf[11][2]$_DFFE_PP_/Q (sky130_fd_sc_hd__edfxtp_1) dp.rf.rf[15][19]$_DFFE_PP_/D (sky130_fd_sc_hd__edfxtp_1)    1.2425
dp.rf.rf[31][3]$_DFFE_PP_/Q (sky130_fd_sc_hd__edfxtp_1) dp.rf.rf[1][23]$_DFFE_PP_/D (sky130_fd_sc_hd__edfxtp_1)    1.2427
dp.rf.rf[31][3]$_DFFE_PP_/Q (sky130_fd_sc_hd__edfxtp_1) dp.rf.rf[3][23]$_DFFE_PP_/D (sky130_fd_sc_hd__edfxtp_1)    1.2433
dp.rf.rf[31][3]$_DFFE_PP_/Q (sky130_fd_sc_hd__edfxtp_1) dp.rf.rf[8][23]$_DFFE_PP_/D (sky130_fd_sc_hd__edfxtp_1)    1.2435
dp.rf.rf[31][3]$_DFFE_PP_/Q (sky130_fd_sc_hd__edfxtp_1) dp.rf.rf[11][23]$_DFFE_PP_/D (sky130_fd_sc_hd__edfxtp_1)    1.2438
dp.rf.rf[31][3]$_DFFE_PP_/Q (sky130_fd_sc_hd__edfxtp_1) dp.rf.rf[4][23]$_DFFE_PP_/D (sky130_fd_sc_hd__edfxtp_1)    1.2439
dp.rf.rf[31][3]$_DFFE_PP_/Q (sky130_fd_sc_hd__edfxtp_1) dp.rf.rf[9][23]$_DFFE_PP_/D (sky130_fd_sc_hd__edfxtp_1)    1.2441
dp.rf.rf[11][2]$_DFFE_PP_/Q (sky130_fd_sc_hd__edfxtp_1) dp.rf.rf[11][19]$_DFFE_PP_/D (sky130_fd_sc_hd__edfxtp_1)    1.2444
dp.rf.rf[31][3]$_DFFE_PP_/Q (sky130_fd_sc_hd__edfxtp_1) dp.rf.rf[10][23]$_DFFE_PP_/D (sky130_fd_sc_hd__edfxtp_1)    1.2447
dp.rf.rf[11][2]$_DFFE_PP_/Q (sky130_fd_sc_hd__edfxtp_1) dp.rf.rf[10][19]$_DFFE_PP_/D (sky130_fd_sc_hd__edfxtp_1)    1.2449
dp.rf.rf[11][2]$_DFFE_PP_/Q (sky130_fd_sc_hd__edfxtp_1) dp.rf.rf[9][19]$_DFFE_PP_/D (sky130_fd_sc_hd__edfxtp_1)    1.2450
dp.rf.rf[31][3]$_DFFE_PP_/Q (sky130_fd_sc_hd__edfxtp_1) dp.rf.rf[15][23]$_DFFE_PP_/D (sky130_fd_sc_hd__edfxtp_1)    1.2459
dp.rf.rf[31][3]$_DFFE_PP_/Q (sky130_fd_sc_hd__edfxtp_1) dp.rf.rf[20][23]$_DFFE_PP_/D (sky130_fd_sc_hd__edfxtp_1)    1.2460
dp.rf.rf[31][3]$_DFFE_PP_/Q (sky130_fd_sc_hd__edfxtp_1) dp.rf.rf[14][23]$_DFFE_PP_/D (sky130_fd_sc_hd__edfxtp_1)    1.2461
dp.rf.rf[31][3]$_DFFE_PP_/Q (sky130_fd_sc_hd__edfxtp_1) dp.rf.rf[13][23]$_DFFE_PP_/D (sky130_fd_sc_hd__edfxtp_1)    1.2461
dp.rf.rf[31][3]$_DFFE_PP_/Q (sky130_fd_sc_hd__edfxtp_1) dp.rf.rf[23][23]$_DFFE_PP_/D (sky130_fd_sc_hd__edfxtp_1)    1.2462
dp.rf.rf[31][3]$_DFFE_PP_/Q (sky130_fd_sc_hd__edfxtp_1) dp.rf.rf[22][23]$_DFFE_PP_/D (sky130_fd_sc_hd__edfxtp_1)    1.2463
dp.rf.rf[31][3]$_DFFE_PP_/Q (sky130_fd_sc_hd__edfxtp_1) dp.rf.rf[21][23]$_DFFE_PP_/D (sky130_fd_sc_hd__edfxtp_1)    1.2466
dp.rf.rf[31][3]$_DFFE_PP_/Q (sky130_fd_sc_hd__edfxtp_1) dp.rf.rf[17][23]$_DFFE_PP_/D (sky130_fd_sc_hd__edfxtp_1)    1.2467
dp.rf.rf[31][3]$_DFFE_PP_/Q (sky130_fd_sc_hd__edfxtp_1) dp.rf.rf[19][23]$_DFFE_PP_/D (sky130_fd_sc_hd__edfxtp_1)    1.2468
dp.rf.rf[11][2]$_DFFE_PP_/Q (sky130_fd_sc_hd__edfxtp_1) dp.rf.rf[8][19]$_DFFE_PP_/D (sky130_fd_sc_hd__edfxtp_1)    1.2468
dp.rf.rf[31][3]$_DFFE_PP_/Q (sky130_fd_sc_hd__edfxtp_1) dp.rf.rf[18][23]$_DFFE_PP_/D (sky130_fd_sc_hd__edfxtp_1)    1.2469
dp.rf.rf[5][30]$_DFFE_PP_/Q (sky130_fd_sc_hd__dfrtp_1) dp.pcreg.q[11]$_DFF_PP0_/D (sky130_fd_sc_hd__dfrtp_1)    1.2470
dp.rf.rf[31][3]$_DFFE_PP_/Q (sky130_fd_sc_hd__edfxtp_1) dp.rf.rf[12][23]$_DFFE_PP_/D (sky130_fd_sc_hd__edfxtp_1)    1.2493
dp.rf.rf[31][3]$_DFFE_PP_/Q (sky130_fd_sc_hd__edfxtp_1) dp.rf.rf[26][23]$_DFFE_PP_/D (sky130_fd_sc_hd__edfxtp_1)    1.2505
dp.rf.rf[31][3]$_DFFE_PP_/Q (sky130_fd_sc_hd__edfxtp_1) dp.rf.rf[16][23]$_DFFE_PP_/D (sky130_fd_sc_hd__edfxtp_1)    1.2505
dp.rf.rf[5][1]$_DFFE_PP_/Q (sky130_fd_sc_hd__edfxtp_1) dp.rf.rf[6][18]$_DFFE_PP_/D (sky130_fd_sc_hd__edfxtp_1)    1.2509
dp.rf.rf[31][3]$_DFFE_PP_/Q (sky130_fd_sc_hd__edfxtp_1) dp.rf.rf[27][23]$_DFFE_PP_/D (sky130_fd_sc_hd__edfxtp_1)    1.2512
dp.rf.rf[5][1]$_DFFE_PP_/Q (sky130_fd_sc_hd__edfxtp_1) dp.rf.rf[7][18]$_DFFE_PP_/D (sky130_fd_sc_hd__edfxtp_1)    1.2514
dp.rf.rf[11][2]$_DFFE_PP_/Q (sky130_fd_sc_hd__edfxtp_1) dp.rf.rf[23][17]$_DFFE_PP_/D (sky130_fd_sc_hd__edfxtp_1)    1.2515
dp.rf.rf[31][3]$_DFFE_PP_/Q (sky130_fd_sc_hd__edfxtp_1) dp.rf.rf[25][23]$_DFFE_PP_/D (sky130_fd_sc_hd__edfxtp_1)    1.2516
dp.rf.rf[5][30]$_DFFE_PP_/Q (sky130_fd_sc_hd__dfrtp_1) dp.pcreg.q[15]$_DFF_PP0_/D (sky130_fd_sc_hd__dfrtp_1)    1.2516
dp.rf.rf[5][1]$_DFFE_PP_/Q (sky130_fd_sc_hd__edfxtp_1) dp.rf.rf[11][18]$_DFFE_PP_/D (sky130_fd_sc_hd__edfxtp_1)    1.2518
dp.rf.rf[5][1]$_DFFE_PP_/Q (sky130_fd_sc_hd__edfxtp_1) dp.rf.rf[4][18]$_DFFE_PP_/D (sky130_fd_sc_hd__edfxtp_1)    1.2518
dp.rf.rf[5][1]$_DFFE_PP_/Q (sky130_fd_sc_hd__edfxtp_1) dp.rf.rf[10][18]$_DFFE_PP_/D (sky130_fd_sc_hd__edfxtp_1)    1.2519
dp.rf.rf[5][1]$_DFFE_PP_/Q (sky130_fd_sc_hd__edfxtp_1) dp.rf.rf[8][18]$_DFFE_PP_/D (sky130_fd_sc_hd__edfxtp_1)    1.2519
dp.rf.rf[5][1]$_DFFE_PP_/Q (sky130_fd_sc_hd__edfxtp_1) dp.rf.rf[9][18]$_DFFE_PP_/D (sky130_fd_sc_hd__edfxtp_1)    1.2520
dp.rf.rf[5][1]$_DFFE_PP_/Q (sky130_fd_sc_hd__edfxtp_1) dp.rf.rf[5][18]$_DFFE_PP_/D (sky130_fd_sc_hd__edfxtp_1)    1.2521
dp.rf.rf[31][3]$_DFFE_PP_/Q (sky130_fd_sc_hd__edfxtp_1) dp.rf.rf[29][23]$_DFFE_PP_/D (sky130_fd_sc_hd__edfxtp_1)    1.2521
dp.rf.rf[31][3]$_DFFE_PP_/Q (sky130_fd_sc_hd__edfxtp_1) dp.rf.rf[28][23]$_DFFE_PP_/D (sky130_fd_sc_hd__edfxtp_1)    1.2522
dp.rf.rf[11][2]$_DFFE_PP_/Q (sky130_fd_sc_hd__edfxtp_1) dp.rf.rf[20][17]$_DFFE_PP_/D (sky130_fd_sc_hd__edfxtp_1)    1.2526
dp.rf.rf[5][1]$_DFFE_PP_/Q (sky130_fd_sc_hd__edfxtp_1) dp.rf.rf[12][18]$_DFFE_PP_/D (sky130_fd_sc_hd__edfxtp_1)    1.2527
dp.rf.rf[5][1]$_DFFE_PP_/Q (sky130_fd_sc_hd__edfxtp_1) dp.rf.rf[13][18]$_DFFE_PP_/D (sky130_fd_sc_hd__edfxtp_1)    1.2527
dp.rf.rf[5][1]$_DFFE_PP_/Q (sky130_fd_sc_hd__edfxtp_1) dp.rf.rf[14][18]$_DFFE_PP_/D (sky130_fd_sc_hd__edfxtp_1)    1.2528
dp.rf.rf[5][30]$_DFFE_PP_/Q (sky130_fd_sc_hd__dfrtp_1) dp.pcreg.q[12]$_DFF_PP0_/D (sky130_fd_sc_hd__dfrtp_1)    1.2528
dp.rf.rf[5][1]$_DFFE_PP_/Q (sky130_fd_sc_hd__edfxtp_1) dp.rf.rf[15][18]$_DFFE_PP_/D (sky130_fd_sc_hd__edfxtp_1)    1.2528
dp.rf.rf[31][3]$_DFFE_PP_/Q (sky130_fd_sc_hd__edfxtp_1) dp.rf.rf[24][23]$_DFFE_PP_/D (sky130_fd_sc_hd__edfxtp_1)    1.2530
dp.rf.rf[5][1]$_DFFE_PP_/Q (sky130_fd_sc_hd__edfxtp_1) dp.rf.rf[3][18]$_DFFE_PP_/D (sky130_fd_sc_hd__edfxtp_1)    1.2532
dp.rf.rf[5][1]$_DFFE_PP_/Q (sky130_fd_sc_hd__edfxtp_1) dp.rf.rf[2][18]$_DFFE_PP_/D (sky130_fd_sc_hd__edfxtp_1)    1.2534
dp.rf.rf[31][3]$_DFFE_PP_/Q (sky130_fd_sc_hd__edfxtp_1) dp.rf.rf[31][23]$_DFFE_PP_/D (sky130_fd_sc_hd__edfxtp_1)    1.2537
dp.rf.rf[5][1]$_DFFE_PP_/Q (sky130_fd_sc_hd__edfxtp_1) dp.rf.rf[1][18]$_DFFE_PP_/D (sky130_fd_sc_hd__edfxtp_1)    1.2537
dp.rf.rf[31][3]$_DFFE_PP_/Q (sky130_fd_sc_hd__edfxtp_1) dp.rf.rf[30][23]$_DFFE_PP_/D (sky130_fd_sc_hd__edfxtp_1)    1.2537
dp.rf.rf[5][1]$_DFFE_PP_/Q (sky130_fd_sc_hd__edfxtp_1) dp.rf.rf[0][18]$_DFFE_PP_/D (sky130_fd_sc_hd__edfxtp_1)    1.2537
dp.rf.rf[11][2]$_DFFE_PP_/Q (sky130_fd_sc_hd__edfxtp_1) dp.rf.rf[21][17]$_DFFE_PP_/D (sky130_fd_sc_hd__edfxtp_1)    1.2539
dp.rf.rf[5][30]$_DFFE_PP_/Q (sky130_fd_sc_hd__dfrtp_1) dp.pcreg.q[14]$_DFF_PP0_/D (sky130_fd_sc_hd__dfrtp_1)    1.2550
dp.rf.rf[5][30]$_DFFE_PP_/Q (sky130_fd_sc_hd__dfrtp_1) dp.pcreg.q[13]$_DFF_PP0_/D (sky130_fd_sc_hd__dfrtp_1)    1.2556
dp.rf.rf[5][1]$_DFFE_PP_/Q (sky130_fd_sc_hd__edfxtp_1) dp.rf.rf[19][18]$_DFFE_PP_/D (sky130_fd_sc_hd__edfxtp_1)    1.2572
dp.rf.rf[5][1]$_DFFE_PP_/Q (sky130_fd_sc_hd__edfxtp_1) dp.rf.rf[22][18]$_DFFE_PP_/D (sky130_fd_sc_hd__edfxtp_1)    1.2577
dp.rf.rf[5][1]$_DFFE_PP_/Q (sky130_fd_sc_hd__edfxtp_1) dp.rf.rf[18][18]$_DFFE_PP_/D (sky130_fd_sc_hd__edfxtp_1)    1.2583
dp.rf.rf[5][1]$_DFFE_PP_/Q (sky130_fd_sc_hd__edfxtp_1) dp.rf.rf[23][18]$_DFFE_PP_/D (sky130_fd_sc_hd__edfxtp_1)    1.2586
dp.rf.rf[5][1]$_DFFE_PP_/Q (sky130_fd_sc_hd__edfxtp_1) dp.rf.rf[21][18]$_DFFE_PP_/D (sky130_fd_sc_hd__edfxtp_1)    1.2592
dp.rf.rf[5][1]$_DFFE_PP_/Q (sky130_fd_sc_hd__edfxtp_1) dp.rf.rf[20][18]$_DFFE_PP_/D (sky130_fd_sc_hd__edfxtp_1)    1.2594
dp.rf.rf[5][1]$_DFFE_PP_/Q (sky130_fd_sc_hd__edfxtp_1) dp.rf.rf[16][18]$_DFFE_PP_/D (sky130_fd_sc_hd__edfxtp_1)    1.2628
dp.rf.rf[5][1]$_DFFE_PP_/Q (sky130_fd_sc_hd__edfxtp_1) dp.rf.rf[17][18]$_DFFE_PP_/D (sky130_fd_sc_hd__edfxtp_1)    1.2628
dp.rf.rf[5][1]$_DFFE_PP_/Q (sky130_fd_sc_hd__edfxtp_1) dp.rf.rf[30][18]$_DFFE_PP_/D (sky130_fd_sc_hd__edfxtp_1)    1.2630
dp.rf.rf[3][1]$_DFFE_PP_/Q (sky130_fd_sc_hd__edfxtp_1) dp.rf.rf[9][4]$_DFFE_PP_/D (sky130_fd_sc_hd__edfxtp_1)    1.2633
dp.rf.rf[5][1]$_DFFE_PP_/Q (sky130_fd_sc_hd__edfxtp_1) dp.rf.rf[31][18]$_DFFE_PP_/D (sky130_fd_sc_hd__edfxtp_1)    1.2638
dp.rf.rf[3][1]$_DFFE_PP_/Q (sky130_fd_sc_hd__edfxtp_1) dp.rf.rf[11][4]$_DFFE_PP_/D (sky130_fd_sc_hd__edfxtp_1)    1.2638
dp.rf.rf[3][1]$_DFFE_PP_/Q (sky130_fd_sc_hd__edfxtp_1) dp.rf.rf[25][4]$_DFFE_PP_/D (sky130_fd_sc_hd__edfxtp_1)    1.2641
dp.rf.rf[3][1]$_DFFE_PP_/Q (sky130_fd_sc_hd__edfxtp_1) dp.rf.rf[10][4]$_DFFE_PP_/D (sky130_fd_sc_hd__edfxtp_1)    1.2642
dp.rf.rf[3][1]$_DFFE_PP_/Q (sky130_fd_sc_hd__edfxtp_1) dp.rf.rf[14][4]$_DFFE_PP_/D (sky130_fd_sc_hd__edfxtp_1)    1.2643
dp.rf.rf[3][1]$_DFFE_PP_/Q (sky130_fd_sc_hd__edfxtp_1) dp.rf.rf[15][4]$_DFFE_PP_/D (sky130_fd_sc_hd__edfxtp_1)    1.2643
dp.rf.rf[3][1]$_DFFE_PP_/Q (sky130_fd_sc_hd__edfxtp_1) dp.rf.rf[12][4]$_DFFE_PP_/D (sky130_fd_sc_hd__edfxtp_1)    1.2643
dp.rf.rf[3][1]$_DFFE_PP_/Q (sky130_fd_sc_hd__edfxtp_1) dp.rf.rf[13][4]$_DFFE_PP_/D (sky130_fd_sc_hd__edfxtp_1)    1.2647
dp.rf.rf[3][1]$_DFFE_PP_/Q (sky130_fd_sc_hd__edfxtp_1) dp.rf.rf[3][4]$_DFFE_PP_/D (sky130_fd_sc_hd__edfxtp_1)    1.2648
dp.rf.rf[5][1]$_DFFE_PP_/Q (sky130_fd_sc_hd__edfxtp_1) dp.rf.rf[26][18]$_DFFE_PP_/D (sky130_fd_sc_hd__edfxtp_1)    1.2648
dp.rf.rf[5][1]$_DFFE_PP_/Q (sky130_fd_sc_hd__edfxtp_1) dp.rf.rf[25][18]$_DFFE_PP_/D (sky130_fd_sc_hd__edfxtp_1)    1.2649
dp.rf.rf[3][1]$_DFFE_PP_/Q (sky130_fd_sc_hd__edfxtp_1) dp.rf.rf[27][4]$_DFFE_PP_/D (sky130_fd_sc_hd__edfxtp_1)    1.2649
dp.rf.rf[5][1]$_DFFE_PP_/Q (sky130_fd_sc_hd__edfxtp_1) dp.rf.rf[27][18]$_DFFE_PP_/D (sky130_fd_sc_hd__edfxtp_1)    1.2650
dp.rf.rf[3][1]$_DFFE_PP_/Q (sky130_fd_sc_hd__edfxtp_1) dp.rf.rf[26][4]$_DFFE_PP_/D (sky130_fd_sc_hd__edfxtp_1)    1.2651
dp.rf.rf[3][1]$_DFFE_PP_/Q (sky130_fd_sc_hd__edfxtp_1) dp.rf.rf[31][4]$_DFFE_PP_/D (sky130_fd_sc_hd__edfxtp_1)    1.2659
dp.rf.rf[3][1]$_DFFE_PP_/Q (sky130_fd_sc_hd__edfxtp_1) dp.rf.rf[2][4]$_DFFE_PP_/D (sky130_fd_sc_hd__edfxtp_1)    1.2662
dp.rf.rf[3][1]$_DFFE_PP_/Q (sky130_fd_sc_hd__edfxtp_1) dp.rf.rf[1][4]$_DFFE_PP_/D (sky130_fd_sc_hd__edfxtp_1)    1.2662
dp.rf.rf[3][1]$_DFFE_PP_/Q (sky130_fd_sc_hd__edfxtp_1) dp.rf.rf[28][4]$_DFFE_PP_/D (sky130_fd_sc_hd__edfxtp_1)    1.2664
dp.rf.rf[3][1]$_DFFE_PP_/Q (sky130_fd_sc_hd__edfxtp_1) dp.rf.rf[0][4]$_DFFE_PP_/D (sky130_fd_sc_hd__edfxtp_1)    1.2665
dp.rf.rf[3][1]$_DFFE_PP_/Q (sky130_fd_sc_hd__edfxtp_1) dp.rf.rf[7][4]$_DFFE_PP_/D (sky130_fd_sc_hd__edfxtp_1)    1.2666
dp.rf.rf[3][1]$_DFFE_PP_/Q (sky130_fd_sc_hd__edfxtp_1) dp.rf.rf[6][4]$_DFFE_PP_/D (sky130_fd_sc_hd__edfxtp_1)    1.2667
dp.rf.rf[3][1]$_DFFE_PP_/Q (sky130_fd_sc_hd__edfxtp_1) dp.rf.rf[5][4]$_DFFE_PP_/D (sky130_fd_sc_hd__edfxtp_1)    1.2669
dp.rf.rf[3][1]$_DFFE_PP_/Q (sky130_fd_sc_hd__edfxtp_1) dp.rf.rf[24][4]$_DFFE_PP_/D (sky130_fd_sc_hd__edfxtp_1)    1.2673
dp.rf.rf[3][1]$_DFFE_PP_/Q (sky130_fd_sc_hd__edfxtp_1) dp.rf.rf[8][4]$_DFFE_PP_/D (sky130_fd_sc_hd__edfxtp_1)    1.2676
dp.rf.rf[3][1]$_DFFE_PP_/Q (sky130_fd_sc_hd__edfxtp_1) dp.rf.rf[30][4]$_DFFE_PP_/D (sky130_fd_sc_hd__edfxtp_1)    1.2688
dp.rf.rf[3][1]$_DFFE_PP_/Q (sky130_fd_sc_hd__edfxtp_1) dp.rf.rf[29][4]$_DFFE_PP_/D (sky130_fd_sc_hd__edfxtp_1)    1.2698
dp.rf.rf[3][1]$_DFFE_PP_/Q (sky130_fd_sc_hd__edfxtp_1) dp.rf.rf[23][4]$_DFFE_PP_/D (sky130_fd_sc_hd__edfxtp_1)    1.2710
dp.rf.rf[3][1]$_DFFE_PP_/Q (sky130_fd_sc_hd__edfxtp_1) dp.rf.rf[21][4]$_DFFE_PP_/D (sky130_fd_sc_hd__edfxtp_1)    1.2711
dp.rf.rf[3][1]$_DFFE_PP_/Q (sky130_fd_sc_hd__edfxtp_1) dp.rf.rf[22][4]$_DFFE_PP_/D (sky130_fd_sc_hd__edfxtp_1)    1.2717
dp.rf.rf[3][1]$_DFFE_PP_/Q (sky130_fd_sc_hd__edfxtp_1) dp.rf.rf[4][4]$_DFFE_PP_/D (sky130_fd_sc_hd__edfxtp_1)    1.2725
dp.rf.rf[3][1]$_DFFE_PP_/Q (sky130_fd_sc_hd__edfxtp_1) dp.rf.rf[19][4]$_DFFE_PP_/D (sky130_fd_sc_hd__edfxtp_1)    1.2741
dp.rf.rf[3][1]$_DFFE_PP_/Q (sky130_fd_sc_hd__edfxtp_1) dp.rf.rf[20][4]$_DFFE_PP_/D (sky130_fd_sc_hd__edfxtp_1)    1.2765
dp.rf.rf[3][1]$_DFFE_PP_/Q (sky130_fd_sc_hd__edfxtp_1) dp.rf.rf[18][4]$_DFFE_PP_/D (sky130_fd_sc_hd__edfxtp_1)    1.2774
dp.rf.rf[5][30]$_DFFE_PP_/Q (sky130_fd_sc_hd__dfrtp_1) dp.pcreg.q[3]$_DFF_PP0_/D (sky130_fd_sc_hd__dfrtp_1)    1.2778
dp.rf.rf[3][1]$_DFFE_PP_/Q (sky130_fd_sc_hd__edfxtp_1) dp.rf.rf[17][4]$_DFFE_PP_/D (sky130_fd_sc_hd__edfxtp_1)    1.2790
dp.rf.rf[3][1]$_DFFE_PP_/Q (sky130_fd_sc_hd__edfxtp_1) dp.rf.rf[16][4]$_DFFE_PP_/D (sky130_fd_sc_hd__edfxtp_1)    1.2804
dp.rf.rf[5][30]$_DFFE_PP_/Q (sky130_fd_sc_hd__dfrtp_1) dp.pcreg.q[0]$_DFFE_PP0P_/D (sky130_fd_sc_hd__dfrtp_1)    1.2864
dp.rf.rf[5][30]$_DFFE_PP_/Q (sky130_fd_sc_hd__dfrtp_1) dp.pcreg.q[1]$_DFFE_PP0P_/D (sky130_fd_sc_hd__dfrtp_1)    1.2920
dp.rf.rf[11][2]$_DFFE_PP_/Q (sky130_fd_sc_hd__edfxtp_1) dp.rf.rf[8][17]$_DFFE_PP_/D (sky130_fd_sc_hd__edfxtp_1)    1.2921
dp.rf.rf[11][2]$_DFFE_PP_/Q (sky130_fd_sc_hd__edfxtp_1) dp.rf.rf[4][17]$_DFFE_PP_/D (sky130_fd_sc_hd__edfxtp_1)    1.2932
dp.rf.rf[11][2]$_DFFE_PP_/Q (sky130_fd_sc_hd__edfxtp_1) dp.rf.rf[7][17]$_DFFE_PP_/D (sky130_fd_sc_hd__edfxtp_1)    1.2936
dp.rf.rf[11][2]$_DFFE_PP_/Q (sky130_fd_sc_hd__edfxtp_1) dp.rf.rf[1][17]$_DFFE_PP_/D (sky130_fd_sc_hd__edfxtp_1)    1.2938
dp.rf.rf[11][2]$_DFFE_PP_/Q (sky130_fd_sc_hd__edfxtp_1) dp.rf.rf[6][17]$_DFFE_PP_/D (sky130_fd_sc_hd__edfxtp_1)    1.2940
dp.rf.rf[11][2]$_DFFE_PP_/Q (sky130_fd_sc_hd__edfxtp_1) dp.rf.rf[0][17]$_DFFE_PP_/D (sky130_fd_sc_hd__edfxtp_1)    1.2946
dp.rf.rf[11][2]$_DFFE_PP_/Q (sky130_fd_sc_hd__edfxtp_1) dp.rf.rf[2][17]$_DFFE_PP_/D (sky130_fd_sc_hd__edfxtp_1)    1.2953
dp.rf.rf[11][2]$_DFFE_PP_/Q (sky130_fd_sc_hd__edfxtp_1) dp.rf.rf[3][17]$_DFFE_PP_/D (sky130_fd_sc_hd__edfxtp_1)    1.2957
dp.rf.rf[11][2]$_DFFE_PP_/Q (sky130_fd_sc_hd__edfxtp_1) dp.rf.rf[25][17]$_DFFE_PP_/D (sky130_fd_sc_hd__edfxtp_1)    1.2958
dp.rf.rf[11][2]$_DFFE_PP_/Q (sky130_fd_sc_hd__edfxtp_1) dp.rf.rf[24][17]$_DFFE_PP_/D (sky130_fd_sc_hd__edfxtp_1)    1.2959
dp.rf.rf[11][2]$_DFFE_PP_/Q (sky130_fd_sc_hd__edfxtp_1) dp.rf.rf[11][17]$_DFFE_PP_/D (sky130_fd_sc_hd__edfxtp_1)    1.2963
dp.rf.rf[11][2]$_DFFE_PP_/Q (sky130_fd_sc_hd__edfxtp_1) dp.rf.rf[9][17]$_DFFE_PP_/D (sky130_fd_sc_hd__edfxtp_1)    1.2963
dp.rf.rf[11][2]$_DFFE_PP_/Q (sky130_fd_sc_hd__edfxtp_1) dp.rf.rf[26][17]$_DFFE_PP_/D (sky130_fd_sc_hd__edfxtp_1)    1.2964
dp.rf.rf[11][2]$_DFFE_PP_/Q (sky130_fd_sc_hd__edfxtp_1) dp.rf.rf[15][17]$_DFFE_PP_/D (sky130_fd_sc_hd__edfxtp_1)    1.2964
dp.rf.rf[11][2]$_DFFE_PP_/Q (sky130_fd_sc_hd__edfxtp_1) dp.rf.rf[10][17]$_DFFE_PP_/D (sky130_fd_sc_hd__edfxtp_1)    1.2966
dp.rf.rf[11][2]$_DFFE_PP_/Q (sky130_fd_sc_hd__edfxtp_1) dp.rf.rf[27][17]$_DFFE_PP_/D (sky130_fd_sc_hd__edfxtp_1)    1.2967
dp.rf.rf[11][2]$_DFFE_PP_/Q (sky130_fd_sc_hd__edfxtp_1) dp.rf.rf[14][17]$_DFFE_PP_/D (sky130_fd_sc_hd__edfxtp_1)    1.2969
dp.rf.rf[11][2]$_DFFE_PP_/Q (sky130_fd_sc_hd__edfxtp_1) dp.rf.rf[12][17]$_DFFE_PP_/D (sky130_fd_sc_hd__edfxtp_1)    1.2969
dp.rf.rf[11][2]$_DFFE_PP_/Q (sky130_fd_sc_hd__edfxtp_1) dp.rf.rf[13][17]$_DFFE_PP_/D (sky130_fd_sc_hd__edfxtp_1)    1.2971
dp.rf.rf[11][2]$_DFFE_PP_/Q (sky130_fd_sc_hd__edfxtp_1) dp.rf.rf[5][17]$_DFFE_PP_/D (sky130_fd_sc_hd__edfxtp_1)    1.2973
dp.rf.rf[11][2]$_DFFE_PP_/Q (sky130_fd_sc_hd__edfxtp_1) dp.rf.rf[31][17]$_DFFE_PP_/D (sky130_fd_sc_hd__edfxtp_1)    1.2992
dp.rf.rf[11][2]$_DFFE_PP_/Q (sky130_fd_sc_hd__edfxtp_1) dp.rf.rf[30][17]$_DFFE_PP_/D (sky130_fd_sc_hd__edfxtp_1)    1.2999
dp.rf.rf[11][2]$_DFFE_PP_/Q (sky130_fd_sc_hd__edfxtp_1) dp.rf.rf[19][17]$_DFFE_PP_/D (sky130_fd_sc_hd__edfxtp_1)    1.3024
dp.rf.rf[11][2]$_DFFE_PP_/Q (sky130_fd_sc_hd__edfxtp_1) dp.rf.rf[17][17]$_DFFE_PP_/D (sky130_fd_sc_hd__edfxtp_1)    1.3026
dp.rf.rf[11][2]$_DFFE_PP_/Q (sky130_fd_sc_hd__edfxtp_1) dp.rf.rf[18][17]$_DFFE_PP_/D (sky130_fd_sc_hd__edfxtp_1)    1.3026
dp.rf.rf[11][2]$_DFFE_PP_/Q (sky130_fd_sc_hd__edfxtp_1) dp.rf.rf[28][17]$_DFFE_PP_/D (sky130_fd_sc_hd__edfxtp_1)    1.3034
dp.rf.rf[11][2]$_DFFE_PP_/Q (sky130_fd_sc_hd__edfxtp_1) dp.rf.rf[22][17]$_DFFE_PP_/D (sky130_fd_sc_hd__edfxtp_1)    1.3035
dp.rf.rf[11][2]$_DFFE_PP_/Q (sky130_fd_sc_hd__edfxtp_1) dp.rf.rf[29][17]$_DFFE_PP_/D (sky130_fd_sc_hd__edfxtp_1)    1.3037
dp.rf.rf[11][2]$_DFFE_PP_/Q (sky130_fd_sc_hd__edfxtp_1) dp.rf.rf[16][17]$_DFFE_PP_/D (sky130_fd_sc_hd__edfxtp_1)    1.3046
dp.rf.rf[11][0]$_DFFE_PP_/Q (sky130_fd_sc_hd__edfxtp_1) dp.rf.rf[2][12]$_DFFE_PP_/D (sky130_fd_sc_hd__edfxtp_1)    1.3083
dp.rf.rf[11][0]$_DFFE_PP_/Q (sky130_fd_sc_hd__edfxtp_1) dp.rf.rf[28][12]$_DFFE_PP_/D (sky130_fd_sc_hd__edfxtp_1)    1.3084
dp.rf.rf[11][0]$_DFFE_PP_/Q (sky130_fd_sc_hd__edfxtp_1) dp.rf.rf[29][12]$_DFFE_PP_/D (sky130_fd_sc_hd__edfxtp_1)    1.3086
dp.rf.rf[11][0]$_DFFE_PP_/Q (sky130_fd_sc_hd__edfxtp_1) dp.rf.rf[17][12]$_DFFE_PP_/D (sky130_fd_sc_hd__edfxtp_1)    1.3086
dp.rf.rf[11][0]$_DFFE_PP_/Q (sky130_fd_sc_hd__edfxtp_1) dp.rf.rf[3][12]$_DFFE_PP_/D (sky130_fd_sc_hd__edfxtp_1)    1.3086
dp.rf.rf[11][0]$_DFFE_PP_/Q (sky130_fd_sc_hd__edfxtp_1) dp.rf.rf[5][12]$_DFFE_PP_/D (sky130_fd_sc_hd__edfxtp_1)    1.3101
dp.rf.rf[11][0]$_DFFE_PP_/Q (sky130_fd_sc_hd__edfxtp_1) dp.rf.rf[4][12]$_DFFE_PP_/D (sky130_fd_sc_hd__edfxtp_1)    1.3101
dp.rf.rf[11][0]$_DFFE_PP_/Q (sky130_fd_sc_hd__edfxtp_1) dp.rf.rf[14][12]$_DFFE_PP_/D (sky130_fd_sc_hd__edfxtp_1)    1.3104
dp.rf.rf[11][0]$_DFFE_PP_/Q (sky130_fd_sc_hd__edfxtp_1) dp.rf.rf[15][12]$_DFFE_PP_/D (sky130_fd_sc_hd__edfxtp_1)    1.3105
dp.rf.rf[11][0]$_DFFE_PP_/Q (sky130_fd_sc_hd__edfxtp_1) dp.rf.rf[13][12]$_DFFE_PP_/D (sky130_fd_sc_hd__edfxtp_1)    1.3106
dp.rf.rf[11][0]$_DFFE_PP_/Q (sky130_fd_sc_hd__edfxtp_1) dp.rf.rf[12][12]$_DFFE_PP_/D (sky130_fd_sc_hd__edfxtp_1)    1.3107
dp.rf.rf[11][0]$_DFFE_PP_/Q (sky130_fd_sc_hd__edfxtp_1) dp.rf.rf[31][12]$_DFFE_PP_/D (sky130_fd_sc_hd__edfxtp_1)    1.3110
dp.rf.rf[11][0]$_DFFE_PP_/Q (sky130_fd_sc_hd__edfxtp_1) dp.rf.rf[6][12]$_DFFE_PP_/D (sky130_fd_sc_hd__edfxtp_1)    1.3124
dp.rf.rf[11][0]$_DFFE_PP_/Q (sky130_fd_sc_hd__edfxtp_1) dp.rf.rf[9][12]$_DFFE_PP_/D (sky130_fd_sc_hd__edfxtp_1)    1.3144
dp.rf.rf[11][0]$_DFFE_PP_/Q (sky130_fd_sc_hd__edfxtp_1) dp.rf.rf[8][12]$_DFFE_PP_/D (sky130_fd_sc_hd__edfxtp_1)    1.3150
dp.rf.rf[11][0]$_DFFE_PP_/Q (sky130_fd_sc_hd__edfxtp_1) dp.rf.rf[1][12]$_DFFE_PP_/D (sky130_fd_sc_hd__edfxtp_1)    1.3152
dp.rf.rf[11][0]$_DFFE_PP_/Q (sky130_fd_sc_hd__edfxtp_1) dp.rf.rf[10][12]$_DFFE_PP_/D (sky130_fd_sc_hd__edfxtp_1)    1.3154
dp.rf.rf[11][0]$_DFFE_PP_/Q (sky130_fd_sc_hd__edfxtp_1) dp.rf.rf[11][12]$_DFFE_PP_/D (sky130_fd_sc_hd__edfxtp_1)    1.3155
dp.rf.rf[11][0]$_DFFE_PP_/Q (sky130_fd_sc_hd__edfxtp_1) dp.rf.rf[0][12]$_DFFE_PP_/D (sky130_fd_sc_hd__edfxtp_1)    1.3157
dp.rf.rf[11][0]$_DFFE_PP_/Q (sky130_fd_sc_hd__edfxtp_1) dp.rf.rf[25][12]$_DFFE_PP_/D (sky130_fd_sc_hd__edfxtp_1)    1.3157
dp.rf.rf[11][0]$_DFFE_PP_/Q (sky130_fd_sc_hd__edfxtp_1) dp.rf.rf[24][12]$_DFFE_PP_/D (sky130_fd_sc_hd__edfxtp_1)    1.3158
dp.rf.rf[11][0]$_DFFE_PP_/Q (sky130_fd_sc_hd__edfxtp_1) dp.rf.rf[30][12]$_DFFE_PP_/D (sky130_fd_sc_hd__edfxtp_1)    1.3158
dp.rf.rf[11][0]$_DFFE_PP_/Q (sky130_fd_sc_hd__edfxtp_1) dp.rf.rf[27][12]$_DFFE_PP_/D (sky130_fd_sc_hd__edfxtp_1)    1.3158
dp.rf.rf[11][0]$_DFFE_PP_/Q (sky130_fd_sc_hd__edfxtp_1) dp.rf.rf[26][12]$_DFFE_PP_/D (sky130_fd_sc_hd__edfxtp_1)    1.3159
dp.rf.rf[11][0]$_DFFE_PP_/Q (sky130_fd_sc_hd__edfxtp_1) dp.rf.rf[21][12]$_DFFE_PP_/D (sky130_fd_sc_hd__edfxtp_1)    1.3175
dp.rf.rf[11][0]$_DFFE_PP_/Q (sky130_fd_sc_hd__edfxtp_1) dp.rf.rf[7][12]$_DFFE_PP_/D (sky130_fd_sc_hd__edfxtp_1)    1.3175
dp.rf.rf[11][0]$_DFFE_PP_/Q (sky130_fd_sc_hd__edfxtp_1) dp.rf.rf[20][12]$_DFFE_PP_/D (sky130_fd_sc_hd__edfxtp_1)    1.3179
dp.rf.rf[5][1]$_DFFE_PP_/Q (sky130_fd_sc_hd__edfxtp_1) dp.rf.rf[21][7]$_DFFE_PP_/D (sky130_fd_sc_hd__edfxtp_1)    1.3264
dp.rf.rf[5][1]$_DFFE_PP_/Q (sky130_fd_sc_hd__edfxtp_1) dp.rf.rf[20][7]$_DFFE_PP_/D (sky130_fd_sc_hd__edfxtp_1)    1.3266
dp.rf.rf[5][1]$_DFFE_PP_/Q (sky130_fd_sc_hd__edfxtp_1) dp.rf.rf[22][7]$_DFFE_PP_/D (sky130_fd_sc_hd__edfxtp_1)    1.3275
dp.rf.rf[5][1]$_DFFE_PP_/Q (sky130_fd_sc_hd__edfxtp_1) dp.rf.rf[23][7]$_DFFE_PP_/D (sky130_fd_sc_hd__edfxtp_1)    1.3278
dp.rf.rf[5][1]$_DFFE_PP_/Q (sky130_fd_sc_hd__edfxtp_1) dp.rf.rf[18][7]$_DFFE_PP_/D (sky130_fd_sc_hd__edfxtp_1)    1.3281
dp.rf.rf[5][1]$_DFFE_PP_/Q (sky130_fd_sc_hd__edfxtp_1) dp.rf.rf[19][7]$_DFFE_PP_/D (sky130_fd_sc_hd__edfxtp_1)    1.3289
dp.rf.rf[5][1]$_DFFE_PP_/Q (sky130_fd_sc_hd__edfxtp_1) dp.rf.rf[6][7]$_DFFE_PP_/D (sky130_fd_sc_hd__edfxtp_1)    1.3295
dp.rf.rf[5][1]$_DFFE_PP_/Q (sky130_fd_sc_hd__edfxtp_1) dp.rf.rf[27][7]$_DFFE_PP_/D (sky130_fd_sc_hd__edfxtp_1)    1.3308
dp.rf.rf[5][1]$_DFFE_PP_/Q (sky130_fd_sc_hd__edfxtp_1) dp.rf.rf[26][7]$_DFFE_PP_/D (sky130_fd_sc_hd__edfxtp_1)    1.3310
dp.rf.rf[5][1]$_DFFE_PP_/Q (sky130_fd_sc_hd__edfxtp_1) dp.rf.rf[28][7]$_DFFE_PP_/D (sky130_fd_sc_hd__edfxtp_1)    1.3313
dp.rf.rf[5][1]$_DFFE_PP_/Q (sky130_fd_sc_hd__edfxtp_1) dp.rf.rf[25][7]$_DFFE_PP_/D (sky130_fd_sc_hd__edfxtp_1)    1.3313
dp.rf.rf[5][1]$_DFFE_PP_/Q (sky130_fd_sc_hd__edfxtp_1) dp.rf.rf[29][7]$_DFFE_PP_/D (sky130_fd_sc_hd__edfxtp_1)    1.3318
dp.rf.rf[5][1]$_DFFE_PP_/Q (sky130_fd_sc_hd__edfxtp_1) dp.rf.rf[31][7]$_DFFE_PP_/D (sky130_fd_sc_hd__edfxtp_1)    1.3321
dp.rf.rf[5][1]$_DFFE_PP_/Q (sky130_fd_sc_hd__edfxtp_1) dp.rf.rf[30][7]$_DFFE_PP_/D (sky130_fd_sc_hd__edfxtp_1)    1.3323
dp.rf.rf[5][1]$_DFFE_PP_/Q (sky130_fd_sc_hd__edfxtp_1) dp.rf.rf[14][7]$_DFFE_PP_/D (sky130_fd_sc_hd__edfxtp_1)    1.3328
dp.rf.rf[5][1]$_DFFE_PP_/Q (sky130_fd_sc_hd__edfxtp_1) dp.rf.rf[12][7]$_DFFE_PP_/D (sky130_fd_sc_hd__edfxtp_1)    1.3329
dp.rf.rf[5][1]$_DFFE_PP_/Q (sky130_fd_sc_hd__edfxtp_1) dp.rf.rf[15][7]$_DFFE_PP_/D (sky130_fd_sc_hd__edfxtp_1)    1.3336
dp.rf.rf[5][1]$_DFFE_PP_/Q (sky130_fd_sc_hd__edfxtp_1) dp.rf.rf[13][7]$_DFFE_PP_/D (sky130_fd_sc_hd__edfxtp_1)    1.3337
dp.rf.rf[5][1]$_DFFE_PP_/Q (sky130_fd_sc_hd__edfxtp_1) dp.rf.rf[7][7]$_DFFE_PP_/D (sky130_fd_sc_hd__edfxtp_1)    1.3341
dp.rf.rf[5][1]$_DFFE_PP_/Q (sky130_fd_sc_hd__edfxtp_1) dp.rf.rf[24][7]$_DFFE_PP_/D (sky130_fd_sc_hd__edfxtp_1)    1.3344
dp.rf.rf[5][1]$_DFFE_PP_/Q (sky130_fd_sc_hd__edfxtp_1) dp.rf.rf[3][7]$_DFFE_PP_/D (sky130_fd_sc_hd__edfxtp_1)    1.3348
dp.rf.rf[5][1]$_DFFE_PP_/Q (sky130_fd_sc_hd__edfxtp_1) dp.rf.rf[5][7]$_DFFE_PP_/D (sky130_fd_sc_hd__edfxtp_1)    1.3364
dp.rf.rf[5][1]$_DFFE_PP_/Q (sky130_fd_sc_hd__edfxtp_1) dp.rf.rf[1][7]$_DFFE_PP_/D (sky130_fd_sc_hd__edfxtp_1)    1.3364
dp.rf.rf[5][1]$_DFFE_PP_/Q (sky130_fd_sc_hd__edfxtp_1) dp.rf.rf[16][7]$_DFFE_PP_/D (sky130_fd_sc_hd__edfxtp_1)    1.3366
dp.rf.rf[5][1]$_DFFE_PP_/Q (sky130_fd_sc_hd__edfxtp_1) dp.rf.rf[2][7]$_DFFE_PP_/D (sky130_fd_sc_hd__edfxtp_1)    1.3375
dp.rf.rf[5][1]$_DFFE_PP_/Q (sky130_fd_sc_hd__edfxtp_1) dp.rf.rf[4][7]$_DFFE_PP_/D (sky130_fd_sc_hd__edfxtp_1)    1.3377
dp.rf.rf[5][1]$_DFFE_PP_/Q (sky130_fd_sc_hd__edfxtp_1) dp.rf.rf[0][7]$_DFFE_PP_/D (sky130_fd_sc_hd__edfxtp_1)    1.3379
dp.rf.rf[5][1]$_DFFE_PP_/Q (sky130_fd_sc_hd__edfxtp_1) dp.rf.rf[17][7]$_DFFE_PP_/D (sky130_fd_sc_hd__edfxtp_1)    1.3380
dp.rf.rf[5][1]$_DFFE_PP_/Q (sky130_fd_sc_hd__edfxtp_1) dp.rf.rf[8][7]$_DFFE_PP_/D (sky130_fd_sc_hd__edfxtp_1)    1.3397
dp.rf.rf[5][1]$_DFFE_PP_/Q (sky130_fd_sc_hd__edfxtp_1) dp.rf.rf[10][7]$_DFFE_PP_/D (sky130_fd_sc_hd__edfxtp_1)    1.3408
dp.rf.rf[5][1]$_DFFE_PP_/Q (sky130_fd_sc_hd__edfxtp_1) dp.rf.rf[9][7]$_DFFE_PP_/D (sky130_fd_sc_hd__edfxtp_1)    1.3412
dp.rf.rf[5][1]$_DFFE_PP_/Q (sky130_fd_sc_hd__edfxtp_1) dp.rf.rf[11][7]$_DFFE_PP_/D (sky130_fd_sc_hd__edfxtp_1)    1.3430
dp.rf.rf[3][1]$_DFFE_PP_/Q (sky130_fd_sc_hd__edfxtp_1) dp.rf.rf[18][1]$_DFFE_PP_/D (sky130_fd_sc_hd__edfxtp_1)    1.3460
dp.rf.rf[3][1]$_DFFE_PP_/Q (sky130_fd_sc_hd__edfxtp_1) dp.rf.rf[16][1]$_DFFE_PP_/D (sky130_fd_sc_hd__edfxtp_1)    1.3466
dp.rf.rf[3][1]$_DFFE_PP_/Q (sky130_fd_sc_hd__edfxtp_1) dp.rf.rf[17][1]$_DFFE_PP_/D (sky130_fd_sc_hd__edfxtp_1)    1.3467
dp.rf.rf[3][1]$_DFFE_PP_/Q (sky130_fd_sc_hd__edfxtp_1) dp.rf.rf[19][1]$_DFFE_PP_/D (sky130_fd_sc_hd__edfxtp_1)    1.3488
dp.rf.rf[3][1]$_DFFE_PP_/Q (sky130_fd_sc_hd__edfxtp_1) dp.rf.rf[27][1]$_DFFE_PP_/D (sky130_fd_sc_hd__edfxtp_1)    1.3490
dp.rf.rf[3][1]$_DFFE_PP_/Q (sky130_fd_sc_hd__edfxtp_1) dp.rf.rf[25][1]$_DFFE_PP_/D (sky130_fd_sc_hd__edfxtp_1)    1.3491
dp.rf.rf[3][1]$_DFFE_PP_/Q (sky130_fd_sc_hd__edfxtp_1) dp.rf.rf[26][1]$_DFFE_PP_/D (sky130_fd_sc_hd__edfxtp_1)    1.3495
dp.rf.rf[3][1]$_DFFE_PP_/Q (sky130_fd_sc_hd__edfxtp_1) dp.rf.rf[9][1]$_DFFE_PP_/D (sky130_fd_sc_hd__edfxtp_1)    1.3498
dp.rf.rf[3][1]$_DFFE_PP_/Q (sky130_fd_sc_hd__edfxtp_1) dp.rf.rf[24][1]$_DFFE_PP_/D (sky130_fd_sc_hd__edfxtp_1)    1.3501
dp.rf.rf[3][1]$_DFFE_PP_/Q (sky130_fd_sc_hd__edfxtp_1) dp.rf.rf[22][1]$_DFFE_PP_/D (sky130_fd_sc_hd__edfxtp_1)    1.3504
dp.rf.rf[3][1]$_DFFE_PP_/Q (sky130_fd_sc_hd__edfxtp_1) dp.rf.rf[23][1]$_DFFE_PP_/D (sky130_fd_sc_hd__edfxtp_1)    1.3504
dp.rf.rf[3][1]$_DFFE_PP_/Q (sky130_fd_sc_hd__edfxtp_1) dp.rf.rf[7][1]$_DFFE_PP_/D (sky130_fd_sc_hd__edfxtp_1)    1.3505
dp.rf.rf[3][1]$_DFFE_PP_/Q (sky130_fd_sc_hd__edfxtp_1) dp.rf.rf[12][1]$_DFFE_PP_/D (sky130_fd_sc_hd__edfxtp_1)    1.3507
dp.rf.rf[11][0]$_DFFE_PP_/Q (sky130_fd_sc_hd__edfxtp_1) dp.rf.rf[18][12]$_DFFE_PP_/D (sky130_fd_sc_hd__edfxtp_1)    1.3507
dp.rf.rf[3][1]$_DFFE_PP_/Q (sky130_fd_sc_hd__edfxtp_1) dp.rf.rf[10][1]$_DFFE_PP_/D (sky130_fd_sc_hd__edfxtp_1)    1.3508
dp.rf.rf[3][1]$_DFFE_PP_/Q (sky130_fd_sc_hd__edfxtp_1) dp.rf.rf[15][1]$_DFFE_PP_/D (sky130_fd_sc_hd__edfxtp_1)    1.3509
dp.rf.rf[3][1]$_DFFE_PP_/Q (sky130_fd_sc_hd__edfxtp_1) dp.rf.rf[11][1]$_DFFE_PP_/D (sky130_fd_sc_hd__edfxtp_1)    1.3509
dp.rf.rf[3][1]$_DFFE_PP_/Q (sky130_fd_sc_hd__edfxtp_1) dp.rf.rf[8][1]$_DFFE_PP_/D (sky130_fd_sc_hd__edfxtp_1)    1.3510
dp.rf.rf[3][1]$_DFFE_PP_/Q (sky130_fd_sc_hd__edfxtp_1) dp.rf.rf[2][1]$_DFFE_PP_/D (sky130_fd_sc_hd__edfxtp_1)    1.3510
dp.rf.rf[3][1]$_DFFE_PP_/Q (sky130_fd_sc_hd__edfxtp_1) dp.rf.rf[3][1]$_DFFE_PP_/D (sky130_fd_sc_hd__edfxtp_1)    1.3510
dp.rf.rf[3][1]$_DFFE_PP_/Q (sky130_fd_sc_hd__edfxtp_1) dp.rf.rf[0][1]$_DFFE_PP_/D (sky130_fd_sc_hd__edfxtp_1)    1.3511
dp.rf.rf[11][0]$_DFFE_PP_/Q (sky130_fd_sc_hd__edfxtp_1) dp.rf.rf[6][6]$_DFFE_PP_/D (sky130_fd_sc_hd__edfxtp_1)    1.3511
dp.rf.rf[11][0]$_DFFE_PP_/Q (sky130_fd_sc_hd__edfxtp_1) dp.rf.rf[19][12]$_DFFE_PP_/D (sky130_fd_sc_hd__edfxtp_1)    1.3512
dp.rf.rf[11][0]$_DFFE_PP_/Q (sky130_fd_sc_hd__edfxtp_1) dp.rf.rf[22][6]$_DFFE_PP_/D (sky130_fd_sc_hd__edfxtp_1)    1.3513
dp.rf.rf[11][0]$_DFFE_PP_/Q (sky130_fd_sc_hd__edfxtp_1) dp.rf.rf[20][6]$_DFFE_PP_/D (sky130_fd_sc_hd__edfxtp_1)    1.3516
dp.rf.rf[11][0]$_DFFE_PP_/Q (sky130_fd_sc_hd__edfxtp_1) dp.rf.rf[16][12]$_DFFE_PP_/D (sky130_fd_sc_hd__edfxtp_1)    1.3516
dp.rf.rf[11][0]$_DFFE_PP_/Q (sky130_fd_sc_hd__edfxtp_1) dp.rf.rf[23][6]$_DFFE_PP_/D (sky130_fd_sc_hd__edfxtp_1)    1.3516
dp.rf.rf[3][1]$_DFFE_PP_/Q (sky130_fd_sc_hd__edfxtp_1) dp.rf.rf[1][1]$_DFFE_PP_/D (sky130_fd_sc_hd__edfxtp_1)    1.3516
dp.rf.rf[11][0]$_DFFE_PP_/Q (sky130_fd_sc_hd__edfxtp_1) dp.rf.rf[12][6]$_DFFE_PP_/D (sky130_fd_sc_hd__edfxtp_1)    1.3516
dp.rf.rf[11][0]$_DFFE_PP_/Q (sky130_fd_sc_hd__edfxtp_1) dp.rf.rf[13][6]$_DFFE_PP_/D (sky130_fd_sc_hd__edfxtp_1)    1.3517
dp.rf.rf[11][0]$_DFFE_PP_/Q (sky130_fd_sc_hd__edfxtp_1) dp.rf.rf[14][6]$_DFFE_PP_/D (sky130_fd_sc_hd__edfxtp_1)    1.3517
dp.rf.rf[11][0]$_DFFE_PP_/Q (sky130_fd_sc_hd__edfxtp_1) dp.rf.rf[15][6]$_DFFE_PP_/D (sky130_fd_sc_hd__edfxtp_1)    1.3517
dp.rf.rf[11][0]$_DFFE_PP_/Q (sky130_fd_sc_hd__edfxtp_1) dp.rf.rf[21][6]$_DFFE_PP_/D (sky130_fd_sc_hd__edfxtp_1)    1.3520
dp.rf.rf[3][1]$_DFFE_PP_/Q (sky130_fd_sc_hd__edfxtp_1) dp.rf.rf[6][1]$_DFFE_PP_/D (sky130_fd_sc_hd__edfxtp_1)    1.3525
dp.rf.rf[3][1]$_DFFE_PP_/Q (sky130_fd_sc_hd__edfxtp_1) dp.rf.rf[5][1]$_DFFE_PP_/D (sky130_fd_sc_hd__edfxtp_1)    1.3529
dp.rf.rf[3][1]$_DFFE_PP_/Q (sky130_fd_sc_hd__edfxtp_1) dp.rf.rf[28][1]$_DFFE_PP_/D (sky130_fd_sc_hd__edfxtp_1)    1.3532
dp.rf.rf[3][1]$_DFFE_PP_/Q (sky130_fd_sc_hd__edfxtp_1) dp.rf.rf[13][1]$_DFFE_PP_/D (sky130_fd_sc_hd__edfxtp_1)    1.3533
dp.rf.rf[3][1]$_DFFE_PP_/Q (sky130_fd_sc_hd__edfxtp_1) dp.rf.rf[4][1]$_DFFE_PP_/D (sky130_fd_sc_hd__edfxtp_1)    1.3533
dp.rf.rf[3][1]$_DFFE_PP_/Q (sky130_fd_sc_hd__edfxtp_1) dp.rf.rf[14][1]$_DFFE_PP_/D (sky130_fd_sc_hd__edfxtp_1)    1.3534
dp.rf.rf[3][1]$_DFFE_PP_/Q (sky130_fd_sc_hd__edfxtp_1) dp.rf.rf[31][1]$_DFFE_PP_/D (sky130_fd_sc_hd__edfxtp_1)    1.3535
dp.rf.rf[3][1]$_DFFE_PP_/Q (sky130_fd_sc_hd__edfxtp_1) dp.rf.rf[30][1]$_DFFE_PP_/D (sky130_fd_sc_hd__edfxtp_1)    1.3535
dp.rf.rf[11][0]$_DFFE_PP_/Q (sky130_fd_sc_hd__edfxtp_1) dp.rf.rf[22][12]$_DFFE_PP_/D (sky130_fd_sc_hd__edfxtp_1)    1.3538
dp.rf.rf[11][0]$_DFFE_PP_/Q (sky130_fd_sc_hd__edfxtp_1) dp.rf.rf[3][6]$_DFFE_PP_/D (sky130_fd_sc_hd__edfxtp_1)    1.3539
dp.rf.rf[11][0]$_DFFE_PP_/Q (sky130_fd_sc_hd__edfxtp_1) dp.rf.rf[23][12]$_DFFE_PP_/D (sky130_fd_sc_hd__edfxtp_1)    1.3541
dp.rf.rf[3][1]$_DFFE_PP_/Q (sky130_fd_sc_hd__edfxtp_1) dp.rf.rf[29][1]$_DFFE_PP_/D (sky130_fd_sc_hd__edfxtp_1)    1.3544
dp.rf.rf[3][1]$_DFFE_PP_/Q (sky130_fd_sc_hd__edfxtp_1) dp.rf.rf[21][1]$_DFFE_PP_/D (sky130_fd_sc_hd__edfxtp_1)    1.3556
dp.rf.rf[3][1]$_DFFE_PP_/Q (sky130_fd_sc_hd__edfxtp_1) dp.rf.rf[20][1]$_DFFE_PP_/D (sky130_fd_sc_hd__edfxtp_1)    1.3560
dp.rf.rf[11][0]$_DFFE_PP_/Q (sky130_fd_sc_hd__edfxtp_1) dp.rf.rf[0][6]$_DFFE_PP_/D (sky130_fd_sc_hd__edfxtp_1)    1.3575
dp.rf.rf[11][0]$_DFFE_PP_/Q (sky130_fd_sc_hd__edfxtp_1) dp.rf.rf[5][6]$_DFFE_PP_/D (sky130_fd_sc_hd__edfxtp_1)    1.3575
dp.rf.rf[11][0]$_DFFE_PP_/Q (sky130_fd_sc_hd__edfxtp_1) dp.rf.rf[1][6]$_DFFE_PP_/D (sky130_fd_sc_hd__edfxtp_1)    1.3576
dp.rf.rf[11][0]$_DFFE_PP_/Q (sky130_fd_sc_hd__edfxtp_1) dp.rf.rf[4][6]$_DFFE_PP_/D (sky130_fd_sc_hd__edfxtp_1)    1.3577
dp.rf.rf[11][0]$_DFFE_PP_/Q (sky130_fd_sc_hd__edfxtp_1) dp.rf.rf[7][6]$_DFFE_PP_/D (sky130_fd_sc_hd__edfxtp_1)    1.3579
dp.rf.rf[11][0]$_DFFE_PP_/Q (sky130_fd_sc_hd__edfxtp_1) dp.rf.rf[18][6]$_DFFE_PP_/D (sky130_fd_sc_hd__edfxtp_1)    1.3587
dp.rf.rf[11][0]$_DFFE_PP_/Q (sky130_fd_sc_hd__edfxtp_1) dp.rf.rf[19][6]$_DFFE_PP_/D (sky130_fd_sc_hd__edfxtp_1)    1.3595
dp.rf.rf[11][0]$_DFFE_PP_/Q (sky130_fd_sc_hd__edfxtp_1) dp.rf.rf[16][6]$_DFFE_PP_/D (sky130_fd_sc_hd__edfxtp_1)    1.3596
dp.rf.rf[11][0]$_DFFE_PP_/Q (sky130_fd_sc_hd__edfxtp_1) dp.rf.rf[2][6]$_DFFE_PP_/D (sky130_fd_sc_hd__edfxtp_1)    1.3597
dp.rf.rf[11][0]$_DFFE_PP_/Q (sky130_fd_sc_hd__edfxtp_1) dp.rf.rf[17][6]$_DFFE_PP_/D (sky130_fd_sc_hd__edfxtp_1)    1.3597
dp.rf.rf[11][0]$_DFFE_PP_/Q (sky130_fd_sc_hd__edfxtp_1) dp.rf.rf[10][6]$_DFFE_PP_/D (sky130_fd_sc_hd__edfxtp_1)    1.3613
dp.rf.rf[11][0]$_DFFE_PP_/Q (sky130_fd_sc_hd__edfxtp_1) dp.rf.rf[9][6]$_DFFE_PP_/D (sky130_fd_sc_hd__edfxtp_1)    1.3616
dp.rf.rf[11][0]$_DFFE_PP_/Q (sky130_fd_sc_hd__edfxtp_1) dp.rf.rf[11][6]$_DFFE_PP_/D (sky130_fd_sc_hd__edfxtp_1)    1.3620
dp.rf.rf[11][0]$_DFFE_PP_/Q (sky130_fd_sc_hd__edfxtp_1) dp.rf.rf[8][6]$_DFFE_PP_/D (sky130_fd_sc_hd__edfxtp_1)    1.3624
dp.rf.rf[11][0]$_DFFE_PP_/Q (sky130_fd_sc_hd__edfxtp_1) dp.rf.rf[26][6]$_DFFE_PP_/D (sky130_fd_sc_hd__edfxtp_1)    1.3643
dp.rf.rf[11][0]$_DFFE_PP_/Q (sky130_fd_sc_hd__edfxtp_1) dp.rf.rf[27][6]$_DFFE_PP_/D (sky130_fd_sc_hd__edfxtp_1)    1.3644
dp.rf.rf[11][0]$_DFFE_PP_/Q (sky130_fd_sc_hd__edfxtp_1) dp.rf.rf[28][6]$_DFFE_PP_/D (sky130_fd_sc_hd__edfxtp_1)    1.3648
dp.rf.rf[11][0]$_DFFE_PP_/Q (sky130_fd_sc_hd__edfxtp_1) dp.rf.rf[24][6]$_DFFE_PP_/D (sky130_fd_sc_hd__edfxtp_1)    1.3651
dp.rf.rf[11][0]$_DFFE_PP_/Q (sky130_fd_sc_hd__edfxtp_1) dp.rf.rf[25][6]$_DFFE_PP_/D (sky130_fd_sc_hd__edfxtp_1)    1.3670
dp.rf.rf[11][0]$_DFFE_PP_/Q (sky130_fd_sc_hd__edfxtp_1) dp.rf.rf[29][6]$_DFFE_PP_/D (sky130_fd_sc_hd__edfxtp_1)    1.3688
dp.rf.rf[11][0]$_DFFE_PP_/Q (sky130_fd_sc_hd__edfxtp_1) dp.rf.rf[31][6]$_DFFE_PP_/D (sky130_fd_sc_hd__edfxtp_1)    1.3689
dp.rf.rf[11][0]$_DFFE_PP_/Q (sky130_fd_sc_hd__edfxtp_1) dp.rf.rf[30][6]$_DFFE_PP_/D (sky130_fd_sc_hd__edfxtp_1)    1.3690
dp.rf.rf[11][2]$_DFFE_PP_/Q (sky130_fd_sc_hd__edfxtp_1) dp.rf.rf[3][13]$_DFFE_PP_/D (sky130_fd_sc_hd__edfxtp_1)    1.4021
dp.rf.rf[11][2]$_DFFE_PP_/Q (sky130_fd_sc_hd__edfxtp_1) dp.rf.rf[1][13]$_DFFE_PP_/D (sky130_fd_sc_hd__edfxtp_1)    1.4022
dp.rf.rf[11][2]$_DFFE_PP_/Q (sky130_fd_sc_hd__edfxtp_1) dp.rf.rf[2][13]$_DFFE_PP_/D (sky130_fd_sc_hd__edfxtp_1)    1.4022
dp.rf.rf[11][2]$_DFFE_PP_/Q (sky130_fd_sc_hd__edfxtp_1) dp.rf.rf[19][13]$_DFFE_PP_/D (sky130_fd_sc_hd__edfxtp_1)    1.4069
dp.rf.rf[11][2]$_DFFE_PP_/Q (sky130_fd_sc_hd__edfxtp_1) dp.rf.rf[16][13]$_DFFE_PP_/D (sky130_fd_sc_hd__edfxtp_1)    1.4076
dp.rf.rf[3][1]$_DFFE_PP_/Q (sky130_fd_sc_hd__edfxtp_1) dp.rf.rf[26][5]$_DFFE_PP_/D (sky130_fd_sc_hd__edfxtp_1)    1.4224
dp.rf.rf[3][1]$_DFFE_PP_/Q (sky130_fd_sc_hd__edfxtp_1) dp.rf.rf[27][5]$_DFFE_PP_/D (sky130_fd_sc_hd__edfxtp_1)    1.4225
dp.rf.rf[3][1]$_DFFE_PP_/Q (sky130_fd_sc_hd__edfxtp_1) dp.rf.rf[28][5]$_DFFE_PP_/D (sky130_fd_sc_hd__edfxtp_1)    1.4232
dp.rf.rf[3][1]$_DFFE_PP_/Q (sky130_fd_sc_hd__edfxtp_1) dp.rf.rf[2][5]$_DFFE_PP_/D (sky130_fd_sc_hd__edfxtp_1)    1.4238
dp.rf.rf[3][1]$_DFFE_PP_/Q (sky130_fd_sc_hd__edfxtp_1) dp.rf.rf[1][5]$_DFFE_PP_/D (sky130_fd_sc_hd__edfxtp_1)    1.4238
dp.rf.rf[3][1]$_DFFE_PP_/Q (sky130_fd_sc_hd__edfxtp_1) dp.rf.rf[3][5]$_DFFE_PP_/D (sky130_fd_sc_hd__edfxtp_1)    1.4238
dp.rf.rf[3][1]$_DFFE_PP_/Q (sky130_fd_sc_hd__edfxtp_1) dp.rf.rf[31][5]$_DFFE_PP_/D (sky130_fd_sc_hd__edfxtp_1)    1.4239
dp.rf.rf[3][1]$_DFFE_PP_/Q (sky130_fd_sc_hd__edfxtp_1) dp.rf.rf[30][5]$_DFFE_PP_/D (sky130_fd_sc_hd__edfxtp_1)    1.4241
dp.rf.rf[3][1]$_DFFE_PP_/Q (sky130_fd_sc_hd__edfxtp_1) dp.rf.rf[16][5]$_DFFE_PP_/D (sky130_fd_sc_hd__edfxtp_1)    1.4243
dp.rf.rf[3][1]$_DFFE_PP_/Q (sky130_fd_sc_hd__edfxtp_1) dp.rf.rf[29][5]$_DFFE_PP_/D (sky130_fd_sc_hd__edfxtp_1)    1.4243
dp.rf.rf[3][1]$_DFFE_PP_/Q (sky130_fd_sc_hd__edfxtp_1) dp.rf.rf[17][5]$_DFFE_PP_/D (sky130_fd_sc_hd__edfxtp_1)    1.4256
dp.rf.rf[3][1]$_DFFE_PP_/Q (sky130_fd_sc_hd__edfxtp_1) dp.rf.rf[19][5]$_DFFE_PP_/D (sky130_fd_sc_hd__edfxtp_1)    1.4258
dp.rf.rf[3][1]$_DFFE_PP_/Q (sky130_fd_sc_hd__edfxtp_1) dp.rf.rf[18][5]$_DFFE_PP_/D (sky130_fd_sc_hd__edfxtp_1)    1.4260
dp.rf.rf[3][1]$_DFFE_PP_/Q (sky130_fd_sc_hd__edfxtp_1) dp.rf.rf[22][5]$_DFFE_PP_/D (sky130_fd_sc_hd__edfxtp_1)    1.4269
dp.rf.rf[3][1]$_DFFE_PP_/Q (sky130_fd_sc_hd__edfxtp_1) dp.rf.rf[23][5]$_DFFE_PP_/D (sky130_fd_sc_hd__edfxtp_1)    1.4270
dp.rf.rf[3][1]$_DFFE_PP_/Q (sky130_fd_sc_hd__edfxtp_1) dp.rf.rf[20][5]$_DFFE_PP_/D (sky130_fd_sc_hd__edfxtp_1)    1.4281
dp.rf.rf[3][1]$_DFFE_PP_/Q (sky130_fd_sc_hd__edfxtp_1) dp.rf.rf[21][5]$_DFFE_PP_/D (sky130_fd_sc_hd__edfxtp_1)    1.4281
dp.rf.rf[3][1]$_DFFE_PP_/Q (sky130_fd_sc_hd__edfxtp_1) dp.rf.rf[6][5]$_DFFE_PP_/D (sky130_fd_sc_hd__edfxtp_1)    1.4288
dp.rf.rf[3][1]$_DFFE_PP_/Q (sky130_fd_sc_hd__edfxtp_1) dp.rf.rf[7][5]$_DFFE_PP_/D (sky130_fd_sc_hd__edfxtp_1)    1.4293
dp.rf.rf[3][1]$_DFFE_PP_/Q (sky130_fd_sc_hd__edfxtp_1) dp.rf.rf[24][5]$_DFFE_PP_/D (sky130_fd_sc_hd__edfxtp_1)    1.4306
dp.rf.rf[3][1]$_DFFE_PP_/Q (sky130_fd_sc_hd__edfxtp_1) dp.rf.rf[25][5]$_DFFE_PP_/D (sky130_fd_sc_hd__edfxtp_1)    1.4306
dp.rf.rf[3][1]$_DFFE_PP_/Q (sky130_fd_sc_hd__edfxtp_1) dp.rf.rf[0][5]$_DFFE_PP_/D (sky130_fd_sc_hd__edfxtp_1)    1.4314
dp.rf.rf[3][1]$_DFFE_PP_/Q (sky130_fd_sc_hd__edfxtp_1) dp.rf.rf[5][5]$_DFFE_PP_/D (sky130_fd_sc_hd__edfxtp_1)    1.4315
dp.rf.rf[3][1]$_DFFE_PP_/Q (sky130_fd_sc_hd__edfxtp_1) dp.rf.rf[13][5]$_DFFE_PP_/D (sky130_fd_sc_hd__edfxtp_1)    1.4323
dp.rf.rf[3][1]$_DFFE_PP_/Q (sky130_fd_sc_hd__edfxtp_1) dp.rf.rf[9][5]$_DFFE_PP_/D (sky130_fd_sc_hd__edfxtp_1)    1.4324
dp.rf.rf[3][1]$_DFFE_PP_/Q (sky130_fd_sc_hd__edfxtp_1) dp.rf.rf[11][5]$_DFFE_PP_/D (sky130_fd_sc_hd__edfxtp_1)    1.4325
dp.rf.rf[3][1]$_DFFE_PP_/Q (sky130_fd_sc_hd__edfxtp_1) dp.rf.rf[10][5]$_DFFE_PP_/D (sky130_fd_sc_hd__edfxtp_1)    1.4326
dp.rf.rf[3][1]$_DFFE_PP_/Q (sky130_fd_sc_hd__edfxtp_1) dp.rf.rf[8][5]$_DFFE_PP_/D (sky130_fd_sc_hd__edfxtp_1)    1.4328
dp.rf.rf[3][1]$_DFFE_PP_/Q (sky130_fd_sc_hd__edfxtp_1) dp.rf.rf[4][5]$_DFFE_PP_/D (sky130_fd_sc_hd__edfxtp_1)    1.4332
dp.rf.rf[11][2]$_DFFE_PP_/Q (sky130_fd_sc_hd__edfxtp_1) dp.rf.rf[5][13]$_DFFE_PP_/D (sky130_fd_sc_hd__edfxtp_1)    1.4338
dp.rf.rf[11][2]$_DFFE_PP_/Q (sky130_fd_sc_hd__edfxtp_1) dp.rf.rf[4][13]$_DFFE_PP_/D (sky130_fd_sc_hd__edfxtp_1)    1.4338
dp.rf.rf[11][2]$_DFFE_PP_/Q (sky130_fd_sc_hd__edfxtp_1) dp.rf.rf[14][13]$_DFFE_PP_/D (sky130_fd_sc_hd__edfxtp_1)    1.4340
dp.rf.rf[11][2]$_DFFE_PP_/Q (sky130_fd_sc_hd__edfxtp_1) dp.rf.rf[7][13]$_DFFE_PP_/D (sky130_fd_sc_hd__edfxtp_1)    1.4340
dp.rf.rf[11][2]$_DFFE_PP_/Q (sky130_fd_sc_hd__edfxtp_1) dp.rf.rf[15][13]$_DFFE_PP_/D (sky130_fd_sc_hd__edfxtp_1)    1.4340
dp.rf.rf[11][2]$_DFFE_PP_/Q (sky130_fd_sc_hd__edfxtp_1) dp.rf.rf[6][13]$_DFFE_PP_/D (sky130_fd_sc_hd__edfxtp_1)    1.4341
dp.rf.rf[3][1]$_DFFE_PP_/Q (sky130_fd_sc_hd__edfxtp_1) dp.rf.rf[15][5]$_DFFE_PP_/D (sky130_fd_sc_hd__edfxtp_1)    1.4341
dp.rf.rf[11][2]$_DFFE_PP_/Q (sky130_fd_sc_hd__edfxtp_1) dp.rf.rf[11][13]$_DFFE_PP_/D (sky130_fd_sc_hd__edfxtp_1)    1.4341
dp.rf.rf[11][2]$_DFFE_PP_/Q (sky130_fd_sc_hd__edfxtp_1) dp.rf.rf[9][13]$_DFFE_PP_/D (sky130_fd_sc_hd__edfxtp_1)    1.4344
dp.rf.rf[11][2]$_DFFE_PP_/Q (sky130_fd_sc_hd__edfxtp_1) dp.rf.rf[10][13]$_DFFE_PP_/D (sky130_fd_sc_hd__edfxtp_1)    1.4344
dp.rf.rf[3][1]$_DFFE_PP_/Q (sky130_fd_sc_hd__edfxtp_1) dp.rf.rf[14][5]$_DFFE_PP_/D (sky130_fd_sc_hd__edfxtp_1)    1.4346
dp.rf.rf[11][2]$_DFFE_PP_/Q (sky130_fd_sc_hd__edfxtp_1) dp.rf.rf[12][13]$_DFFE_PP_/D (sky130_fd_sc_hd__edfxtp_1)    1.4347
dp.rf.rf[11][2]$_DFFE_PP_/Q (sky130_fd_sc_hd__edfxtp_1) dp.rf.rf[13][13]$_DFFE_PP_/D (sky130_fd_sc_hd__edfxtp_1)    1.4348
dp.rf.rf[11][2]$_DFFE_PP_/Q (sky130_fd_sc_hd__edfxtp_1) dp.rf.rf[8][13]$_DFFE_PP_/D (sky130_fd_sc_hd__edfxtp_1)    1.4353
dp.rf.rf[11][2]$_DFFE_PP_/Q (sky130_fd_sc_hd__edfxtp_1) dp.rf.rf[28][13]$_DFFE_PP_/D (sky130_fd_sc_hd__edfxtp_1)    1.4354
dp.rf.rf[11][2]$_DFFE_PP_/Q (sky130_fd_sc_hd__edfxtp_1) dp.rf.rf[29][13]$_DFFE_PP_/D (sky130_fd_sc_hd__edfxtp_1)    1.4356
dp.rf.rf[11][2]$_DFFE_PP_/Q (sky130_fd_sc_hd__edfxtp_1) dp.rf.rf[30][13]$_DFFE_PP_/D (sky130_fd_sc_hd__edfxtp_1)    1.4361
dp.rf.rf[11][2]$_DFFE_PP_/Q (sky130_fd_sc_hd__edfxtp_1) dp.rf.rf[31][13]$_DFFE_PP_/D (sky130_fd_sc_hd__edfxtp_1)    1.4371
dp.rf.rf[11][2]$_DFFE_PP_/Q (sky130_fd_sc_hd__edfxtp_1) dp.rf.rf[26][13]$_DFFE_PP_/D (sky130_fd_sc_hd__edfxtp_1)    1.4372
dp.rf.rf[11][2]$_DFFE_PP_/Q (sky130_fd_sc_hd__edfxtp_1) dp.rf.rf[27][13]$_DFFE_PP_/D (sky130_fd_sc_hd__edfxtp_1)    1.4373
dp.rf.rf[11][2]$_DFFE_PP_/Q (sky130_fd_sc_hd__edfxtp_1) dp.rf.rf[0][13]$_DFFE_PP_/D (sky130_fd_sc_hd__edfxtp_1)    1.4375
dp.rf.rf[11][2]$_DFFE_PP_/Q (sky130_fd_sc_hd__edfxtp_1) dp.rf.rf[25][13]$_DFFE_PP_/D (sky130_fd_sc_hd__edfxtp_1)    1.4381
dp.rf.rf[11][2]$_DFFE_PP_/Q (sky130_fd_sc_hd__edfxtp_1) dp.rf.rf[24][13]$_DFFE_PP_/D (sky130_fd_sc_hd__edfxtp_1)    1.4382
dp.rf.rf[3][1]$_DFFE_PP_/Q (sky130_fd_sc_hd__edfxtp_1) dp.rf.rf[12][5]$_DFFE_PP_/D (sky130_fd_sc_hd__edfxtp_1)    1.4386
dp.rf.rf[11][2]$_DFFE_PP_/Q (sky130_fd_sc_hd__edfxtp_1) dp.rf.rf[18][13]$_DFFE_PP_/D (sky130_fd_sc_hd__edfxtp_1)    1.4417
dp.rf.rf[11][2]$_DFFE_PP_/Q (sky130_fd_sc_hd__edfxtp_1) dp.rf.rf[21][13]$_DFFE_PP_/D (sky130_fd_sc_hd__edfxtp_1)    1.4447
dp.rf.rf[11][2]$_DFFE_PP_/Q (sky130_fd_sc_hd__edfxtp_1) dp.rf.rf[20][13]$_DFFE_PP_/D (sky130_fd_sc_hd__edfxtp_1)    1.4448
dp.rf.rf[11][2]$_DFFE_PP_/Q (sky130_fd_sc_hd__edfxtp_1) dp.rf.rf[23][13]$_DFFE_PP_/D (sky130_fd_sc_hd__edfxtp_1)    1.4449
dp.rf.rf[11][2]$_DFFE_PP_/Q (sky130_fd_sc_hd__edfxtp_1) dp.rf.rf[22][13]$_DFFE_PP_/D (sky130_fd_sc_hd__edfxtp_1)    1.4449
dp.rf.rf[11][2]$_DFFE_PP_/Q (sky130_fd_sc_hd__edfxtp_1) dp.rf.rf[17][13]$_DFFE_PP_/D (sky130_fd_sc_hd__edfxtp_1)    1.4453
dp.rf.rf[5][30]$_DFFE_PP_/Q (sky130_fd_sc_hd__dfrtp_1) dp.pcreg.q[2]$_DFF_PP0_/D (sky130_fd_sc_hd__dfrtp_1)    1.4648
dp.rf.rf[5][30]$_DFFE_PP_/Q (sky130_fd_sc_hd__dfrtp_1) dp.pcreg.q[8]$_DFF_PP0_/D (sky130_fd_sc_hd__dfrtp_1)    1.4669
dp.rf.rf[5][30]$_DFFE_PP_/Q (sky130_fd_sc_hd__dfrtp_1) dp.pcreg.q[6]$_DFF_PP0_/D (sky130_fd_sc_hd__dfrtp_1)    1.4727
dp.rf.rf[5][30]$_DFFE_PP_/Q (sky130_fd_sc_hd__dfrtp_1) dp.pcreg.q[5]$_DFF_PP0_/D (sky130_fd_sc_hd__dfrtp_1)    1.4736
dp.rf.rf[5][30]$_DFFE_PP_/Q (sky130_fd_sc_hd__dfrtp_1) dp.pcreg.q[7]$_DFF_PP0_/D (sky130_fd_sc_hd__dfrtp_1)    1.4782
dp.rf.rf[5][30]$_DFFE_PP_/Q (sky130_fd_sc_hd__dfrtp_1) dp.pcreg.q[9]$_DFF_PP0_/D (sky130_fd_sc_hd__dfrtp_1)    1.4802
dp.rf.rf[5][30]$_DFFE_PP_/Q (sky130_fd_sc_hd__dfrtp_1) dp.pcreg.q[4]$_DFF_PP0_/D (sky130_fd_sc_hd__dfrtp_1)    1.4809
dp.rf.rf[5][30]$_DFFE_PP_/Q (sky130_fd_sc_hd__dfrtp_1) dp.pcreg.q[10]$_DFF_PP0_/D (sky130_fd_sc_hd__dfrtp_1)    1.4856
dp.rf.rf[5][30]$_DFFE_PP_/Q (sky130_fd_sc_hd__dfrtp_1) dp.pcreg.q[16]$_DFF_PP0_/D (sky130_fd_sc_hd__dfrtp_1)    1.5135
dp.rf.rf[5][1]$_DFFE_PP_/Q (sky130_fd_sc_hd__edfxtp_1) dp.rf.rf[19][15]$_DFFE_PP_/D (sky130_fd_sc_hd__edfxtp_1)    1.5279
dp.rf.rf[5][1]$_DFFE_PP_/Q (sky130_fd_sc_hd__edfxtp_1) dp.rf.rf[18][15]$_DFFE_PP_/D (sky130_fd_sc_hd__edfxtp_1)    1.5280
dp.rf.rf[5][1]$_DFFE_PP_/Q (sky130_fd_sc_hd__edfxtp_1) dp.rf.rf[27][15]$_DFFE_PP_/D (sky130_fd_sc_hd__edfxtp_1)    1.5282
dp.rf.rf[5][1]$_DFFE_PP_/Q (sky130_fd_sc_hd__edfxtp_1) dp.rf.rf[23][15]$_DFFE_PP_/D (sky130_fd_sc_hd__edfxtp_1)    1.5286
dp.rf.rf[5][1]$_DFFE_PP_/Q (sky130_fd_sc_hd__edfxtp_1) dp.rf.rf[22][15]$_DFFE_PP_/D (sky130_fd_sc_hd__edfxtp_1)    1.5289
dp.rf.rf[5][30]$_DFFE_PP_/Q (sky130_fd_sc_hd__dfrtp_1) dp.pcreg.q[17]$_DFF_PP0_/D (sky130_fd_sc_hd__dfrtp_1)    1.5306
dp.rf.rf[5][1]$_DFFE_PP_/Q (sky130_fd_sc_hd__edfxtp_1) dp.rf.rf[26][15]$_DFFE_PP_/D (sky130_fd_sc_hd__edfxtp_1)    1.5333
dp.rf.rf[5][1]$_DFFE_PP_/Q (sky130_fd_sc_hd__edfxtp_1) dp.rf.rf[29][11]$_DFFE_PP_/D (sky130_fd_sc_hd__edfxtp_1)    1.5342
dp.rf.rf[5][1]$_DFFE_PP_/Q (sky130_fd_sc_hd__edfxtp_1) dp.rf.rf[27][11]$_DFFE_PP_/D (sky130_fd_sc_hd__edfxtp_1)    1.5359
dp.rf.rf[5][1]$_DFFE_PP_/Q (sky130_fd_sc_hd__edfxtp_1) dp.rf.rf[25][11]$_DFFE_PP_/D (sky130_fd_sc_hd__edfxtp_1)    1.5368
dp.rf.rf[5][1]$_DFFE_PP_/Q (sky130_fd_sc_hd__edfxtp_1) dp.rf.rf[24][15]$_DFFE_PP_/D (sky130_fd_sc_hd__edfxtp_1)    1.5374
dp.rf.rf[5][1]$_DFFE_PP_/Q (sky130_fd_sc_hd__edfxtp_1) dp.rf.rf[25][15]$_DFFE_PP_/D (sky130_fd_sc_hd__edfxtp_1)    1.5375
dp.rf.rf[5][1]$_DFFE_PP_/Q (sky130_fd_sc_hd__edfxtp_1) dp.rf.rf[17][15]$_DFFE_PP_/D (sky130_fd_sc_hd__edfxtp_1)    1.5393
dp.rf.rf[5][1]$_DFFE_PP_/Q (sky130_fd_sc_hd__edfxtp_1) dp.rf.rf[20][15]$_DFFE_PP_/D (sky130_fd_sc_hd__edfxtp_1)    1.5393
dp.rf.rf[5][1]$_DFFE_PP_/Q (sky130_fd_sc_hd__edfxtp_1) dp.rf.rf[16][15]$_DFFE_PP_/D (sky130_fd_sc_hd__edfxtp_1)    1.5394
dp.rf.rf[5][1]$_DFFE_PP_/Q (sky130_fd_sc_hd__edfxtp_1) dp.rf.rf[21][15]$_DFFE_PP_/D (sky130_fd_sc_hd__edfxtp_1)    1.5394
dp.rf.rf[5][1]$_DFFE_PP_/Q (sky130_fd_sc_hd__edfxtp_1) dp.rf.rf[30][15]$_DFFE_PP_/D (sky130_fd_sc_hd__edfxtp_1)    1.5405
dp.rf.rf[5][1]$_DFFE_PP_/Q (sky130_fd_sc_hd__edfxtp_1) dp.rf.rf[31][15]$_DFFE_PP_/D (sky130_fd_sc_hd__edfxtp_1)    1.5411
dp.rf.rf[5][1]$_DFFE_PP_/Q (sky130_fd_sc_hd__edfxtp_1) dp.rf.rf[29][15]$_DFFE_PP_/D (sky130_fd_sc_hd__edfxtp_1)    1.5428
dp.rf.rf[5][1]$_DFFE_PP_/Q (sky130_fd_sc_hd__edfxtp_1) dp.rf.rf[28][15]$_DFFE_PP_/D (sky130_fd_sc_hd__edfxtp_1)    1.5429
dp.rf.rf[3][1]$_DFFE_PP_/Q (sky130_fd_sc_hd__edfxtp_1) dp.rf.rf[16][2]$_DFFE_PP_/D (sky130_fd_sc_hd__edfxtp_1)    1.5443
dp.rf.rf[3][1]$_DFFE_PP_/Q (sky130_fd_sc_hd__edfxtp_1) dp.rf.rf[20][2]$_DFFE_PP_/D (sky130_fd_sc_hd__edfxtp_1)    1.5444
dp.rf.rf[3][1]$_DFFE_PP_/Q (sky130_fd_sc_hd__edfxtp_1) dp.rf.rf[30][2]$_DFFE_PP_/D (sky130_fd_sc_hd__edfxtp_1)    1.5444
dp.rf.rf[3][1]$_DFFE_PP_/Q (sky130_fd_sc_hd__edfxtp_1) dp.rf.rf[31][2]$_DFFE_PP_/D (sky130_fd_sc_hd__edfxtp_1)    1.5444
dp.rf.rf[3][1]$_DFFE_PP_/Q (sky130_fd_sc_hd__edfxtp_1) dp.rf.rf[29][2]$_DFFE_PP_/D (sky130_fd_sc_hd__edfxtp_1)    1.5444
dp.rf.rf[3][1]$_DFFE_PP_/Q (sky130_fd_sc_hd__edfxtp_1) dp.rf.rf[28][2]$_DFFE_PP_/D (sky130_fd_sc_hd__edfxtp_1)    1.5444
dp.rf.rf[3][1]$_DFFE_PP_/Q (sky130_fd_sc_hd__edfxtp_1) dp.rf.rf[21][2]$_DFFE_PP_/D (sky130_fd_sc_hd__edfxtp_1)    1.5444
dp.rf.rf[3][1]$_DFFE_PP_/Q (sky130_fd_sc_hd__edfxtp_1) dp.rf.rf[27][2]$_DFFE_PP_/D (sky130_fd_sc_hd__edfxtp_1)    1.5445
dp.rf.rf[3][1]$_DFFE_PP_/Q (sky130_fd_sc_hd__edfxtp_1) dp.rf.rf[23][2]$_DFFE_PP_/D (sky130_fd_sc_hd__edfxtp_1)    1.5445
dp.rf.rf[3][1]$_DFFE_PP_/Q (sky130_fd_sc_hd__edfxtp_1) dp.rf.rf[22][2]$_DFFE_PP_/D (sky130_fd_sc_hd__edfxtp_1)    1.5445
dp.rf.rf[3][1]$_DFFE_PP_/Q (sky130_fd_sc_hd__edfxtp_1) dp.rf.rf[17][2]$_DFFE_PP_/D (sky130_fd_sc_hd__edfxtp_1)    1.5449
dp.rf.rf[3][1]$_DFFE_PP_/Q (sky130_fd_sc_hd__edfxtp_1) dp.rf.rf[26][2]$_DFFE_PP_/D (sky130_fd_sc_hd__edfxtp_1)    1.5449
dp.rf.rf[3][1]$_DFFE_PP_/Q (sky130_fd_sc_hd__edfxtp_1) dp.rf.rf[25][2]$_DFFE_PP_/D (sky130_fd_sc_hd__edfxtp_1)    1.5449
dp.rf.rf[3][1]$_DFFE_PP_/Q (sky130_fd_sc_hd__edfxtp_1) dp.rf.rf[19][2]$_DFFE_PP_/D (sky130_fd_sc_hd__edfxtp_1)    1.5449
dp.rf.rf[3][1]$_DFFE_PP_/Q (sky130_fd_sc_hd__edfxtp_1) dp.rf.rf[18][2]$_DFFE_PP_/D (sky130_fd_sc_hd__edfxtp_1)    1.5450
dp.rf.rf[5][1]$_DFFE_PP_/Q (sky130_fd_sc_hd__edfxtp_1) dp.rf.rf[4][15]$_DFFE_PP_/D (sky130_fd_sc_hd__edfxtp_1)    1.5456
dp.rf.rf[3][1]$_DFFE_PP_/Q (sky130_fd_sc_hd__edfxtp_1) dp.rf.rf[24][2]$_DFFE_PP_/D (sky130_fd_sc_hd__edfxtp_1)    1.5484
dp.rf.rf[3][1]$_DFFE_PP_/Q (sky130_fd_sc_hd__edfxtp_1) dp.rf.rf[2][2]$_DFFE_PP_/D (sky130_fd_sc_hd__edfxtp_1)    1.5491
dp.rf.rf[3][1]$_DFFE_PP_/Q (sky130_fd_sc_hd__edfxtp_1) dp.rf.rf[1][2]$_DFFE_PP_/D (sky130_fd_sc_hd__edfxtp_1)    1.5492
dp.rf.rf[3][1]$_DFFE_PP_/Q (sky130_fd_sc_hd__edfxtp_1) dp.rf.rf[3][2]$_DFFE_PP_/D (sky130_fd_sc_hd__edfxtp_1)    1.5493
dp.rf.rf[5][1]$_DFFE_PP_/Q (sky130_fd_sc_hd__edfxtp_1) dp.rf.rf[5][15]$_DFFE_PP_/D (sky130_fd_sc_hd__edfxtp_1)    1.5500
dp.rf.rf[5][1]$_DFFE_PP_/Q (sky130_fd_sc_hd__edfxtp_1) dp.rf.rf[0][15]$_DFFE_PP_/D (sky130_fd_sc_hd__edfxtp_1)    1.5501
dp.rf.rf[3][1]$_DFFE_PP_/Q (sky130_fd_sc_hd__edfxtp_1) dp.rf.rf[7][2]$_DFFE_PP_/D (sky130_fd_sc_hd__edfxtp_1)    1.5503
dp.rf.rf[3][1]$_DFFE_PP_/Q (sky130_fd_sc_hd__edfxtp_1) dp.rf.rf[6][2]$_DFFE_PP_/D (sky130_fd_sc_hd__edfxtp_1)    1.5503
dp.rf.rf[3][1]$_DFFE_PP_/Q (sky130_fd_sc_hd__edfxtp_1) dp.rf.rf[5][2]$_DFFE_PP_/D (sky130_fd_sc_hd__edfxtp_1)    1.5504
dp.rf.rf[3][1]$_DFFE_PP_/Q (sky130_fd_sc_hd__edfxtp_1) dp.rf.rf[0][2]$_DFFE_PP_/D (sky130_fd_sc_hd__edfxtp_1)    1.5507
dp.rf.rf[3][1]$_DFFE_PP_/Q (sky130_fd_sc_hd__edfxtp_1) dp.rf.rf[4][2]$_DFFE_PP_/D (sky130_fd_sc_hd__edfxtp_1)    1.5516
dp.rf.rf[5][1]$_DFFE_PP_/Q (sky130_fd_sc_hd__edfxtp_1) dp.rf.rf[1][15]$_DFFE_PP_/D (sky130_fd_sc_hd__edfxtp_1)    1.5534
dp.rf.rf[3][1]$_DFFE_PP_/Q (sky130_fd_sc_hd__edfxtp_1) dp.rf.rf[14][2]$_DFFE_PP_/D (sky130_fd_sc_hd__edfxtp_1)    1.5534
dp.rf.rf[3][1]$_DFFE_PP_/Q (sky130_fd_sc_hd__edfxtp_1) dp.rf.rf[8][2]$_DFFE_PP_/D (sky130_fd_sc_hd__edfxtp_1)    1.5546
dp.rf.rf[3][1]$_DFFE_PP_/Q (sky130_fd_sc_hd__edfxtp_1) dp.rf.rf[9][2]$_DFFE_PP_/D (sky130_fd_sc_hd__edfxtp_1)    1.5546
dp.rf.rf[3][1]$_DFFE_PP_/Q (sky130_fd_sc_hd__edfxtp_1) dp.rf.rf[10][2]$_DFFE_PP_/D (sky130_fd_sc_hd__edfxtp_1)    1.5547
dp.rf.rf[3][1]$_DFFE_PP_/Q (sky130_fd_sc_hd__edfxtp_1) dp.rf.rf[15][2]$_DFFE_PP_/D (sky130_fd_sc_hd__edfxtp_1)    1.5549
dp.rf.rf[5][1]$_DFFE_PP_/Q (sky130_fd_sc_hd__edfxtp_1) dp.rf.rf[6][15]$_DFFE_PP_/D (sky130_fd_sc_hd__edfxtp_1)    1.5601
dp.rf.rf[3][1]$_DFFE_PP_/Q (sky130_fd_sc_hd__edfxtp_1) dp.rf.rf[11][2]$_DFFE_PP_/D (sky130_fd_sc_hd__edfxtp_1)    1.5604
dp.rf.rf[3][1]$_DFFE_PP_/Q (sky130_fd_sc_hd__edfxtp_1) dp.rf.rf[12][2]$_DFFE_PP_/D (sky130_fd_sc_hd__edfxtp_1)    1.5609
dp.rf.rf[3][1]$_DFFE_PP_/Q (sky130_fd_sc_hd__edfxtp_1) dp.rf.rf[13][2]$_DFFE_PP_/D (sky130_fd_sc_hd__edfxtp_1)    1.5614
dp.rf.rf[5][1]$_DFFE_PP_/Q (sky130_fd_sc_hd__edfxtp_1) dp.rf.rf[2][15]$_DFFE_PP_/D (sky130_fd_sc_hd__edfxtp_1)    1.5614
dp.rf.rf[5][1]$_DFFE_PP_/Q (sky130_fd_sc_hd__edfxtp_1) dp.rf.rf[3][15]$_DFFE_PP_/D (sky130_fd_sc_hd__edfxtp_1)    1.5615
dp.rf.rf[5][1]$_DFFE_PP_/Q (sky130_fd_sc_hd__edfxtp_1) dp.rf.rf[9][15]$_DFFE_PP_/D (sky130_fd_sc_hd__edfxtp_1)    1.5646
dp.rf.rf[5][1]$_DFFE_PP_/Q (sky130_fd_sc_hd__edfxtp_1) dp.rf.rf[7][15]$_DFFE_PP_/D (sky130_fd_sc_hd__edfxtp_1)    1.5647
dp.rf.rf[5][1]$_DFFE_PP_/Q (sky130_fd_sc_hd__edfxtp_1) dp.rf.rf[3][11]$_DFFE_PP_/D (sky130_fd_sc_hd__edfxtp_1)    1.5656
dp.rf.rf[5][1]$_DFFE_PP_/Q (sky130_fd_sc_hd__edfxtp_1) dp.rf.rf[6][11]$_DFFE_PP_/D (sky130_fd_sc_hd__edfxtp_1)    1.5656
dp.rf.rf[5][1]$_DFFE_PP_/Q (sky130_fd_sc_hd__edfxtp_1) dp.rf.rf[0][11]$_DFFE_PP_/D (sky130_fd_sc_hd__edfxtp_1)    1.5657
dp.rf.rf[5][1]$_DFFE_PP_/Q (sky130_fd_sc_hd__edfxtp_1) dp.rf.rf[2][11]$_DFFE_PP_/D (sky130_fd_sc_hd__edfxtp_1)    1.5657
dp.rf.rf[5][1]$_DFFE_PP_/Q (sky130_fd_sc_hd__edfxtp_1) dp.rf.rf[7][11]$_DFFE_PP_/D (sky130_fd_sc_hd__edfxtp_1)    1.5657
dp.rf.rf[5][1]$_DFFE_PP_/Q (sky130_fd_sc_hd__edfxtp_1) dp.rf.rf[5][11]$_DFFE_PP_/D (sky130_fd_sc_hd__edfxtp_1)    1.5657
dp.rf.rf[5][1]$_DFFE_PP_/Q (sky130_fd_sc_hd__edfxtp_1) dp.rf.rf[17][11]$_DFFE_PP_/D (sky130_fd_sc_hd__edfxtp_1)    1.5657
dp.rf.rf[5][1]$_DFFE_PP_/Q (sky130_fd_sc_hd__edfxtp_1) dp.rf.rf[11][15]$_DFFE_PP_/D (sky130_fd_sc_hd__edfxtp_1)    1.5660
dp.rf.rf[5][1]$_DFFE_PP_/Q (sky130_fd_sc_hd__edfxtp_1) dp.rf.rf[8][15]$_DFFE_PP_/D (sky130_fd_sc_hd__edfxtp_1)    1.5660
dp.rf.rf[5][1]$_DFFE_PP_/Q (sky130_fd_sc_hd__edfxtp_1) dp.rf.rf[19][11]$_DFFE_PP_/D (sky130_fd_sc_hd__edfxtp_1)    1.5661
dp.rf.rf[5][1]$_DFFE_PP_/Q (sky130_fd_sc_hd__edfxtp_1) dp.rf.rf[18][11]$_DFFE_PP_/D (sky130_fd_sc_hd__edfxtp_1)    1.5663
dp.rf.rf[5][1]$_DFFE_PP_/Q (sky130_fd_sc_hd__edfxtp_1) dp.rf.rf[10][15]$_DFFE_PP_/D (sky130_fd_sc_hd__edfxtp_1)    1.5673
dp.rf.rf[5][1]$_DFFE_PP_/Q (sky130_fd_sc_hd__edfxtp_1) dp.rf.rf[15][15]$_DFFE_PP_/D (sky130_fd_sc_hd__edfxtp_1)    1.5684
dp.rf.rf[5][1]$_DFFE_PP_/Q (sky130_fd_sc_hd__edfxtp_1) dp.rf.rf[10][11]$_DFFE_PP_/D (sky130_fd_sc_hd__edfxtp_1)    1.5689
dp.rf.rf[5][1]$_DFFE_PP_/Q (sky130_fd_sc_hd__edfxtp_1) dp.rf.rf[9][11]$_DFFE_PP_/D (sky130_fd_sc_hd__edfxtp_1)    1.5694
dp.rf.rf[5][1]$_DFFE_PP_/Q (sky130_fd_sc_hd__edfxtp_1) dp.rf.rf[8][11]$_DFFE_PP_/D (sky130_fd_sc_hd__edfxtp_1)    1.5695
dp.rf.rf[5][1]$_DFFE_PP_/Q (sky130_fd_sc_hd__edfxtp_1) dp.rf.rf[11][11]$_DFFE_PP_/D (sky130_fd_sc_hd__edfxtp_1)    1.5696
dp.rf.rf[5][1]$_DFFE_PP_/Q (sky130_fd_sc_hd__edfxtp_1) dp.rf.rf[4][11]$_DFFE_PP_/D (sky130_fd_sc_hd__edfxtp_1)    1.5698
dp.rf.rf[5][1]$_DFFE_PP_/Q (sky130_fd_sc_hd__edfxtp_1) dp.rf.rf[14][15]$_DFFE_PP_/D (sky130_fd_sc_hd__edfxtp_1)    1.5699
dp.rf.rf[5][1]$_DFFE_PP_/Q (sky130_fd_sc_hd__edfxtp_1) dp.rf.rf[15][11]$_DFFE_PP_/D (sky130_fd_sc_hd__edfxtp_1)    1.5716
dp.rf.rf[5][1]$_DFFE_PP_/Q (sky130_fd_sc_hd__edfxtp_1) dp.rf.rf[1][11]$_DFFE_PP_/D (sky130_fd_sc_hd__edfxtp_1)    1.5718
dp.rf.rf[5][1]$_DFFE_PP_/Q (sky130_fd_sc_hd__edfxtp_1) dp.rf.rf[14][11]$_DFFE_PP_/D (sky130_fd_sc_hd__edfxtp_1)    1.5719
dp.rf.rf[5][1]$_DFFE_PP_/Q (sky130_fd_sc_hd__edfxtp_1) dp.rf.rf[16][11]$_DFFE_PP_/D (sky130_fd_sc_hd__edfxtp_1)    1.5720
dp.rf.rf[5][1]$_DFFE_PP_/Q (sky130_fd_sc_hd__edfxtp_1) dp.rf.rf[26][11]$_DFFE_PP_/D (sky130_fd_sc_hd__edfxtp_1)    1.5721
dp.rf.rf[5][1]$_DFFE_PP_/Q (sky130_fd_sc_hd__edfxtp_1) dp.rf.rf[13][15]$_DFFE_PP_/D (sky130_fd_sc_hd__edfxtp_1)    1.5725
dp.rf.rf[5][1]$_DFFE_PP_/Q (sky130_fd_sc_hd__edfxtp_1) dp.rf.rf[13][11]$_DFFE_PP_/D (sky130_fd_sc_hd__edfxtp_1)    1.5738
dp.rf.rf[3][1]$_DFFE_PP_/Q (sky130_fd_sc_hd__edfxtp_1) dp.rf.rf[19][3]$_DFFE_PP_/D (sky130_fd_sc_hd__edfxtp_1)    1.5744
dp.rf.rf[3][1]$_DFFE_PP_/Q (sky130_fd_sc_hd__edfxtp_1) dp.rf.rf[15][3]$_DFFE_PP_/D (sky130_fd_sc_hd__edfxtp_1)    1.5746
dp.rf.rf[3][1]$_DFFE_PP_/Q (sky130_fd_sc_hd__edfxtp_1) dp.rf.rf[18][3]$_DFFE_PP_/D (sky130_fd_sc_hd__edfxtp_1)    1.5746
dp.rf.rf[3][1]$_DFFE_PP_/Q (sky130_fd_sc_hd__edfxtp_1) dp.rf.rf[14][3]$_DFFE_PP_/D (sky130_fd_sc_hd__edfxtp_1)    1.5747
dp.rf.rf[3][1]$_DFFE_PP_/Q (sky130_fd_sc_hd__edfxtp_1) dp.rf.rf[12][3]$_DFFE_PP_/D (sky130_fd_sc_hd__edfxtp_1)    1.5749
dp.rf.rf[5][1]$_DFFE_PP_/Q (sky130_fd_sc_hd__edfxtp_1) dp.rf.rf[22][11]$_DFFE_PP_/D (sky130_fd_sc_hd__edfxtp_1)    1.5751
dp.rf.rf[5][1]$_DFFE_PP_/Q (sky130_fd_sc_hd__edfxtp_1) dp.rf.rf[23][11]$_DFFE_PP_/D (sky130_fd_sc_hd__edfxtp_1)    1.5752
dp.rf.rf[5][1]$_DFFE_PP_/Q (sky130_fd_sc_hd__edfxtp_1) dp.rf.rf[21][11]$_DFFE_PP_/D (sky130_fd_sc_hd__edfxtp_1)    1.5753
dp.rf.rf[5][1]$_DFFE_PP_/Q (sky130_fd_sc_hd__edfxtp_1) dp.rf.rf[12][11]$_DFFE_PP_/D (sky130_fd_sc_hd__edfxtp_1)    1.5753
dp.rf.rf[5][1]$_DFFE_PP_/Q (sky130_fd_sc_hd__edfxtp_1) dp.rf.rf[24][11]$_DFFE_PP_/D (sky130_fd_sc_hd__edfxtp_1)    1.5768
dp.rf.rf[3][1]$_DFFE_PP_/Q (sky130_fd_sc_hd__edfxtp_1) dp.rf.rf[24][3]$_DFFE_PP_/D (sky130_fd_sc_hd__edfxtp_1)    1.5770
dp.rf.rf[3][1]$_DFFE_PP_/Q (sky130_fd_sc_hd__edfxtp_1) dp.rf.rf[13][3]$_DFFE_PP_/D (sky130_fd_sc_hd__edfxtp_1)    1.5776
dp.rf.rf[3][1]$_DFFE_PP_/Q (sky130_fd_sc_hd__edfxtp_1) dp.rf.rf[25][3]$_DFFE_PP_/D (sky130_fd_sc_hd__edfxtp_1)    1.5777
dp.rf.rf[3][1]$_DFFE_PP_/Q (sky130_fd_sc_hd__edfxtp_1) dp.rf.rf[29][3]$_DFFE_PP_/D (sky130_fd_sc_hd__edfxtp_1)    1.5777
dp.rf.rf[3][1]$_DFFE_PP_/Q (sky130_fd_sc_hd__edfxtp_1) dp.rf.rf[28][3]$_DFFE_PP_/D (sky130_fd_sc_hd__edfxtp_1)    1.5777
dp.rf.rf[3][1]$_DFFE_PP_/Q (sky130_fd_sc_hd__edfxtp_1) dp.rf.rf[30][3]$_DFFE_PP_/D (sky130_fd_sc_hd__edfxtp_1)    1.5777
dp.rf.rf[3][1]$_DFFE_PP_/Q (sky130_fd_sc_hd__edfxtp_1) dp.rf.rf[31][3]$_DFFE_PP_/D (sky130_fd_sc_hd__edfxtp_1)    1.5777
dp.rf.rf[3][1]$_DFFE_PP_/Q (sky130_fd_sc_hd__edfxtp_1) dp.rf.rf[26][3]$_DFFE_PP_/D (sky130_fd_sc_hd__edfxtp_1)    1.5777
dp.rf.rf[3][1]$_DFFE_PP_/Q (sky130_fd_sc_hd__edfxtp_1) dp.rf.rf[27][3]$_DFFE_PP_/D (sky130_fd_sc_hd__edfxtp_1)    1.5778
dp.rf.rf[5][1]$_DFFE_PP_/Q (sky130_fd_sc_hd__edfxtp_1) dp.rf.rf[12][15]$_DFFE_PP_/D (sky130_fd_sc_hd__edfxtp_1)    1.5781
dp.rf.rf[3][1]$_DFFE_PP_/Q (sky130_fd_sc_hd__edfxtp_1) dp.rf.rf[20][3]$_DFFE_PP_/D (sky130_fd_sc_hd__edfxtp_1)    1.5792
dp.rf.rf[3][1]$_DFFE_PP_/Q (sky130_fd_sc_hd__edfxtp_1) dp.rf.rf[22][3]$_DFFE_PP_/D (sky130_fd_sc_hd__edfxtp_1)    1.5793
dp.rf.rf[5][1]$_DFFE_PP_/Q (sky130_fd_sc_hd__edfxtp_1) dp.rf.rf[20][11]$_DFFE_PP_/D (sky130_fd_sc_hd__edfxtp_1)    1.5793
dp.rf.rf[3][1]$_DFFE_PP_/Q (sky130_fd_sc_hd__edfxtp_1) dp.rf.rf[21][3]$_DFFE_PP_/D (sky130_fd_sc_hd__edfxtp_1)    1.5794
dp.rf.rf[3][1]$_DFFE_PP_/Q (sky130_fd_sc_hd__edfxtp_1) dp.rf.rf[23][3]$_DFFE_PP_/D (sky130_fd_sc_hd__edfxtp_1)    1.5795
dp.rf.rf[3][1]$_DFFE_PP_/Q (sky130_fd_sc_hd__edfxtp_1) dp.rf.rf[16][3]$_DFFE_PP_/D (sky130_fd_sc_hd__edfxtp_1)    1.5797
dp.rf.rf[5][1]$_DFFE_PP_/Q (sky130_fd_sc_hd__edfxtp_1) dp.rf.rf[28][11]$_DFFE_PP_/D (sky130_fd_sc_hd__edfxtp_1)    1.5797
dp.rf.rf[3][1]$_DFFE_PP_/Q (sky130_fd_sc_hd__edfxtp_1) dp.rf.rf[17][3]$_DFFE_PP_/D (sky130_fd_sc_hd__edfxtp_1)    1.5800
dp.rf.rf[5][1]$_DFFE_PP_/Q (sky130_fd_sc_hd__edfxtp_1) dp.rf.rf[31][11]$_DFFE_PP_/D (sky130_fd_sc_hd__edfxtp_1)    1.5805
dp.rf.rf[3][1]$_DFFE_PP_/Q (sky130_fd_sc_hd__edfxtp_1) dp.rf.rf[7][3]$_DFFE_PP_/D (sky130_fd_sc_hd__edfxtp_1)    1.5807
dp.rf.rf[3][1]$_DFFE_PP_/Q (sky130_fd_sc_hd__edfxtp_1) dp.rf.rf[6][3]$_DFFE_PP_/D (sky130_fd_sc_hd__edfxtp_1)    1.5808
dp.rf.rf[5][1]$_DFFE_PP_/Q (sky130_fd_sc_hd__edfxtp_1) dp.rf.rf[30][11]$_DFFE_PP_/D (sky130_fd_sc_hd__edfxtp_1)    1.5811
dp.rf.rf[3][1]$_DFFE_PP_/Q (sky130_fd_sc_hd__edfxtp_1) dp.rf.rf[2][3]$_DFFE_PP_/D (sky130_fd_sc_hd__edfxtp_1)    1.5825
dp.rf.rf[3][1]$_DFFE_PP_/Q (sky130_fd_sc_hd__edfxtp_1) dp.rf.rf[0][3]$_DFFE_PP_/D (sky130_fd_sc_hd__edfxtp_1)    1.5837
dp.rf.rf[3][1]$_DFFE_PP_/Q (sky130_fd_sc_hd__edfxtp_1) dp.rf.rf[3][3]$_DFFE_PP_/D (sky130_fd_sc_hd__edfxtp_1)    1.5839
dp.rf.rf[3][1]$_DFFE_PP_/Q (sky130_fd_sc_hd__edfxtp_1) dp.rf.rf[11][3]$_DFFE_PP_/D (sky130_fd_sc_hd__edfxtp_1)    1.5856
dp.rf.rf[3][1]$_DFFE_PP_/Q (sky130_fd_sc_hd__edfxtp_1) dp.rf.rf[5][3]$_DFFE_PP_/D (sky130_fd_sc_hd__edfxtp_1)    1.5856
dp.rf.rf[3][1]$_DFFE_PP_/Q (sky130_fd_sc_hd__edfxtp_1) dp.rf.rf[1][3]$_DFFE_PP_/D (sky130_fd_sc_hd__edfxtp_1)    1.5859
dp.rf.rf[3][1]$_DFFE_PP_/Q (sky130_fd_sc_hd__edfxtp_1) dp.rf.rf[4][3]$_DFFE_PP_/D (sky130_fd_sc_hd__edfxtp_1)    1.5875
dp.rf.rf[3][1]$_DFFE_PP_/Q (sky130_fd_sc_hd__edfxtp_1) dp.rf.rf[8][3]$_DFFE_PP_/D (sky130_fd_sc_hd__edfxtp_1)    1.5888
dp.rf.rf[3][1]$_DFFE_PP_/Q (sky130_fd_sc_hd__edfxtp_1) dp.rf.rf[10][3]$_DFFE_PP_/D (sky130_fd_sc_hd__edfxtp_1)    1.5892
dp.rf.rf[3][1]$_DFFE_PP_/Q (sky130_fd_sc_hd__edfxtp_1) dp.rf.rf[9][3]$_DFFE_PP_/D (sky130_fd_sc_hd__edfxtp_1)    1.5893
dp.rf.rf[5][1]$_DFFE_PP_/Q (sky130_fd_sc_hd__edfxtp_1) dp.rf.rf[15][8]$_DFFE_PP_/D (sky130_fd_sc_hd__edfxtp_1)    1.6335
dp.rf.rf[5][1]$_DFFE_PP_/Q (sky130_fd_sc_hd__edfxtp_1) dp.rf.rf[3][8]$_DFFE_PP_/D (sky130_fd_sc_hd__edfxtp_1)    1.6337
dp.rf.rf[5][1]$_DFFE_PP_/Q (sky130_fd_sc_hd__edfxtp_1) dp.rf.rf[29][8]$_DFFE_PP_/D (sky130_fd_sc_hd__edfxtp_1)    1.6337
dp.rf.rf[5][1]$_DFFE_PP_/Q (sky130_fd_sc_hd__edfxtp_1) dp.rf.rf[19][8]$_DFFE_PP_/D (sky130_fd_sc_hd__edfxtp_1)    1.6338
dp.rf.rf[5][1]$_DFFE_PP_/Q (sky130_fd_sc_hd__edfxtp_1) dp.rf.rf[0][8]$_DFFE_PP_/D (sky130_fd_sc_hd__edfxtp_1)    1.6338
dp.rf.rf[5][1]$_DFFE_PP_/Q (sky130_fd_sc_hd__edfxtp_1) dp.rf.rf[4][8]$_DFFE_PP_/D (sky130_fd_sc_hd__edfxtp_1)    1.6338
dp.rf.rf[5][1]$_DFFE_PP_/Q (sky130_fd_sc_hd__edfxtp_1) dp.rf.rf[2][8]$_DFFE_PP_/D (sky130_fd_sc_hd__edfxtp_1)    1.6338
dp.rf.rf[5][1]$_DFFE_PP_/Q (sky130_fd_sc_hd__edfxtp_1) dp.rf.rf[20][8]$_DFFE_PP_/D (sky130_fd_sc_hd__edfxtp_1)    1.6338
dp.rf.rf[5][1]$_DFFE_PP_/Q (sky130_fd_sc_hd__edfxtp_1) dp.rf.rf[5][8]$_DFFE_PP_/D (sky130_fd_sc_hd__edfxtp_1)    1.6340
dp.rf.rf[5][1]$_DFFE_PP_/Q (sky130_fd_sc_hd__edfxtp_1) dp.rf.rf[12][8]$_DFFE_PP_/D (sky130_fd_sc_hd__edfxtp_1)    1.6341
dp.rf.rf[5][1]$_DFFE_PP_/Q (sky130_fd_sc_hd__edfxtp_1) dp.rf.rf[14][8]$_DFFE_PP_/D (sky130_fd_sc_hd__edfxtp_1)    1.6341
dp.rf.rf[5][1]$_DFFE_PP_/Q (sky130_fd_sc_hd__edfxtp_1) dp.rf.rf[13][8]$_DFFE_PP_/D (sky130_fd_sc_hd__edfxtp_1)    1.6343
dp.rf.rf[5][1]$_DFFE_PP_/Q (sky130_fd_sc_hd__edfxtp_1) dp.rf.rf[1][8]$_DFFE_PP_/D (sky130_fd_sc_hd__edfxtp_1)    1.6344
dp.rf.rf[5][1]$_DFFE_PP_/Q (sky130_fd_sc_hd__edfxtp_1) dp.rf.rf[6][8]$_DFFE_PP_/D (sky130_fd_sc_hd__edfxtp_1)    1.6344
dp.rf.rf[5][1]$_DFFE_PP_/Q (sky130_fd_sc_hd__edfxtp_1) dp.rf.rf[7][8]$_DFFE_PP_/D (sky130_fd_sc_hd__edfxtp_1)    1.6346
dp.rf.rf[5][1]$_DFFE_PP_/Q (sky130_fd_sc_hd__edfxtp_1) dp.rf.rf[31][8]$_DFFE_PP_/D (sky130_fd_sc_hd__edfxtp_1)    1.6348
dp.rf.rf[5][1]$_DFFE_PP_/Q (sky130_fd_sc_hd__edfxtp_1) dp.rf.rf[30][8]$_DFFE_PP_/D (sky130_fd_sc_hd__edfxtp_1)    1.6349
dp.rf.rf[5][1]$_DFFE_PP_/Q (sky130_fd_sc_hd__edfxtp_1) dp.rf.rf[18][8]$_DFFE_PP_/D (sky130_fd_sc_hd__edfxtp_1)    1.6350
dp.rf.rf[5][1]$_DFFE_PP_/Q (sky130_fd_sc_hd__edfxtp_1) dp.rf.rf[28][8]$_DFFE_PP_/D (sky130_fd_sc_hd__edfxtp_1)    1.6352
dp.rf.rf[5][1]$_DFFE_PP_/Q (sky130_fd_sc_hd__edfxtp_1) dp.rf.rf[23][8]$_DFFE_PP_/D (sky130_fd_sc_hd__edfxtp_1)    1.6360
dp.rf.rf[5][1]$_DFFE_PP_/Q (sky130_fd_sc_hd__edfxtp_1) dp.rf.rf[22][8]$_DFFE_PP_/D (sky130_fd_sc_hd__edfxtp_1)    1.6368
dp.rf.rf[5][1]$_DFFE_PP_/Q (sky130_fd_sc_hd__edfxtp_1) dp.rf.rf[21][8]$_DFFE_PP_/D (sky130_fd_sc_hd__edfxtp_1)    1.6369
dp.rf.rf[5][1]$_DFFE_PP_/Q (sky130_fd_sc_hd__edfxtp_1) dp.rf.rf[17][8]$_DFFE_PP_/D (sky130_fd_sc_hd__edfxtp_1)    1.6372
dp.rf.rf[5][1]$_DFFE_PP_/Q (sky130_fd_sc_hd__edfxtp_1) dp.rf.rf[16][8]$_DFFE_PP_/D (sky130_fd_sc_hd__edfxtp_1)    1.6372
dp.rf.rf[5][1]$_DFFE_PP_/Q (sky130_fd_sc_hd__edfxtp_1) dp.rf.rf[25][8]$_DFFE_PP_/D (sky130_fd_sc_hd__edfxtp_1)    1.6373
dp.rf.rf[5][1]$_DFFE_PP_/Q (sky130_fd_sc_hd__edfxtp_1) dp.rf.rf[27][8]$_DFFE_PP_/D (sky130_fd_sc_hd__edfxtp_1)    1.6378
dp.rf.rf[5][1]$_DFFE_PP_/Q (sky130_fd_sc_hd__edfxtp_1) dp.rf.rf[26][8]$_DFFE_PP_/D (sky130_fd_sc_hd__edfxtp_1)    1.6379
dp.rf.rf[5][1]$_DFFE_PP_/Q (sky130_fd_sc_hd__edfxtp_1) dp.rf.rf[24][8]$_DFFE_PP_/D (sky130_fd_sc_hd__edfxtp_1)    1.6382
dp.rf.rf[5][1]$_DFFE_PP_/Q (sky130_fd_sc_hd__edfxtp_1) dp.rf.rf[9][8]$_DFFE_PP_/D (sky130_fd_sc_hd__edfxtp_1)    1.6422
dp.rf.rf[5][1]$_DFFE_PP_/Q (sky130_fd_sc_hd__edfxtp_1) dp.rf.rf[11][8]$_DFFE_PP_/D (sky130_fd_sc_hd__edfxtp_1)    1.6427
dp.rf.rf[5][1]$_DFFE_PP_/Q (sky130_fd_sc_hd__edfxtp_1) dp.rf.rf[10][8]$_DFFE_PP_/D (sky130_fd_sc_hd__edfxtp_1)    1.6431
dp.rf.rf[5][1]$_DFFE_PP_/Q (sky130_fd_sc_hd__edfxtp_1) dp.rf.rf[8][8]$_DFFE_PP_/D (sky130_fd_sc_hd__edfxtp_1)    1.6432
dp.rf.rf[11][2]$_DFFE_PP_/Q (riscv)  aluout[20] (output)                     0.0415
dp.rf.rf[11][0]$_DFFE_PP_/Q (riscv)  aluout[0] (output)                      0.0602
dp.rf.rf[11][0]$_DFFE_PP_/Q (riscv)  aluout[28] (output)                     0.1694
dp.rf.rf[11][0]$_DFFE_PP_/Q (riscv)  aluout[16] (output)                     0.1890
dp.rf.rf[31][3]$_DFFE_PP_/Q (riscv)  aluout[29] (output)                     0.2008
dp.rf.rf[31][3]$_DFFE_PP_/Q (riscv)  aluout[25] (output)                     0.2137
dp.rf.rf[31][3]$_DFFE_PP_/Q (riscv)  aluout[27] (output)                     0.2186
dp.rf.rf[11][0]$_DFFE_PP_/Q (riscv)  aluout[24] (output)                     0.2487
dp.rf.rf[11][0]$_DFFE_PP_/Q (riscv)  aluout[14] (output)                     0.2508
dp.rf.rf[11][2]$_DFFE_PP_/Q (riscv)  aluout[19] (output)                     0.2542
dp.rf.rf[31][3]$_DFFE_PP_/Q (riscv)  aluout[23] (output)                     0.3079
dp.rf.rf[11][2]$_DFFE_PP_/Q (riscv)  aluout[31] (output)                     0.3217
dp.rf.rf[11][0]$_DFFE_PP_/Q (riscv)  aluout[30] (output)                     0.3590
dp.rf.rf[11][0]$_DFFE_PP_/Q (riscv)  aluout[10] (output)                     0.3965
dp.rf.rf[3][1]$_DFFE_PP_/Q (riscv)   aluout[4] (output)                      0.4307
dp.rf.rf[11][0]$_DFFE_PP_/Q (riscv)  aluout[12] (output)                     0.4412
dp.rf.rf[11][0]$_DFFE_PP_/Q (riscv)  aluout[22] (output)                     0.4423
dp.rf.rf[11][2]$_DFFE_PP_/Q (riscv)  aluout[17] (output)                     0.4692
dp.rf.rf[11][0]$_DFFE_PP_/Q (riscv)  aluout[26] (output)                     0.5046
dp.rf.rf[3][1]$_DFFE_PP_/Q (riscv)   aluout[1] (output)                      0.5341
dp.rf.rf[11][0]$_DFFE_PP_/Q (riscv)  aluout[18] (output)                     0.5521
dp.rf.rf[3][1]$_DFFE_PP_/Q (riscv)   aluout[5] (output)                      0.5709
dp.rf.rf[3][1]$_DFFE_PP_/Q (riscv)   aluout[11] (output)                     0.5809
dp.rf.rf[11][2]$_DFFE_PP_/Q (riscv)  aluout[9] (output)                      0.5883
dp.rf.rf[11][2]$_DFFE_PP_/Q (riscv)  aluout[21] (output)                     0.6054
dp.rf.rf[3][1]$_DFFE_PP_/Q (riscv)   aluout[2] (output)                      0.6305
dp.rf.rf[11][0]$_DFFE_PP_/Q (riscv)  aluout[8] (output)                      0.6463
dp.rf.rf[5][25]$_DFFE_PP_/Q (riscv)  aluout[7] (output)                      0.6988
dp.rf.rf[3][1]$_DFFE_PP_/Q (riscv)   aluout[3] (output)                      0.7683
dp.rf.rf[11][0]$_DFFE_PP_/Q (riscv)  aluout[6] (output)                      0.7715
dp.rf.rf[3][1]$_DFFE_PP_/Q (riscv)   aluout[15] (output)                     0.7746
dp.rf.rf[11][2]$_DFFE_PP_/Q (riscv)  aluout[13] (output)                     0.8141
dp.rf.rf[24][31]$_DFFE_PP_/Q (riscv) writedata[31] (output)                  2.9384
dp.rf.rf[1][15]$_DFFE_PP_/Q (riscv)  writedata[15] (output)                  3.0032
dp.rf.rf[19][10]$_DFFE_PP_/Q (riscv) writedata[10] (output)                  3.1089
dp.rf.rf[20][22]$_DFFE_PP_/Q (riscv) writedata[22] (output)                  3.1508
dp.rf.rf[15][4]$_DFFE_PP_/Q (riscv)  writedata[4] (output)                   3.1740
dp.rf.rf[11][19]$_DFFE_PP_/Q (riscv) writedata[19] (output)                  3.1908
dp.rf.rf[9][14]$_DFFE_PP_/Q (riscv)  writedata[14] (output)                  3.1945
dp.rf.rf[21][24]$_DFFE_PP_/Q (riscv) writedata[24] (output)                  3.2190
dp.rf.rf[11][2]$_DFFE_PP_/Q (riscv)  writedata[2] (output)                   3.2238
dp.rf.rf[9][9]$_DFFE_PP_/Q (riscv)   writedata[9] (output)                   3.2317
dp.rf.rf[31][3]$_DFFE_PP_/Q (riscv)  writedata[3] (output)                   3.2398
dp.rf.rf[23][28]$_DFFE_PP_/Q (riscv) writedata[28] (output)                  3.2453
dp.rf.rf[12][23]$_DFFE_PP_/Q (riscv) writedata[23] (output)                  3.2481
dp.rf.rf[14][5]$_DFFE_PP_/Q (riscv)  writedata[5] (output)                   3.2612
dp.rf.rf[11][16]$_DFFE_PP_/Q (riscv) writedata[16] (output)                  3.2954
dp.rf.rf[7][13]$_DFFE_PP_/Q (riscv)  writedata[13] (output)                  3.3127
dp.rf.rf[11][17]$_DFFE_PP_/Q (riscv) writedata[17] (output)                  3.3211
dp.rf.rf[0][12]$_DFFE_PP_/Q (riscv)  writedata[12] (output)                  3.3483
dp.rf.rf[12][29]$_DFFE_PP_/Q (riscv) writedata[29] (output)                  3.3686
dp.rf.rf[1][21]$_DFFE_PP_/Q (riscv)  writedata[21] (output)                  3.3727
dp.rf.rf[11][8]$_DFFE_PP_/Q (riscv)  writedata[8] (output)                   3.3781
dp.rf.rf[19][11]$_DFFE_PP_/Q (riscv) writedata[11] (output)                  3.3821
dp.rf.rf[3][20]$_DFFE_PP_/Q (riscv)  writedata[20] (output)                  3.3986
dp.rf.rf[1][26]$_DFFE_PP_/Q (riscv)  writedata[26] (output)                  3.4002
dp.rf.rf[7][25]$_DFFE_PP_/Q (riscv)  writedata[25] (output)                  3.4252
dp.rf.rf[1][18]$_DFFE_PP_/Q (riscv)  writedata[18] (output)                  3.4282
dp.rf.rf[8][27]$_DFFE_PP_/Q (riscv)  writedata[27] (output)                  3.4383
dp.rf.rf[24][30]$_DFFE_PP_/Q (riscv) writedata[30] (output)                  3.4628
dp.rf.rf[19][6]$_DFFE_PP_/Q (riscv)  writedata[6] (output)                   3.5156
dp.rf.rf[24][7]$_DFFE_PP_/Q (riscv)  writedata[7] (output)                   3.5234
dp.rf.rf[3][1]$_DFFE_PP_/Q (riscv)   writedata[1] (output)                   3.5575
dp.rf.rf[11][0]$_DFFE_PP_/Q (riscv)  writedata[0] (output)                   3.5588
dp.pcreg.q[25]$_DFF_PP0_/Q (riscv)   pc[25] (output)                         4.2654
dp.pcreg.q[27]$_DFF_PP0_/Q (riscv)   pc[27] (output)                         4.2917
dp.pcreg.q[22]$_DFF_PP0_/Q (riscv)   pc[22] (output)                         4.3397
dp.pcreg.q[30]$_DFF_PP0_/Q (riscv)   pc[30] (output)                         4.3410
dp.pcreg.q[24]$_DFF_PP0_/Q (riscv)   pc[24] (output)                         4.3503
dp.pcreg.q[23]$_DFF_PP0_/Q (riscv)   pc[23] (output)                         4.3576
dp.pcreg.q[26]$_DFF_PP0_/Q (riscv)   pc[26] (output)                         4.3639
dp.pcreg.q[28]$_DFF_PP0_/Q (riscv)   pc[28] (output)                         4.4236
dp.pcreg.q[31]$_DFF_PP0_/Q (riscv)   pc[31] (output)                         4.4309
dp.pcreg.q[29]$_DFF_PP0_/Q (riscv)   pc[29] (output)                         4.4543
dp.pcreg.q[15]$_DFF_PP0_/Q (riscv)   pc[15] (output)                         4.4582
dp.pcreg.q[17]$_DFF_PP0_/Q (riscv)   pc[17] (output)                         4.5067
dp.pcreg.q[11]$_DFF_PP0_/Q (riscv)   pc[11] (output)                         4.5250
dp.pcreg.q[16]$_DFF_PP0_/Q (riscv)   pc[16] (output)                         4.5367
dp.pcreg.q[8]$_DFF_PP0_/Q (riscv)    pc[8] (output)                          4.5731
dp.pcreg.q[12]$_DFF_PP0_/Q (riscv)   pc[12] (output)                         4.5824
dp.pcreg.q[18]$_DFF_PP0_/Q (riscv)   pc[18] (output)                         4.5909
dp.pcreg.q[9]$_DFF_PP0_/Q (riscv)    pc[9] (output)                          4.5923
dp.pcreg.q[13]$_DFF_PP0_/Q (riscv)   pc[13] (output)                         4.6106
dp.pcreg.q[21]$_DFF_PP0_/Q (riscv)   pc[21] (output)                         4.6128
dp.pcreg.q[2]$_DFF_PP0_/Q (riscv)    pc[2] (output)                          4.6166
dp.pcreg.q[14]$_DFF_PP0_/Q (riscv)   pc[14] (output)                         4.6234
dp.pcreg.q[6]$_DFF_PP0_/Q (riscv)    pc[6] (output)                          4.6280
dp.pcreg.q[20]$_DFF_PP0_/Q (riscv)   pc[20] (output)                         4.6331
dp.pcreg.q[4]$_DFF_PP0_/Q (riscv)    pc[4] (output)                          4.6394
dp.pcreg.q[19]$_DFF_PP0_/Q (riscv)   pc[19] (output)                         4.6486
dp.pcreg.q[5]$_DFF_PP0_/Q (riscv)    pc[5] (output)                          4.6497
dp.pcreg.q[3]$_DFF_PP0_/Q (riscv)    pc[3] (output)                          4.6560
dp.pcreg.q[7]$_DFF_PP0_/Q (riscv)    pc[7] (output)                          4.6790
dp.pcreg.q[10]$_DFF_PP0_/Q (riscv)   pc[10] (output)                         4.7030
dp.pcreg.q[1]$_DFFE_PP0P_/Q (riscv)  pc[1] (output)                          4.7456
dp.pcreg.q[0]$_DFFE_PP0P_/Q (riscv)  pc[0] (output)                          4.7546

===== HOLD endpoint paths =====
Startpoint                           Endpoint                                 Slack
----------------------------------------------------------------------------------
dp.pcreg.q[0]$_DFFE_PP0P_/Q (sky130_fd_sc_hd__dfrtp_1) dp.pcreg.q[0]$_DFFE_PP0P_/D (sky130_fd_sc_hd__dfrtp_1)    0.5849
dp.pcreg.q[1]$_DFFE_PP0P_/Q (sky130_fd_sc_hd__dfrtp_1) dp.pcreg.q[1]$_DFFE_PP0P_/D (sky130_fd_sc_hd__dfrtp_1)    0.5882
dp.pcreg.q[2]$_DFF_PP0_/Q (sky130_fd_sc_hd__dfrtp_1) dp.pcreg.q[2]$_DFF_PP0_/D (sky130_fd_sc_hd__dfrtp_1)    0.6571
dp.pcreg.q[7]$_DFF_PP0_/Q (sky130_fd_sc_hd__dfrtp_1) dp.pcreg.q[7]$_DFF_PP0_/D (sky130_fd_sc_hd__dfrtp_1)    0.6886
dp.pcreg.q[10]$_DFF_PP0_/Q (sky130_fd_sc_hd__dfrtp_1) dp.pcreg.q[10]$_DFF_PP0_/D (sky130_fd_sc_hd__dfrtp_1)    0.7054
dp.pcreg.q[4]$_DFF_PP0_/Q (sky130_fd_sc_hd__dfrtp_1) dp.pcreg.q[4]$_DFF_PP0_/D (sky130_fd_sc_hd__dfrtp_1)    0.7342
dp.pcreg.q[28]$_DFF_PP0_/Q (sky130_fd_sc_hd__dfrtp_1) dp.pcreg.q[28]$_DFF_PP0_/D (sky130_fd_sc_hd__dfrtp_1)    0.7398
dp.pcreg.q[20]$_DFF_PP0_/Q (sky130_fd_sc_hd__dfrtp_1) dp.pcreg.q[20]$_DFF_PP0_/D (sky130_fd_sc_hd__dfrtp_1)    0.7604
dp.pcreg.q[19]$_DFF_PP0_/Q (sky130_fd_sc_hd__dfrtp_1) dp.pcreg.q[19]$_DFF_PP0_/D (sky130_fd_sc_hd__dfrtp_1)    0.7760
dp.pcreg.q[14]$_DFF_PP0_/Q (sky130_fd_sc_hd__dfrtp_1) dp.pcreg.q[14]$_DFF_PP0_/D (sky130_fd_sc_hd__dfrtp_1)    0.7826
dp.pcreg.q[5]$_DFF_PP0_/Q (sky130_fd_sc_hd__dfrtp_1) dp.pcreg.q[5]$_DFF_PP0_/D (sky130_fd_sc_hd__dfrtp_1)    0.7894
dp.pcreg.q[21]$_DFF_PP0_/Q (sky130_fd_sc_hd__dfrtp_1) dp.pcreg.q[21]$_DFF_PP0_/D (sky130_fd_sc_hd__dfrtp_1)    0.7971
dp.pcreg.q[13]$_DFF_PP0_/Q (sky130_fd_sc_hd__dfrtp_1) dp.pcreg.q[13]$_DFF_PP0_/D (sky130_fd_sc_hd__dfrtp_1)    0.8016
dp.pcreg.q[18]$_DFF_PP0_/Q (sky130_fd_sc_hd__dfrtp_1) dp.pcreg.q[18]$_DFF_PP0_/D (sky130_fd_sc_hd__dfrtp_1)    0.8080
dp.pcreg.q[3]$_DFF_PP0_/Q (sky130_fd_sc_hd__dfrtp_1) dp.pcreg.q[3]$_DFF_PP0_/D (sky130_fd_sc_hd__dfrtp_1)    0.8123
dp.pcreg.q[22]$_DFF_PP0_/Q (sky130_fd_sc_hd__dfrtp_1) dp.pcreg.q[22]$_DFF_PP0_/D (sky130_fd_sc_hd__dfrtp_1)    0.8128
dp.pcreg.q[12]$_DFF_PP0_/Q (sky130_fd_sc_hd__dfrtp_1) dp.pcreg.q[12]$_DFF_PP0_/D (sky130_fd_sc_hd__dfrtp_1)    0.8172
dp.pcreg.q[6]$_DFF_PP0_/Q (sky130_fd_sc_hd__dfrtp_1) dp.pcreg.q[6]$_DFF_PP0_/D (sky130_fd_sc_hd__dfrtp_1)    0.8270
dp.pcreg.q[24]$_DFF_PP0_/Q (sky130_fd_sc_hd__dfrtp_1) dp.pcreg.q[24]$_DFF_PP0_/D (sky130_fd_sc_hd__dfrtp_1)    0.8335
dp.pcreg.q[16]$_DFF_PP0_/Q (sky130_fd_sc_hd__dfrtp_1) dp.pcreg.q[16]$_DFF_PP0_/D (sky130_fd_sc_hd__dfrtp_1)    0.8380
dp.pcreg.q[8]$_DFF_PP0_/Q (sky130_fd_sc_hd__dfrtp_1) dp.pcreg.q[8]$_DFF_PP0_/D (sky130_fd_sc_hd__dfrtp_1)    0.8435
dp.pcreg.q[9]$_DFF_PP0_/Q (sky130_fd_sc_hd__dfrtp_1) dp.pcreg.q[9]$_DFF_PP0_/D (sky130_fd_sc_hd__dfrtp_1)    0.8471
dp.pcreg.q[11]$_DFF_PP0_/Q (sky130_fd_sc_hd__dfrtp_1) dp.pcreg.q[11]$_DFF_PP0_/D (sky130_fd_sc_hd__dfrtp_1)    0.8628
dp.pcreg.q[17]$_DFF_PP0_/Q (sky130_fd_sc_hd__dfrtp_1) dp.pcreg.q[17]$_DFF_PP0_/D (sky130_fd_sc_hd__dfrtp_1)    0.8726
dp.pcreg.q[25]$_DFF_PP0_/Q (sky130_fd_sc_hd__dfrtp_1) dp.pcreg.q[25]$_DFF_PP0_/D (sky130_fd_sc_hd__dfrtp_1)    0.8798
dp.pcreg.q[28]$_DFF_PP0_/Q (sky130_fd_sc_hd__dfrtp_1) dp.pcreg.q[29]$_DFF_PP0_/D (sky130_fd_sc_hd__dfrtp_1)    0.8868
dp.pcreg.q[25]$_DFF_PP0_/Q (sky130_fd_sc_hd__dfrtp_1) dp.pcreg.q[27]$_DFF_PP0_/D (sky130_fd_sc_hd__dfrtp_1)    0.9071
dp.pcreg.q[15]$_DFF_PP0_/Q (sky130_fd_sc_hd__dfrtp_1) dp.pcreg.q[15]$_DFF_PP0_/D (sky130_fd_sc_hd__dfrtp_1)    0.9071
dp.pcreg.q[21]$_DFF_PP0_/Q (sky130_fd_sc_hd__dfrtp_1) dp.pcreg.q[23]$_DFF_PP0_/D (sky130_fd_sc_hd__dfrtp_1)    0.9765
dp.pcreg.q[25]$_DFF_PP0_/Q (sky130_fd_sc_hd__dfrtp_1) dp.pcreg.q[26]$_DFF_PP0_/D (sky130_fd_sc_hd__dfrtp_1)    1.0109
dp.pcreg.q[30]$_DFF_PP0_/Q (sky130_fd_sc_hd__dfrtp_1) dp.pcreg.q[30]$_DFF_PP0_/D (sky130_fd_sc_hd__dfrtp_1)    1.0225
dp.pcreg.q[31]$_DFF_PP0_/Q (sky130_fd_sc_hd__dfrtp_1) dp.pcreg.q[31]$_DFF_PP0_/D (sky130_fd_sc_hd__dfrtp_1)    1.0540
dp.pcreg.q[28]$_DFF_PP0_/Q (sky130_fd_sc_hd__edfxtp_1) dp.rf.rf[16][28]$_DFFE_PP_/D (sky130_fd_sc_hd__edfxtp_1)    1.0630
dp.pcreg.q[28]$_DFF_PP0_/Q (sky130_fd_sc_hd__edfxtp_1) dp.rf.rf[17][28]$_DFFE_PP_/D (sky130_fd_sc_hd__edfxtp_1)    1.0634
dp.pcreg.q[28]$_DFF_PP0_/Q (sky130_fd_sc_hd__edfxtp_1) dp.rf.rf[18][28]$_DFFE_PP_/D (sky130_fd_sc_hd__edfxtp_1)    1.0640
dp.pcreg.q[28]$_DFF_PP0_/Q (sky130_fd_sc_hd__edfxtp_1) dp.rf.rf[25][28]$_DFFE_PP_/D (sky130_fd_sc_hd__edfxtp_1)    1.0652
dp.pcreg.q[28]$_DFF_PP0_/Q (sky130_fd_sc_hd__edfxtp_1) dp.rf.rf[26][28]$_DFFE_PP_/D (sky130_fd_sc_hd__edfxtp_1)    1.0678
dp.pcreg.q[28]$_DFF_PP0_/Q (sky130_fd_sc_hd__edfxtp_1) dp.rf.rf[27][28]$_DFFE_PP_/D (sky130_fd_sc_hd__edfxtp_1)    1.0685
dp.pcreg.q[28]$_DFF_PP0_/Q (sky130_fd_sc_hd__edfxtp_1) dp.rf.rf[20][28]$_DFFE_PP_/D (sky130_fd_sc_hd__edfxtp_1)    1.0700
dp.pcreg.q[28]$_DFF_PP0_/Q (sky130_fd_sc_hd__edfxtp_1) dp.rf.rf[22][28]$_DFFE_PP_/D (sky130_fd_sc_hd__edfxtp_1)    1.0700
dp.pcreg.q[28]$_DFF_PP0_/Q (sky130_fd_sc_hd__edfxtp_1) dp.rf.rf[23][28]$_DFFE_PP_/D (sky130_fd_sc_hd__edfxtp_1)    1.0701
dp.pcreg.q[28]$_DFF_PP0_/Q (sky130_fd_sc_hd__edfxtp_1) dp.rf.rf[21][28]$_DFFE_PP_/D (sky130_fd_sc_hd__edfxtp_1)    1.0701
dp.pcreg.q[28]$_DFF_PP0_/Q (sky130_fd_sc_hd__edfxtp_1) dp.rf.rf[24][28]$_DFFE_PP_/D (sky130_fd_sc_hd__edfxtp_1)    1.0714
dp.pcreg.q[28]$_DFF_PP0_/Q (sky130_fd_sc_hd__edfxtp_1) dp.rf.rf[30][28]$_DFFE_PP_/D (sky130_fd_sc_hd__edfxtp_1)    1.0743
dp.pcreg.q[28]$_DFF_PP0_/Q (sky130_fd_sc_hd__edfxtp_1) dp.rf.rf[31][28]$_DFFE_PP_/D (sky130_fd_sc_hd__edfxtp_1)    1.0754
dp.pcreg.q[28]$_DFF_PP0_/Q (sky130_fd_sc_hd__edfxtp_1) dp.rf.rf[29][28]$_DFFE_PP_/D (sky130_fd_sc_hd__edfxtp_1)    1.0755
dp.pcreg.q[28]$_DFF_PP0_/Q (sky130_fd_sc_hd__edfxtp_1) dp.rf.rf[28][28]$_DFFE_PP_/D (sky130_fd_sc_hd__edfxtp_1)    1.0775
dp.pcreg.q[28]$_DFF_PP0_/Q (sky130_fd_sc_hd__edfxtp_1) dp.rf.rf[3][28]$_DFFE_PP_/D (sky130_fd_sc_hd__edfxtp_1)    1.0790
dp.pcreg.q[28]$_DFF_PP0_/Q (sky130_fd_sc_hd__edfxtp_1) dp.rf.rf[2][28]$_DFFE_PP_/D (sky130_fd_sc_hd__edfxtp_1)    1.0793
dp.pcreg.q[28]$_DFF_PP0_/Q (sky130_fd_sc_hd__edfxtp_1) dp.rf.rf[7][28]$_DFFE_PP_/D (sky130_fd_sc_hd__edfxtp_1)    1.0794
dp.pcreg.q[28]$_DFF_PP0_/Q (sky130_fd_sc_hd__edfxtp_1) dp.rf.rf[6][28]$_DFFE_PP_/D (sky130_fd_sc_hd__edfxtp_1)    1.0798
dp.pcreg.q[28]$_DFF_PP0_/Q (sky130_fd_sc_hd__edfxtp_1) dp.rf.rf[0][28]$_DFFE_PP_/D (sky130_fd_sc_hd__edfxtp_1)    1.0807
dp.pcreg.q[28]$_DFF_PP0_/Q (sky130_fd_sc_hd__edfxtp_1) dp.rf.rf[1][28]$_DFFE_PP_/D (sky130_fd_sc_hd__edfxtp_1)    1.0807
dp.pcreg.q[28]$_DFF_PP0_/Q (sky130_fd_sc_hd__edfxtp_1) dp.rf.rf[12][28]$_DFFE_PP_/D (sky130_fd_sc_hd__edfxtp_1)    1.0811
dp.pcreg.q[28]$_DFF_PP0_/Q (sky130_fd_sc_hd__edfxtp_1) dp.rf.rf[5][28]$_DFFE_PP_/D (sky130_fd_sc_hd__edfxtp_1)    1.0816
dp.pcreg.q[28]$_DFF_PP0_/Q (sky130_fd_sc_hd__edfxtp_1) dp.rf.rf[4][28]$_DFFE_PP_/D (sky130_fd_sc_hd__edfxtp_1)    1.0821
dp.pcreg.q[28]$_DFF_PP0_/Q (sky130_fd_sc_hd__edfxtp_1) dp.rf.rf[11][28]$_DFFE_PP_/D (sky130_fd_sc_hd__edfxtp_1)    1.0821
dp.pcreg.q[28]$_DFF_PP0_/Q (sky130_fd_sc_hd__edfxtp_1) dp.rf.rf[10][28]$_DFFE_PP_/D (sky130_fd_sc_hd__edfxtp_1)    1.0821
dp.pcreg.q[28]$_DFF_PP0_/Q (sky130_fd_sc_hd__edfxtp_1) dp.rf.rf[9][28]$_DFFE_PP_/D (sky130_fd_sc_hd__edfxtp_1)    1.0822
dp.pcreg.q[28]$_DFF_PP0_/Q (sky130_fd_sc_hd__edfxtp_1) dp.rf.rf[13][28]$_DFFE_PP_/D (sky130_fd_sc_hd__edfxtp_1)    1.0822
dp.pcreg.q[28]$_DFF_PP0_/Q (sky130_fd_sc_hd__edfxtp_1) dp.rf.rf[15][28]$_DFFE_PP_/D (sky130_fd_sc_hd__edfxtp_1)    1.0822
dp.pcreg.q[28]$_DFF_PP0_/Q (sky130_fd_sc_hd__edfxtp_1) dp.rf.rf[8][28]$_DFFE_PP_/D (sky130_fd_sc_hd__edfxtp_1)    1.0826
dp.pcreg.q[0]$_DFFE_PP0P_/Q (sky130_fd_sc_hd__edfxtp_1) dp.rf.rf[8][0]$_DFFE_PP_/D (sky130_fd_sc_hd__edfxtp_1)    1.0833
dp.pcreg.q[0]$_DFFE_PP0P_/Q (sky130_fd_sc_hd__edfxtp_1) dp.rf.rf[9][0]$_DFFE_PP_/D (sky130_fd_sc_hd__edfxtp_1)    1.0833
dp.pcreg.q[0]$_DFFE_PP0P_/Q (sky130_fd_sc_hd__edfxtp_1) dp.rf.rf[10][0]$_DFFE_PP_/D (sky130_fd_sc_hd__edfxtp_1)    1.0834
dp.pcreg.q[0]$_DFFE_PP0P_/Q (sky130_fd_sc_hd__edfxtp_1) dp.rf.rf[11][0]$_DFFE_PP_/D (sky130_fd_sc_hd__edfxtp_1)    1.0842
dp.pcreg.q[0]$_DFFE_PP0P_/Q (sky130_fd_sc_hd__edfxtp_1) dp.rf.rf[1][0]$_DFFE_PP_/D (sky130_fd_sc_hd__edfxtp_1)    1.0857
dp.pcreg.q[28]$_DFF_PP0_/Q (sky130_fd_sc_hd__edfxtp_1) dp.rf.rf[19][28]$_DFFE_PP_/D (sky130_fd_sc_hd__edfxtp_1)    1.0860
dp.pcreg.q[0]$_DFFE_PP0P_/Q (sky130_fd_sc_hd__edfxtp_1) dp.rf.rf[12][0]$_DFFE_PP_/D (sky130_fd_sc_hd__edfxtp_1)    1.0862
dp.pcreg.q[0]$_DFFE_PP0P_/Q (sky130_fd_sc_hd__edfxtp_1) dp.rf.rf[13][0]$_DFFE_PP_/D (sky130_fd_sc_hd__edfxtp_1)    1.0864
dp.pcreg.q[0]$_DFFE_PP0P_/Q (sky130_fd_sc_hd__edfxtp_1) dp.rf.rf[14][0]$_DFFE_PP_/D (sky130_fd_sc_hd__edfxtp_1)    1.0865
dp.pcreg.q[0]$_DFFE_PP0P_/Q (sky130_fd_sc_hd__edfxtp_1) dp.rf.rf[15][0]$_DFFE_PP_/D (sky130_fd_sc_hd__edfxtp_1)    1.0865
dp.pcreg.q[0]$_DFFE_PP0P_/Q (sky130_fd_sc_hd__edfxtp_1) dp.rf.rf[0][0]$_DFFE_PP_/D (sky130_fd_sc_hd__edfxtp_1)    1.0896
dp.pcreg.q[0]$_DFFE_PP0P_/Q (sky130_fd_sc_hd__edfxtp_1) dp.rf.rf[3][0]$_DFFE_PP_/D (sky130_fd_sc_hd__edfxtp_1)    1.0919
dp.pcreg.q[0]$_DFFE_PP0P_/Q (sky130_fd_sc_hd__edfxtp_1) dp.rf.rf[2][0]$_DFFE_PP_/D (sky130_fd_sc_hd__edfxtp_1)    1.0922
dp.pcreg.q[0]$_DFFE_PP0P_/Q (sky130_fd_sc_hd__edfxtp_1) dp.rf.rf[17][0]$_DFFE_PP_/D (sky130_fd_sc_hd__edfxtp_1)    1.0932
dp.pcreg.q[0]$_DFFE_PP0P_/Q (sky130_fd_sc_hd__edfxtp_1) dp.rf.rf[18][0]$_DFFE_PP_/D (sky130_fd_sc_hd__edfxtp_1)    1.0932
dp.pcreg.q[0]$_DFFE_PP0P_/Q (sky130_fd_sc_hd__edfxtp_1) dp.rf.rf[19][0]$_DFFE_PP_/D (sky130_fd_sc_hd__edfxtp_1)    1.0933
dp.pcreg.q[0]$_DFFE_PP0P_/Q (sky130_fd_sc_hd__edfxtp_1) dp.rf.rf[16][0]$_DFFE_PP_/D (sky130_fd_sc_hd__edfxtp_1)    1.0934
dp.pcreg.q[0]$_DFFE_PP0P_/Q (sky130_fd_sc_hd__edfxtp_1) dp.rf.rf[22][0]$_DFFE_PP_/D (sky130_fd_sc_hd__edfxtp_1)    1.0947
dp.pcreg.q[0]$_DFFE_PP0P_/Q (sky130_fd_sc_hd__edfxtp_1) dp.rf.rf[23][0]$_DFFE_PP_/D (sky130_fd_sc_hd__edfxtp_1)    1.0947
dp.pcreg.q[0]$_DFFE_PP0P_/Q (sky130_fd_sc_hd__edfxtp_1) dp.rf.rf[21][0]$_DFFE_PP_/D (sky130_fd_sc_hd__edfxtp_1)    1.0950
dp.pcreg.q[0]$_DFFE_PP0P_/Q (sky130_fd_sc_hd__edfxtp_1) dp.rf.rf[7][0]$_DFFE_PP_/D (sky130_fd_sc_hd__edfxtp_1)    1.0953
dp.pcreg.q[0]$_DFFE_PP0P_/Q (sky130_fd_sc_hd__edfxtp_1) dp.rf.rf[20][0]$_DFFE_PP_/D (sky130_fd_sc_hd__edfxtp_1)    1.0954
dp.pcreg.q[0]$_DFFE_PP0P_/Q (sky130_fd_sc_hd__edfxtp_1) dp.rf.rf[24][0]$_DFFE_PP_/D (sky130_fd_sc_hd__edfxtp_1)    1.0955
dp.pcreg.q[0]$_DFFE_PP0P_/Q (sky130_fd_sc_hd__edfxtp_1) dp.rf.rf[5][0]$_DFFE_PP_/D (sky130_fd_sc_hd__edfxtp_1)    1.0956
dp.pcreg.q[0]$_DFFE_PP0P_/Q (sky130_fd_sc_hd__edfxtp_1) dp.rf.rf[29][0]$_DFFE_PP_/D (sky130_fd_sc_hd__edfxtp_1)    1.0956
dp.pcreg.q[0]$_DFFE_PP0P_/Q (sky130_fd_sc_hd__edfxtp_1) dp.rf.rf[4][0]$_DFFE_PP_/D (sky130_fd_sc_hd__edfxtp_1)    1.0957
dp.pcreg.q[0]$_DFFE_PP0P_/Q (sky130_fd_sc_hd__edfxtp_1) dp.rf.rf[28][0]$_DFFE_PP_/D (sky130_fd_sc_hd__edfxtp_1)    1.0958
dp.pcreg.q[28]$_DFF_PP0_/Q (sky130_fd_sc_hd__edfxtp_1) dp.rf.rf[14][28]$_DFFE_PP_/D (sky130_fd_sc_hd__edfxtp_1)    1.0962
dp.pcreg.q[0]$_DFFE_PP0P_/Q (sky130_fd_sc_hd__edfxtp_1) dp.rf.rf[31][0]$_DFFE_PP_/D (sky130_fd_sc_hd__edfxtp_1)    1.0962
dp.pcreg.q[0]$_DFFE_PP0P_/Q (sky130_fd_sc_hd__edfxtp_1) dp.rf.rf[30][0]$_DFFE_PP_/D (sky130_fd_sc_hd__edfxtp_1)    1.0963
dp.pcreg.q[0]$_DFFE_PP0P_/Q (sky130_fd_sc_hd__edfxtp_1) dp.rf.rf[25][0]$_DFFE_PP_/D (sky130_fd_sc_hd__edfxtp_1)    1.0964
dp.pcreg.q[0]$_DFFE_PP0P_/Q (sky130_fd_sc_hd__edfxtp_1) dp.rf.rf[27][0]$_DFFE_PP_/D (sky130_fd_sc_hd__edfxtp_1)    1.0964
dp.pcreg.q[0]$_DFFE_PP0P_/Q (sky130_fd_sc_hd__edfxtp_1) dp.rf.rf[26][0]$_DFFE_PP_/D (sky130_fd_sc_hd__edfxtp_1)    1.0965
dp.pcreg.q[0]$_DFFE_PP0P_/Q (sky130_fd_sc_hd__edfxtp_1) dp.rf.rf[6][0]$_DFFE_PP_/D (sky130_fd_sc_hd__edfxtp_1)    1.0965
dp.pcreg.q[20]$_DFF_PP0_/Q (sky130_fd_sc_hd__edfxtp_1) dp.rf.rf[30][20]$_DFFE_PP_/D (sky130_fd_sc_hd__edfxtp_1)    1.1592
dp.pcreg.q[20]$_DFF_PP0_/Q (sky130_fd_sc_hd__edfxtp_1) dp.rf.rf[31][20]$_DFFE_PP_/D (sky130_fd_sc_hd__edfxtp_1)    1.1594
dp.pcreg.q[20]$_DFF_PP0_/Q (sky130_fd_sc_hd__edfxtp_1) dp.rf.rf[12][20]$_DFFE_PP_/D (sky130_fd_sc_hd__edfxtp_1)    1.1688
dp.pcreg.q[20]$_DFF_PP0_/Q (sky130_fd_sc_hd__edfxtp_1) dp.rf.rf[9][20]$_DFFE_PP_/D (sky130_fd_sc_hd__edfxtp_1)    1.1693
dp.pcreg.q[20]$_DFF_PP0_/Q (sky130_fd_sc_hd__edfxtp_1) dp.rf.rf[8][20]$_DFFE_PP_/D (sky130_fd_sc_hd__edfxtp_1)    1.1695
dp.pcreg.q[20]$_DFF_PP0_/Q (sky130_fd_sc_hd__edfxtp_1) dp.rf.rf[4][20]$_DFFE_PP_/D (sky130_fd_sc_hd__edfxtp_1)    1.1710
dp.pcreg.q[20]$_DFF_PP0_/Q (sky130_fd_sc_hd__edfxtp_1) dp.rf.rf[10][20]$_DFFE_PP_/D (sky130_fd_sc_hd__edfxtp_1)    1.1727
dp.pcreg.q[20]$_DFF_PP0_/Q (sky130_fd_sc_hd__edfxtp_1) dp.rf.rf[11][20]$_DFFE_PP_/D (sky130_fd_sc_hd__edfxtp_1)    1.1728
dp.pcreg.q[20]$_DFF_PP0_/Q (sky130_fd_sc_hd__edfxtp_1) dp.rf.rf[13][20]$_DFFE_PP_/D (sky130_fd_sc_hd__edfxtp_1)    1.1729
dp.pcreg.q[20]$_DFF_PP0_/Q (sky130_fd_sc_hd__edfxtp_1) dp.rf.rf[14][20]$_DFFE_PP_/D (sky130_fd_sc_hd__edfxtp_1)    1.1734
dp.pcreg.q[20]$_DFF_PP0_/Q (sky130_fd_sc_hd__edfxtp_1) dp.rf.rf[15][20]$_DFFE_PP_/D (sky130_fd_sc_hd__edfxtp_1)    1.1735
dp.pcreg.q[20]$_DFF_PP0_/Q (sky130_fd_sc_hd__edfxtp_1) dp.rf.rf[5][20]$_DFFE_PP_/D (sky130_fd_sc_hd__edfxtp_1)    1.1738
dp.pcreg.q[20]$_DFF_PP0_/Q (sky130_fd_sc_hd__edfxtp_1) dp.rf.rf[7][20]$_DFFE_PP_/D (sky130_fd_sc_hd__edfxtp_1)    1.1742
dp.pcreg.q[20]$_DFF_PP0_/Q (sky130_fd_sc_hd__edfxtp_1) dp.rf.rf[3][20]$_DFFE_PP_/D (sky130_fd_sc_hd__edfxtp_1)    1.1743
dp.pcreg.q[20]$_DFF_PP0_/Q (sky130_fd_sc_hd__edfxtp_1) dp.rf.rf[2][20]$_DFFE_PP_/D (sky130_fd_sc_hd__edfxtp_1)    1.1744
dp.pcreg.q[20]$_DFF_PP0_/Q (sky130_fd_sc_hd__edfxtp_1) dp.rf.rf[6][20]$_DFFE_PP_/D (sky130_fd_sc_hd__edfxtp_1)    1.1746
dp.pcreg.q[20]$_DFF_PP0_/Q (sky130_fd_sc_hd__edfxtp_1) dp.rf.rf[24][20]$_DFFE_PP_/D (sky130_fd_sc_hd__edfxtp_1)    1.1750
dp.pcreg.q[20]$_DFF_PP0_/Q (sky130_fd_sc_hd__edfxtp_1) dp.rf.rf[25][20]$_DFFE_PP_/D (sky130_fd_sc_hd__edfxtp_1)    1.1753
dp.pcreg.q[20]$_DFF_PP0_/Q (sky130_fd_sc_hd__edfxtp_1) dp.rf.rf[0][20]$_DFFE_PP_/D (sky130_fd_sc_hd__edfxtp_1)    1.1755
dp.pcreg.q[20]$_DFF_PP0_/Q (sky130_fd_sc_hd__edfxtp_1) dp.rf.rf[1][20]$_DFFE_PP_/D (sky130_fd_sc_hd__edfxtp_1)    1.1756
dp.pcreg.q[20]$_DFF_PP0_/Q (sky130_fd_sc_hd__edfxtp_1) dp.rf.rf[26][20]$_DFFE_PP_/D (sky130_fd_sc_hd__edfxtp_1)    1.1758
dp.pcreg.q[20]$_DFF_PP0_/Q (sky130_fd_sc_hd__edfxtp_1) dp.rf.rf[27][20]$_DFFE_PP_/D (sky130_fd_sc_hd__edfxtp_1)    1.1762
dp.pcreg.q[22]$_DFF_PP0_/Q (sky130_fd_sc_hd__edfxtp_1) dp.rf.rf[24][22]$_DFFE_PP_/D (sky130_fd_sc_hd__edfxtp_1)    1.1886
dp.pcreg.q[22]$_DFF_PP0_/Q (sky130_fd_sc_hd__edfxtp_1) dp.rf.rf[27][22]$_DFFE_PP_/D (sky130_fd_sc_hd__edfxtp_1)    1.1913
dp.pcreg.q[22]$_DFF_PP0_/Q (sky130_fd_sc_hd__edfxtp_1) dp.rf.rf[26][22]$_DFFE_PP_/D (sky130_fd_sc_hd__edfxtp_1)    1.1915
dp.pcreg.q[22]$_DFF_PP0_/Q (sky130_fd_sc_hd__edfxtp_1) dp.rf.rf[8][22]$_DFFE_PP_/D (sky130_fd_sc_hd__edfxtp_1)    1.1925
dp.pcreg.q[22]$_DFF_PP0_/Q (sky130_fd_sc_hd__edfxtp_1) dp.rf.rf[20][22]$_DFFE_PP_/D (sky130_fd_sc_hd__edfxtp_1)    1.1926
dp.pcreg.q[22]$_DFF_PP0_/Q (sky130_fd_sc_hd__edfxtp_1) dp.rf.rf[16][22]$_DFFE_PP_/D (sky130_fd_sc_hd__edfxtp_1)    1.1926
dp.pcreg.q[22]$_DFF_PP0_/Q (sky130_fd_sc_hd__edfxtp_1) dp.rf.rf[17][22]$_DFFE_PP_/D (sky130_fd_sc_hd__edfxtp_1)    1.1926
dp.pcreg.q[22]$_DFF_PP0_/Q (sky130_fd_sc_hd__edfxtp_1) dp.rf.rf[25][22]$_DFFE_PP_/D (sky130_fd_sc_hd__edfxtp_1)    1.1930
dp.pcreg.q[22]$_DFF_PP0_/Q (sky130_fd_sc_hd__edfxtp_1) dp.rf.rf[3][22]$_DFFE_PP_/D (sky130_fd_sc_hd__edfxtp_1)    1.1932
dp.pcreg.q[22]$_DFF_PP0_/Q (sky130_fd_sc_hd__edfxtp_1) dp.rf.rf[29][22]$_DFFE_PP_/D (sky130_fd_sc_hd__edfxtp_1)    1.1933
dp.pcreg.q[22]$_DFF_PP0_/Q (sky130_fd_sc_hd__edfxtp_1) dp.rf.rf[28][22]$_DFFE_PP_/D (sky130_fd_sc_hd__edfxtp_1)    1.1933
dp.pcreg.q[22]$_DFF_PP0_/Q (sky130_fd_sc_hd__edfxtp_1) dp.rf.rf[2][22]$_DFFE_PP_/D (sky130_fd_sc_hd__edfxtp_1)    1.1934
dp.pcreg.q[22]$_DFF_PP0_/Q (sky130_fd_sc_hd__edfxtp_1) dp.rf.rf[31][22]$_DFFE_PP_/D (sky130_fd_sc_hd__edfxtp_1)    1.1934
dp.pcreg.q[22]$_DFF_PP0_/Q (sky130_fd_sc_hd__edfxtp_1) dp.rf.rf[30][22]$_DFFE_PP_/D (sky130_fd_sc_hd__edfxtp_1)    1.1935
dp.pcreg.q[22]$_DFF_PP0_/Q (sky130_fd_sc_hd__edfxtp_1) dp.rf.rf[1][22]$_DFFE_PP_/D (sky130_fd_sc_hd__edfxtp_1)    1.1936
dp.pcreg.q[22]$_DFF_PP0_/Q (sky130_fd_sc_hd__edfxtp_1) dp.rf.rf[21][22]$_DFFE_PP_/D (sky130_fd_sc_hd__edfxtp_1)    1.1936
dp.pcreg.q[22]$_DFF_PP0_/Q (sky130_fd_sc_hd__edfxtp_1) dp.rf.rf[23][22]$_DFFE_PP_/D (sky130_fd_sc_hd__edfxtp_1)    1.1937
dp.pcreg.q[22]$_DFF_PP0_/Q (sky130_fd_sc_hd__edfxtp_1) dp.rf.rf[22][22]$_DFFE_PP_/D (sky130_fd_sc_hd__edfxtp_1)    1.1937
dp.pcreg.q[22]$_DFF_PP0_/Q (sky130_fd_sc_hd__edfxtp_1) dp.rf.rf[19][22]$_DFFE_PP_/D (sky130_fd_sc_hd__edfxtp_1)    1.1937
dp.pcreg.q[22]$_DFF_PP0_/Q (sky130_fd_sc_hd__edfxtp_1) dp.rf.rf[0][22]$_DFFE_PP_/D (sky130_fd_sc_hd__edfxtp_1)    1.1938
dp.pcreg.q[22]$_DFF_PP0_/Q (sky130_fd_sc_hd__edfxtp_1) dp.rf.rf[18][22]$_DFFE_PP_/D (sky130_fd_sc_hd__edfxtp_1)    1.1940
dp.pcreg.q[22]$_DFF_PP0_/Q (sky130_fd_sc_hd__edfxtp_1) dp.rf.rf[4][22]$_DFFE_PP_/D (sky130_fd_sc_hd__edfxtp_1)    1.1943
dp.pcreg.q[22]$_DFF_PP0_/Q (sky130_fd_sc_hd__edfxtp_1) dp.rf.rf[5][22]$_DFFE_PP_/D (sky130_fd_sc_hd__edfxtp_1)    1.1944
dp.pcreg.q[22]$_DFF_PP0_/Q (sky130_fd_sc_hd__edfxtp_1) dp.rf.rf[11][22]$_DFFE_PP_/D (sky130_fd_sc_hd__edfxtp_1)    1.1949
dp.pcreg.q[22]$_DFF_PP0_/Q (sky130_fd_sc_hd__edfxtp_1) dp.rf.rf[9][22]$_DFFE_PP_/D (sky130_fd_sc_hd__edfxtp_1)    1.1949
dp.pcreg.q[22]$_DFF_PP0_/Q (sky130_fd_sc_hd__edfxtp_1) dp.rf.rf[10][22]$_DFFE_PP_/D (sky130_fd_sc_hd__edfxtp_1)    1.1950
dp.pcreg.q[22]$_DFF_PP0_/Q (sky130_fd_sc_hd__edfxtp_1) dp.rf.rf[15][22]$_DFFE_PP_/D (sky130_fd_sc_hd__edfxtp_1)    1.1956
dp.pcreg.q[22]$_DFF_PP0_/Q (sky130_fd_sc_hd__edfxtp_1) dp.rf.rf[7][22]$_DFFE_PP_/D (sky130_fd_sc_hd__edfxtp_1)    1.1956
dp.pcreg.q[22]$_DFF_PP0_/Q (sky130_fd_sc_hd__edfxtp_1) dp.rf.rf[12][22]$_DFFE_PP_/D (sky130_fd_sc_hd__edfxtp_1)    1.1977
dp.pcreg.q[22]$_DFF_PP0_/Q (sky130_fd_sc_hd__edfxtp_1) dp.rf.rf[13][22]$_DFFE_PP_/D (sky130_fd_sc_hd__edfxtp_1)    1.1980
dp.pcreg.q[22]$_DFF_PP0_/Q (sky130_fd_sc_hd__edfxtp_1) dp.rf.rf[6][22]$_DFFE_PP_/D (sky130_fd_sc_hd__edfxtp_1)    1.1984
dp.pcreg.q[22]$_DFF_PP0_/Q (sky130_fd_sc_hd__edfxtp_1) dp.rf.rf[14][22]$_DFFE_PP_/D (sky130_fd_sc_hd__edfxtp_1)    1.1985
dp.pcreg.q[19]$_DFF_PP0_/Q (sky130_fd_sc_hd__edfxtp_1) dp.rf.rf[8][19]$_DFFE_PP_/D (sky130_fd_sc_hd__edfxtp_1)    1.2227
dp.pcreg.q[19]$_DFF_PP0_/Q (sky130_fd_sc_hd__edfxtp_1) dp.rf.rf[9][19]$_DFFE_PP_/D (sky130_fd_sc_hd__edfxtp_1)    1.2245
dp.pcreg.q[19]$_DFF_PP0_/Q (sky130_fd_sc_hd__edfxtp_1) dp.rf.rf[10][19]$_DFFE_PP_/D (sky130_fd_sc_hd__edfxtp_1)    1.2246
dp.pcreg.q[19]$_DFF_PP0_/Q (sky130_fd_sc_hd__edfxtp_1) dp.rf.rf[11][19]$_DFFE_PP_/D (sky130_fd_sc_hd__edfxtp_1)    1.2251
dp.pcreg.q[19]$_DFF_PP0_/Q (sky130_fd_sc_hd__edfxtp_1) dp.rf.rf[15][19]$_DFFE_PP_/D (sky130_fd_sc_hd__edfxtp_1)    1.2269
dp.pcreg.q[19]$_DFF_PP0_/Q (sky130_fd_sc_hd__edfxtp_1) dp.rf.rf[14][19]$_DFFE_PP_/D (sky130_fd_sc_hd__edfxtp_1)    1.2281
dp.pcreg.q[19]$_DFF_PP0_/Q (sky130_fd_sc_hd__edfxtp_1) dp.rf.rf[12][19]$_DFFE_PP_/D (sky130_fd_sc_hd__edfxtp_1)    1.2285
dp.pcreg.q[19]$_DFF_PP0_/Q (sky130_fd_sc_hd__edfxtp_1) dp.rf.rf[5][19]$_DFFE_PP_/D (sky130_fd_sc_hd__edfxtp_1)    1.2291
dp.pcreg.q[19]$_DFF_PP0_/Q (sky130_fd_sc_hd__edfxtp_1) dp.rf.rf[13][19]$_DFFE_PP_/D (sky130_fd_sc_hd__edfxtp_1)    1.2291
dp.pcreg.q[2]$_DFF_PP0_/Q (sky130_fd_sc_hd__edfxtp_1) dp.rf.rf[13][2]$_DFFE_PP_/D (sky130_fd_sc_hd__edfxtp_1)    1.2294
dp.pcreg.q[2]$_DFF_PP0_/Q (sky130_fd_sc_hd__edfxtp_1) dp.rf.rf[12][2]$_DFFE_PP_/D (sky130_fd_sc_hd__edfxtp_1)    1.2298
dp.pcreg.q[20]$_DFF_PP0_/Q (sky130_fd_sc_hd__edfxtp_1) dp.rf.rf[29][20]$_DFFE_PP_/D (sky130_fd_sc_hd__edfxtp_1)    1.2301
dp.pcreg.q[19]$_DFF_PP0_/Q (sky130_fd_sc_hd__edfxtp_1) dp.rf.rf[7][19]$_DFFE_PP_/D (sky130_fd_sc_hd__edfxtp_1)    1.2303
dp.pcreg.q[19]$_DFF_PP0_/Q (sky130_fd_sc_hd__edfxtp_1) dp.rf.rf[6][19]$_DFFE_PP_/D (sky130_fd_sc_hd__edfxtp_1)    1.2303
dp.pcreg.q[19]$_DFF_PP0_/Q (sky130_fd_sc_hd__edfxtp_1) dp.rf.rf[4][19]$_DFFE_PP_/D (sky130_fd_sc_hd__edfxtp_1)    1.2304
dp.pcreg.q[20]$_DFF_PP0_/Q (sky130_fd_sc_hd__edfxtp_1) dp.rf.rf[23][20]$_DFFE_PP_/D (sky130_fd_sc_hd__edfxtp_1)    1.2304
dp.pcreg.q[2]$_DFF_PP0_/Q (sky130_fd_sc_hd__edfxtp_1) dp.rf.rf[11][2]$_DFFE_PP_/D (sky130_fd_sc_hd__edfxtp_1)    1.2304
dp.pcreg.q[20]$_DFF_PP0_/Q (sky130_fd_sc_hd__edfxtp_1) dp.rf.rf[22][20]$_DFFE_PP_/D (sky130_fd_sc_hd__edfxtp_1)    1.2306
dp.pcreg.q[19]$_DFF_PP0_/Q (sky130_fd_sc_hd__edfxtp_1) dp.rf.rf[1][19]$_DFFE_PP_/D (sky130_fd_sc_hd__edfxtp_1)    1.2306
dp.pcreg.q[20]$_DFF_PP0_/Q (sky130_fd_sc_hd__edfxtp_1) dp.rf.rf[28][20]$_DFFE_PP_/D (sky130_fd_sc_hd__edfxtp_1)    1.2308
dp.pcreg.q[19]$_DFF_PP0_/Q (sky130_fd_sc_hd__edfxtp_1) dp.rf.rf[2][19]$_DFFE_PP_/D (sky130_fd_sc_hd__edfxtp_1)    1.2309
dp.pcreg.q[20]$_DFF_PP0_/Q (sky130_fd_sc_hd__edfxtp_1) dp.rf.rf[19][20]$_DFFE_PP_/D (sky130_fd_sc_hd__edfxtp_1)    1.2315
dp.pcreg.q[20]$_DFF_PP0_/Q (sky130_fd_sc_hd__edfxtp_1) dp.rf.rf[21][20]$_DFFE_PP_/D (sky130_fd_sc_hd__edfxtp_1)    1.2315
dp.pcreg.q[20]$_DFF_PP0_/Q (sky130_fd_sc_hd__edfxtp_1) dp.rf.rf[20][20]$_DFFE_PP_/D (sky130_fd_sc_hd__edfxtp_1)    1.2316
dp.pcreg.q[19]$_DFF_PP0_/Q (sky130_fd_sc_hd__edfxtp_1) dp.rf.rf[3][19]$_DFFE_PP_/D (sky130_fd_sc_hd__edfxtp_1)    1.2317
dp.pcreg.q[20]$_DFF_PP0_/Q (sky130_fd_sc_hd__edfxtp_1) dp.rf.rf[18][20]$_DFFE_PP_/D (sky130_fd_sc_hd__edfxtp_1)    1.2321
dp.pcreg.q[20]$_DFF_PP0_/Q (sky130_fd_sc_hd__edfxtp_1) dp.rf.rf[16][20]$_DFFE_PP_/D (sky130_fd_sc_hd__edfxtp_1)    1.2321
dp.pcreg.q[20]$_DFF_PP0_/Q (sky130_fd_sc_hd__edfxtp_1) dp.rf.rf[17][20]$_DFFE_PP_/D (sky130_fd_sc_hd__edfxtp_1)    1.2324
dp.pcreg.q[19]$_DFF_PP0_/Q (sky130_fd_sc_hd__edfxtp_1) dp.rf.rf[24][19]$_DFFE_PP_/D (sky130_fd_sc_hd__edfxtp_1)    1.2328
dp.pcreg.q[19]$_DFF_PP0_/Q (sky130_fd_sc_hd__edfxtp_1) dp.rf.rf[20][19]$_DFFE_PP_/D (sky130_fd_sc_hd__edfxtp_1)    1.2329
dp.pcreg.q[19]$_DFF_PP0_/Q (sky130_fd_sc_hd__edfxtp_1) dp.rf.rf[25][19]$_DFFE_PP_/D (sky130_fd_sc_hd__edfxtp_1)    1.2329
dp.pcreg.q[19]$_DFF_PP0_/Q (sky130_fd_sc_hd__edfxtp_1) dp.rf.rf[26][19]$_DFFE_PP_/D (sky130_fd_sc_hd__edfxtp_1)    1.2332
dp.pcreg.q[19]$_DFF_PP0_/Q (sky130_fd_sc_hd__edfxtp_1) dp.rf.rf[27][19]$_DFFE_PP_/D (sky130_fd_sc_hd__edfxtp_1)    1.2334
dp.pcreg.q[19]$_DFF_PP0_/Q (sky130_fd_sc_hd__edfxtp_1) dp.rf.rf[0][19]$_DFFE_PP_/D (sky130_fd_sc_hd__edfxtp_1)    1.2336
dp.pcreg.q[19]$_DFF_PP0_/Q (sky130_fd_sc_hd__edfxtp_1) dp.rf.rf[30][19]$_DFFE_PP_/D (sky130_fd_sc_hd__edfxtp_1)    1.2337
dp.pcreg.q[19]$_DFF_PP0_/Q (sky130_fd_sc_hd__edfxtp_1) dp.rf.rf[31][19]$_DFFE_PP_/D (sky130_fd_sc_hd__edfxtp_1)    1.2357
dp.pcreg.q[19]$_DFF_PP0_/Q (sky130_fd_sc_hd__edfxtp_1) dp.rf.rf[28][19]$_DFFE_PP_/D (sky130_fd_sc_hd__edfxtp_1)    1.2358
dp.pcreg.q[2]$_DFF_PP0_/Q (sky130_fd_sc_hd__edfxtp_1) dp.rf.rf[15][2]$_DFFE_PP_/D (sky130_fd_sc_hd__edfxtp_1)    1.2362
dp.pcreg.q[2]$_DFF_PP0_/Q (sky130_fd_sc_hd__edfxtp_1) dp.rf.rf[10][2]$_DFFE_PP_/D (sky130_fd_sc_hd__edfxtp_1)    1.2364
dp.pcreg.q[2]$_DFF_PP0_/Q (sky130_fd_sc_hd__edfxtp_1) dp.rf.rf[9][2]$_DFFE_PP_/D (sky130_fd_sc_hd__edfxtp_1)    1.2365
dp.pcreg.q[2]$_DFF_PP0_/Q (sky130_fd_sc_hd__edfxtp_1) dp.rf.rf[8][2]$_DFFE_PP_/D (sky130_fd_sc_hd__edfxtp_1)    1.2365
dp.pcreg.q[19]$_DFF_PP0_/Q (sky130_fd_sc_hd__edfxtp_1) dp.rf.rf[16][19]$_DFFE_PP_/D (sky130_fd_sc_hd__edfxtp_1)    1.2371
dp.pcreg.q[19]$_DFF_PP0_/Q (sky130_fd_sc_hd__edfxtp_1) dp.rf.rf[17][19]$_DFFE_PP_/D (sky130_fd_sc_hd__edfxtp_1)    1.2372
dp.pcreg.q[19]$_DFF_PP0_/Q (sky130_fd_sc_hd__edfxtp_1) dp.rf.rf[19][19]$_DFFE_PP_/D (sky130_fd_sc_hd__edfxtp_1)    1.2373
dp.pcreg.q[19]$_DFF_PP0_/Q (sky130_fd_sc_hd__edfxtp_1) dp.rf.rf[18][19]$_DFFE_PP_/D (sky130_fd_sc_hd__edfxtp_1)    1.2373
dp.pcreg.q[2]$_DFF_PP0_/Q (sky130_fd_sc_hd__edfxtp_1) dp.rf.rf[14][2]$_DFFE_PP_/D (sky130_fd_sc_hd__edfxtp_1)    1.2377
dp.pcreg.q[19]$_DFF_PP0_/Q (sky130_fd_sc_hd__edfxtp_1) dp.rf.rf[29][19]$_DFFE_PP_/D (sky130_fd_sc_hd__edfxtp_1)    1.2380
dp.pcreg.q[19]$_DFF_PP0_/Q (sky130_fd_sc_hd__edfxtp_1) dp.rf.rf[23][19]$_DFFE_PP_/D (sky130_fd_sc_hd__edfxtp_1)    1.2382
dp.pcreg.q[19]$_DFF_PP0_/Q (sky130_fd_sc_hd__edfxtp_1) dp.rf.rf[21][19]$_DFFE_PP_/D (sky130_fd_sc_hd__edfxtp_1)    1.2383
dp.pcreg.q[19]$_DFF_PP0_/Q (sky130_fd_sc_hd__edfxtp_1) dp.rf.rf[22][19]$_DFFE_PP_/D (sky130_fd_sc_hd__edfxtp_1)    1.2384
dp.pcreg.q[2]$_DFF_PP0_/Q (sky130_fd_sc_hd__edfxtp_1) dp.rf.rf[4][2]$_DFFE_PP_/D (sky130_fd_sc_hd__edfxtp_1)    1.2395
dp.pcreg.q[2]$_DFF_PP0_/Q (sky130_fd_sc_hd__edfxtp_1) dp.rf.rf[0][2]$_DFFE_PP_/D (sky130_fd_sc_hd__edfxtp_1)    1.2404
dp.pcreg.q[2]$_DFF_PP0_/Q (sky130_fd_sc_hd__edfxtp_1) dp.rf.rf[5][2]$_DFFE_PP_/D (sky130_fd_sc_hd__edfxtp_1)    1.2407
dp.pcreg.q[2]$_DFF_PP0_/Q (sky130_fd_sc_hd__edfxtp_1) dp.rf.rf[6][2]$_DFFE_PP_/D (sky130_fd_sc_hd__edfxtp_1)    1.2408
dp.pcreg.q[2]$_DFF_PP0_/Q (sky130_fd_sc_hd__edfxtp_1) dp.rf.rf[7][2]$_DFFE_PP_/D (sky130_fd_sc_hd__edfxtp_1)    1.2408
dp.pcreg.q[2]$_DFF_PP0_/Q (sky130_fd_sc_hd__edfxtp_1) dp.rf.rf[3][2]$_DFFE_PP_/D (sky130_fd_sc_hd__edfxtp_1)    1.2417
dp.pcreg.q[2]$_DFF_PP0_/Q (sky130_fd_sc_hd__edfxtp_1) dp.rf.rf[1][2]$_DFFE_PP_/D (sky130_fd_sc_hd__edfxtp_1)    1.2419
dp.pcreg.q[2]$_DFF_PP0_/Q (sky130_fd_sc_hd__edfxtp_1) dp.rf.rf[2][2]$_DFFE_PP_/D (sky130_fd_sc_hd__edfxtp_1)    1.2420
dp.pcreg.q[2]$_DFF_PP0_/Q (sky130_fd_sc_hd__edfxtp_1) dp.rf.rf[24][2]$_DFFE_PP_/D (sky130_fd_sc_hd__edfxtp_1)    1.2426
dp.pcreg.q[2]$_DFF_PP0_/Q (sky130_fd_sc_hd__edfxtp_1) dp.rf.rf[18][2]$_DFFE_PP_/D (sky130_fd_sc_hd__edfxtp_1)    1.2460
dp.pcreg.q[2]$_DFF_PP0_/Q (sky130_fd_sc_hd__edfxtp_1) dp.rf.rf[19][2]$_DFFE_PP_/D (sky130_fd_sc_hd__edfxtp_1)    1.2460
dp.pcreg.q[2]$_DFF_PP0_/Q (sky130_fd_sc_hd__edfxtp_1) dp.rf.rf[17][2]$_DFFE_PP_/D (sky130_fd_sc_hd__edfxtp_1)    1.2461
dp.pcreg.q[2]$_DFF_PP0_/Q (sky130_fd_sc_hd__edfxtp_1) dp.rf.rf[25][2]$_DFFE_PP_/D (sky130_fd_sc_hd__edfxtp_1)    1.2463
dp.pcreg.q[2]$_DFF_PP0_/Q (sky130_fd_sc_hd__edfxtp_1) dp.rf.rf[26][2]$_DFFE_PP_/D (sky130_fd_sc_hd__edfxtp_1)    1.2463
dp.pcreg.q[2]$_DFF_PP0_/Q (sky130_fd_sc_hd__edfxtp_1) dp.rf.rf[16][2]$_DFFE_PP_/D (sky130_fd_sc_hd__edfxtp_1)    1.2467
dp.pcreg.q[2]$_DFF_PP0_/Q (sky130_fd_sc_hd__edfxtp_1) dp.rf.rf[22][2]$_DFFE_PP_/D (sky130_fd_sc_hd__edfxtp_1)    1.2468
dp.pcreg.q[2]$_DFF_PP0_/Q (sky130_fd_sc_hd__edfxtp_1) dp.rf.rf[23][2]$_DFFE_PP_/D (sky130_fd_sc_hd__edfxtp_1)    1.2468
dp.pcreg.q[2]$_DFF_PP0_/Q (sky130_fd_sc_hd__edfxtp_1) dp.rf.rf[27][2]$_DFFE_PP_/D (sky130_fd_sc_hd__edfxtp_1)    1.2468
dp.pcreg.q[2]$_DFF_PP0_/Q (sky130_fd_sc_hd__edfxtp_1) dp.rf.rf[21][2]$_DFFE_PP_/D (sky130_fd_sc_hd__edfxtp_1)    1.2468
dp.pcreg.q[2]$_DFF_PP0_/Q (sky130_fd_sc_hd__edfxtp_1) dp.rf.rf[28][2]$_DFFE_PP_/D (sky130_fd_sc_hd__edfxtp_1)    1.2469
dp.pcreg.q[2]$_DFF_PP0_/Q (sky130_fd_sc_hd__edfxtp_1) dp.rf.rf[29][2]$_DFFE_PP_/D (sky130_fd_sc_hd__edfxtp_1)    1.2469
dp.pcreg.q[2]$_DFF_PP0_/Q (sky130_fd_sc_hd__edfxtp_1) dp.rf.rf[30][2]$_DFFE_PP_/D (sky130_fd_sc_hd__edfxtp_1)    1.2469
dp.pcreg.q[2]$_DFF_PP0_/Q (sky130_fd_sc_hd__edfxtp_1) dp.rf.rf[31][2]$_DFFE_PP_/D (sky130_fd_sc_hd__edfxtp_1)    1.2469
dp.pcreg.q[2]$_DFF_PP0_/Q (sky130_fd_sc_hd__edfxtp_1) dp.rf.rf[20][2]$_DFFE_PP_/D (sky130_fd_sc_hd__edfxtp_1)    1.2469
dp.pcreg.q[21]$_DFF_PP0_/Q (sky130_fd_sc_hd__edfxtp_1) dp.rf.rf[1][21]$_DFFE_PP_/D (sky130_fd_sc_hd__edfxtp_1)    1.2497
dp.pcreg.q[21]$_DFF_PP0_/Q (sky130_fd_sc_hd__edfxtp_1) dp.rf.rf[2][21]$_DFFE_PP_/D (sky130_fd_sc_hd__edfxtp_1)    1.2498
dp.pcreg.q[21]$_DFF_PP0_/Q (sky130_fd_sc_hd__edfxtp_1) dp.rf.rf[3][21]$_DFFE_PP_/D (sky130_fd_sc_hd__edfxtp_1)    1.2500
dp.pcreg.q[18]$_DFF_PP0_/Q (sky130_fd_sc_hd__edfxtp_1) dp.rf.rf[27][18]$_DFFE_PP_/D (sky130_fd_sc_hd__edfxtp_1)    1.2505
dp.pcreg.q[18]$_DFF_PP0_/Q (sky130_fd_sc_hd__edfxtp_1) dp.rf.rf[25][18]$_DFFE_PP_/D (sky130_fd_sc_hd__edfxtp_1)    1.2506
dp.pcreg.q[18]$_DFF_PP0_/Q (sky130_fd_sc_hd__edfxtp_1) dp.rf.rf[26][18]$_DFFE_PP_/D (sky130_fd_sc_hd__edfxtp_1)    1.2506
dp.pcreg.q[18]$_DFF_PP0_/Q (sky130_fd_sc_hd__edfxtp_1) dp.rf.rf[31][18]$_DFFE_PP_/D (sky130_fd_sc_hd__edfxtp_1)    1.2517
dp.pcreg.q[18]$_DFF_PP0_/Q (sky130_fd_sc_hd__edfxtp_1) dp.rf.rf[30][18]$_DFFE_PP_/D (sky130_fd_sc_hd__edfxtp_1)    1.2525
dp.pcreg.q[18]$_DFF_PP0_/Q (sky130_fd_sc_hd__edfxtp_1) dp.rf.rf[17][18]$_DFFE_PP_/D (sky130_fd_sc_hd__edfxtp_1)    1.2526
dp.pcreg.q[18]$_DFF_PP0_/Q (sky130_fd_sc_hd__edfxtp_1) dp.rf.rf[16][18]$_DFFE_PP_/D (sky130_fd_sc_hd__edfxtp_1)    1.2527
dp.pcreg.q[18]$_DFF_PP0_/Q (sky130_fd_sc_hd__edfxtp_1) dp.rf.rf[20][18]$_DFFE_PP_/D (sky130_fd_sc_hd__edfxtp_1)    1.2561
dp.pcreg.q[18]$_DFF_PP0_/Q (sky130_fd_sc_hd__edfxtp_1) dp.rf.rf[21][18]$_DFFE_PP_/D (sky130_fd_sc_hd__edfxtp_1)    1.2563
dp.pcreg.q[18]$_DFF_PP0_/Q (sky130_fd_sc_hd__edfxtp_1) dp.rf.rf[23][18]$_DFFE_PP_/D (sky130_fd_sc_hd__edfxtp_1)    1.2569
dp.pcreg.q[18]$_DFF_PP0_/Q (sky130_fd_sc_hd__edfxtp_1) dp.rf.rf[18][18]$_DFFE_PP_/D (sky130_fd_sc_hd__edfxtp_1)    1.2572
dp.pcreg.q[18]$_DFF_PP0_/Q (sky130_fd_sc_hd__edfxtp_1) dp.rf.rf[22][18]$_DFFE_PP_/D (sky130_fd_sc_hd__edfxtp_1)    1.2578
dp.pcreg.q[18]$_DFF_PP0_/Q (sky130_fd_sc_hd__edfxtp_1) dp.rf.rf[19][18]$_DFFE_PP_/D (sky130_fd_sc_hd__edfxtp_1)    1.2583
dp.pcreg.q[21]$_DFF_PP0_/Q (sky130_fd_sc_hd__edfxtp_1) dp.rf.rf[18][21]$_DFFE_PP_/D (sky130_fd_sc_hd__edfxtp_1)    1.2607
dp.pcreg.q[21]$_DFF_PP0_/Q (sky130_fd_sc_hd__edfxtp_1) dp.rf.rf[19][21]$_DFFE_PP_/D (sky130_fd_sc_hd__edfxtp_1)    1.2607
dp.pcreg.q[21]$_DFF_PP0_/Q (sky130_fd_sc_hd__edfxtp_1) dp.rf.rf[16][21]$_DFFE_PP_/D (sky130_fd_sc_hd__edfxtp_1)    1.2608
dp.pcreg.q[21]$_DFF_PP0_/Q (sky130_fd_sc_hd__edfxtp_1) dp.rf.rf[27][21]$_DFFE_PP_/D (sky130_fd_sc_hd__edfxtp_1)    1.2614
dp.pcreg.q[21]$_DFF_PP0_/Q (sky130_fd_sc_hd__edfxtp_1) dp.rf.rf[17][21]$_DFFE_PP_/D (sky130_fd_sc_hd__edfxtp_1)    1.2616
dp.pcreg.q[18]$_DFF_PP0_/Q (sky130_fd_sc_hd__edfxtp_1) dp.rf.rf[0][18]$_DFFE_PP_/D (sky130_fd_sc_hd__edfxtp_1)    1.2618
dp.pcreg.q[18]$_DFF_PP0_/Q (sky130_fd_sc_hd__edfxtp_1) dp.rf.rf[1][18]$_DFFE_PP_/D (sky130_fd_sc_hd__edfxtp_1)    1.2618
dp.pcreg.q[18]$_DFF_PP0_/Q (sky130_fd_sc_hd__edfxtp_1) dp.rf.rf[2][18]$_DFFE_PP_/D (sky130_fd_sc_hd__edfxtp_1)    1.2621
dp.pcreg.q[21]$_DFF_PP0_/Q (sky130_fd_sc_hd__edfxtp_1) dp.rf.rf[31][21]$_DFFE_PP_/D (sky130_fd_sc_hd__edfxtp_1)    1.2621
dp.pcreg.q[18]$_DFF_PP0_/Q (sky130_fd_sc_hd__edfxtp_1) dp.rf.rf[3][18]$_DFFE_PP_/D (sky130_fd_sc_hd__edfxtp_1)    1.2623
dp.pcreg.q[21]$_DFF_PP0_/Q (sky130_fd_sc_hd__edfxtp_1) dp.rf.rf[24][21]$_DFFE_PP_/D (sky130_fd_sc_hd__edfxtp_1)    1.2623
dp.pcreg.q[25]$_DFF_PP0_/Q (sky130_fd_sc_hd__edfxtp_1) dp.rf.rf[12][25]$_DFFE_PP_/D (sky130_fd_sc_hd__edfxtp_1)    1.2624
dp.pcreg.q[18]$_DFF_PP0_/Q (sky130_fd_sc_hd__edfxtp_1) dp.rf.rf[15][18]$_DFFE_PP_/D (sky130_fd_sc_hd__edfxtp_1)    1.2627
dp.pcreg.q[21]$_DFF_PP0_/Q (sky130_fd_sc_hd__edfxtp_1) dp.rf.rf[29][21]$_DFFE_PP_/D (sky130_fd_sc_hd__edfxtp_1)    1.2627
dp.pcreg.q[18]$_DFF_PP0_/Q (sky130_fd_sc_hd__edfxtp_1) dp.rf.rf[14][18]$_DFFE_PP_/D (sky130_fd_sc_hd__edfxtp_1)    1.2627
dp.pcreg.q[21]$_DFF_PP0_/Q (sky130_fd_sc_hd__edfxtp_1) dp.rf.rf[28][21]$_DFFE_PP_/D (sky130_fd_sc_hd__edfxtp_1)    1.2627
dp.pcreg.q[18]$_DFF_PP0_/Q (sky130_fd_sc_hd__edfxtp_1) dp.rf.rf[13][18]$_DFFE_PP_/D (sky130_fd_sc_hd__edfxtp_1)    1.2628
dp.pcreg.q[18]$_DFF_PP0_/Q (sky130_fd_sc_hd__edfxtp_1) dp.rf.rf[12][18]$_DFFE_PP_/D (sky130_fd_sc_hd__edfxtp_1)    1.2628
dp.pcreg.q[21]$_DFF_PP0_/Q (sky130_fd_sc_hd__edfxtp_1) dp.rf.rf[30][21]$_DFFE_PP_/D (sky130_fd_sc_hd__edfxtp_1)    1.2630
dp.pcreg.q[21]$_DFF_PP0_/Q (sky130_fd_sc_hd__edfxtp_1) dp.rf.rf[25][21]$_DFFE_PP_/D (sky130_fd_sc_hd__edfxtp_1)    1.2631
dp.pcreg.q[18]$_DFF_PP0_/Q (sky130_fd_sc_hd__edfxtp_1) dp.rf.rf[5][18]$_DFFE_PP_/D (sky130_fd_sc_hd__edfxtp_1)    1.2633
dp.pcreg.q[18]$_DFF_PP0_/Q (sky130_fd_sc_hd__edfxtp_1) dp.rf.rf[9][18]$_DFFE_PP_/D (sky130_fd_sc_hd__edfxtp_1)    1.2635
dp.pcreg.q[18]$_DFF_PP0_/Q (sky130_fd_sc_hd__edfxtp_1) dp.rf.rf[8][18]$_DFFE_PP_/D (sky130_fd_sc_hd__edfxtp_1)    1.2636
dp.pcreg.q[18]$_DFF_PP0_/Q (sky130_fd_sc_hd__edfxtp_1) dp.rf.rf[4][18]$_DFFE_PP_/D (sky130_fd_sc_hd__edfxtp_1)    1.2636
dp.pcreg.q[18]$_DFF_PP0_/Q (sky130_fd_sc_hd__edfxtp_1) dp.rf.rf[10][18]$_DFFE_PP_/D (sky130_fd_sc_hd__edfxtp_1)    1.2636
dp.pcreg.q[18]$_DFF_PP0_/Q (sky130_fd_sc_hd__edfxtp_1) dp.rf.rf[11][18]$_DFFE_PP_/D (sky130_fd_sc_hd__edfxtp_1)    1.2637
dp.pcreg.q[18]$_DFF_PP0_/Q (sky130_fd_sc_hd__edfxtp_1) dp.rf.rf[7][18]$_DFFE_PP_/D (sky130_fd_sc_hd__edfxtp_1)    1.2640
dp.pcreg.q[21]$_DFF_PP0_/Q (sky130_fd_sc_hd__edfxtp_1) dp.rf.rf[26][21]$_DFFE_PP_/D (sky130_fd_sc_hd__edfxtp_1)    1.2641
dp.pcreg.q[18]$_DFF_PP0_/Q (sky130_fd_sc_hd__edfxtp_1) dp.rf.rf[6][18]$_DFFE_PP_/D (sky130_fd_sc_hd__edfxtp_1)    1.2645
dp.pcreg.q[21]$_DFF_PP0_/Q (sky130_fd_sc_hd__edfxtp_1) dp.rf.rf[10][21]$_DFFE_PP_/D (sky130_fd_sc_hd__edfxtp_1)    1.2647
dp.pcreg.q[21]$_DFF_PP0_/Q (sky130_fd_sc_hd__edfxtp_1) dp.rf.rf[5][21]$_DFFE_PP_/D (sky130_fd_sc_hd__edfxtp_1)    1.2648
dp.pcreg.q[21]$_DFF_PP0_/Q (sky130_fd_sc_hd__edfxtp_1) dp.rf.rf[4][21]$_DFFE_PP_/D (sky130_fd_sc_hd__edfxtp_1)    1.2653
dp.pcreg.q[21]$_DFF_PP0_/Q (sky130_fd_sc_hd__edfxtp_1) dp.rf.rf[0][21]$_DFFE_PP_/D (sky130_fd_sc_hd__edfxtp_1)    1.2654
dp.pcreg.q[21]$_DFF_PP0_/Q (sky130_fd_sc_hd__edfxtp_1) dp.rf.rf[11][21]$_DFFE_PP_/D (sky130_fd_sc_hd__edfxtp_1)    1.2655
dp.pcreg.q[21]$_DFF_PP0_/Q (sky130_fd_sc_hd__edfxtp_1) dp.rf.rf[7][21]$_DFFE_PP_/D (sky130_fd_sc_hd__edfxtp_1)    1.2656
dp.pcreg.q[21]$_DFF_PP0_/Q (sky130_fd_sc_hd__edfxtp_1) dp.rf.rf[6][21]$_DFFE_PP_/D (sky130_fd_sc_hd__edfxtp_1)    1.2657
dp.pcreg.q[21]$_DFF_PP0_/Q (sky130_fd_sc_hd__edfxtp_1) dp.rf.rf[8][21]$_DFFE_PP_/D (sky130_fd_sc_hd__edfxtp_1)    1.2657
dp.pcreg.q[21]$_DFF_PP0_/Q (sky130_fd_sc_hd__edfxtp_1) dp.rf.rf[9][21]$_DFFE_PP_/D (sky130_fd_sc_hd__edfxtp_1)    1.2658
dp.pcreg.q[21]$_DFF_PP0_/Q (sky130_fd_sc_hd__edfxtp_1) dp.rf.rf[14][21]$_DFFE_PP_/D (sky130_fd_sc_hd__edfxtp_1)    1.2675
dp.pcreg.q[21]$_DFF_PP0_/Q (sky130_fd_sc_hd__edfxtp_1) dp.rf.rf[12][21]$_DFFE_PP_/D (sky130_fd_sc_hd__edfxtp_1)    1.2675
dp.pcreg.q[21]$_DFF_PP0_/Q (sky130_fd_sc_hd__edfxtp_1) dp.rf.rf[13][21]$_DFFE_PP_/D (sky130_fd_sc_hd__edfxtp_1)    1.2676
dp.pcreg.q[21]$_DFF_PP0_/Q (sky130_fd_sc_hd__edfxtp_1) dp.rf.rf[15][21]$_DFFE_PP_/D (sky130_fd_sc_hd__edfxtp_1)    1.2677
dp.pcreg.q[25]$_DFF_PP0_/Q (sky130_fd_sc_hd__edfxtp_1) dp.rf.rf[15][25]$_DFFE_PP_/D (sky130_fd_sc_hd__edfxtp_1)    1.2717
dp.pcreg.q[25]$_DFF_PP0_/Q (sky130_fd_sc_hd__edfxtp_1) dp.rf.rf[14][25]$_DFFE_PP_/D (sky130_fd_sc_hd__edfxtp_1)    1.2719
dp.pcreg.q[25]$_DFF_PP0_/Q (sky130_fd_sc_hd__edfxtp_1) dp.rf.rf[13][25]$_DFFE_PP_/D (sky130_fd_sc_hd__edfxtp_1)    1.2725
dp.pcreg.q[25]$_DFF_PP0_/Q (sky130_fd_sc_hd__edfxtp_1) dp.rf.rf[8][25]$_DFFE_PP_/D (sky130_fd_sc_hd__edfxtp_1)    1.2728
dp.pcreg.q[25]$_DFF_PP0_/Q (sky130_fd_sc_hd__edfxtp_1) dp.rf.rf[9][25]$_DFFE_PP_/D (sky130_fd_sc_hd__edfxtp_1)    1.2728
dp.pcreg.q[25]$_DFF_PP0_/Q (sky130_fd_sc_hd__edfxtp_1) dp.rf.rf[11][25]$_DFFE_PP_/D (sky130_fd_sc_hd__edfxtp_1)    1.2729
dp.pcreg.q[25]$_DFF_PP0_/Q (sky130_fd_sc_hd__edfxtp_1) dp.rf.rf[10][25]$_DFFE_PP_/D (sky130_fd_sc_hd__edfxtp_1)    1.2730
dp.pcreg.q[25]$_DFF_PP0_/Q (sky130_fd_sc_hd__edfxtp_1) dp.rf.rf[3][25]$_DFFE_PP_/D (sky130_fd_sc_hd__edfxtp_1)    1.2741
dp.pcreg.q[25]$_DFF_PP0_/Q (sky130_fd_sc_hd__edfxtp_1) dp.rf.rf[24][25]$_DFFE_PP_/D (sky130_fd_sc_hd__edfxtp_1)    1.2743
dp.pcreg.q[25]$_DFF_PP0_/Q (sky130_fd_sc_hd__edfxtp_1) dp.rf.rf[25][25]$_DFFE_PP_/D (sky130_fd_sc_hd__edfxtp_1)    1.2743
dp.pcreg.q[25]$_DFF_PP0_/Q (sky130_fd_sc_hd__edfxtp_1) dp.rf.rf[1][25]$_DFFE_PP_/D (sky130_fd_sc_hd__edfxtp_1)    1.2743
dp.pcreg.q[25]$_DFF_PP0_/Q (sky130_fd_sc_hd__edfxtp_1) dp.rf.rf[2][25]$_DFFE_PP_/D (sky130_fd_sc_hd__edfxtp_1)    1.2744
dp.pcreg.q[25]$_DFF_PP0_/Q (sky130_fd_sc_hd__edfxtp_1) dp.rf.rf[28][25]$_DFFE_PP_/D (sky130_fd_sc_hd__edfxtp_1)    1.2744
dp.pcreg.q[25]$_DFF_PP0_/Q (sky130_fd_sc_hd__edfxtp_1) dp.rf.rf[29][25]$_DFFE_PP_/D (sky130_fd_sc_hd__edfxtp_1)    1.2748
dp.pcreg.q[25]$_DFF_PP0_/Q (sky130_fd_sc_hd__edfxtp_1) dp.rf.rf[18][25]$_DFFE_PP_/D (sky130_fd_sc_hd__edfxtp_1)    1.2753
dp.pcreg.q[25]$_DFF_PP0_/Q (sky130_fd_sc_hd__edfxtp_1) dp.rf.rf[17][25]$_DFFE_PP_/D (sky130_fd_sc_hd__edfxtp_1)    1.2755
dp.pcreg.q[25]$_DFF_PP0_/Q (sky130_fd_sc_hd__edfxtp_1) dp.rf.rf[20][25]$_DFFE_PP_/D (sky130_fd_sc_hd__edfxtp_1)    1.2756
dp.pcreg.q[25]$_DFF_PP0_/Q (sky130_fd_sc_hd__edfxtp_1) dp.rf.rf[19][25]$_DFFE_PP_/D (sky130_fd_sc_hd__edfxtp_1)    1.2756
dp.pcreg.q[25]$_DFF_PP0_/Q (sky130_fd_sc_hd__edfxtp_1) dp.rf.rf[0][25]$_DFFE_PP_/D (sky130_fd_sc_hd__edfxtp_1)    1.2767
dp.pcreg.q[25]$_DFF_PP0_/Q (sky130_fd_sc_hd__edfxtp_1) dp.rf.rf[16][25]$_DFFE_PP_/D (sky130_fd_sc_hd__edfxtp_1)    1.2775
dp.pcreg.q[25]$_DFF_PP0_/Q (sky130_fd_sc_hd__edfxtp_1) dp.rf.rf[7][25]$_DFFE_PP_/D (sky130_fd_sc_hd__edfxtp_1)    1.2786
dp.pcreg.q[25]$_DFF_PP0_/Q (sky130_fd_sc_hd__edfxtp_1) dp.rf.rf[21][25]$_DFFE_PP_/D (sky130_fd_sc_hd__edfxtp_1)    1.2795
dp.pcreg.q[25]$_DFF_PP0_/Q (sky130_fd_sc_hd__edfxtp_1) dp.rf.rf[22][25]$_DFFE_PP_/D (sky130_fd_sc_hd__edfxtp_1)    1.2796
dp.pcreg.q[25]$_DFF_PP0_/Q (sky130_fd_sc_hd__edfxtp_1) dp.rf.rf[23][25]$_DFFE_PP_/D (sky130_fd_sc_hd__edfxtp_1)    1.2796
dp.pcreg.q[1]$_DFFE_PP0P_/Q (sky130_fd_sc_hd__edfxtp_1) dp.rf.rf[20][1]$_DFFE_PP_/D (sky130_fd_sc_hd__edfxtp_1)    1.2867
dp.pcreg.q[1]$_DFFE_PP0P_/Q (sky130_fd_sc_hd__edfxtp_1) dp.rf.rf[21][1]$_DFFE_PP_/D (sky130_fd_sc_hd__edfxtp_1)    1.2871
dp.pcreg.q[1]$_DFFE_PP0P_/Q (sky130_fd_sc_hd__edfxtp_1) dp.rf.rf[29][1]$_DFFE_PP_/D (sky130_fd_sc_hd__edfxtp_1)    1.2883
dp.pcreg.q[1]$_DFFE_PP0P_/Q (sky130_fd_sc_hd__edfxtp_1) dp.rf.rf[30][1]$_DFFE_PP_/D (sky130_fd_sc_hd__edfxtp_1)    1.2892
dp.pcreg.q[1]$_DFFE_PP0P_/Q (sky130_fd_sc_hd__edfxtp_1) dp.rf.rf[31][1]$_DFFE_PP_/D (sky130_fd_sc_hd__edfxtp_1)    1.2892
dp.pcreg.q[1]$_DFFE_PP0P_/Q (sky130_fd_sc_hd__edfxtp_1) dp.rf.rf[14][1]$_DFFE_PP_/D (sky130_fd_sc_hd__edfxtp_1)    1.2894
dp.pcreg.q[1]$_DFFE_PP0P_/Q (sky130_fd_sc_hd__edfxtp_1) dp.rf.rf[13][1]$_DFFE_PP_/D (sky130_fd_sc_hd__edfxtp_1)    1.2895
dp.pcreg.q[1]$_DFFE_PP0P_/Q (sky130_fd_sc_hd__edfxtp_1) dp.rf.rf[4][1]$_DFFE_PP_/D (sky130_fd_sc_hd__edfxtp_1)    1.2895
dp.pcreg.q[1]$_DFFE_PP0P_/Q (sky130_fd_sc_hd__edfxtp_1) dp.rf.rf[28][1]$_DFFE_PP_/D (sky130_fd_sc_hd__edfxtp_1)    1.2896
dp.pcreg.q[25]$_DFF_PP0_/Q (sky130_fd_sc_hd__edfxtp_1) dp.rf.rf[26][25]$_DFFE_PP_/D (sky130_fd_sc_hd__edfxtp_1)    1.2899
dp.pcreg.q[1]$_DFFE_PP0P_/Q (sky130_fd_sc_hd__edfxtp_1) dp.rf.rf[5][1]$_DFFE_PP_/D (sky130_fd_sc_hd__edfxtp_1)    1.2899
dp.pcreg.q[25]$_DFF_PP0_/Q (sky130_fd_sc_hd__edfxtp_1) dp.rf.rf[27][25]$_DFFE_PP_/D (sky130_fd_sc_hd__edfxtp_1)    1.2900
dp.pcreg.q[1]$_DFFE_PP0P_/Q (sky130_fd_sc_hd__edfxtp_1) dp.rf.rf[6][1]$_DFFE_PP_/D (sky130_fd_sc_hd__edfxtp_1)    1.2904
dp.pcreg.q[25]$_DFF_PP0_/Q (sky130_fd_sc_hd__edfxtp_1) dp.rf.rf[31][25]$_DFFE_PP_/D (sky130_fd_sc_hd__edfxtp_1)    1.2908
dp.pcreg.q[25]$_DFF_PP0_/Q (sky130_fd_sc_hd__edfxtp_1) dp.rf.rf[30][25]$_DFFE_PP_/D (sky130_fd_sc_hd__edfxtp_1)    1.2908
dp.pcreg.q[1]$_DFFE_PP0P_/Q (sky130_fd_sc_hd__edfxtp_1) dp.rf.rf[1][1]$_DFFE_PP_/D (sky130_fd_sc_hd__edfxtp_1)    1.2913
dp.pcreg.q[11]$_DFF_PP0_/Q (sky130_fd_sc_hd__edfxtp_1) dp.rf.rf[30][11]$_DFFE_PP_/D (sky130_fd_sc_hd__edfxtp_1)    1.2916
dp.pcreg.q[1]$_DFFE_PP0P_/Q (sky130_fd_sc_hd__edfxtp_1) dp.rf.rf[0][1]$_DFFE_PP_/D (sky130_fd_sc_hd__edfxtp_1)    1.2917
dp.pcreg.q[1]$_DFFE_PP0P_/Q (sky130_fd_sc_hd__edfxtp_1) dp.rf.rf[3][1]$_DFFE_PP_/D (sky130_fd_sc_hd__edfxtp_1)    1.2919
dp.pcreg.q[1]$_DFFE_PP0P_/Q (sky130_fd_sc_hd__edfxtp_1) dp.rf.rf[2][1]$_DFFE_PP_/D (sky130_fd_sc_hd__edfxtp_1)    1.2920
dp.pcreg.q[1]$_DFFE_PP0P_/Q (sky130_fd_sc_hd__edfxtp_1) dp.rf.rf[15][1]$_DFFE_PP_/D (sky130_fd_sc_hd__edfxtp_1)    1.2920
dp.pcreg.q[1]$_DFFE_PP0P_/Q (sky130_fd_sc_hd__edfxtp_1) dp.rf.rf[8][1]$_DFFE_PP_/D (sky130_fd_sc_hd__edfxtp_1)    1.2920
dp.pcreg.q[1]$_DFFE_PP0P_/Q (sky130_fd_sc_hd__edfxtp_1) dp.rf.rf[11][1]$_DFFE_PP_/D (sky130_fd_sc_hd__edfxtp_1)    1.2920
dp.pcreg.q[1]$_DFFE_PP0P_/Q (sky130_fd_sc_hd__edfxtp_1) dp.rf.rf[10][1]$_DFFE_PP_/D (sky130_fd_sc_hd__edfxtp_1)    1.2920
dp.pcreg.q[11]$_DFF_PP0_/Q (sky130_fd_sc_hd__edfxtp_1) dp.rf.rf[31][11]$_DFFE_PP_/D (sky130_fd_sc_hd__edfxtp_1)    1.2921
dp.pcreg.q[1]$_DFFE_PP0P_/Q (sky130_fd_sc_hd__edfxtp_1) dp.rf.rf[12][1]$_DFFE_PP_/D (sky130_fd_sc_hd__edfxtp_1)    1.2922
dp.pcreg.q[28]$_DFF_PP0_/Q (sky130_fd_sc_hd__edfxtp_1) dp.rf.rf[14][29]$_DFFE_PP_/D (sky130_fd_sc_hd__edfxtp_1)    1.2924
dp.pcreg.q[1]$_DFFE_PP0P_/Q (sky130_fd_sc_hd__edfxtp_1) dp.rf.rf[7][1]$_DFFE_PP_/D (sky130_fd_sc_hd__edfxtp_1)    1.2925
dp.pcreg.q[1]$_DFFE_PP0P_/Q (sky130_fd_sc_hd__edfxtp_1) dp.rf.rf[23][1]$_DFFE_PP_/D (sky130_fd_sc_hd__edfxtp_1)    1.2925
dp.pcreg.q[1]$_DFFE_PP0P_/Q (sky130_fd_sc_hd__edfxtp_1) dp.rf.rf[22][1]$_DFFE_PP_/D (sky130_fd_sc_hd__edfxtp_1)    1.2926
dp.pcreg.q[28]$_DFF_PP0_/Q (sky130_fd_sc_hd__edfxtp_1) dp.rf.rf[15][29]$_DFFE_PP_/D (sky130_fd_sc_hd__edfxtp_1)    1.2926
dp.pcreg.q[1]$_DFFE_PP0P_/Q (sky130_fd_sc_hd__edfxtp_1) dp.rf.rf[24][1]$_DFFE_PP_/D (sky130_fd_sc_hd__edfxtp_1)    1.2927
dp.pcreg.q[28]$_DFF_PP0_/Q (sky130_fd_sc_hd__edfxtp_1) dp.rf.rf[13][29]$_DFFE_PP_/D (sky130_fd_sc_hd__edfxtp_1)    1.2928
dp.pcreg.q[11]$_DFF_PP0_/Q (sky130_fd_sc_hd__edfxtp_1) dp.rf.rf[28][11]$_DFFE_PP_/D (sky130_fd_sc_hd__edfxtp_1)    1.2929
dp.pcreg.q[1]$_DFFE_PP0P_/Q (sky130_fd_sc_hd__edfxtp_1) dp.rf.rf[9][1]$_DFFE_PP_/D (sky130_fd_sc_hd__edfxtp_1)    1.2930
dp.pcreg.q[28]$_DFF_PP0_/Q (sky130_fd_sc_hd__edfxtp_1) dp.rf.rf[25][29]$_DFFE_PP_/D (sky130_fd_sc_hd__edfxtp_1)    1.2930
dp.pcreg.q[28]$_DFF_PP0_/Q (sky130_fd_sc_hd__edfxtp_1) dp.rf.rf[24][29]$_DFFE_PP_/D (sky130_fd_sc_hd__edfxtp_1)    1.2931
dp.pcreg.q[28]$_DFF_PP0_/Q (sky130_fd_sc_hd__edfxtp_1) dp.rf.rf[27][29]$_DFFE_PP_/D (sky130_fd_sc_hd__edfxtp_1)    1.2932
dp.pcreg.q[28]$_DFF_PP0_/Q (sky130_fd_sc_hd__edfxtp_1) dp.rf.rf[12][29]$_DFFE_PP_/D (sky130_fd_sc_hd__edfxtp_1)    1.2933
dp.pcreg.q[28]$_DFF_PP0_/Q (sky130_fd_sc_hd__edfxtp_1) dp.rf.rf[11][29]$_DFFE_PP_/D (sky130_fd_sc_hd__edfxtp_1)    1.2933
dp.pcreg.q[11]$_DFF_PP0_/Q (sky130_fd_sc_hd__edfxtp_1) dp.rf.rf[20][11]$_DFFE_PP_/D (sky130_fd_sc_hd__edfxtp_1)    1.2933
dp.pcreg.q[1]$_DFFE_PP0P_/Q (sky130_fd_sc_hd__edfxtp_1) dp.rf.rf[26][1]$_DFFE_PP_/D (sky130_fd_sc_hd__edfxtp_1)    1.2934
dp.pcreg.q[28]$_DFF_PP0_/Q (sky130_fd_sc_hd__edfxtp_1) dp.rf.rf[31][29]$_DFFE_PP_/D (sky130_fd_sc_hd__edfxtp_1)    1.2934
dp.pcreg.q[28]$_DFF_PP0_/Q (sky130_fd_sc_hd__edfxtp_1) dp.rf.rf[30][29]$_DFFE_PP_/D (sky130_fd_sc_hd__edfxtp_1)    1.2937
dp.pcreg.q[28]$_DFF_PP0_/Q (sky130_fd_sc_hd__edfxtp_1) dp.rf.rf[23][29]$_DFFE_PP_/D (sky130_fd_sc_hd__edfxtp_1)    1.2937
dp.pcreg.q[1]$_DFFE_PP0P_/Q (sky130_fd_sc_hd__edfxtp_1) dp.rf.rf[25][1]$_DFFE_PP_/D (sky130_fd_sc_hd__edfxtp_1)    1.2937
dp.pcreg.q[1]$_DFFE_PP0P_/Q (sky130_fd_sc_hd__edfxtp_1) dp.rf.rf[27][1]$_DFFE_PP_/D (sky130_fd_sc_hd__edfxtp_1)    1.2938
dp.pcreg.q[1]$_DFFE_PP0P_/Q (sky130_fd_sc_hd__edfxtp_1) dp.rf.rf[19][1]$_DFFE_PP_/D (sky130_fd_sc_hd__edfxtp_1)    1.2940
dp.pcreg.q[28]$_DFF_PP0_/Q (sky130_fd_sc_hd__edfxtp_1) dp.rf.rf[21][29]$_DFFE_PP_/D (sky130_fd_sc_hd__edfxtp_1)    1.2945
dp.pcreg.q[28]$_DFF_PP0_/Q (sky130_fd_sc_hd__edfxtp_1) dp.rf.rf[20][29]$_DFFE_PP_/D (sky130_fd_sc_hd__edfxtp_1)    1.2948
dp.pcreg.q[28]$_DFF_PP0_/Q (sky130_fd_sc_hd__edfxtp_1) dp.rf.rf[22][29]$_DFFE_PP_/D (sky130_fd_sc_hd__edfxtp_1)    1.2954
dp.pcreg.q[28]$_DFF_PP0_/Q (sky130_fd_sc_hd__edfxtp_1) dp.rf.rf[19][29]$_DFFE_PP_/D (sky130_fd_sc_hd__edfxtp_1)    1.2954
dp.pcreg.q[28]$_DFF_PP0_/Q (sky130_fd_sc_hd__edfxtp_1) dp.rf.rf[1][29]$_DFFE_PP_/D (sky130_fd_sc_hd__edfxtp_1)    1.2956
dp.pcreg.q[11]$_DFF_PP0_/Q (sky130_fd_sc_hd__edfxtp_1) dp.rf.rf[24][11]$_DFFE_PP_/D (sky130_fd_sc_hd__edfxtp_1)    1.2958
dp.pcreg.q[28]$_DFF_PP0_/Q (sky130_fd_sc_hd__edfxtp_1) dp.rf.rf[0][29]$_DFFE_PP_/D (sky130_fd_sc_hd__edfxtp_1)    1.2958
dp.pcreg.q[28]$_DFF_PP0_/Q (sky130_fd_sc_hd__edfxtp_1) dp.rf.rf[18][29]$_DFFE_PP_/D (sky130_fd_sc_hd__edfxtp_1)    1.2959
dp.pcreg.q[28]$_DFF_PP0_/Q (sky130_fd_sc_hd__edfxtp_1) dp.rf.rf[4][29]$_DFFE_PP_/D (sky130_fd_sc_hd__edfxtp_1)    1.2962
dp.pcreg.q[28]$_DFF_PP0_/Q (sky130_fd_sc_hd__edfxtp_1) dp.rf.rf[5][29]$_DFFE_PP_/D (sky130_fd_sc_hd__edfxtp_1)    1.2962
dp.pcreg.q[28]$_DFF_PP0_/Q (sky130_fd_sc_hd__edfxtp_1) dp.rf.rf[7][29]$_DFFE_PP_/D (sky130_fd_sc_hd__edfxtp_1)    1.2963
dp.pcreg.q[28]$_DFF_PP0_/Q (sky130_fd_sc_hd__edfxtp_1) dp.rf.rf[3][29]$_DFFE_PP_/D (sky130_fd_sc_hd__edfxtp_1)    1.2963
dp.pcreg.q[28]$_DFF_PP0_/Q (sky130_fd_sc_hd__edfxtp_1) dp.rf.rf[6][29]$_DFFE_PP_/D (sky130_fd_sc_hd__edfxtp_1)    1.2964
dp.pcreg.q[1]$_DFFE_PP0P_/Q (sky130_fd_sc_hd__edfxtp_1) dp.rf.rf[17][1]$_DFFE_PP_/D (sky130_fd_sc_hd__edfxtp_1)    1.2964
dp.pcreg.q[28]$_DFF_PP0_/Q (sky130_fd_sc_hd__edfxtp_1) dp.rf.rf[2][29]$_DFFE_PP_/D (sky130_fd_sc_hd__edfxtp_1)    1.2964
dp.pcreg.q[1]$_DFFE_PP0P_/Q (sky130_fd_sc_hd__edfxtp_1) dp.rf.rf[16][1]$_DFFE_PP_/D (sky130_fd_sc_hd__edfxtp_1)    1.2965
dp.pcreg.q[28]$_DFF_PP0_/Q (sky130_fd_sc_hd__edfxtp_1) dp.rf.rf[26][29]$_DFFE_PP_/D (sky130_fd_sc_hd__edfxtp_1)    1.2967
dp.pcreg.q[1]$_DFFE_PP0P_/Q (sky130_fd_sc_hd__edfxtp_1) dp.rf.rf[18][1]$_DFFE_PP_/D (sky130_fd_sc_hd__edfxtp_1)    1.2970
dp.pcreg.q[25]$_DFF_PP0_/Q (sky130_fd_sc_hd__edfxtp_1) dp.rf.rf[4][25]$_DFFE_PP_/D (sky130_fd_sc_hd__edfxtp_1)    1.2972
dp.pcreg.q[11]$_DFF_PP0_/Q (sky130_fd_sc_hd__edfxtp_1) dp.rf.rf[21][11]$_DFFE_PP_/D (sky130_fd_sc_hd__edfxtp_1)    1.2972
dp.pcreg.q[11]$_DFF_PP0_/Q (sky130_fd_sc_hd__edfxtp_1) dp.rf.rf[12][11]$_DFFE_PP_/D (sky130_fd_sc_hd__edfxtp_1)    1.2973
dp.pcreg.q[25]$_DFF_PP0_/Q (sky130_fd_sc_hd__edfxtp_1) dp.rf.rf[6][25]$_DFFE_PP_/D (sky130_fd_sc_hd__edfxtp_1)    1.2973
dp.pcreg.q[25]$_DFF_PP0_/Q (sky130_fd_sc_hd__edfxtp_1) dp.rf.rf[5][25]$_DFFE_PP_/D (sky130_fd_sc_hd__edfxtp_1)    1.2973
dp.pcreg.q[11]$_DFF_PP0_/Q (sky130_fd_sc_hd__edfxtp_1) dp.rf.rf[23][11]$_DFFE_PP_/D (sky130_fd_sc_hd__edfxtp_1)    1.2974
dp.pcreg.q[11]$_DFF_PP0_/Q (sky130_fd_sc_hd__edfxtp_1) dp.rf.rf[22][11]$_DFFE_PP_/D (sky130_fd_sc_hd__edfxtp_1)    1.2974
dp.pcreg.q[28]$_DFF_PP0_/Q (sky130_fd_sc_hd__edfxtp_1) dp.rf.rf[9][29]$_DFFE_PP_/D (sky130_fd_sc_hd__edfxtp_1)    1.2980
dp.pcreg.q[28]$_DFF_PP0_/Q (sky130_fd_sc_hd__edfxtp_1) dp.rf.rf[10][29]$_DFFE_PP_/D (sky130_fd_sc_hd__edfxtp_1)    1.2981
dp.pcreg.q[28]$_DFF_PP0_/Q (sky130_fd_sc_hd__edfxtp_1) dp.rf.rf[8][29]$_DFFE_PP_/D (sky130_fd_sc_hd__edfxtp_1)    1.2981
dp.pcreg.q[28]$_DFF_PP0_/Q (sky130_fd_sc_hd__edfxtp_1) dp.rf.rf[29][29]$_DFFE_PP_/D (sky130_fd_sc_hd__edfxtp_1)    1.2983
dp.pcreg.q[28]$_DFF_PP0_/Q (sky130_fd_sc_hd__edfxtp_1) dp.rf.rf[16][29]$_DFFE_PP_/D (sky130_fd_sc_hd__edfxtp_1)    1.2985
dp.pcreg.q[28]$_DFF_PP0_/Q (sky130_fd_sc_hd__edfxtp_1) dp.rf.rf[17][29]$_DFFE_PP_/D (sky130_fd_sc_hd__edfxtp_1)    1.2985
dp.pcreg.q[11]$_DFF_PP0_/Q (sky130_fd_sc_hd__edfxtp_1) dp.rf.rf[13][11]$_DFFE_PP_/D (sky130_fd_sc_hd__edfxtp_1)    1.2988
dp.pcreg.q[28]$_DFF_PP0_/Q (sky130_fd_sc_hd__edfxtp_1) dp.rf.rf[28][29]$_DFFE_PP_/D (sky130_fd_sc_hd__edfxtp_1)    1.2989
dp.pcreg.q[18]$_DFF_PP0_/Q (sky130_fd_sc_hd__edfxtp_1) dp.rf.rf[24][18]$_DFFE_PP_/D (sky130_fd_sc_hd__edfxtp_1)    1.2998
dp.pcreg.q[18]$_DFF_PP0_/Q (sky130_fd_sc_hd__edfxtp_1) dp.rf.rf[28][18]$_DFFE_PP_/D (sky130_fd_sc_hd__edfxtp_1)    1.3002
dp.pcreg.q[18]$_DFF_PP0_/Q (sky130_fd_sc_hd__edfxtp_1) dp.rf.rf[29][18]$_DFFE_PP_/D (sky130_fd_sc_hd__edfxtp_1)    1.3002
dp.pcreg.q[11]$_DFF_PP0_/Q (sky130_fd_sc_hd__edfxtp_1) dp.rf.rf[26][11]$_DFFE_PP_/D (sky130_fd_sc_hd__edfxtp_1)    1.3005
dp.pcreg.q[11]$_DFF_PP0_/Q (sky130_fd_sc_hd__edfxtp_1) dp.rf.rf[16][11]$_DFFE_PP_/D (sky130_fd_sc_hd__edfxtp_1)    1.3006
dp.pcreg.q[11]$_DFF_PP0_/Q (sky130_fd_sc_hd__edfxtp_1) dp.rf.rf[14][11]$_DFFE_PP_/D (sky130_fd_sc_hd__edfxtp_1)    1.3007
dp.pcreg.q[11]$_DFF_PP0_/Q (sky130_fd_sc_hd__edfxtp_1) dp.rf.rf[1][11]$_DFFE_PP_/D (sky130_fd_sc_hd__edfxtp_1)    1.3008
dp.pcreg.q[11]$_DFF_PP0_/Q (sky130_fd_sc_hd__edfxtp_1) dp.rf.rf[15][11]$_DFFE_PP_/D (sky130_fd_sc_hd__edfxtp_1)    1.3010
dp.pcreg.q[11]$_DFF_PP0_/Q (sky130_fd_sc_hd__edfxtp_1) dp.rf.rf[4][11]$_DFFE_PP_/D (sky130_fd_sc_hd__edfxtp_1)    1.3027
dp.pcreg.q[11]$_DFF_PP0_/Q (sky130_fd_sc_hd__edfxtp_1) dp.rf.rf[11][11]$_DFFE_PP_/D (sky130_fd_sc_hd__edfxtp_1)    1.3029
dp.pcreg.q[11]$_DFF_PP0_/Q (sky130_fd_sc_hd__edfxtp_1) dp.rf.rf[8][11]$_DFFE_PP_/D (sky130_fd_sc_hd__edfxtp_1)    1.3031
dp.pcreg.q[11]$_DFF_PP0_/Q (sky130_fd_sc_hd__edfxtp_1) dp.rf.rf[9][11]$_DFFE_PP_/D (sky130_fd_sc_hd__edfxtp_1)    1.3031
dp.pcreg.q[11]$_DFF_PP0_/Q (sky130_fd_sc_hd__edfxtp_1) dp.rf.rf[10][11]$_DFFE_PP_/D (sky130_fd_sc_hd__edfxtp_1)    1.3036
dp.pcreg.q[11]$_DFF_PP0_/Q (sky130_fd_sc_hd__edfxtp_1) dp.rf.rf[18][11]$_DFFE_PP_/D (sky130_fd_sc_hd__edfxtp_1)    1.3063
dp.pcreg.q[11]$_DFF_PP0_/Q (sky130_fd_sc_hd__edfxtp_1) dp.rf.rf[19][11]$_DFFE_PP_/D (sky130_fd_sc_hd__edfxtp_1)    1.3065
dp.pcreg.q[11]$_DFF_PP0_/Q (sky130_fd_sc_hd__edfxtp_1) dp.rf.rf[17][11]$_DFFE_PP_/D (sky130_fd_sc_hd__edfxtp_1)    1.3069
dp.pcreg.q[11]$_DFF_PP0_/Q (sky130_fd_sc_hd__edfxtp_1) dp.rf.rf[5][11]$_DFFE_PP_/D (sky130_fd_sc_hd__edfxtp_1)    1.3069
dp.pcreg.q[11]$_DFF_PP0_/Q (sky130_fd_sc_hd__edfxtp_1) dp.rf.rf[7][11]$_DFFE_PP_/D (sky130_fd_sc_hd__edfxtp_1)    1.3069
dp.pcreg.q[11]$_DFF_PP0_/Q (sky130_fd_sc_hd__edfxtp_1) dp.rf.rf[0][11]$_DFFE_PP_/D (sky130_fd_sc_hd__edfxtp_1)    1.3069
dp.pcreg.q[11]$_DFF_PP0_/Q (sky130_fd_sc_hd__edfxtp_1) dp.rf.rf[2][11]$_DFFE_PP_/D (sky130_fd_sc_hd__edfxtp_1)    1.3069
dp.pcreg.q[11]$_DFF_PP0_/Q (sky130_fd_sc_hd__edfxtp_1) dp.rf.rf[6][11]$_DFFE_PP_/D (sky130_fd_sc_hd__edfxtp_1)    1.3070
dp.pcreg.q[11]$_DFF_PP0_/Q (sky130_fd_sc_hd__edfxtp_1) dp.rf.rf[3][11]$_DFFE_PP_/D (sky130_fd_sc_hd__edfxtp_1)    1.3070
dp.pcreg.q[17]$_DFF_PP0_/Q (sky130_fd_sc_hd__edfxtp_1) dp.rf.rf[16][17]$_DFFE_PP_/D (sky130_fd_sc_hd__edfxtp_1)    1.3070
dp.pcreg.q[21]$_DFF_PP0_/Q (sky130_fd_sc_hd__edfxtp_1) dp.rf.rf[20][21]$_DFFE_PP_/D (sky130_fd_sc_hd__edfxtp_1)    1.3072
dp.pcreg.q[17]$_DFF_PP0_/Q (sky130_fd_sc_hd__edfxtp_1) dp.rf.rf[29][17]$_DFFE_PP_/D (sky130_fd_sc_hd__edfxtp_1)    1.3079
dp.pcreg.q[17]$_DFF_PP0_/Q (sky130_fd_sc_hd__edfxtp_1) dp.rf.rf[22][17]$_DFFE_PP_/D (sky130_fd_sc_hd__edfxtp_1)    1.3080
dp.pcreg.q[21]$_DFF_PP0_/Q (sky130_fd_sc_hd__edfxtp_1) dp.rf.rf[21][21]$_DFFE_PP_/D (sky130_fd_sc_hd__edfxtp_1)    1.3081
dp.pcreg.q[17]$_DFF_PP0_/Q (sky130_fd_sc_hd__edfxtp_1) dp.rf.rf[28][17]$_DFFE_PP_/D (sky130_fd_sc_hd__edfxtp_1)    1.3082
dp.pcreg.q[17]$_DFF_PP0_/Q (sky130_fd_sc_hd__edfxtp_1) dp.rf.rf[18][17]$_DFFE_PP_/D (sky130_fd_sc_hd__edfxtp_1)    1.3089
dp.pcreg.q[17]$_DFF_PP0_/Q (sky130_fd_sc_hd__edfxtp_1) dp.rf.rf[17][17]$_DFFE_PP_/D (sky130_fd_sc_hd__edfxtp_1)    1.3090
dp.pcreg.q[21]$_DFF_PP0_/Q (sky130_fd_sc_hd__edfxtp_1) dp.rf.rf[22][21]$_DFFE_PP_/D (sky130_fd_sc_hd__edfxtp_1)    1.3090
dp.pcreg.q[21]$_DFF_PP0_/Q (sky130_fd_sc_hd__edfxtp_1) dp.rf.rf[23][21]$_DFFE_PP_/D (sky130_fd_sc_hd__edfxtp_1)    1.3090
dp.pcreg.q[17]$_DFF_PP0_/Q (sky130_fd_sc_hd__edfxtp_1) dp.rf.rf[19][17]$_DFFE_PP_/D (sky130_fd_sc_hd__edfxtp_1)    1.3092
dp.pcreg.q[17]$_DFF_PP0_/Q (sky130_fd_sc_hd__edfxtp_1) dp.rf.rf[30][17]$_DFFE_PP_/D (sky130_fd_sc_hd__edfxtp_1)    1.3117
dp.pcreg.q[17]$_DFF_PP0_/Q (sky130_fd_sc_hd__edfxtp_1) dp.rf.rf[31][17]$_DFFE_PP_/D (sky130_fd_sc_hd__edfxtp_1)    1.3123
dp.pcreg.q[17]$_DFF_PP0_/Q (sky130_fd_sc_hd__edfxtp_1) dp.rf.rf[5][17]$_DFFE_PP_/D (sky130_fd_sc_hd__edfxtp_1)    1.3144
dp.pcreg.q[17]$_DFF_PP0_/Q (sky130_fd_sc_hd__edfxtp_1) dp.rf.rf[13][17]$_DFFE_PP_/D (sky130_fd_sc_hd__edfxtp_1)    1.3146
dp.pcreg.q[17]$_DFF_PP0_/Q (sky130_fd_sc_hd__edfxtp_1) dp.rf.rf[12][17]$_DFFE_PP_/D (sky130_fd_sc_hd__edfxtp_1)    1.3148
dp.pcreg.q[17]$_DFF_PP0_/Q (sky130_fd_sc_hd__edfxtp_1) dp.rf.rf[14][17]$_DFFE_PP_/D (sky130_fd_sc_hd__edfxtp_1)    1.3148
dp.pcreg.q[17]$_DFF_PP0_/Q (sky130_fd_sc_hd__edfxtp_1) dp.rf.rf[27][17]$_DFFE_PP_/D (sky130_fd_sc_hd__edfxtp_1)    1.3148
dp.pcreg.q[17]$_DFF_PP0_/Q (sky130_fd_sc_hd__edfxtp_1) dp.rf.rf[10][17]$_DFFE_PP_/D (sky130_fd_sc_hd__edfxtp_1)    1.3151
dp.pcreg.q[17]$_DFF_PP0_/Q (sky130_fd_sc_hd__edfxtp_1) dp.rf.rf[26][17]$_DFFE_PP_/D (sky130_fd_sc_hd__edfxtp_1)    1.3151
dp.pcreg.q[21]$_DFF_PP0_/Q (sky130_fd_sc_hd__edfxtp_1) dp.rf.rf[30][23]$_DFFE_PP_/D (sky130_fd_sc_hd__edfxtp_1)    1.3152
dp.pcreg.q[17]$_DFF_PP0_/Q (sky130_fd_sc_hd__edfxtp_1) dp.rf.rf[15][17]$_DFFE_PP_/D (sky130_fd_sc_hd__edfxtp_1)    1.3152
dp.pcreg.q[21]$_DFF_PP0_/Q (sky130_fd_sc_hd__edfxtp_1) dp.rf.rf[31][23]$_DFFE_PP_/D (sky130_fd_sc_hd__edfxtp_1)    1.3153
dp.pcreg.q[17]$_DFF_PP0_/Q (sky130_fd_sc_hd__edfxtp_1) dp.rf.rf[9][17]$_DFFE_PP_/D (sky130_fd_sc_hd__edfxtp_1)    1.3154
dp.pcreg.q[17]$_DFF_PP0_/Q (sky130_fd_sc_hd__edfxtp_1) dp.rf.rf[11][17]$_DFFE_PP_/D (sky130_fd_sc_hd__edfxtp_1)    1.3154
dp.pcreg.q[17]$_DFF_PP0_/Q (sky130_fd_sc_hd__edfxtp_1) dp.rf.rf[24][17]$_DFFE_PP_/D (sky130_fd_sc_hd__edfxtp_1)    1.3156
dp.pcreg.q[17]$_DFF_PP0_/Q (sky130_fd_sc_hd__edfxtp_1) dp.rf.rf[25][17]$_DFFE_PP_/D (sky130_fd_sc_hd__edfxtp_1)    1.3157
dp.pcreg.q[17]$_DFF_PP0_/Q (sky130_fd_sc_hd__edfxtp_1) dp.rf.rf[3][17]$_DFFE_PP_/D (sky130_fd_sc_hd__edfxtp_1)    1.3158
dp.pcreg.q[21]$_DFF_PP0_/Q (sky130_fd_sc_hd__edfxtp_1) dp.rf.rf[24][23]$_DFFE_PP_/D (sky130_fd_sc_hd__edfxtp_1)    1.3160
dp.pcreg.q[17]$_DFF_PP0_/Q (sky130_fd_sc_hd__edfxtp_1) dp.rf.rf[2][17]$_DFFE_PP_/D (sky130_fd_sc_hd__edfxtp_1)    1.3162
dp.pcreg.q[21]$_DFF_PP0_/Q (sky130_fd_sc_hd__edfxtp_1) dp.rf.rf[28][23]$_DFFE_PP_/D (sky130_fd_sc_hd__edfxtp_1)    1.3168
dp.pcreg.q[17]$_DFF_PP0_/Q (sky130_fd_sc_hd__edfxtp_1) dp.rf.rf[0][17]$_DFFE_PP_/D (sky130_fd_sc_hd__edfxtp_1)    1.3169
dp.pcreg.q[21]$_DFF_PP0_/Q (sky130_fd_sc_hd__edfxtp_1) dp.rf.rf[29][23]$_DFFE_PP_/D (sky130_fd_sc_hd__edfxtp_1)    1.3169
dp.pcreg.q[21]$_DFF_PP0_/Q (sky130_fd_sc_hd__edfxtp_1) dp.rf.rf[25][23]$_DFFE_PP_/D (sky130_fd_sc_hd__edfxtp_1)    1.3175
dp.pcreg.q[17]$_DFF_PP0_/Q (sky130_fd_sc_hd__edfxtp_1) dp.rf.rf[6][17]$_DFFE_PP_/D (sky130_fd_sc_hd__edfxtp_1)    1.3175
dp.pcreg.q[17]$_DFF_PP0_/Q (sky130_fd_sc_hd__edfxtp_1) dp.rf.rf[1][17]$_DFFE_PP_/D (sky130_fd_sc_hd__edfxtp_1)    1.3178
dp.pcreg.q[17]$_DFF_PP0_/Q (sky130_fd_sc_hd__edfxtp_1) dp.rf.rf[7][17]$_DFFE_PP_/D (sky130_fd_sc_hd__edfxtp_1)    1.3179
dp.pcreg.q[21]$_DFF_PP0_/Q (sky130_fd_sc_hd__edfxtp_1) dp.rf.rf[27][23]$_DFFE_PP_/D (sky130_fd_sc_hd__edfxtp_1)    1.3179
dp.pcreg.q[17]$_DFF_PP0_/Q (sky130_fd_sc_hd__edfxtp_1) dp.rf.rf[4][17]$_DFFE_PP_/D (sky130_fd_sc_hd__edfxtp_1)    1.3184
dp.pcreg.q[21]$_DFF_PP0_/Q (sky130_fd_sc_hd__edfxtp_1) dp.rf.rf[26][23]$_DFFE_PP_/D (sky130_fd_sc_hd__edfxtp_1)    1.3187
dp.pcreg.q[21]$_DFF_PP0_/Q (sky130_fd_sc_hd__edfxtp_1) dp.rf.rf[16][23]$_DFFE_PP_/D (sky130_fd_sc_hd__edfxtp_1)    1.3188
dp.pcreg.q[17]$_DFF_PP0_/Q (sky130_fd_sc_hd__edfxtp_1) dp.rf.rf[8][17]$_DFFE_PP_/D (sky130_fd_sc_hd__edfxtp_1)    1.3195
dp.pcreg.q[21]$_DFF_PP0_/Q (sky130_fd_sc_hd__edfxtp_1) dp.rf.rf[12][23]$_DFFE_PP_/D (sky130_fd_sc_hd__edfxtp_1)    1.3200
dp.pcreg.q[21]$_DFF_PP0_/Q (sky130_fd_sc_hd__edfxtp_1) dp.rf.rf[18][23]$_DFFE_PP_/D (sky130_fd_sc_hd__edfxtp_1)    1.3226
dp.pcreg.q[21]$_DFF_PP0_/Q (sky130_fd_sc_hd__edfxtp_1) dp.rf.rf[19][23]$_DFFE_PP_/D (sky130_fd_sc_hd__edfxtp_1)    1.3227
dp.pcreg.q[21]$_DFF_PP0_/Q (sky130_fd_sc_hd__edfxtp_1) dp.rf.rf[17][23]$_DFFE_PP_/D (sky130_fd_sc_hd__edfxtp_1)    1.3228
dp.pcreg.q[21]$_DFF_PP0_/Q (sky130_fd_sc_hd__edfxtp_1) dp.rf.rf[21][23]$_DFFE_PP_/D (sky130_fd_sc_hd__edfxtp_1)    1.3230
dp.pcreg.q[21]$_DFF_PP0_/Q (sky130_fd_sc_hd__edfxtp_1) dp.rf.rf[22][23]$_DFFE_PP_/D (sky130_fd_sc_hd__edfxtp_1)    1.3233
dp.pcreg.q[21]$_DFF_PP0_/Q (sky130_fd_sc_hd__edfxtp_1) dp.rf.rf[23][23]$_DFFE_PP_/D (sky130_fd_sc_hd__edfxtp_1)    1.3235
dp.pcreg.q[21]$_DFF_PP0_/Q (sky130_fd_sc_hd__edfxtp_1) dp.rf.rf[13][23]$_DFFE_PP_/D (sky130_fd_sc_hd__edfxtp_1)    1.3235
dp.pcreg.q[21]$_DFF_PP0_/Q (sky130_fd_sc_hd__edfxtp_1) dp.rf.rf[14][23]$_DFFE_PP_/D (sky130_fd_sc_hd__edfxtp_1)    1.3236
dp.pcreg.q[21]$_DFF_PP0_/Q (sky130_fd_sc_hd__edfxtp_1) dp.rf.rf[20][23]$_DFFE_PP_/D (sky130_fd_sc_hd__edfxtp_1)    1.3236
dp.pcreg.q[21]$_DFF_PP0_/Q (sky130_fd_sc_hd__edfxtp_1) dp.rf.rf[15][23]$_DFFE_PP_/D (sky130_fd_sc_hd__edfxtp_1)    1.3237
dp.pcreg.q[21]$_DFF_PP0_/Q (sky130_fd_sc_hd__edfxtp_1) dp.rf.rf[10][23]$_DFFE_PP_/D (sky130_fd_sc_hd__edfxtp_1)    1.3250
dp.pcreg.q[21]$_DFF_PP0_/Q (sky130_fd_sc_hd__edfxtp_1) dp.rf.rf[9][23]$_DFFE_PP_/D (sky130_fd_sc_hd__edfxtp_1)    1.3256
dp.pcreg.q[21]$_DFF_PP0_/Q (sky130_fd_sc_hd__edfxtp_1) dp.rf.rf[4][23]$_DFFE_PP_/D (sky130_fd_sc_hd__edfxtp_1)    1.3259
dp.pcreg.q[21]$_DFF_PP0_/Q (sky130_fd_sc_hd__edfxtp_1) dp.rf.rf[11][23]$_DFFE_PP_/D (sky130_fd_sc_hd__edfxtp_1)    1.3260
dp.pcreg.q[21]$_DFF_PP0_/Q (sky130_fd_sc_hd__edfxtp_1) dp.rf.rf[8][23]$_DFFE_PP_/D (sky130_fd_sc_hd__edfxtp_1)    1.3263
dp.pcreg.q[21]$_DFF_PP0_/Q (sky130_fd_sc_hd__edfxtp_1) dp.rf.rf[3][23]$_DFFE_PP_/D (sky130_fd_sc_hd__edfxtp_1)    1.3265
dp.pcreg.q[21]$_DFF_PP0_/Q (sky130_fd_sc_hd__edfxtp_1) dp.rf.rf[1][23]$_DFFE_PP_/D (sky130_fd_sc_hd__edfxtp_1)    1.3271
dp.pcreg.q[21]$_DFF_PP0_/Q (sky130_fd_sc_hd__edfxtp_1) dp.rf.rf[6][23]$_DFFE_PP_/D (sky130_fd_sc_hd__edfxtp_1)    1.3299
dp.pcreg.q[21]$_DFF_PP0_/Q (sky130_fd_sc_hd__edfxtp_1) dp.rf.rf[5][23]$_DFFE_PP_/D (sky130_fd_sc_hd__edfxtp_1)    1.3301
dp.pcreg.q[21]$_DFF_PP0_/Q (sky130_fd_sc_hd__edfxtp_1) dp.rf.rf[0][23]$_DFFE_PP_/D (sky130_fd_sc_hd__edfxtp_1)    1.3304
dp.pcreg.q[21]$_DFF_PP0_/Q (sky130_fd_sc_hd__edfxtp_1) dp.rf.rf[7][23]$_DFFE_PP_/D (sky130_fd_sc_hd__edfxtp_1)    1.3304
dp.pcreg.q[21]$_DFF_PP0_/Q (sky130_fd_sc_hd__edfxtp_1) dp.rf.rf[2][23]$_DFFE_PP_/D (sky130_fd_sc_hd__edfxtp_1)    1.3308
dp.pcreg.q[11]$_DFF_PP0_/Q (sky130_fd_sc_hd__edfxtp_1) dp.rf.rf[25][11]$_DFFE_PP_/D (sky130_fd_sc_hd__edfxtp_1)    1.3359
dp.pcreg.q[11]$_DFF_PP0_/Q (sky130_fd_sc_hd__edfxtp_1) dp.rf.rf[27][11]$_DFFE_PP_/D (sky130_fd_sc_hd__edfxtp_1)    1.3369
dp.pcreg.q[11]$_DFF_PP0_/Q (sky130_fd_sc_hd__edfxtp_1) dp.rf.rf[29][11]$_DFFE_PP_/D (sky130_fd_sc_hd__edfxtp_1)    1.3385
dp.pcreg.q[13]$_DFF_PP0_/Q (sky130_fd_sc_hd__edfxtp_1) dp.rf.rf[17][13]$_DFFE_PP_/D (sky130_fd_sc_hd__edfxtp_1)    1.3571
dp.pcreg.q[13]$_DFF_PP0_/Q (sky130_fd_sc_hd__edfxtp_1) dp.rf.rf[22][13]$_DFFE_PP_/D (sky130_fd_sc_hd__edfxtp_1)    1.3575
dp.pcreg.q[13]$_DFF_PP0_/Q (sky130_fd_sc_hd__edfxtp_1) dp.rf.rf[23][13]$_DFFE_PP_/D (sky130_fd_sc_hd__edfxtp_1)    1.3575
dp.pcreg.q[13]$_DFF_PP0_/Q (sky130_fd_sc_hd__edfxtp_1) dp.rf.rf[20][13]$_DFFE_PP_/D (sky130_fd_sc_hd__edfxtp_1)    1.3576
dp.pcreg.q[13]$_DFF_PP0_/Q (sky130_fd_sc_hd__edfxtp_1) dp.rf.rf[21][13]$_DFFE_PP_/D (sky130_fd_sc_hd__edfxtp_1)    1.3577
dp.pcreg.q[17]$_DFF_PP0_/Q (sky130_fd_sc_hd__edfxtp_1) dp.rf.rf[21][17]$_DFFE_PP_/D (sky130_fd_sc_hd__edfxtp_1)    1.3577
dp.pcreg.q[17]$_DFF_PP0_/Q (sky130_fd_sc_hd__edfxtp_1) dp.rf.rf[20][17]$_DFFE_PP_/D (sky130_fd_sc_hd__edfxtp_1)    1.3591
dp.pcreg.q[4]$_DFF_PP0_/Q (sky130_fd_sc_hd__edfxtp_1) dp.rf.rf[16][4]$_DFFE_PP_/D (sky130_fd_sc_hd__edfxtp_1)    1.3593
dp.pcreg.q[9]$_DFF_PP0_/Q (sky130_fd_sc_hd__edfxtp_1) dp.rf.rf[13][9]$_DFFE_PP_/D (sky130_fd_sc_hd__edfxtp_1)    1.3599
dp.pcreg.q[17]$_DFF_PP0_/Q (sky130_fd_sc_hd__edfxtp_1) dp.rf.rf[23][17]$_DFFE_PP_/D (sky130_fd_sc_hd__edfxtp_1)    1.3602
dp.pcreg.q[4]$_DFF_PP0_/Q (sky130_fd_sc_hd__edfxtp_1) dp.rf.rf[17][4]$_DFFE_PP_/D (sky130_fd_sc_hd__edfxtp_1)    1.3607
dp.pcreg.q[13]$_DFF_PP0_/Q (sky130_fd_sc_hd__edfxtp_1) dp.rf.rf[18][13]$_DFFE_PP_/D (sky130_fd_sc_hd__edfxtp_1)    1.3607
dp.pcreg.q[9]$_DFF_PP0_/Q (sky130_fd_sc_hd__edfxtp_1) dp.rf.rf[12][9]$_DFFE_PP_/D (sky130_fd_sc_hd__edfxtp_1)    1.3613
dp.pcreg.q[4]$_DFF_PP0_/Q (sky130_fd_sc_hd__edfxtp_1) dp.rf.rf[18][4]$_DFFE_PP_/D (sky130_fd_sc_hd__edfxtp_1)    1.3623
dp.pcreg.q[9]$_DFF_PP0_/Q (sky130_fd_sc_hd__edfxtp_1) dp.rf.rf[15][9]$_DFFE_PP_/D (sky130_fd_sc_hd__edfxtp_1)    1.3631
dp.pcreg.q[4]$_DFF_PP0_/Q (sky130_fd_sc_hd__edfxtp_1) dp.rf.rf[20][4]$_DFFE_PP_/D (sky130_fd_sc_hd__edfxtp_1)    1.3632
dp.pcreg.q[9]$_DFF_PP0_/Q (sky130_fd_sc_hd__edfxtp_1) dp.rf.rf[14][9]$_DFFE_PP_/D (sky130_fd_sc_hd__edfxtp_1)    1.3634
dp.pcreg.q[9]$_DFF_PP0_/Q (sky130_fd_sc_hd__edfxtp_1) dp.rf.rf[8][9]$_DFFE_PP_/D (sky130_fd_sc_hd__edfxtp_1)    1.3638
dp.pcreg.q[13]$_DFF_PP0_/Q (sky130_fd_sc_hd__edfxtp_1) dp.rf.rf[24][13]$_DFFE_PP_/D (sky130_fd_sc_hd__edfxtp_1)    1.3641
dp.pcreg.q[13]$_DFF_PP0_/Q (sky130_fd_sc_hd__edfxtp_1) dp.rf.rf[25][13]$_DFFE_PP_/D (sky130_fd_sc_hd__edfxtp_1)    1.3642
dp.pcreg.q[13]$_DFF_PP0_/Q (sky130_fd_sc_hd__edfxtp_1) dp.rf.rf[0][13]$_DFFE_PP_/D (sky130_fd_sc_hd__edfxtp_1)    1.3648
dp.pcreg.q[13]$_DFF_PP0_/Q (sky130_fd_sc_hd__edfxtp_1) dp.rf.rf[27][13]$_DFFE_PP_/D (sky130_fd_sc_hd__edfxtp_1)    1.3651
dp.pcreg.q[13]$_DFF_PP0_/Q (sky130_fd_sc_hd__edfxtp_1) dp.rf.rf[26][13]$_DFFE_PP_/D (sky130_fd_sc_hd__edfxtp_1)    1.3651
dp.pcreg.q[13]$_DFF_PP0_/Q (sky130_fd_sc_hd__edfxtp_1) dp.rf.rf[31][13]$_DFFE_PP_/D (sky130_fd_sc_hd__edfxtp_1)    1.3652
dp.pcreg.q[4]$_DFF_PP0_/Q (sky130_fd_sc_hd__edfxtp_1) dp.rf.rf[19][4]$_DFFE_PP_/D (sky130_fd_sc_hd__edfxtp_1)    1.3654
dp.pcreg.q[9]$_DFF_PP0_/Q (sky130_fd_sc_hd__edfxtp_1) dp.rf.rf[9][9]$_DFFE_PP_/D (sky130_fd_sc_hd__edfxtp_1)    1.3662
dp.pcreg.q[13]$_DFF_PP0_/Q (sky130_fd_sc_hd__edfxtp_1) dp.rf.rf[30][13]$_DFFE_PP_/D (sky130_fd_sc_hd__edfxtp_1)    1.3662
dp.pcreg.q[13]$_DFF_PP0_/Q (sky130_fd_sc_hd__edfxtp_1) dp.rf.rf[29][13]$_DFFE_PP_/D (sky130_fd_sc_hd__edfxtp_1)    1.3667
dp.pcreg.q[13]$_DFF_PP0_/Q (sky130_fd_sc_hd__edfxtp_1) dp.rf.rf[28][13]$_DFFE_PP_/D (sky130_fd_sc_hd__edfxtp_1)    1.3669
dp.pcreg.q[13]$_DFF_PP0_/Q (sky130_fd_sc_hd__edfxtp_1) dp.rf.rf[8][13]$_DFFE_PP_/D (sky130_fd_sc_hd__edfxtp_1)    1.3671
dp.pcreg.q[4]$_DFF_PP0_/Q (sky130_fd_sc_hd__edfxtp_1) dp.rf.rf[4][4]$_DFFE_PP_/D (sky130_fd_sc_hd__edfxtp_1)    1.3672
dp.pcreg.q[13]$_DFF_PP0_/Q (sky130_fd_sc_hd__edfxtp_1) dp.rf.rf[13][13]$_DFFE_PP_/D (sky130_fd_sc_hd__edfxtp_1)    1.3675
dp.pcreg.q[13]$_DFF_PP0_/Q (sky130_fd_sc_hd__edfxtp_1) dp.rf.rf[12][13]$_DFFE_PP_/D (sky130_fd_sc_hd__edfxtp_1)    1.3677
dp.pcreg.q[13]$_DFF_PP0_/Q (sky130_fd_sc_hd__edfxtp_1) dp.rf.rf[10][13]$_DFFE_PP_/D (sky130_fd_sc_hd__edfxtp_1)    1.3679
dp.pcreg.q[13]$_DFF_PP0_/Q (sky130_fd_sc_hd__edfxtp_1) dp.rf.rf[9][13]$_DFFE_PP_/D (sky130_fd_sc_hd__edfxtp_1)    1.3680
dp.pcreg.q[4]$_DFF_PP0_/Q (sky130_fd_sc_hd__edfxtp_1) dp.rf.rf[22][4]$_DFFE_PP_/D (sky130_fd_sc_hd__edfxtp_1)    1.3680
dp.pcreg.q[13]$_DFF_PP0_/Q (sky130_fd_sc_hd__edfxtp_1) dp.rf.rf[11][13]$_DFFE_PP_/D (sky130_fd_sc_hd__edfxtp_1)    1.3682
dp.pcreg.q[9]$_DFF_PP0_/Q (sky130_fd_sc_hd__edfxtp_1) dp.rf.rf[10][9]$_DFFE_PP_/D (sky130_fd_sc_hd__edfxtp_1)    1.3682
dp.pcreg.q[13]$_DFF_PP0_/Q (sky130_fd_sc_hd__edfxtp_1) dp.rf.rf[6][13]$_DFFE_PP_/D (sky130_fd_sc_hd__edfxtp_1)    1.3683
dp.pcreg.q[9]$_DFF_PP0_/Q (sky130_fd_sc_hd__edfxtp_1) dp.rf.rf[0][9]$_DFFE_PP_/D (sky130_fd_sc_hd__edfxtp_1)    1.3683
dp.pcreg.q[13]$_DFF_PP0_/Q (sky130_fd_sc_hd__edfxtp_1) dp.rf.rf[15][13]$_DFFE_PP_/D (sky130_fd_sc_hd__edfxtp_1)    1.3683
dp.pcreg.q[13]$_DFF_PP0_/Q (sky130_fd_sc_hd__edfxtp_1) dp.rf.rf[7][13]$_DFFE_PP_/D (sky130_fd_sc_hd__edfxtp_1)    1.3683
dp.pcreg.q[13]$_DFF_PP0_/Q (sky130_fd_sc_hd__edfxtp_1) dp.rf.rf[14][13]$_DFFE_PP_/D (sky130_fd_sc_hd__edfxtp_1)    1.3683
dp.pcreg.q[13]$_DFF_PP0_/Q (sky130_fd_sc_hd__edfxtp_1) dp.rf.rf[4][13]$_DFFE_PP_/D (sky130_fd_sc_hd__edfxtp_1)    1.3686
dp.pcreg.q[13]$_DFF_PP0_/Q (sky130_fd_sc_hd__edfxtp_1) dp.rf.rf[5][13]$_DFFE_PP_/D (sky130_fd_sc_hd__edfxtp_1)    1.3686
dp.pcreg.q[4]$_DFF_PP0_/Q (sky130_fd_sc_hd__edfxtp_1) dp.rf.rf[21][4]$_DFFE_PP_/D (sky130_fd_sc_hd__edfxtp_1)    1.3686
dp.pcreg.q[4]$_DFF_PP0_/Q (sky130_fd_sc_hd__edfxtp_1) dp.rf.rf[23][4]$_DFFE_PP_/D (sky130_fd_sc_hd__edfxtp_1)    1.3687
dp.pcreg.q[4]$_DFF_PP0_/Q (sky130_fd_sc_hd__edfxtp_1) dp.rf.rf[29][4]$_DFFE_PP_/D (sky130_fd_sc_hd__edfxtp_1)    1.3700
dp.pcreg.q[4]$_DFF_PP0_/Q (sky130_fd_sc_hd__edfxtp_1) dp.rf.rf[30][4]$_DFFE_PP_/D (sky130_fd_sc_hd__edfxtp_1)    1.3711
dp.pcreg.q[25]$_DFF_PP0_/Q (sky130_fd_sc_hd__edfxtp_1) dp.rf.rf[13][26]$_DFFE_PP_/D (sky130_fd_sc_hd__edfxtp_1)    1.3714
dp.pcreg.q[25]$_DFF_PP0_/Q (sky130_fd_sc_hd__edfxtp_1) dp.rf.rf[8][26]$_DFFE_PP_/D (sky130_fd_sc_hd__edfxtp_1)    1.3714
dp.pcreg.q[25]$_DFF_PP0_/Q (sky130_fd_sc_hd__edfxtp_1) dp.rf.rf[12][26]$_DFFE_PP_/D (sky130_fd_sc_hd__edfxtp_1)    1.3714
dp.pcreg.q[25]$_DFF_PP0_/Q (sky130_fd_sc_hd__edfxtp_1) dp.rf.rf[15][26]$_DFFE_PP_/D (sky130_fd_sc_hd__edfxtp_1)    1.3715
dp.pcreg.q[9]$_DFF_PP0_/Q (sky130_fd_sc_hd__edfxtp_1) dp.rf.rf[11][9]$_DFFE_PP_/D (sky130_fd_sc_hd__edfxtp_1)    1.3721
dp.pcreg.q[4]$_DFF_PP0_/Q (sky130_fd_sc_hd__edfxtp_1) dp.rf.rf[24][4]$_DFFE_PP_/D (sky130_fd_sc_hd__edfxtp_1)    1.3725
dp.pcreg.q[25]$_DFF_PP0_/Q (sky130_fd_sc_hd__edfxtp_1) dp.rf.rf[11][26]$_DFFE_PP_/D (sky130_fd_sc_hd__edfxtp_1)    1.3726
dp.pcreg.q[4]$_DFF_PP0_/Q (sky130_fd_sc_hd__edfxtp_1) dp.rf.rf[8][4]$_DFFE_PP_/D (sky130_fd_sc_hd__edfxtp_1)    1.3726
dp.pcreg.q[25]$_DFF_PP0_/Q (sky130_fd_sc_hd__edfxtp_1) dp.rf.rf[0][26]$_DFFE_PP_/D (sky130_fd_sc_hd__edfxtp_1)    1.3727
dp.pcreg.q[25]$_DFF_PP0_/Q (sky130_fd_sc_hd__edfxtp_1) dp.rf.rf[14][26]$_DFFE_PP_/D (sky130_fd_sc_hd__edfxtp_1)    1.3729
dp.pcreg.q[4]$_DFF_PP0_/Q (sky130_fd_sc_hd__edfxtp_1) dp.rf.rf[5][4]$_DFFE_PP_/D (sky130_fd_sc_hd__edfxtp_1)    1.3733
dp.pcreg.q[4]$_DFF_PP0_/Q (sky130_fd_sc_hd__edfxtp_1) dp.rf.rf[6][4]$_DFFE_PP_/D (sky130_fd_sc_hd__edfxtp_1)    1.3735
dp.pcreg.q[4]$_DFF_PP0_/Q (sky130_fd_sc_hd__edfxtp_1) dp.rf.rf[7][4]$_DFFE_PP_/D (sky130_fd_sc_hd__edfxtp_1)    1.3736
dp.pcreg.q[4]$_DFF_PP0_/Q (sky130_fd_sc_hd__edfxtp_1) dp.rf.rf[28][4]$_DFFE_PP_/D (sky130_fd_sc_hd__edfxtp_1)    1.3737
dp.pcreg.q[4]$_DFF_PP0_/Q (sky130_fd_sc_hd__edfxtp_1) dp.rf.rf[0][4]$_DFFE_PP_/D (sky130_fd_sc_hd__edfxtp_1)    1.3737
dp.pcreg.q[4]$_DFF_PP0_/Q (sky130_fd_sc_hd__edfxtp_1) dp.rf.rf[1][4]$_DFFE_PP_/D (sky130_fd_sc_hd__edfxtp_1)    1.3740
dp.pcreg.q[4]$_DFF_PP0_/Q (sky130_fd_sc_hd__edfxtp_1) dp.rf.rf[2][4]$_DFFE_PP_/D (sky130_fd_sc_hd__edfxtp_1)    1.3740
dp.pcreg.q[4]$_DFF_PP0_/Q (sky130_fd_sc_hd__edfxtp_1) dp.rf.rf[31][4]$_DFFE_PP_/D (sky130_fd_sc_hd__edfxtp_1)    1.3742
dp.pcreg.q[25]$_DFF_PP0_/Q (sky130_fd_sc_hd__edfxtp_1) dp.rf.rf[10][26]$_DFFE_PP_/D (sky130_fd_sc_hd__edfxtp_1)    1.3742
dp.pcreg.q[4]$_DFF_PP0_/Q (sky130_fd_sc_hd__edfxtp_1) dp.rf.rf[26][4]$_DFFE_PP_/D (sky130_fd_sc_hd__edfxtp_1)    1.3749
dp.pcreg.q[4]$_DFF_PP0_/Q (sky130_fd_sc_hd__edfxtp_1) dp.rf.rf[3][4]$_DFFE_PP_/D (sky130_fd_sc_hd__edfxtp_1)    1.3751
dp.pcreg.q[4]$_DFF_PP0_/Q (sky130_fd_sc_hd__edfxtp_1) dp.rf.rf[27][4]$_DFFE_PP_/D (sky130_fd_sc_hd__edfxtp_1)    1.3752
dp.pcreg.q[4]$_DFF_PP0_/Q (sky130_fd_sc_hd__edfxtp_1) dp.rf.rf[13][4]$_DFFE_PP_/D (sky130_fd_sc_hd__edfxtp_1)    1.3754
dp.pcreg.q[4]$_DFF_PP0_/Q (sky130_fd_sc_hd__edfxtp_1) dp.rf.rf[12][4]$_DFFE_PP_/D (sky130_fd_sc_hd__edfxtp_1)    1.3758
dp.pcreg.q[4]$_DFF_PP0_/Q (sky130_fd_sc_hd__edfxtp_1) dp.rf.rf[15][4]$_DFFE_PP_/D (sky130_fd_sc_hd__edfxtp_1)    1.3758
dp.pcreg.q[4]$_DFF_PP0_/Q (sky130_fd_sc_hd__edfxtp_1) dp.rf.rf[14][4]$_DFFE_PP_/D (sky130_fd_sc_hd__edfxtp_1)    1.3758
dp.pcreg.q[4]$_DFF_PP0_/Q (sky130_fd_sc_hd__edfxtp_1) dp.rf.rf[10][4]$_DFFE_PP_/D (sky130_fd_sc_hd__edfxtp_1)    1.3760
dp.pcreg.q[4]$_DFF_PP0_/Q (sky130_fd_sc_hd__edfxtp_1) dp.rf.rf[25][4]$_DFFE_PP_/D (sky130_fd_sc_hd__edfxtp_1)    1.3760
dp.pcreg.q[4]$_DFF_PP0_/Q (sky130_fd_sc_hd__edfxtp_1) dp.rf.rf[11][4]$_DFFE_PP_/D (sky130_fd_sc_hd__edfxtp_1)    1.3763
dp.pcreg.q[25]$_DFF_PP0_/Q (sky130_fd_sc_hd__edfxtp_1) dp.rf.rf[19][26]$_DFFE_PP_/D (sky130_fd_sc_hd__edfxtp_1)    1.3767
dp.pcreg.q[4]$_DFF_PP0_/Q (sky130_fd_sc_hd__edfxtp_1) dp.rf.rf[9][4]$_DFFE_PP_/D (sky130_fd_sc_hd__edfxtp_1)    1.3769
dp.pcreg.q[9]$_DFF_PP0_/Q (sky130_fd_sc_hd__edfxtp_1) dp.rf.rf[2][9]$_DFFE_PP_/D (sky130_fd_sc_hd__edfxtp_1)    1.3772
dp.pcreg.q[9]$_DFF_PP0_/Q (sky130_fd_sc_hd__edfxtp_1) dp.rf.rf[3][9]$_DFFE_PP_/D (sky130_fd_sc_hd__edfxtp_1)    1.3773
dp.pcreg.q[25]$_DFF_PP0_/Q (sky130_fd_sc_hd__edfxtp_1) dp.rf.rf[25][26]$_DFFE_PP_/D (sky130_fd_sc_hd__edfxtp_1)    1.3773
dp.pcreg.q[25]$_DFF_PP0_/Q (sky130_fd_sc_hd__edfxtp_1) dp.rf.rf[24][26]$_DFFE_PP_/D (sky130_fd_sc_hd__edfxtp_1)    1.3785
dp.pcreg.q[9]$_DFF_PP0_/Q (sky130_fd_sc_hd__edfxtp_1) dp.rf.rf[1][9]$_DFFE_PP_/D (sky130_fd_sc_hd__edfxtp_1)    1.3791
dp.pcreg.q[25]$_DFF_PP0_/Q (sky130_fd_sc_hd__edfxtp_1) dp.rf.rf[9][26]$_DFFE_PP_/D (sky130_fd_sc_hd__edfxtp_1)    1.3796
dp.pcreg.q[9]$_DFF_PP0_/Q (sky130_fd_sc_hd__edfxtp_1) dp.rf.rf[5][9]$_DFFE_PP_/D (sky130_fd_sc_hd__edfxtp_1)    1.3800
dp.pcreg.q[9]$_DFF_PP0_/Q (sky130_fd_sc_hd__edfxtp_1) dp.rf.rf[4][9]$_DFFE_PP_/D (sky130_fd_sc_hd__edfxtp_1)    1.3808
dp.pcreg.q[9]$_DFF_PP0_/Q (sky130_fd_sc_hd__edfxtp_1) dp.rf.rf[7][9]$_DFFE_PP_/D (sky130_fd_sc_hd__edfxtp_1)    1.3817
dp.pcreg.q[9]$_DFF_PP0_/Q (sky130_fd_sc_hd__edfxtp_1) dp.rf.rf[6][9]$_DFFE_PP_/D (sky130_fd_sc_hd__edfxtp_1)    1.3822
dp.pcreg.q[9]$_DFF_PP0_/Q (sky130_fd_sc_hd__edfxtp_1) dp.rf.rf[22][9]$_DFFE_PP_/D (sky130_fd_sc_hd__edfxtp_1)    1.3839
dp.pcreg.q[9]$_DFF_PP0_/Q (sky130_fd_sc_hd__edfxtp_1) dp.rf.rf[21][9]$_DFFE_PP_/D (sky130_fd_sc_hd__edfxtp_1)    1.3841
dp.pcreg.q[25]$_DFF_PP0_/Q (sky130_fd_sc_hd__edfxtp_1) dp.rf.rf[16][26]$_DFFE_PP_/D (sky130_fd_sc_hd__edfxtp_1)    1.3852
dp.pcreg.q[25]$_DFF_PP0_/Q (sky130_fd_sc_hd__edfxtp_1) dp.rf.rf[17][26]$_DFFE_PP_/D (sky130_fd_sc_hd__edfxtp_1)    1.3853
dp.pcreg.q[9]$_DFF_PP0_/Q (sky130_fd_sc_hd__edfxtp_1) dp.rf.rf[28][9]$_DFFE_PP_/D (sky130_fd_sc_hd__edfxtp_1)    1.3866
dp.pcreg.q[25]$_DFF_PP0_/Q (sky130_fd_sc_hd__edfxtp_1) dp.rf.rf[31][26]$_DFFE_PP_/D (sky130_fd_sc_hd__edfxtp_1)    1.3872
dp.pcreg.q[9]$_DFF_PP0_/Q (sky130_fd_sc_hd__edfxtp_1) dp.rf.rf[29][9]$_DFFE_PP_/D (sky130_fd_sc_hd__edfxtp_1)    1.3874
dp.pcreg.q[9]$_DFF_PP0_/Q (sky130_fd_sc_hd__edfxtp_1) dp.rf.rf[25][9]$_DFFE_PP_/D (sky130_fd_sc_hd__edfxtp_1)    1.3874
dp.pcreg.q[9]$_DFF_PP0_/Q (sky130_fd_sc_hd__edfxtp_1) dp.rf.rf[24][9]$_DFFE_PP_/D (sky130_fd_sc_hd__edfxtp_1)    1.3875
dp.pcreg.q[25]$_DFF_PP0_/Q (sky130_fd_sc_hd__edfxtp_1) dp.rf.rf[30][26]$_DFFE_PP_/D (sky130_fd_sc_hd__edfxtp_1)    1.3875
dp.pcreg.q[5]$_DFF_PP0_/Q (sky130_fd_sc_hd__edfxtp_1) dp.rf.rf[12][5]$_DFFE_PP_/D (sky130_fd_sc_hd__edfxtp_1)    1.3876
dp.pcreg.q[9]$_DFF_PP0_/Q (sky130_fd_sc_hd__edfxtp_1) dp.rf.rf[30][9]$_DFFE_PP_/D (sky130_fd_sc_hd__edfxtp_1)    1.3879
dp.pcreg.q[25]$_DFF_PP0_/Q (sky130_fd_sc_hd__edfxtp_1) dp.rf.rf[18][26]$_DFFE_PP_/D (sky130_fd_sc_hd__edfxtp_1)    1.3879
dp.pcreg.q[25]$_DFF_PP0_/Q (sky130_fd_sc_hd__edfxtp_1) dp.rf.rf[29][26]$_DFFE_PP_/D (sky130_fd_sc_hd__edfxtp_1)    1.3879
dp.pcreg.q[25]$_DFF_PP0_/Q (sky130_fd_sc_hd__edfxtp_1) dp.rf.rf[28][26]$_DFFE_PP_/D (sky130_fd_sc_hd__edfxtp_1)    1.3880
dp.pcreg.q[25]$_DFF_PP0_/Q (sky130_fd_sc_hd__edfxtp_1) dp.rf.rf[3][26]$_DFFE_PP_/D (sky130_fd_sc_hd__edfxtp_1)    1.3882
dp.pcreg.q[25]$_DFF_PP0_/Q (sky130_fd_sc_hd__edfxtp_1) dp.rf.rf[1][26]$_DFFE_PP_/D (sky130_fd_sc_hd__edfxtp_1)    1.3882
dp.pcreg.q[25]$_DFF_PP0_/Q (sky130_fd_sc_hd__edfxtp_1) dp.rf.rf[2][26]$_DFFE_PP_/D (sky130_fd_sc_hd__edfxtp_1)    1.3884
dp.pcreg.q[9]$_DFF_PP0_/Q (sky130_fd_sc_hd__edfxtp_1) dp.rf.rf[31][9]$_DFFE_PP_/D (sky130_fd_sc_hd__edfxtp_1)    1.3884
dp.pcreg.q[9]$_DFF_PP0_/Q (sky130_fd_sc_hd__edfxtp_1) dp.rf.rf[27][9]$_DFFE_PP_/D (sky130_fd_sc_hd__edfxtp_1)    1.3884
dp.pcreg.q[9]$_DFF_PP0_/Q (sky130_fd_sc_hd__edfxtp_1) dp.rf.rf[26][9]$_DFFE_PP_/D (sky130_fd_sc_hd__edfxtp_1)    1.3885
dp.pcreg.q[25]$_DFF_PP0_/Q (sky130_fd_sc_hd__edfxtp_1) dp.rf.rf[7][26]$_DFFE_PP_/D (sky130_fd_sc_hd__edfxtp_1)    1.3885
dp.pcreg.q[25]$_DFF_PP0_/Q (sky130_fd_sc_hd__edfxtp_1) dp.rf.rf[6][26]$_DFFE_PP_/D (sky130_fd_sc_hd__edfxtp_1)    1.3886
dp.pcreg.q[25]$_DFF_PP0_/Q (sky130_fd_sc_hd__edfxtp_1) dp.rf.rf[5][26]$_DFFE_PP_/D (sky130_fd_sc_hd__edfxtp_1)    1.3887
dp.pcreg.q[25]$_DFF_PP0_/Q (sky130_fd_sc_hd__edfxtp_1) dp.rf.rf[4][26]$_DFFE_PP_/D (sky130_fd_sc_hd__edfxtp_1)    1.3887
dp.pcreg.q[9]$_DFF_PP0_/Q (sky130_fd_sc_hd__edfxtp_1) dp.rf.rf[23][9]$_DFFE_PP_/D (sky130_fd_sc_hd__edfxtp_1)    1.3887
dp.pcreg.q[25]$_DFF_PP0_/Q (sky130_fd_sc_hd__edfxtp_1) dp.rf.rf[22][26]$_DFFE_PP_/D (sky130_fd_sc_hd__edfxtp_1)    1.3887
dp.pcreg.q[25]$_DFF_PP0_/Q (sky130_fd_sc_hd__edfxtp_1) dp.rf.rf[26][26]$_DFFE_PP_/D (sky130_fd_sc_hd__edfxtp_1)    1.3887
dp.pcreg.q[25]$_DFF_PP0_/Q (sky130_fd_sc_hd__edfxtp_1) dp.rf.rf[21][26]$_DFFE_PP_/D (sky130_fd_sc_hd__edfxtp_1)    1.3887
dp.pcreg.q[25]$_DFF_PP0_/Q (sky130_fd_sc_hd__edfxtp_1) dp.rf.rf[23][26]$_DFFE_PP_/D (sky130_fd_sc_hd__edfxtp_1)    1.3887
dp.pcreg.q[25]$_DFF_PP0_/Q (sky130_fd_sc_hd__edfxtp_1) dp.rf.rf[20][26]$_DFFE_PP_/D (sky130_fd_sc_hd__edfxtp_1)    1.3888
dp.pcreg.q[25]$_DFF_PP0_/Q (sky130_fd_sc_hd__edfxtp_1) dp.rf.rf[27][26]$_DFFE_PP_/D (sky130_fd_sc_hd__edfxtp_1)    1.3888
dp.pcreg.q[9]$_DFF_PP0_/Q (sky130_fd_sc_hd__edfxtp_1) dp.rf.rf[20][9]$_DFFE_PP_/D (sky130_fd_sc_hd__edfxtp_1)    1.3890
dp.pcreg.q[9]$_DFF_PP0_/Q (sky130_fd_sc_hd__edfxtp_1) dp.rf.rf[18][9]$_DFFE_PP_/D (sky130_fd_sc_hd__edfxtp_1)    1.3907
dp.pcreg.q[9]$_DFF_PP0_/Q (sky130_fd_sc_hd__edfxtp_1) dp.rf.rf[19][9]$_DFFE_PP_/D (sky130_fd_sc_hd__edfxtp_1)    1.3907
dp.pcreg.q[9]$_DFF_PP0_/Q (sky130_fd_sc_hd__edfxtp_1) dp.rf.rf[16][9]$_DFFE_PP_/D (sky130_fd_sc_hd__edfxtp_1)    1.3911
dp.pcreg.q[9]$_DFF_PP0_/Q (sky130_fd_sc_hd__edfxtp_1) dp.rf.rf[17][9]$_DFFE_PP_/D (sky130_fd_sc_hd__edfxtp_1)    1.3911
dp.pcreg.q[5]$_DFF_PP0_/Q (sky130_fd_sc_hd__edfxtp_1) dp.rf.rf[14][5]$_DFFE_PP_/D (sky130_fd_sc_hd__edfxtp_1)    1.3919
dp.pcreg.q[5]$_DFF_PP0_/Q (sky130_fd_sc_hd__edfxtp_1) dp.rf.rf[15][5]$_DFFE_PP_/D (sky130_fd_sc_hd__edfxtp_1)    1.3925
dp.pcreg.q[5]$_DFF_PP0_/Q (sky130_fd_sc_hd__edfxtp_1) dp.rf.rf[4][5]$_DFFE_PP_/D (sky130_fd_sc_hd__edfxtp_1)    1.3935
dp.pcreg.q[5]$_DFF_PP0_/Q (sky130_fd_sc_hd__edfxtp_1) dp.rf.rf[8][5]$_DFFE_PP_/D (sky130_fd_sc_hd__edfxtp_1)    1.3938
dp.pcreg.q[5]$_DFF_PP0_/Q (sky130_fd_sc_hd__edfxtp_1) dp.rf.rf[10][5]$_DFFE_PP_/D (sky130_fd_sc_hd__edfxtp_1)    1.3939
dp.pcreg.q[5]$_DFF_PP0_/Q (sky130_fd_sc_hd__edfxtp_1) dp.rf.rf[11][5]$_DFFE_PP_/D (sky130_fd_sc_hd__edfxtp_1)    1.3940
dp.pcreg.q[5]$_DFF_PP0_/Q (sky130_fd_sc_hd__edfxtp_1) dp.rf.rf[9][5]$_DFFE_PP_/D (sky130_fd_sc_hd__edfxtp_1)    1.3942
dp.pcreg.q[5]$_DFF_PP0_/Q (sky130_fd_sc_hd__edfxtp_1) dp.rf.rf[13][5]$_DFFE_PP_/D (sky130_fd_sc_hd__edfxtp_1)    1.3943
dp.pcreg.q[13]$_DFF_PP0_/Q (sky130_fd_sc_hd__edfxtp_1) dp.rf.rf[16][13]$_DFFE_PP_/D (sky130_fd_sc_hd__edfxtp_1)    1.3949
dp.pcreg.q[5]$_DFF_PP0_/Q (sky130_fd_sc_hd__edfxtp_1) dp.rf.rf[0][5]$_DFFE_PP_/D (sky130_fd_sc_hd__edfxtp_1)    1.3952
dp.pcreg.q[5]$_DFF_PP0_/Q (sky130_fd_sc_hd__edfxtp_1) dp.rf.rf[5][5]$_DFFE_PP_/D (sky130_fd_sc_hd__edfxtp_1)    1.3953
dp.pcreg.q[13]$_DFF_PP0_/Q (sky130_fd_sc_hd__edfxtp_1) dp.rf.rf[19][13]$_DFFE_PP_/D (sky130_fd_sc_hd__edfxtp_1)    1.3956
dp.pcreg.q[5]$_DFF_PP0_/Q (sky130_fd_sc_hd__edfxtp_1) dp.rf.rf[25][5]$_DFFE_PP_/D (sky130_fd_sc_hd__edfxtp_1)    1.3971
dp.pcreg.q[5]$_DFF_PP0_/Q (sky130_fd_sc_hd__edfxtp_1) dp.rf.rf[24][5]$_DFFE_PP_/D (sky130_fd_sc_hd__edfxtp_1)    1.3972
dp.pcreg.q[5]$_DFF_PP0_/Q (sky130_fd_sc_hd__edfxtp_1) dp.rf.rf[7][5]$_DFFE_PP_/D (sky130_fd_sc_hd__edfxtp_1)    1.3975
dp.pcreg.q[5]$_DFF_PP0_/Q (sky130_fd_sc_hd__edfxtp_1) dp.rf.rf[6][5]$_DFFE_PP_/D (sky130_fd_sc_hd__edfxtp_1)    1.3981
dp.pcreg.q[5]$_DFF_PP0_/Q (sky130_fd_sc_hd__edfxtp_1) dp.rf.rf[21][5]$_DFFE_PP_/D (sky130_fd_sc_hd__edfxtp_1)    1.3989
dp.pcreg.q[5]$_DFF_PP0_/Q (sky130_fd_sc_hd__edfxtp_1) dp.rf.rf[20][5]$_DFFE_PP_/D (sky130_fd_sc_hd__edfxtp_1)    1.3989
dp.pcreg.q[5]$_DFF_PP0_/Q (sky130_fd_sc_hd__edfxtp_1) dp.rf.rf[23][5]$_DFFE_PP_/D (sky130_fd_sc_hd__edfxtp_1)    1.4001
dp.pcreg.q[5]$_DFF_PP0_/Q (sky130_fd_sc_hd__edfxtp_1) dp.rf.rf[22][5]$_DFFE_PP_/D (sky130_fd_sc_hd__edfxtp_1)    1.4003
dp.pcreg.q[13]$_DFF_PP0_/Q (sky130_fd_sc_hd__edfxtp_1) dp.rf.rf[2][13]$_DFFE_PP_/D (sky130_fd_sc_hd__edfxtp_1)    1.4003
dp.pcreg.q[13]$_DFF_PP0_/Q (sky130_fd_sc_hd__edfxtp_1) dp.rf.rf[1][13]$_DFFE_PP_/D (sky130_fd_sc_hd__edfxtp_1)    1.4004
dp.pcreg.q[13]$_DFF_PP0_/Q (sky130_fd_sc_hd__edfxtp_1) dp.rf.rf[3][13]$_DFFE_PP_/D (sky130_fd_sc_hd__edfxtp_1)    1.4005
dp.pcreg.q[5]$_DFF_PP0_/Q (sky130_fd_sc_hd__edfxtp_1) dp.rf.rf[18][5]$_DFFE_PP_/D (sky130_fd_sc_hd__edfxtp_1)    1.4013
dp.pcreg.q[5]$_DFF_PP0_/Q (sky130_fd_sc_hd__edfxtp_1) dp.rf.rf[19][5]$_DFFE_PP_/D (sky130_fd_sc_hd__edfxtp_1)    1.4014
dp.pcreg.q[5]$_DFF_PP0_/Q (sky130_fd_sc_hd__edfxtp_1) dp.rf.rf[17][5]$_DFFE_PP_/D (sky130_fd_sc_hd__edfxtp_1)    1.4016
dp.pcreg.q[5]$_DFF_PP0_/Q (sky130_fd_sc_hd__edfxtp_1) dp.rf.rf[29][5]$_DFFE_PP_/D (sky130_fd_sc_hd__edfxtp_1)    1.4030
dp.pcreg.q[5]$_DFF_PP0_/Q (sky130_fd_sc_hd__edfxtp_1) dp.rf.rf[16][5]$_DFFE_PP_/D (sky130_fd_sc_hd__edfxtp_1)    1.4031
dp.pcreg.q[5]$_DFF_PP0_/Q (sky130_fd_sc_hd__edfxtp_1) dp.rf.rf[30][5]$_DFFE_PP_/D (sky130_fd_sc_hd__edfxtp_1)    1.4033
dp.pcreg.q[5]$_DFF_PP0_/Q (sky130_fd_sc_hd__edfxtp_1) dp.rf.rf[31][5]$_DFFE_PP_/D (sky130_fd_sc_hd__edfxtp_1)    1.4036
dp.pcreg.q[5]$_DFF_PP0_/Q (sky130_fd_sc_hd__edfxtp_1) dp.rf.rf[3][5]$_DFFE_PP_/D (sky130_fd_sc_hd__edfxtp_1)    1.4036
dp.pcreg.q[5]$_DFF_PP0_/Q (sky130_fd_sc_hd__edfxtp_1) dp.rf.rf[1][5]$_DFFE_PP_/D (sky130_fd_sc_hd__edfxtp_1)    1.4036
dp.pcreg.q[5]$_DFF_PP0_/Q (sky130_fd_sc_hd__edfxtp_1) dp.rf.rf[2][5]$_DFFE_PP_/D (sky130_fd_sc_hd__edfxtp_1)    1.4036
dp.pcreg.q[5]$_DFF_PP0_/Q (sky130_fd_sc_hd__edfxtp_1) dp.rf.rf[28][5]$_DFFE_PP_/D (sky130_fd_sc_hd__edfxtp_1)    1.4042
dp.pcreg.q[5]$_DFF_PP0_/Q (sky130_fd_sc_hd__edfxtp_1) dp.rf.rf[27][5]$_DFFE_PP_/D (sky130_fd_sc_hd__edfxtp_1)    1.4050
dp.pcreg.q[5]$_DFF_PP0_/Q (sky130_fd_sc_hd__edfxtp_1) dp.rf.rf[26][5]$_DFFE_PP_/D (sky130_fd_sc_hd__edfxtp_1)    1.4051
dp.pcreg.q[14]$_DFF_PP0_/Q (sky130_fd_sc_hd__edfxtp_1) dp.rf.rf[9][14]$_DFFE_PP_/D (sky130_fd_sc_hd__edfxtp_1)    1.4111
dp.pcreg.q[14]$_DFF_PP0_/Q (sky130_fd_sc_hd__edfxtp_1) dp.rf.rf[0][14]$_DFFE_PP_/D (sky130_fd_sc_hd__edfxtp_1)    1.4181
dp.pcreg.q[14]$_DFF_PP0_/Q (sky130_fd_sc_hd__edfxtp_1) dp.rf.rf[5][14]$_DFFE_PP_/D (sky130_fd_sc_hd__edfxtp_1)    1.4183
dp.pcreg.q[14]$_DFF_PP0_/Q (sky130_fd_sc_hd__edfxtp_1) dp.rf.rf[4][14]$_DFFE_PP_/D (sky130_fd_sc_hd__edfxtp_1)    1.4183
dp.pcreg.q[14]$_DFF_PP0_/Q (sky130_fd_sc_hd__edfxtp_1) dp.rf.rf[3][14]$_DFFE_PP_/D (sky130_fd_sc_hd__edfxtp_1)    1.4186
dp.pcreg.q[14]$_DFF_PP0_/Q (sky130_fd_sc_hd__edfxtp_1) dp.rf.rf[2][14]$_DFFE_PP_/D (sky130_fd_sc_hd__edfxtp_1)    1.4186
dp.pcreg.q[14]$_DFF_PP0_/Q (sky130_fd_sc_hd__edfxtp_1) dp.rf.rf[1][14]$_DFFE_PP_/D (sky130_fd_sc_hd__edfxtp_1)    1.4196
dp.pcreg.q[12]$_DFF_PP0_/Q (sky130_fd_sc_hd__edfxtp_1) dp.rf.rf[23][12]$_DFFE_PP_/D (sky130_fd_sc_hd__edfxtp_1)    1.4216
dp.pcreg.q[12]$_DFF_PP0_/Q (sky130_fd_sc_hd__edfxtp_1) dp.rf.rf[22][12]$_DFFE_PP_/D (sky130_fd_sc_hd__edfxtp_1)    1.4219
dp.pcreg.q[12]$_DFF_PP0_/Q (sky130_fd_sc_hd__edfxtp_1) dp.rf.rf[16][12]$_DFFE_PP_/D (sky130_fd_sc_hd__edfxtp_1)    1.4240
dp.pcreg.q[12]$_DFF_PP0_/Q (sky130_fd_sc_hd__edfxtp_1) dp.rf.rf[19][12]$_DFFE_PP_/D (sky130_fd_sc_hd__edfxtp_1)    1.4244
dp.pcreg.q[12]$_DFF_PP0_/Q (sky130_fd_sc_hd__edfxtp_1) dp.rf.rf[18][12]$_DFFE_PP_/D (sky130_fd_sc_hd__edfxtp_1)    1.4249
dp.pcreg.q[14]$_DFF_PP0_/Q (sky130_fd_sc_hd__edfxtp_1) dp.rf.rf[15][14]$_DFFE_PP_/D (sky130_fd_sc_hd__edfxtp_1)    1.4269
dp.pcreg.q[14]$_DFF_PP0_/Q (sky130_fd_sc_hd__edfxtp_1) dp.rf.rf[12][14]$_DFFE_PP_/D (sky130_fd_sc_hd__edfxtp_1)    1.4277
dp.pcreg.q[14]$_DFF_PP0_/Q (sky130_fd_sc_hd__edfxtp_1) dp.rf.rf[10][14]$_DFFE_PP_/D (sky130_fd_sc_hd__edfxtp_1)    1.4277
dp.pcreg.q[14]$_DFF_PP0_/Q (sky130_fd_sc_hd__edfxtp_1) dp.rf.rf[13][14]$_DFFE_PP_/D (sky130_fd_sc_hd__edfxtp_1)    1.4279
dp.pcreg.q[14]$_DFF_PP0_/Q (sky130_fd_sc_hd__edfxtp_1) dp.rf.rf[6][14]$_DFFE_PP_/D (sky130_fd_sc_hd__edfxtp_1)    1.4280
dp.pcreg.q[14]$_DFF_PP0_/Q (sky130_fd_sc_hd__edfxtp_1) dp.rf.rf[7][14]$_DFFE_PP_/D (sky130_fd_sc_hd__edfxtp_1)    1.4282
dp.pcreg.q[14]$_DFF_PP0_/Q (sky130_fd_sc_hd__edfxtp_1) dp.rf.rf[11][14]$_DFFE_PP_/D (sky130_fd_sc_hd__edfxtp_1)    1.4287
dp.pcreg.q[14]$_DFF_PP0_/Q (sky130_fd_sc_hd__edfxtp_1) dp.rf.rf[8][14]$_DFFE_PP_/D (sky130_fd_sc_hd__edfxtp_1)    1.4288
dp.pcreg.q[14]$_DFF_PP0_/Q (sky130_fd_sc_hd__edfxtp_1) dp.rf.rf[14][14]$_DFFE_PP_/D (sky130_fd_sc_hd__edfxtp_1)    1.4291
dp.pcreg.q[14]$_DFF_PP0_/Q (sky130_fd_sc_hd__edfxtp_1) dp.rf.rf[30][14]$_DFFE_PP_/D (sky130_fd_sc_hd__edfxtp_1)    1.4293
dp.pcreg.q[14]$_DFF_PP0_/Q (sky130_fd_sc_hd__edfxtp_1) dp.rf.rf[19][14]$_DFFE_PP_/D (sky130_fd_sc_hd__edfxtp_1)    1.4298
dp.pcreg.q[14]$_DFF_PP0_/Q (sky130_fd_sc_hd__edfxtp_1) dp.rf.rf[18][14]$_DFFE_PP_/D (sky130_fd_sc_hd__edfxtp_1)    1.4301
dp.pcreg.q[14]$_DFF_PP0_/Q (sky130_fd_sc_hd__edfxtp_1) dp.rf.rf[17][14]$_DFFE_PP_/D (sky130_fd_sc_hd__edfxtp_1)    1.4303
dp.pcreg.q[14]$_DFF_PP0_/Q (sky130_fd_sc_hd__edfxtp_1) dp.rf.rf[16][14]$_DFFE_PP_/D (sky130_fd_sc_hd__edfxtp_1)    1.4306
dp.pcreg.q[7]$_DFF_PP0_/Q (sky130_fd_sc_hd__edfxtp_1) dp.rf.rf[11][7]$_DFFE_PP_/D (sky130_fd_sc_hd__edfxtp_1)    1.4312
dp.pcreg.q[14]$_DFF_PP0_/Q (sky130_fd_sc_hd__edfxtp_1) dp.rf.rf[26][14]$_DFFE_PP_/D (sky130_fd_sc_hd__edfxtp_1)    1.4315
dp.pcreg.q[7]$_DFF_PP0_/Q (sky130_fd_sc_hd__edfxtp_1) dp.rf.rf[9][7]$_DFFE_PP_/D (sky130_fd_sc_hd__edfxtp_1)    1.4331
dp.pcreg.q[14]$_DFF_PP0_/Q (sky130_fd_sc_hd__edfxtp_1) dp.rf.rf[24][14]$_DFFE_PP_/D (sky130_fd_sc_hd__edfxtp_1)    1.4334
dp.pcreg.q[7]$_DFF_PP0_/Q (sky130_fd_sc_hd__edfxtp_1) dp.rf.rf[10][7]$_DFFE_PP_/D (sky130_fd_sc_hd__edfxtp_1)    1.4335
dp.pcreg.q[14]$_DFF_PP0_/Q (sky130_fd_sc_hd__edfxtp_1) dp.rf.rf[25][14]$_DFFE_PP_/D (sky130_fd_sc_hd__edfxtp_1)    1.4337
dp.pcreg.q[14]$_DFF_PP0_/Q (sky130_fd_sc_hd__edfxtp_1) dp.rf.rf[22][14]$_DFFE_PP_/D (sky130_fd_sc_hd__edfxtp_1)    1.4343
dp.pcreg.q[7]$_DFF_PP0_/Q (sky130_fd_sc_hd__edfxtp_1) dp.rf.rf[8][7]$_DFFE_PP_/D (sky130_fd_sc_hd__edfxtp_1)    1.4347
dp.pcreg.q[14]$_DFF_PP0_/Q (sky130_fd_sc_hd__edfxtp_1) dp.rf.rf[28][14]$_DFFE_PP_/D (sky130_fd_sc_hd__edfxtp_1)    1.4347
dp.pcreg.q[14]$_DFF_PP0_/Q (sky130_fd_sc_hd__edfxtp_1) dp.rf.rf[29][14]$_DFFE_PP_/D (sky130_fd_sc_hd__edfxtp_1)    1.4347
dp.pcreg.q[14]$_DFF_PP0_/Q (sky130_fd_sc_hd__edfxtp_1) dp.rf.rf[31][14]$_DFFE_PP_/D (sky130_fd_sc_hd__edfxtp_1)    1.4350
dp.pcreg.q[14]$_DFF_PP0_/Q (sky130_fd_sc_hd__edfxtp_1) dp.rf.rf[27][14]$_DFFE_PP_/D (sky130_fd_sc_hd__edfxtp_1)    1.4354
dp.pcreg.q[7]$_DFF_PP0_/Q (sky130_fd_sc_hd__edfxtp_1) dp.rf.rf[17][7]$_DFFE_PP_/D (sky130_fd_sc_hd__edfxtp_1)    1.4364
dp.pcreg.q[7]$_DFF_PP0_/Q (sky130_fd_sc_hd__edfxtp_1) dp.rf.rf[0][7]$_DFFE_PP_/D (sky130_fd_sc_hd__edfxtp_1)    1.4366
dp.pcreg.q[7]$_DFF_PP0_/Q (sky130_fd_sc_hd__edfxtp_1) dp.rf.rf[4][7]$_DFFE_PP_/D (sky130_fd_sc_hd__edfxtp_1)    1.4367
dp.pcreg.q[7]$_DFF_PP0_/Q (sky130_fd_sc_hd__edfxtp_1) dp.rf.rf[2][7]$_DFFE_PP_/D (sky130_fd_sc_hd__edfxtp_1)    1.4369
dp.pcreg.q[6]$_DFF_PP0_/Q (sky130_fd_sc_hd__edfxtp_1) dp.rf.rf[30][6]$_DFFE_PP_/D (sky130_fd_sc_hd__edfxtp_1)    1.4372
dp.pcreg.q[6]$_DFF_PP0_/Q (sky130_fd_sc_hd__edfxtp_1) dp.rf.rf[31][6]$_DFFE_PP_/D (sky130_fd_sc_hd__edfxtp_1)    1.4372
dp.pcreg.q[6]$_DFF_PP0_/Q (sky130_fd_sc_hd__edfxtp_1) dp.rf.rf[29][6]$_DFFE_PP_/D (sky130_fd_sc_hd__edfxtp_1)    1.4373
dp.pcreg.q[14]$_DFF_PP0_/Q (sky130_fd_sc_hd__edfxtp_1) dp.rf.rf[23][14]$_DFFE_PP_/D (sky130_fd_sc_hd__edfxtp_1)    1.4375
dp.pcreg.q[14]$_DFF_PP0_/Q (sky130_fd_sc_hd__edfxtp_1) dp.rf.rf[21][14]$_DFFE_PP_/D (sky130_fd_sc_hd__edfxtp_1)    1.4376
dp.pcreg.q[14]$_DFF_PP0_/Q (sky130_fd_sc_hd__edfxtp_1) dp.rf.rf[20][14]$_DFFE_PP_/D (sky130_fd_sc_hd__edfxtp_1)    1.4377
dp.pcreg.q[7]$_DFF_PP0_/Q (sky130_fd_sc_hd__edfxtp_1) dp.rf.rf[16][7]$_DFFE_PP_/D (sky130_fd_sc_hd__edfxtp_1)    1.4379
dp.pcreg.q[7]$_DFF_PP0_/Q (sky130_fd_sc_hd__edfxtp_1) dp.rf.rf[1][7]$_DFFE_PP_/D (sky130_fd_sc_hd__edfxtp_1)    1.4381
dp.pcreg.q[7]$_DFF_PP0_/Q (sky130_fd_sc_hd__edfxtp_1) dp.rf.rf[5][7]$_DFFE_PP_/D (sky130_fd_sc_hd__edfxtp_1)    1.4382
dp.pcreg.q[6]$_DFF_PP0_/Q (sky130_fd_sc_hd__edfxtp_1) dp.rf.rf[25][6]$_DFFE_PP_/D (sky130_fd_sc_hd__edfxtp_1)    1.4392
dp.pcreg.q[7]$_DFF_PP0_/Q (sky130_fd_sc_hd__edfxtp_1) dp.rf.rf[3][7]$_DFFE_PP_/D (sky130_fd_sc_hd__edfxtp_1)    1.4399
dp.pcreg.q[7]$_DFF_PP0_/Q (sky130_fd_sc_hd__edfxtp_1) dp.rf.rf[24][7]$_DFFE_PP_/D (sky130_fd_sc_hd__edfxtp_1)    1.4402
dp.pcreg.q[7]$_DFF_PP0_/Q (sky130_fd_sc_hd__edfxtp_1) dp.rf.rf[7][7]$_DFFE_PP_/D (sky130_fd_sc_hd__edfxtp_1)    1.4405
dp.pcreg.q[7]$_DFF_PP0_/Q (sky130_fd_sc_hd__edfxtp_1) dp.rf.rf[13][7]$_DFFE_PP_/D (sky130_fd_sc_hd__edfxtp_1)    1.4409
dp.pcreg.q[6]$_DFF_PP0_/Q (sky130_fd_sc_hd__edfxtp_1) dp.rf.rf[24][6]$_DFFE_PP_/D (sky130_fd_sc_hd__edfxtp_1)    1.4410
dp.pcreg.q[7]$_DFF_PP0_/Q (sky130_fd_sc_hd__edfxtp_1) dp.rf.rf[15][7]$_DFFE_PP_/D (sky130_fd_sc_hd__edfxtp_1)    1.4410
dp.pcreg.q[6]$_DFF_PP0_/Q (sky130_fd_sc_hd__edfxtp_1) dp.rf.rf[28][6]$_DFFE_PP_/D (sky130_fd_sc_hd__edfxtp_1)    1.4414
dp.pcreg.q[6]$_DFF_PP0_/Q (sky130_fd_sc_hd__edfxtp_1) dp.rf.rf[27][6]$_DFFE_PP_/D (sky130_fd_sc_hd__edfxtp_1)    1.4418
dp.pcreg.q[7]$_DFF_PP0_/Q (sky130_fd_sc_hd__edfxtp_1) dp.rf.rf[12][7]$_DFFE_PP_/D (sky130_fd_sc_hd__edfxtp_1)    1.4418
dp.pcreg.q[7]$_DFF_PP0_/Q (sky130_fd_sc_hd__edfxtp_1) dp.rf.rf[14][7]$_DFFE_PP_/D (sky130_fd_sc_hd__edfxtp_1)    1.4419
dp.pcreg.q[6]$_DFF_PP0_/Q (sky130_fd_sc_hd__edfxtp_1) dp.rf.rf[26][6]$_DFFE_PP_/D (sky130_fd_sc_hd__edfxtp_1)    1.4419
dp.pcreg.q[7]$_DFF_PP0_/Q (sky130_fd_sc_hd__edfxtp_1) dp.rf.rf[30][7]$_DFFE_PP_/D (sky130_fd_sc_hd__edfxtp_1)    1.4424
dp.pcreg.q[7]$_DFF_PP0_/Q (sky130_fd_sc_hd__edfxtp_1) dp.rf.rf[31][7]$_DFFE_PP_/D (sky130_fd_sc_hd__edfxtp_1)    1.4426
dp.pcreg.q[7]$_DFF_PP0_/Q (sky130_fd_sc_hd__edfxtp_1) dp.rf.rf[29][7]$_DFFE_PP_/D (sky130_fd_sc_hd__edfxtp_1)    1.4429
dp.pcreg.q[7]$_DFF_PP0_/Q (sky130_fd_sc_hd__edfxtp_1) dp.rf.rf[25][7]$_DFFE_PP_/D (sky130_fd_sc_hd__edfxtp_1)    1.4434
dp.pcreg.q[7]$_DFF_PP0_/Q (sky130_fd_sc_hd__edfxtp_1) dp.rf.rf[28][7]$_DFFE_PP_/D (sky130_fd_sc_hd__edfxtp_1)    1.4435
dp.pcreg.q[7]$_DFF_PP0_/Q (sky130_fd_sc_hd__edfxtp_1) dp.rf.rf[26][7]$_DFFE_PP_/D (sky130_fd_sc_hd__edfxtp_1)    1.4437
dp.pcreg.q[6]$_DFF_PP0_/Q (sky130_fd_sc_hd__edfxtp_1) dp.rf.rf[8][6]$_DFFE_PP_/D (sky130_fd_sc_hd__edfxtp_1)    1.4438
dp.pcreg.q[7]$_DFF_PP0_/Q (sky130_fd_sc_hd__edfxtp_1) dp.rf.rf[27][7]$_DFFE_PP_/D (sky130_fd_sc_hd__edfxtp_1)    1.4440
dp.pcreg.q[6]$_DFF_PP0_/Q (sky130_fd_sc_hd__edfxtp_1) dp.rf.rf[11][6]$_DFFE_PP_/D (sky130_fd_sc_hd__edfxtp_1)    1.4442
dp.pcreg.q[6]$_DFF_PP0_/Q (sky130_fd_sc_hd__edfxtp_1) dp.rf.rf[9][6]$_DFFE_PP_/D (sky130_fd_sc_hd__edfxtp_1)    1.4446
dp.pcreg.q[6]$_DFF_PP0_/Q (sky130_fd_sc_hd__edfxtp_1) dp.rf.rf[10][6]$_DFFE_PP_/D (sky130_fd_sc_hd__edfxtp_1)    1.4449
dp.pcreg.q[7]$_DFF_PP0_/Q (sky130_fd_sc_hd__edfxtp_1) dp.rf.rf[6][7]$_DFFE_PP_/D (sky130_fd_sc_hd__edfxtp_1)    1.4456
dp.pcreg.q[7]$_DFF_PP0_/Q (sky130_fd_sc_hd__edfxtp_1) dp.rf.rf[19][7]$_DFFE_PP_/D (sky130_fd_sc_hd__edfxtp_1)    1.4462
dp.pcreg.q[6]$_DFF_PP0_/Q (sky130_fd_sc_hd__edfxtp_1) dp.rf.rf[17][6]$_DFFE_PP_/D (sky130_fd_sc_hd__edfxtp_1)    1.4465
dp.pcreg.q[6]$_DFF_PP0_/Q (sky130_fd_sc_hd__edfxtp_1) dp.rf.rf[2][6]$_DFFE_PP_/D (sky130_fd_sc_hd__edfxtp_1)    1.4465
dp.pcreg.q[6]$_DFF_PP0_/Q (sky130_fd_sc_hd__edfxtp_1) dp.rf.rf[16][6]$_DFFE_PP_/D (sky130_fd_sc_hd__edfxtp_1)    1.4466
dp.pcreg.q[6]$_DFF_PP0_/Q (sky130_fd_sc_hd__edfxtp_1) dp.rf.rf[19][6]$_DFFE_PP_/D (sky130_fd_sc_hd__edfxtp_1)    1.4467
dp.pcreg.q[7]$_DFF_PP0_/Q (sky130_fd_sc_hd__edfxtp_1) dp.rf.rf[18][7]$_DFFE_PP_/D (sky130_fd_sc_hd__edfxtp_1)    1.4470
dp.pcreg.q[7]$_DFF_PP0_/Q (sky130_fd_sc_hd__edfxtp_1) dp.rf.rf[23][7]$_DFFE_PP_/D (sky130_fd_sc_hd__edfxtp_1)    1.4473
dp.pcreg.q[6]$_DFF_PP0_/Q (sky130_fd_sc_hd__edfxtp_1) dp.rf.rf[18][6]$_DFFE_PP_/D (sky130_fd_sc_hd__edfxtp_1)    1.4475
dp.pcreg.q[7]$_DFF_PP0_/Q (sky130_fd_sc_hd__edfxtp_1) dp.rf.rf[22][7]$_DFFE_PP_/D (sky130_fd_sc_hd__edfxtp_1)    1.4476
dp.pcreg.q[6]$_DFF_PP0_/Q (sky130_fd_sc_hd__edfxtp_1) dp.rf.rf[7][6]$_DFFE_PP_/D (sky130_fd_sc_hd__edfxtp_1)    1.4481
dp.pcreg.q[6]$_DFF_PP0_/Q (sky130_fd_sc_hd__edfxtp_1) dp.rf.rf[4][6]$_DFFE_PP_/D (sky130_fd_sc_hd__edfxtp_1)    1.4483
dp.pcreg.q[6]$_DFF_PP0_/Q (sky130_fd_sc_hd__edfxtp_1) dp.rf.rf[1][6]$_DFFE_PP_/D (sky130_fd_sc_hd__edfxtp_1)    1.4485
dp.pcreg.q[7]$_DFF_PP0_/Q (sky130_fd_sc_hd__edfxtp_1) dp.rf.rf[20][7]$_DFFE_PP_/D (sky130_fd_sc_hd__edfxtp_1)    1.4485
dp.pcreg.q[6]$_DFF_PP0_/Q (sky130_fd_sc_hd__edfxtp_1) dp.rf.rf[5][6]$_DFFE_PP_/D (sky130_fd_sc_hd__edfxtp_1)    1.4485
dp.pcreg.q[6]$_DFF_PP0_/Q (sky130_fd_sc_hd__edfxtp_1) dp.rf.rf[0][6]$_DFFE_PP_/D (sky130_fd_sc_hd__edfxtp_1)    1.4485
dp.pcreg.q[7]$_DFF_PP0_/Q (sky130_fd_sc_hd__edfxtp_1) dp.rf.rf[21][7]$_DFFE_PP_/D (sky130_fd_sc_hd__edfxtp_1)    1.4487
dp.pcreg.q[6]$_DFF_PP0_/Q (sky130_fd_sc_hd__edfxtp_1) dp.rf.rf[3][6]$_DFFE_PP_/D (sky130_fd_sc_hd__edfxtp_1)    1.4521
dp.pcreg.q[6]$_DFF_PP0_/Q (sky130_fd_sc_hd__edfxtp_1) dp.rf.rf[21][6]$_DFFE_PP_/D (sky130_fd_sc_hd__edfxtp_1)    1.4540
dp.pcreg.q[6]$_DFF_PP0_/Q (sky130_fd_sc_hd__edfxtp_1) dp.rf.rf[13][6]$_DFFE_PP_/D (sky130_fd_sc_hd__edfxtp_1)    1.4543
dp.pcreg.q[6]$_DFF_PP0_/Q (sky130_fd_sc_hd__edfxtp_1) dp.rf.rf[14][6]$_DFFE_PP_/D (sky130_fd_sc_hd__edfxtp_1)    1.4543
dp.pcreg.q[6]$_DFF_PP0_/Q (sky130_fd_sc_hd__edfxtp_1) dp.rf.rf[15][6]$_DFFE_PP_/D (sky130_fd_sc_hd__edfxtp_1)    1.4543
dp.pcreg.q[6]$_DFF_PP0_/Q (sky130_fd_sc_hd__edfxtp_1) dp.rf.rf[12][6]$_DFFE_PP_/D (sky130_fd_sc_hd__edfxtp_1)    1.4544
dp.pcreg.q[6]$_DFF_PP0_/Q (sky130_fd_sc_hd__edfxtp_1) dp.rf.rf[23][6]$_DFFE_PP_/D (sky130_fd_sc_hd__edfxtp_1)    1.4544
dp.pcreg.q[6]$_DFF_PP0_/Q (sky130_fd_sc_hd__edfxtp_1) dp.rf.rf[20][6]$_DFFE_PP_/D (sky130_fd_sc_hd__edfxtp_1)    1.4544
dp.pcreg.q[6]$_DFF_PP0_/Q (sky130_fd_sc_hd__edfxtp_1) dp.rf.rf[22][6]$_DFFE_PP_/D (sky130_fd_sc_hd__edfxtp_1)    1.4547
dp.pcreg.q[6]$_DFF_PP0_/Q (sky130_fd_sc_hd__edfxtp_1) dp.rf.rf[6][6]$_DFFE_PP_/D (sky130_fd_sc_hd__edfxtp_1)    1.4549
dp.pcreg.q[12]$_DFF_PP0_/Q (sky130_fd_sc_hd__edfxtp_1) dp.rf.rf[20][12]$_DFFE_PP_/D (sky130_fd_sc_hd__edfxtp_1)    1.4578
dp.pcreg.q[12]$_DFF_PP0_/Q (sky130_fd_sc_hd__edfxtp_1) dp.rf.rf[7][12]$_DFFE_PP_/D (sky130_fd_sc_hd__edfxtp_1)    1.4583
dp.pcreg.q[12]$_DFF_PP0_/Q (sky130_fd_sc_hd__edfxtp_1) dp.rf.rf[21][12]$_DFFE_PP_/D (sky130_fd_sc_hd__edfxtp_1)    1.4583
dp.pcreg.q[12]$_DFF_PP0_/Q (sky130_fd_sc_hd__edfxtp_1) dp.rf.rf[26][12]$_DFFE_PP_/D (sky130_fd_sc_hd__edfxtp_1)    1.4599
dp.pcreg.q[12]$_DFF_PP0_/Q (sky130_fd_sc_hd__edfxtp_1) dp.rf.rf[27][12]$_DFFE_PP_/D (sky130_fd_sc_hd__edfxtp_1)    1.4600
dp.pcreg.q[12]$_DFF_PP0_/Q (sky130_fd_sc_hd__edfxtp_1) dp.rf.rf[30][12]$_DFFE_PP_/D (sky130_fd_sc_hd__edfxtp_1)    1.4600
dp.pcreg.q[12]$_DFF_PP0_/Q (sky130_fd_sc_hd__edfxtp_1) dp.rf.rf[24][12]$_DFFE_PP_/D (sky130_fd_sc_hd__edfxtp_1)    1.4600
dp.pcreg.q[12]$_DFF_PP0_/Q (sky130_fd_sc_hd__edfxtp_1) dp.rf.rf[25][12]$_DFFE_PP_/D (sky130_fd_sc_hd__edfxtp_1)    1.4600
dp.pcreg.q[12]$_DFF_PP0_/Q (sky130_fd_sc_hd__edfxtp_1) dp.rf.rf[0][12]$_DFFE_PP_/D (sky130_fd_sc_hd__edfxtp_1)    1.4602
dp.pcreg.q[12]$_DFF_PP0_/Q (sky130_fd_sc_hd__edfxtp_1) dp.rf.rf[11][12]$_DFFE_PP_/D (sky130_fd_sc_hd__edfxtp_1)    1.4602
dp.pcreg.q[12]$_DFF_PP0_/Q (sky130_fd_sc_hd__edfxtp_1) dp.rf.rf[10][12]$_DFFE_PP_/D (sky130_fd_sc_hd__edfxtp_1)    1.4603
dp.pcreg.q[12]$_DFF_PP0_/Q (sky130_fd_sc_hd__edfxtp_1) dp.rf.rf[1][12]$_DFFE_PP_/D (sky130_fd_sc_hd__edfxtp_1)    1.4607
dp.pcreg.q[12]$_DFF_PP0_/Q (sky130_fd_sc_hd__edfxtp_1) dp.rf.rf[8][12]$_DFFE_PP_/D (sky130_fd_sc_hd__edfxtp_1)    1.4607
dp.pcreg.q[12]$_DFF_PP0_/Q (sky130_fd_sc_hd__edfxtp_1) dp.rf.rf[9][12]$_DFFE_PP_/D (sky130_fd_sc_hd__edfxtp_1)    1.4614
dp.pcreg.q[12]$_DFF_PP0_/Q (sky130_fd_sc_hd__edfxtp_1) dp.rf.rf[6][12]$_DFFE_PP_/D (sky130_fd_sc_hd__edfxtp_1)    1.4633
dp.pcreg.q[12]$_DFF_PP0_/Q (sky130_fd_sc_hd__edfxtp_1) dp.rf.rf[31][12]$_DFFE_PP_/D (sky130_fd_sc_hd__edfxtp_1)    1.4646
dp.pcreg.q[12]$_DFF_PP0_/Q (sky130_fd_sc_hd__edfxtp_1) dp.rf.rf[12][12]$_DFFE_PP_/D (sky130_fd_sc_hd__edfxtp_1)    1.4649
dp.pcreg.q[12]$_DFF_PP0_/Q (sky130_fd_sc_hd__edfxtp_1) dp.rf.rf[13][12]$_DFFE_PP_/D (sky130_fd_sc_hd__edfxtp_1)    1.4650
dp.pcreg.q[12]$_DFF_PP0_/Q (sky130_fd_sc_hd__edfxtp_1) dp.rf.rf[15][12]$_DFFE_PP_/D (sky130_fd_sc_hd__edfxtp_1)    1.4651
dp.pcreg.q[12]$_DFF_PP0_/Q (sky130_fd_sc_hd__edfxtp_1) dp.rf.rf[14][12]$_DFFE_PP_/D (sky130_fd_sc_hd__edfxtp_1)    1.4652
dp.pcreg.q[12]$_DFF_PP0_/Q (sky130_fd_sc_hd__edfxtp_1) dp.rf.rf[4][12]$_DFFE_PP_/D (sky130_fd_sc_hd__edfxtp_1)    1.4655
dp.pcreg.q[12]$_DFF_PP0_/Q (sky130_fd_sc_hd__edfxtp_1) dp.rf.rf[5][12]$_DFFE_PP_/D (sky130_fd_sc_hd__edfxtp_1)    1.4655
dp.pcreg.q[12]$_DFF_PP0_/Q (sky130_fd_sc_hd__edfxtp_1) dp.rf.rf[3][12]$_DFFE_PP_/D (sky130_fd_sc_hd__edfxtp_1)    1.4670
dp.pcreg.q[12]$_DFF_PP0_/Q (sky130_fd_sc_hd__edfxtp_1) dp.rf.rf[17][12]$_DFFE_PP_/D (sky130_fd_sc_hd__edfxtp_1)    1.4670
dp.pcreg.q[12]$_DFF_PP0_/Q (sky130_fd_sc_hd__edfxtp_1) dp.rf.rf[29][12]$_DFFE_PP_/D (sky130_fd_sc_hd__edfxtp_1)    1.4670
dp.pcreg.q[12]$_DFF_PP0_/Q (sky130_fd_sc_hd__edfxtp_1) dp.rf.rf[28][12]$_DFFE_PP_/D (sky130_fd_sc_hd__edfxtp_1)    1.4672
dp.pcreg.q[12]$_DFF_PP0_/Q (sky130_fd_sc_hd__edfxtp_1) dp.rf.rf[2][12]$_DFFE_PP_/D (sky130_fd_sc_hd__edfxtp_1)    1.4673
dp.pcreg.q[31]$_DFF_PP0_/Q (sky130_fd_sc_hd__edfxtp_1) dp.rf.rf[24][31]$_DFFE_PP_/D (sky130_fd_sc_hd__edfxtp_1)    1.5066
dp.pcreg.q[31]$_DFF_PP0_/Q (sky130_fd_sc_hd__edfxtp_1) dp.rf.rf[20][31]$_DFFE_PP_/D (sky130_fd_sc_hd__edfxtp_1)    1.5110
dp.pcreg.q[31]$_DFF_PP0_/Q (sky130_fd_sc_hd__edfxtp_1) dp.rf.rf[15][31]$_DFFE_PP_/D (sky130_fd_sc_hd__edfxtp_1)    1.5188
dp.pcreg.q[31]$_DFF_PP0_/Q (sky130_fd_sc_hd__edfxtp_1) dp.rf.rf[1][31]$_DFFE_PP_/D (sky130_fd_sc_hd__edfxtp_1)    1.5196
dp.pcreg.q[31]$_DFF_PP0_/Q (sky130_fd_sc_hd__edfxtp_1) dp.rf.rf[0][31]$_DFFE_PP_/D (sky130_fd_sc_hd__edfxtp_1)    1.5197
dp.pcreg.q[31]$_DFF_PP0_/Q (sky130_fd_sc_hd__edfxtp_1) dp.rf.rf[6][31]$_DFFE_PP_/D (sky130_fd_sc_hd__edfxtp_1)    1.5204
dp.pcreg.q[31]$_DFF_PP0_/Q (sky130_fd_sc_hd__edfxtp_1) dp.rf.rf[5][31]$_DFFE_PP_/D (sky130_fd_sc_hd__edfxtp_1)    1.5204
dp.pcreg.q[31]$_DFF_PP0_/Q (sky130_fd_sc_hd__edfxtp_1) dp.rf.rf[7][31]$_DFFE_PP_/D (sky130_fd_sc_hd__edfxtp_1)    1.5206
dp.pcreg.q[31]$_DFF_PP0_/Q (sky130_fd_sc_hd__edfxtp_1) dp.rf.rf[4][31]$_DFFE_PP_/D (sky130_fd_sc_hd__edfxtp_1)    1.5213
dp.pcreg.q[31]$_DFF_PP0_/Q (sky130_fd_sc_hd__edfxtp_1) dp.rf.rf[28][31]$_DFFE_PP_/D (sky130_fd_sc_hd__edfxtp_1)    1.5221
dp.pcreg.q[31]$_DFF_PP0_/Q (sky130_fd_sc_hd__edfxtp_1) dp.rf.rf[29][31]$_DFFE_PP_/D (sky130_fd_sc_hd__edfxtp_1)    1.5221
dp.pcreg.q[31]$_DFF_PP0_/Q (sky130_fd_sc_hd__edfxtp_1) dp.rf.rf[25][31]$_DFFE_PP_/D (sky130_fd_sc_hd__edfxtp_1)    1.5227
dp.pcreg.q[24]$_DFF_PP0_/Q (sky130_fd_sc_hd__edfxtp_1) dp.rf.rf[8][24]$_DFFE_PP_/D (sky130_fd_sc_hd__edfxtp_1)    1.5229
dp.pcreg.q[24]$_DFF_PP0_/Q (sky130_fd_sc_hd__edfxtp_1) dp.rf.rf[9][24]$_DFFE_PP_/D (sky130_fd_sc_hd__edfxtp_1)    1.5232
dp.pcreg.q[24]$_DFF_PP0_/Q (sky130_fd_sc_hd__edfxtp_1) dp.rf.rf[25][24]$_DFFE_PP_/D (sky130_fd_sc_hd__edfxtp_1)    1.5236
dp.pcreg.q[31]$_DFF_PP0_/Q (sky130_fd_sc_hd__edfxtp_1) dp.rf.rf[31][31]$_DFFE_PP_/D (sky130_fd_sc_hd__edfxtp_1)    1.5242
dp.pcreg.q[31]$_DFF_PP0_/Q (sky130_fd_sc_hd__edfxtp_1) dp.rf.rf[30][31]$_DFFE_PP_/D (sky130_fd_sc_hd__edfxtp_1)    1.5244
dp.pcreg.q[24]$_DFF_PP0_/Q (sky130_fd_sc_hd__edfxtp_1) dp.rf.rf[10][24]$_DFFE_PP_/D (sky130_fd_sc_hd__edfxtp_1)    1.5246
dp.pcreg.q[31]$_DFF_PP0_/Q (sky130_fd_sc_hd__edfxtp_1) dp.rf.rf[27][31]$_DFFE_PP_/D (sky130_fd_sc_hd__edfxtp_1)    1.5248
dp.pcreg.q[31]$_DFF_PP0_/Q (sky130_fd_sc_hd__edfxtp_1) dp.rf.rf[26][31]$_DFFE_PP_/D (sky130_fd_sc_hd__edfxtp_1)    1.5254
dp.pcreg.q[24]$_DFF_PP0_/Q (sky130_fd_sc_hd__edfxtp_1) dp.rf.rf[11][24]$_DFFE_PP_/D (sky130_fd_sc_hd__edfxtp_1)    1.5258
dp.pcreg.q[24]$_DFF_PP0_/Q (sky130_fd_sc_hd__edfxtp_1) dp.rf.rf[24][24]$_DFFE_PP_/D (sky130_fd_sc_hd__edfxtp_1)    1.5283
dp.pcreg.q[24]$_DFF_PP0_/Q (sky130_fd_sc_hd__edfxtp_1) dp.rf.rf[15][24]$_DFFE_PP_/D (sky130_fd_sc_hd__edfxtp_1)    1.5298
dp.pcreg.q[24]$_DFF_PP0_/Q (sky130_fd_sc_hd__edfxtp_1) dp.rf.rf[14][24]$_DFFE_PP_/D (sky130_fd_sc_hd__edfxtp_1)    1.5299
dp.pcreg.q[24]$_DFF_PP0_/Q (sky130_fd_sc_hd__edfxtp_1) dp.rf.rf[12][24]$_DFFE_PP_/D (sky130_fd_sc_hd__edfxtp_1)    1.5300
dp.pcreg.q[24]$_DFF_PP0_/Q (sky130_fd_sc_hd__edfxtp_1) dp.rf.rf[13][24]$_DFFE_PP_/D (sky130_fd_sc_hd__edfxtp_1)    1.5300
dp.pcreg.q[24]$_DFF_PP0_/Q (sky130_fd_sc_hd__edfxtp_1) dp.rf.rf[26][24]$_DFFE_PP_/D (sky130_fd_sc_hd__edfxtp_1)    1.5308
dp.pcreg.q[31]$_DFF_PP0_/Q (sky130_fd_sc_hd__edfxtp_1) dp.rf.rf[21][31]$_DFFE_PP_/D (sky130_fd_sc_hd__edfxtp_1)    1.5324
dp.pcreg.q[31]$_DFF_PP0_/Q (sky130_fd_sc_hd__edfxtp_1) dp.rf.rf[22][31]$_DFFE_PP_/D (sky130_fd_sc_hd__edfxtp_1)    1.5335
dp.pcreg.q[31]$_DFF_PP0_/Q (sky130_fd_sc_hd__edfxtp_1) dp.rf.rf[16][31]$_DFFE_PP_/D (sky130_fd_sc_hd__edfxtp_1)    1.5335
dp.pcreg.q[31]$_DFF_PP0_/Q (sky130_fd_sc_hd__edfxtp_1) dp.rf.rf[18][31]$_DFFE_PP_/D (sky130_fd_sc_hd__edfxtp_1)    1.5336
dp.pcreg.q[31]$_DFF_PP0_/Q (sky130_fd_sc_hd__edfxtp_1) dp.rf.rf[23][31]$_DFFE_PP_/D (sky130_fd_sc_hd__edfxtp_1)    1.5337
dp.pcreg.q[31]$_DFF_PP0_/Q (sky130_fd_sc_hd__edfxtp_1) dp.rf.rf[19][31]$_DFFE_PP_/D (sky130_fd_sc_hd__edfxtp_1)    1.5338
dp.pcreg.q[24]$_DFF_PP0_/Q (sky130_fd_sc_hd__edfxtp_1) dp.rf.rf[28][24]$_DFFE_PP_/D (sky130_fd_sc_hd__edfxtp_1)    1.5340
dp.pcreg.q[31]$_DFF_PP0_/Q (sky130_fd_sc_hd__edfxtp_1) dp.rf.rf[17][31]$_DFFE_PP_/D (sky130_fd_sc_hd__edfxtp_1)    1.5341
dp.pcreg.q[24]$_DFF_PP0_/Q (sky130_fd_sc_hd__edfxtp_1) dp.rf.rf[31][24]$_DFFE_PP_/D (sky130_fd_sc_hd__edfxtp_1)    1.5341
dp.pcreg.q[31]$_DFF_PP0_/Q (sky130_fd_sc_hd__edfxtp_1) dp.rf.rf[9][31]$_DFFE_PP_/D (sky130_fd_sc_hd__edfxtp_1)    1.5351
dp.pcreg.q[31]$_DFF_PP0_/Q (sky130_fd_sc_hd__edfxtp_1) dp.rf.rf[8][31]$_DFFE_PP_/D (sky130_fd_sc_hd__edfxtp_1)    1.5353
dp.pcreg.q[24]$_DFF_PP0_/Q (sky130_fd_sc_hd__edfxtp_1) dp.rf.rf[29][24]$_DFFE_PP_/D (sky130_fd_sc_hd__edfxtp_1)    1.5354
dp.pcreg.q[31]$_DFF_PP0_/Q (sky130_fd_sc_hd__edfxtp_1) dp.rf.rf[11][31]$_DFFE_PP_/D (sky130_fd_sc_hd__edfxtp_1)    1.5359
dp.pcreg.q[24]$_DFF_PP0_/Q (sky130_fd_sc_hd__edfxtp_1) dp.rf.rf[30][24]$_DFFE_PP_/D (sky130_fd_sc_hd__edfxtp_1)    1.5362
dp.pcreg.q[31]$_DFF_PP0_/Q (sky130_fd_sc_hd__edfxtp_1) dp.rf.rf[10][31]$_DFFE_PP_/D (sky130_fd_sc_hd__edfxtp_1)    1.5367
dp.pcreg.q[24]$_DFF_PP0_/Q (sky130_fd_sc_hd__edfxtp_1) dp.rf.rf[27][24]$_DFFE_PP_/D (sky130_fd_sc_hd__edfxtp_1)    1.5369
dp.pcreg.q[25]$_DFF_PP0_/Q (sky130_fd_sc_hd__edfxtp_1) dp.rf.rf[9][27]$_DFFE_PP_/D (sky130_fd_sc_hd__edfxtp_1)    1.5373
dp.pcreg.q[25]$_DFF_PP0_/Q (sky130_fd_sc_hd__edfxtp_1) dp.rf.rf[8][27]$_DFFE_PP_/D (sky130_fd_sc_hd__edfxtp_1)    1.5373
dp.pcreg.q[31]$_DFF_PP0_/Q (sky130_fd_sc_hd__edfxtp_1) dp.rf.rf[14][31]$_DFFE_PP_/D (sky130_fd_sc_hd__edfxtp_1)    1.5376
dp.pcreg.q[24]$_DFF_PP0_/Q (sky130_fd_sc_hd__edfxtp_1) dp.rf.rf[19][24]$_DFFE_PP_/D (sky130_fd_sc_hd__edfxtp_1)    1.5383
dp.pcreg.q[24]$_DFF_PP0_/Q (sky130_fd_sc_hd__edfxtp_1) dp.rf.rf[18][24]$_DFFE_PP_/D (sky130_fd_sc_hd__edfxtp_1)    1.5383
dp.pcreg.q[24]$_DFF_PP0_/Q (sky130_fd_sc_hd__edfxtp_1) dp.rf.rf[3][24]$_DFFE_PP_/D (sky130_fd_sc_hd__edfxtp_1)    1.5384
dp.pcreg.q[24]$_DFF_PP0_/Q (sky130_fd_sc_hd__edfxtp_1) dp.rf.rf[16][24]$_DFFE_PP_/D (sky130_fd_sc_hd__edfxtp_1)    1.5385
dp.pcreg.q[24]$_DFF_PP0_/Q (sky130_fd_sc_hd__edfxtp_1) dp.rf.rf[20][24]$_DFFE_PP_/D (sky130_fd_sc_hd__edfxtp_1)    1.5386
dp.pcreg.q[24]$_DFF_PP0_/Q (sky130_fd_sc_hd__edfxtp_1) dp.rf.rf[17][24]$_DFFE_PP_/D (sky130_fd_sc_hd__edfxtp_1)    1.5387
dp.pcreg.q[24]$_DFF_PP0_/Q (sky130_fd_sc_hd__edfxtp_1) dp.rf.rf[2][24]$_DFFE_PP_/D (sky130_fd_sc_hd__edfxtp_1)    1.5387
dp.pcreg.q[31]$_DFF_PP0_/Q (sky130_fd_sc_hd__edfxtp_1) dp.rf.rf[2][31]$_DFFE_PP_/D (sky130_fd_sc_hd__edfxtp_1)    1.5394
dp.pcreg.q[31]$_DFF_PP0_/Q (sky130_fd_sc_hd__edfxtp_1) dp.rf.rf[3][31]$_DFFE_PP_/D (sky130_fd_sc_hd__edfxtp_1)    1.5394
dp.pcreg.q[25]$_DFF_PP0_/Q (sky130_fd_sc_hd__edfxtp_1) dp.rf.rf[29][27]$_DFFE_PP_/D (sky130_fd_sc_hd__edfxtp_1)    1.5399
dp.pcreg.q[25]$_DFF_PP0_/Q (sky130_fd_sc_hd__edfxtp_1) dp.rf.rf[31][27]$_DFFE_PP_/D (sky130_fd_sc_hd__edfxtp_1)    1.5414
dp.pcreg.q[31]$_DFF_PP0_/Q (sky130_fd_sc_hd__edfxtp_1) dp.rf.rf[12][31]$_DFFE_PP_/D (sky130_fd_sc_hd__edfxtp_1)    1.5420
dp.pcreg.q[31]$_DFF_PP0_/Q (sky130_fd_sc_hd__edfxtp_1) dp.rf.rf[13][31]$_DFFE_PP_/D (sky130_fd_sc_hd__edfxtp_1)    1.5420
dp.pcreg.q[25]$_DFF_PP0_/Q (sky130_fd_sc_hd__edfxtp_1) dp.rf.rf[30][27]$_DFFE_PP_/D (sky130_fd_sc_hd__edfxtp_1)    1.5422
dp.pcreg.q[25]$_DFF_PP0_/Q (sky130_fd_sc_hd__edfxtp_1) dp.rf.rf[25][27]$_DFFE_PP_/D (sky130_fd_sc_hd__edfxtp_1)    1.5424
dp.pcreg.q[25]$_DFF_PP0_/Q (sky130_fd_sc_hd__edfxtp_1) dp.rf.rf[24][27]$_DFFE_PP_/D (sky130_fd_sc_hd__edfxtp_1)    1.5425
dp.pcreg.q[24]$_DFF_PP0_/Q (sky130_fd_sc_hd__edfxtp_1) dp.rf.rf[1][24]$_DFFE_PP_/D (sky130_fd_sc_hd__edfxtp_1)    1.5433
dp.pcreg.q[24]$_DFF_PP0_/Q (sky130_fd_sc_hd__edfxtp_1) dp.rf.rf[21][24]$_DFFE_PP_/D (sky130_fd_sc_hd__edfxtp_1)    1.5435
dp.pcreg.q[24]$_DFF_PP0_/Q (sky130_fd_sc_hd__edfxtp_1) dp.rf.rf[23][24]$_DFFE_PP_/D (sky130_fd_sc_hd__edfxtp_1)    1.5435
dp.pcreg.q[24]$_DFF_PP0_/Q (sky130_fd_sc_hd__edfxtp_1) dp.rf.rf[22][24]$_DFFE_PP_/D (sky130_fd_sc_hd__edfxtp_1)    1.5436
dp.pcreg.q[24]$_DFF_PP0_/Q (sky130_fd_sc_hd__edfxtp_1) dp.rf.rf[6][24]$_DFFE_PP_/D (sky130_fd_sc_hd__edfxtp_1)    1.5436
dp.pcreg.q[24]$_DFF_PP0_/Q (sky130_fd_sc_hd__edfxtp_1) dp.rf.rf[7][24]$_DFFE_PP_/D (sky130_fd_sc_hd__edfxtp_1)    1.5436
dp.pcreg.q[24]$_DFF_PP0_/Q (sky130_fd_sc_hd__edfxtp_1) dp.rf.rf[0][24]$_DFFE_PP_/D (sky130_fd_sc_hd__edfxtp_1)    1.5437
dp.pcreg.q[24]$_DFF_PP0_/Q (sky130_fd_sc_hd__edfxtp_1) dp.rf.rf[4][24]$_DFFE_PP_/D (sky130_fd_sc_hd__edfxtp_1)    1.5441
dp.pcreg.q[24]$_DFF_PP0_/Q (sky130_fd_sc_hd__edfxtp_1) dp.rf.rf[5][24]$_DFFE_PP_/D (sky130_fd_sc_hd__edfxtp_1)    1.5442
dp.pcreg.q[25]$_DFF_PP0_/Q (sky130_fd_sc_hd__edfxtp_1) dp.rf.rf[26][27]$_DFFE_PP_/D (sky130_fd_sc_hd__edfxtp_1)    1.5451
dp.pcreg.q[25]$_DFF_PP0_/Q (sky130_fd_sc_hd__edfxtp_1) dp.rf.rf[10][27]$_DFFE_PP_/D (sky130_fd_sc_hd__edfxtp_1)    1.5480
dp.pcreg.q[25]$_DFF_PP0_/Q (sky130_fd_sc_hd__edfxtp_1) dp.rf.rf[18][27]$_DFFE_PP_/D (sky130_fd_sc_hd__edfxtp_1)    1.5490
dp.pcreg.q[25]$_DFF_PP0_/Q (sky130_fd_sc_hd__edfxtp_1) dp.rf.rf[19][27]$_DFFE_PP_/D (sky130_fd_sc_hd__edfxtp_1)    1.5490
dp.pcreg.q[25]$_DFF_PP0_/Q (sky130_fd_sc_hd__edfxtp_1) dp.rf.rf[27][27]$_DFFE_PP_/D (sky130_fd_sc_hd__edfxtp_1)    1.5494
dp.pcreg.q[25]$_DFF_PP0_/Q (sky130_fd_sc_hd__edfxtp_1) dp.rf.rf[11][27]$_DFFE_PP_/D (sky130_fd_sc_hd__edfxtp_1)    1.5497
dp.pcreg.q[25]$_DFF_PP0_/Q (sky130_fd_sc_hd__edfxtp_1) dp.rf.rf[3][27]$_DFFE_PP_/D (sky130_fd_sc_hd__edfxtp_1)    1.5500
dp.pcreg.q[25]$_DFF_PP0_/Q (sky130_fd_sc_hd__edfxtp_1) dp.rf.rf[16][27]$_DFFE_PP_/D (sky130_fd_sc_hd__edfxtp_1)    1.5503
dp.pcreg.q[25]$_DFF_PP0_/Q (sky130_fd_sc_hd__edfxtp_1) dp.rf.rf[17][27]$_DFFE_PP_/D (sky130_fd_sc_hd__edfxtp_1)    1.5505
dp.pcreg.q[25]$_DFF_PP0_/Q (sky130_fd_sc_hd__edfxtp_1) dp.rf.rf[2][27]$_DFFE_PP_/D (sky130_fd_sc_hd__edfxtp_1)    1.5506
dp.pcreg.q[25]$_DFF_PP0_/Q (sky130_fd_sc_hd__edfxtp_1) dp.rf.rf[28][27]$_DFFE_PP_/D (sky130_fd_sc_hd__edfxtp_1)    1.5509
dp.pcreg.q[25]$_DFF_PP0_/Q (sky130_fd_sc_hd__edfxtp_1) dp.rf.rf[0][27]$_DFFE_PP_/D (sky130_fd_sc_hd__edfxtp_1)    1.5512
dp.pcreg.q[25]$_DFF_PP0_/Q (sky130_fd_sc_hd__edfxtp_1) dp.rf.rf[21][27]$_DFFE_PP_/D (sky130_fd_sc_hd__edfxtp_1)    1.5530
dp.pcreg.q[25]$_DFF_PP0_/Q (sky130_fd_sc_hd__edfxtp_1) dp.rf.rf[23][27]$_DFFE_PP_/D (sky130_fd_sc_hd__edfxtp_1)    1.5585
dp.pcreg.q[25]$_DFF_PP0_/Q (sky130_fd_sc_hd__edfxtp_1) dp.rf.rf[5][27]$_DFFE_PP_/D (sky130_fd_sc_hd__edfxtp_1)    1.5587
dp.pcreg.q[25]$_DFF_PP0_/Q (sky130_fd_sc_hd__edfxtp_1) dp.rf.rf[20][27]$_DFFE_PP_/D (sky130_fd_sc_hd__edfxtp_1)    1.5588
dp.pcreg.q[25]$_DFF_PP0_/Q (sky130_fd_sc_hd__edfxtp_1) dp.rf.rf[4][27]$_DFFE_PP_/D (sky130_fd_sc_hd__edfxtp_1)    1.5590
dp.pcreg.q[25]$_DFF_PP0_/Q (sky130_fd_sc_hd__edfxtp_1) dp.rf.rf[6][27]$_DFFE_PP_/D (sky130_fd_sc_hd__edfxtp_1)    1.5591
dp.pcreg.q[25]$_DFF_PP0_/Q (sky130_fd_sc_hd__edfxtp_1) dp.rf.rf[7][27]$_DFFE_PP_/D (sky130_fd_sc_hd__edfxtp_1)    1.5593
dp.pcreg.q[25]$_DFF_PP0_/Q (sky130_fd_sc_hd__edfxtp_1) dp.rf.rf[13][27]$_DFFE_PP_/D (sky130_fd_sc_hd__edfxtp_1)    1.5594
dp.pcreg.q[25]$_DFF_PP0_/Q (sky130_fd_sc_hd__edfxtp_1) dp.rf.rf[15][27]$_DFFE_PP_/D (sky130_fd_sc_hd__edfxtp_1)    1.5597
dp.pcreg.q[25]$_DFF_PP0_/Q (sky130_fd_sc_hd__edfxtp_1) dp.rf.rf[14][27]$_DFFE_PP_/D (sky130_fd_sc_hd__edfxtp_1)    1.5597
dp.pcreg.q[25]$_DFF_PP0_/Q (sky130_fd_sc_hd__edfxtp_1) dp.rf.rf[12][27]$_DFFE_PP_/D (sky130_fd_sc_hd__edfxtp_1)    1.5597
dp.pcreg.q[25]$_DFF_PP0_/Q (sky130_fd_sc_hd__edfxtp_1) dp.rf.rf[22][27]$_DFFE_PP_/D (sky130_fd_sc_hd__edfxtp_1)    1.5601
dp.pcreg.q[25]$_DFF_PP0_/Q (sky130_fd_sc_hd__edfxtp_1) dp.rf.rf[1][27]$_DFFE_PP_/D (sky130_fd_sc_hd__edfxtp_1)    1.5623
dp.pcreg.q[3]$_DFF_PP0_/Q (sky130_fd_sc_hd__edfxtp_1) dp.rf.rf[9][3]$_DFFE_PP_/D (sky130_fd_sc_hd__edfxtp_1)    1.5925
dp.pcreg.q[3]$_DFF_PP0_/Q (sky130_fd_sc_hd__edfxtp_1) dp.rf.rf[10][3]$_DFFE_PP_/D (sky130_fd_sc_hd__edfxtp_1)    1.5926
dp.pcreg.q[3]$_DFF_PP0_/Q (sky130_fd_sc_hd__edfxtp_1) dp.rf.rf[8][3]$_DFFE_PP_/D (sky130_fd_sc_hd__edfxtp_1)    1.5929
dp.pcreg.q[3]$_DFF_PP0_/Q (sky130_fd_sc_hd__edfxtp_1) dp.rf.rf[4][3]$_DFFE_PP_/D (sky130_fd_sc_hd__edfxtp_1)    1.5943
dp.pcreg.q[3]$_DFF_PP0_/Q (sky130_fd_sc_hd__edfxtp_1) dp.rf.rf[1][3]$_DFFE_PP_/D (sky130_fd_sc_hd__edfxtp_1)    1.5959
dp.pcreg.q[30]$_DFF_PP0_/Q (sky130_fd_sc_hd__edfxtp_1) dp.rf.rf[13][30]$_DFFE_PP_/D (sky130_fd_sc_hd__edfxtp_1)    1.5962
dp.pcreg.q[3]$_DFF_PP0_/Q (sky130_fd_sc_hd__edfxtp_1) dp.rf.rf[5][3]$_DFFE_PP_/D (sky130_fd_sc_hd__edfxtp_1)    1.5962
dp.pcreg.q[3]$_DFF_PP0_/Q (sky130_fd_sc_hd__edfxtp_1) dp.rf.rf[11][3]$_DFFE_PP_/D (sky130_fd_sc_hd__edfxtp_1)    1.5963
dp.pcreg.q[30]$_DFF_PP0_/Q (sky130_fd_sc_hd__edfxtp_1) dp.rf.rf[12][30]$_DFFE_PP_/D (sky130_fd_sc_hd__edfxtp_1)    1.5971
dp.pcreg.q[3]$_DFF_PP0_/Q (sky130_fd_sc_hd__edfxtp_1) dp.rf.rf[3][3]$_DFFE_PP_/D (sky130_fd_sc_hd__edfxtp_1)    1.5981
dp.pcreg.q[3]$_DFF_PP0_/Q (sky130_fd_sc_hd__edfxtp_1) dp.rf.rf[0][3]$_DFFE_PP_/D (sky130_fd_sc_hd__edfxtp_1)    1.5982
dp.pcreg.q[30]$_DFF_PP0_/Q (sky130_fd_sc_hd__edfxtp_1) dp.rf.rf[6][30]$_DFFE_PP_/D (sky130_fd_sc_hd__edfxtp_1)    1.5983
dp.pcreg.q[30]$_DFF_PP0_/Q (sky130_fd_sc_hd__edfxtp_1) dp.rf.rf[7][30]$_DFFE_PP_/D (sky130_fd_sc_hd__edfxtp_1)    1.5988
dp.pcreg.q[30]$_DFF_PP0_/Q (sky130_fd_sc_hd__edfxtp_1) dp.rf.rf[2][30]$_DFFE_PP_/D (sky130_fd_sc_hd__edfxtp_1)    1.5995
dp.pcreg.q[3]$_DFF_PP0_/Q (sky130_fd_sc_hd__edfxtp_1) dp.rf.rf[2][3]$_DFFE_PP_/D (sky130_fd_sc_hd__edfxtp_1)    1.5995
dp.pcreg.q[30]$_DFF_PP0_/Q (sky130_fd_sc_hd__edfxtp_1) dp.rf.rf[31][30]$_DFFE_PP_/D (sky130_fd_sc_hd__edfxtp_1)    1.6008
dp.pcreg.q[30]$_DFF_PP0_/Q (sky130_fd_sc_hd__edfxtp_1) dp.rf.rf[27][30]$_DFFE_PP_/D (sky130_fd_sc_hd__edfxtp_1)    1.6008
dp.pcreg.q[30]$_DFF_PP0_/Q (sky130_fd_sc_hd__edfxtp_1) dp.rf.rf[26][30]$_DFFE_PP_/D (sky130_fd_sc_hd__edfxtp_1)    1.6009
dp.pcreg.q[30]$_DFF_PP0_/Q (sky130_fd_sc_hd__edfxtp_1) dp.rf.rf[25][30]$_DFFE_PP_/D (sky130_fd_sc_hd__edfxtp_1)    1.6010
dp.pcreg.q[30]$_DFF_PP0_/Q (sky130_fd_sc_hd__edfxtp_1) dp.rf.rf[24][30]$_DFFE_PP_/D (sky130_fd_sc_hd__edfxtp_1)    1.6010
dp.pcreg.q[3]$_DFF_PP0_/Q (sky130_fd_sc_hd__edfxtp_1) dp.rf.rf[6][3]$_DFFE_PP_/D (sky130_fd_sc_hd__edfxtp_1)    1.6013
dp.pcreg.q[3]$_DFF_PP0_/Q (sky130_fd_sc_hd__edfxtp_1) dp.rf.rf[7][3]$_DFFE_PP_/D (sky130_fd_sc_hd__edfxtp_1)    1.6014
dp.pcreg.q[30]$_DFF_PP0_/Q (sky130_fd_sc_hd__edfxtp_1) dp.rf.rf[3][30]$_DFFE_PP_/D (sky130_fd_sc_hd__edfxtp_1)    1.6017
dp.pcreg.q[3]$_DFF_PP0_/Q (sky130_fd_sc_hd__edfxtp_1) dp.rf.rf[17][3]$_DFFE_PP_/D (sky130_fd_sc_hd__edfxtp_1)    1.6021
dp.pcreg.q[30]$_DFF_PP0_/Q (sky130_fd_sc_hd__edfxtp_1) dp.rf.rf[29][30]$_DFFE_PP_/D (sky130_fd_sc_hd__edfxtp_1)    1.6022
dp.pcreg.q[30]$_DFF_PP0_/Q (sky130_fd_sc_hd__edfxtp_1) dp.rf.rf[30][30]$_DFFE_PP_/D (sky130_fd_sc_hd__edfxtp_1)    1.6022
dp.pcreg.q[30]$_DFF_PP0_/Q (sky130_fd_sc_hd__edfxtp_1) dp.rf.rf[28][30]$_DFFE_PP_/D (sky130_fd_sc_hd__edfxtp_1)    1.6022
dp.pcreg.q[3]$_DFF_PP0_/Q (sky130_fd_sc_hd__edfxtp_1) dp.rf.rf[16][3]$_DFFE_PP_/D (sky130_fd_sc_hd__edfxtp_1)    1.6024
dp.pcreg.q[30]$_DFF_PP0_/Q (sky130_fd_sc_hd__edfxtp_1) dp.rf.rf[0][30]$_DFFE_PP_/D (sky130_fd_sc_hd__edfxtp_1)    1.6026
dp.pcreg.q[3]$_DFF_PP0_/Q (sky130_fd_sc_hd__edfxtp_1) dp.rf.rf[23][3]$_DFFE_PP_/D (sky130_fd_sc_hd__edfxtp_1)    1.6027
dp.pcreg.q[30]$_DFF_PP0_/Q (sky130_fd_sc_hd__edfxtp_1) dp.rf.rf[1][30]$_DFFE_PP_/D (sky130_fd_sc_hd__edfxtp_1)    1.6027
dp.pcreg.q[3]$_DFF_PP0_/Q (sky130_fd_sc_hd__edfxtp_1) dp.rf.rf[21][3]$_DFFE_PP_/D (sky130_fd_sc_hd__edfxtp_1)    1.6027
dp.pcreg.q[3]$_DFF_PP0_/Q (sky130_fd_sc_hd__edfxtp_1) dp.rf.rf[22][3]$_DFFE_PP_/D (sky130_fd_sc_hd__edfxtp_1)    1.6029
dp.pcreg.q[3]$_DFF_PP0_/Q (sky130_fd_sc_hd__edfxtp_1) dp.rf.rf[20][3]$_DFFE_PP_/D (sky130_fd_sc_hd__edfxtp_1)    1.6030
dp.pcreg.q[3]$_DFF_PP0_/Q (sky130_fd_sc_hd__edfxtp_1) dp.rf.rf[27][3]$_DFFE_PP_/D (sky130_fd_sc_hd__edfxtp_1)    1.6045
dp.pcreg.q[3]$_DFF_PP0_/Q (sky130_fd_sc_hd__edfxtp_1) dp.rf.rf[26][3]$_DFFE_PP_/D (sky130_fd_sc_hd__edfxtp_1)    1.6046
dp.pcreg.q[3]$_DFF_PP0_/Q (sky130_fd_sc_hd__edfxtp_1) dp.rf.rf[25][3]$_DFFE_PP_/D (sky130_fd_sc_hd__edfxtp_1)    1.6046
dp.pcreg.q[3]$_DFF_PP0_/Q (sky130_fd_sc_hd__edfxtp_1) dp.rf.rf[31][3]$_DFFE_PP_/D (sky130_fd_sc_hd__edfxtp_1)    1.6046
dp.pcreg.q[3]$_DFF_PP0_/Q (sky130_fd_sc_hd__edfxtp_1) dp.rf.rf[30][3]$_DFFE_PP_/D (sky130_fd_sc_hd__edfxtp_1)    1.6046
dp.pcreg.q[3]$_DFF_PP0_/Q (sky130_fd_sc_hd__edfxtp_1) dp.rf.rf[28][3]$_DFFE_PP_/D (sky130_fd_sc_hd__edfxtp_1)    1.6046
dp.pcreg.q[3]$_DFF_PP0_/Q (sky130_fd_sc_hd__edfxtp_1) dp.rf.rf[29][3]$_DFFE_PP_/D (sky130_fd_sc_hd__edfxtp_1)    1.6046
dp.pcreg.q[3]$_DFF_PP0_/Q (sky130_fd_sc_hd__edfxtp_1) dp.rf.rf[13][3]$_DFFE_PP_/D (sky130_fd_sc_hd__edfxtp_1)    1.6047
dp.pcreg.q[30]$_DFF_PP0_/Q (sky130_fd_sc_hd__edfxtp_1) dp.rf.rf[9][30]$_DFFE_PP_/D (sky130_fd_sc_hd__edfxtp_1)    1.6049
dp.pcreg.q[3]$_DFF_PP0_/Q (sky130_fd_sc_hd__edfxtp_1) dp.rf.rf[24][3]$_DFFE_PP_/D (sky130_fd_sc_hd__edfxtp_1)    1.6054
dp.pcreg.q[30]$_DFF_PP0_/Q (sky130_fd_sc_hd__edfxtp_1) dp.rf.rf[8][30]$_DFFE_PP_/D (sky130_fd_sc_hd__edfxtp_1)    1.6061
dp.pcreg.q[30]$_DFF_PP0_/Q (sky130_fd_sc_hd__edfxtp_1) dp.rf.rf[4][30]$_DFFE_PP_/D (sky130_fd_sc_hd__edfxtp_1)    1.6061
dp.pcreg.q[30]$_DFF_PP0_/Q (sky130_fd_sc_hd__edfxtp_1) dp.rf.rf[5][30]$_DFFE_PP_/D (sky130_fd_sc_hd__edfxtp_1)    1.6061
dp.pcreg.q[10]$_DFF_PP0_/Q (sky130_fd_sc_hd__edfxtp_1) dp.rf.rf[12][10]$_DFFE_PP_/D (sky130_fd_sc_hd__edfxtp_1)    1.6064
dp.pcreg.q[30]$_DFF_PP0_/Q (sky130_fd_sc_hd__edfxtp_1) dp.rf.rf[11][30]$_DFFE_PP_/D (sky130_fd_sc_hd__edfxtp_1)    1.6074
dp.pcreg.q[3]$_DFF_PP0_/Q (sky130_fd_sc_hd__edfxtp_1) dp.rf.rf[12][3]$_DFFE_PP_/D (sky130_fd_sc_hd__edfxtp_1)    1.6075
dp.pcreg.q[3]$_DFF_PP0_/Q (sky130_fd_sc_hd__edfxtp_1) dp.rf.rf[14][3]$_DFFE_PP_/D (sky130_fd_sc_hd__edfxtp_1)    1.6077
dp.pcreg.q[3]$_DFF_PP0_/Q (sky130_fd_sc_hd__edfxtp_1) dp.rf.rf[18][3]$_DFFE_PP_/D (sky130_fd_sc_hd__edfxtp_1)    1.6077
dp.pcreg.q[3]$_DFF_PP0_/Q (sky130_fd_sc_hd__edfxtp_1) dp.rf.rf[15][3]$_DFFE_PP_/D (sky130_fd_sc_hd__edfxtp_1)    1.6078
dp.pcreg.q[10]$_DFF_PP0_/Q (sky130_fd_sc_hd__edfxtp_1) dp.rf.rf[13][10]$_DFFE_PP_/D (sky130_fd_sc_hd__edfxtp_1)    1.6079
dp.pcreg.q[3]$_DFF_PP0_/Q (sky130_fd_sc_hd__edfxtp_1) dp.rf.rf[19][3]$_DFFE_PP_/D (sky130_fd_sc_hd__edfxtp_1)    1.6080
dp.pcreg.q[10]$_DFF_PP0_/Q (sky130_fd_sc_hd__edfxtp_1) dp.rf.rf[15][10]$_DFFE_PP_/D (sky130_fd_sc_hd__edfxtp_1)    1.6088
dp.pcreg.q[30]$_DFF_PP0_/Q (sky130_fd_sc_hd__edfxtp_1) dp.rf.rf[10][30]$_DFFE_PP_/D (sky130_fd_sc_hd__edfxtp_1)    1.6093
dp.pcreg.q[10]$_DFF_PP0_/Q (sky130_fd_sc_hd__edfxtp_1) dp.rf.rf[14][10]$_DFFE_PP_/D (sky130_fd_sc_hd__edfxtp_1)    1.6100
dp.pcreg.q[30]$_DFF_PP0_/Q (sky130_fd_sc_hd__edfxtp_1) dp.rf.rf[15][30]$_DFFE_PP_/D (sky130_fd_sc_hd__edfxtp_1)    1.6105
dp.pcreg.q[30]$_DFF_PP0_/Q (sky130_fd_sc_hd__edfxtp_1) dp.rf.rf[14][30]$_DFFE_PP_/D (sky130_fd_sc_hd__edfxtp_1)    1.6106
dp.pcreg.q[10]$_DFF_PP0_/Q (sky130_fd_sc_hd__edfxtp_1) dp.rf.rf[8][10]$_DFFE_PP_/D (sky130_fd_sc_hd__edfxtp_1)    1.6141
dp.pcreg.q[30]$_DFF_PP0_/Q (sky130_fd_sc_hd__edfxtp_1) dp.rf.rf[17][30]$_DFFE_PP_/D (sky130_fd_sc_hd__edfxtp_1)    1.6152
dp.pcreg.q[30]$_DFF_PP0_/Q (sky130_fd_sc_hd__edfxtp_1) dp.rf.rf[19][30]$_DFFE_PP_/D (sky130_fd_sc_hd__edfxtp_1)    1.6159
dp.pcreg.q[30]$_DFF_PP0_/Q (sky130_fd_sc_hd__edfxtp_1) dp.rf.rf[21][30]$_DFFE_PP_/D (sky130_fd_sc_hd__edfxtp_1)    1.6160
dp.pcreg.q[30]$_DFF_PP0_/Q (sky130_fd_sc_hd__edfxtp_1) dp.rf.rf[20][30]$_DFFE_PP_/D (sky130_fd_sc_hd__edfxtp_1)    1.6161
dp.pcreg.q[30]$_DFF_PP0_/Q (sky130_fd_sc_hd__edfxtp_1) dp.rf.rf[18][30]$_DFFE_PP_/D (sky130_fd_sc_hd__edfxtp_1)    1.6161
dp.pcreg.q[30]$_DFF_PP0_/Q (sky130_fd_sc_hd__edfxtp_1) dp.rf.rf[23][30]$_DFFE_PP_/D (sky130_fd_sc_hd__edfxtp_1)    1.6162
dp.pcreg.q[30]$_DFF_PP0_/Q (sky130_fd_sc_hd__edfxtp_1) dp.rf.rf[22][30]$_DFFE_PP_/D (sky130_fd_sc_hd__edfxtp_1)    1.6163
dp.pcreg.q[10]$_DFF_PP0_/Q (sky130_fd_sc_hd__edfxtp_1) dp.rf.rf[10][10]$_DFFE_PP_/D (sky130_fd_sc_hd__edfxtp_1)    1.6163
dp.pcreg.q[30]$_DFF_PP0_/Q (sky130_fd_sc_hd__edfxtp_1) dp.rf.rf[16][30]$_DFFE_PP_/D (sky130_fd_sc_hd__edfxtp_1)    1.6164
dp.pcreg.q[10]$_DFF_PP0_/Q (sky130_fd_sc_hd__edfxtp_1) dp.rf.rf[11][10]$_DFFE_PP_/D (sky130_fd_sc_hd__edfxtp_1)    1.6166
dp.pcreg.q[10]$_DFF_PP0_/Q (sky130_fd_sc_hd__edfxtp_1) dp.rf.rf[9][10]$_DFFE_PP_/D (sky130_fd_sc_hd__edfxtp_1)    1.6174
dp.pcreg.q[10]$_DFF_PP0_/Q (sky130_fd_sc_hd__edfxtp_1) dp.rf.rf[4][10]$_DFFE_PP_/D (sky130_fd_sc_hd__edfxtp_1)    1.6195
dp.pcreg.q[10]$_DFF_PP0_/Q (sky130_fd_sc_hd__edfxtp_1) dp.rf.rf[5][10]$_DFFE_PP_/D (sky130_fd_sc_hd__edfxtp_1)    1.6196
dp.pcreg.q[10]$_DFF_PP0_/Q (sky130_fd_sc_hd__edfxtp_1) dp.rf.rf[7][10]$_DFFE_PP_/D (sky130_fd_sc_hd__edfxtp_1)    1.6226
dp.pcreg.q[10]$_DFF_PP0_/Q (sky130_fd_sc_hd__edfxtp_1) dp.rf.rf[6][10]$_DFFE_PP_/D (sky130_fd_sc_hd__edfxtp_1)    1.6226
dp.pcreg.q[10]$_DFF_PP0_/Q (sky130_fd_sc_hd__edfxtp_1) dp.rf.rf[0][10]$_DFFE_PP_/D (sky130_fd_sc_hd__edfxtp_1)    1.6235
dp.pcreg.q[15]$_DFF_PP0_/Q (sky130_fd_sc_hd__edfxtp_1) dp.rf.rf[12][15]$_DFFE_PP_/D (sky130_fd_sc_hd__edfxtp_1)    1.6248
dp.pcreg.q[10]$_DFF_PP0_/Q (sky130_fd_sc_hd__edfxtp_1) dp.rf.rf[1][10]$_DFFE_PP_/D (sky130_fd_sc_hd__edfxtp_1)    1.6250
dp.pcreg.q[10]$_DFF_PP0_/Q (sky130_fd_sc_hd__edfxtp_1) dp.rf.rf[3][10]$_DFFE_PP_/D (sky130_fd_sc_hd__edfxtp_1)    1.6258
dp.pcreg.q[10]$_DFF_PP0_/Q (sky130_fd_sc_hd__edfxtp_1) dp.rf.rf[2][10]$_DFFE_PP_/D (sky130_fd_sc_hd__edfxtp_1)    1.6258
dp.pcreg.q[10]$_DFF_PP0_/Q (sky130_fd_sc_hd__edfxtp_1) dp.rf.rf[24][10]$_DFFE_PP_/D (sky130_fd_sc_hd__edfxtp_1)    1.6301
dp.pcreg.q[15]$_DFF_PP0_/Q (sky130_fd_sc_hd__edfxtp_1) dp.rf.rf[13][15]$_DFFE_PP_/D (sky130_fd_sc_hd__edfxtp_1)    1.6302
dp.pcreg.q[10]$_DFF_PP0_/Q (sky130_fd_sc_hd__edfxtp_1) dp.rf.rf[27][10]$_DFFE_PP_/D (sky130_fd_sc_hd__edfxtp_1)    1.6313
dp.pcreg.q[10]$_DFF_PP0_/Q (sky130_fd_sc_hd__edfxtp_1) dp.rf.rf[25][10]$_DFFE_PP_/D (sky130_fd_sc_hd__edfxtp_1)    1.6315
dp.pcreg.q[10]$_DFF_PP0_/Q (sky130_fd_sc_hd__edfxtp_1) dp.rf.rf[30][10]$_DFFE_PP_/D (sky130_fd_sc_hd__edfxtp_1)    1.6316
dp.pcreg.q[10]$_DFF_PP0_/Q (sky130_fd_sc_hd__edfxtp_1) dp.rf.rf[31][10]$_DFFE_PP_/D (sky130_fd_sc_hd__edfxtp_1)    1.6322
dp.pcreg.q[10]$_DFF_PP0_/Q (sky130_fd_sc_hd__edfxtp_1) dp.rf.rf[29][10]$_DFFE_PP_/D (sky130_fd_sc_hd__edfxtp_1)    1.6323
dp.pcreg.q[10]$_DFF_PP0_/Q (sky130_fd_sc_hd__edfxtp_1) dp.rf.rf[28][10]$_DFFE_PP_/D (sky130_fd_sc_hd__edfxtp_1)    1.6323
dp.pcreg.q[15]$_DFF_PP0_/Q (sky130_fd_sc_hd__edfxtp_1) dp.rf.rf[14][15]$_DFFE_PP_/D (sky130_fd_sc_hd__edfxtp_1)    1.6329
dp.pcreg.q[15]$_DFF_PP0_/Q (sky130_fd_sc_hd__edfxtp_1) dp.rf.rf[15][15]$_DFFE_PP_/D (sky130_fd_sc_hd__edfxtp_1)    1.6344
dp.pcreg.q[10]$_DFF_PP0_/Q (sky130_fd_sc_hd__edfxtp_1) dp.rf.rf[18][10]$_DFFE_PP_/D (sky130_fd_sc_hd__edfxtp_1)    1.6350
dp.pcreg.q[10]$_DFF_PP0_/Q (sky130_fd_sc_hd__edfxtp_1) dp.rf.rf[19][10]$_DFFE_PP_/D (sky130_fd_sc_hd__edfxtp_1)    1.6352
dp.pcreg.q[15]$_DFF_PP0_/Q (sky130_fd_sc_hd__edfxtp_1) dp.rf.rf[10][15]$_DFFE_PP_/D (sky130_fd_sc_hd__edfxtp_1)    1.6354
dp.pcreg.q[15]$_DFF_PP0_/Q (sky130_fd_sc_hd__edfxtp_1) dp.rf.rf[8][15]$_DFFE_PP_/D (sky130_fd_sc_hd__edfxtp_1)    1.6367
dp.pcreg.q[15]$_DFF_PP0_/Q (sky130_fd_sc_hd__edfxtp_1) dp.rf.rf[11][15]$_DFFE_PP_/D (sky130_fd_sc_hd__edfxtp_1)    1.6370
dp.pcreg.q[10]$_DFF_PP0_/Q (sky130_fd_sc_hd__edfxtp_1) dp.rf.rf[16][10]$_DFFE_PP_/D (sky130_fd_sc_hd__edfxtp_1)    1.6378
dp.pcreg.q[15]$_DFF_PP0_/Q (sky130_fd_sc_hd__edfxtp_1) dp.rf.rf[9][15]$_DFFE_PP_/D (sky130_fd_sc_hd__edfxtp_1)    1.6381
dp.pcreg.q[15]$_DFF_PP0_/Q (sky130_fd_sc_hd__edfxtp_1) dp.rf.rf[7][15]$_DFFE_PP_/D (sky130_fd_sc_hd__edfxtp_1)    1.6383
dp.pcreg.q[10]$_DFF_PP0_/Q (sky130_fd_sc_hd__edfxtp_1) dp.rf.rf[22][10]$_DFFE_PP_/D (sky130_fd_sc_hd__edfxtp_1)    1.6386
dp.pcreg.q[10]$_DFF_PP0_/Q (sky130_fd_sc_hd__edfxtp_1) dp.rf.rf[20][10]$_DFFE_PP_/D (sky130_fd_sc_hd__edfxtp_1)    1.6387
dp.pcreg.q[10]$_DFF_PP0_/Q (sky130_fd_sc_hd__edfxtp_1) dp.rf.rf[26][10]$_DFFE_PP_/D (sky130_fd_sc_hd__edfxtp_1)    1.6390
dp.pcreg.q[10]$_DFF_PP0_/Q (sky130_fd_sc_hd__edfxtp_1) dp.rf.rf[21][10]$_DFFE_PP_/D (sky130_fd_sc_hd__edfxtp_1)    1.6393
dp.pcreg.q[10]$_DFF_PP0_/Q (sky130_fd_sc_hd__edfxtp_1) dp.rf.rf[23][10]$_DFFE_PP_/D (sky130_fd_sc_hd__edfxtp_1)    1.6395
dp.pcreg.q[15]$_DFF_PP0_/Q (sky130_fd_sc_hd__edfxtp_1) dp.rf.rf[3][15]$_DFFE_PP_/D (sky130_fd_sc_hd__edfxtp_1)    1.6414
dp.pcreg.q[15]$_DFF_PP0_/Q (sky130_fd_sc_hd__edfxtp_1) dp.rf.rf[2][15]$_DFFE_PP_/D (sky130_fd_sc_hd__edfxtp_1)    1.6415
dp.pcreg.q[10]$_DFF_PP0_/Q (sky130_fd_sc_hd__edfxtp_1) dp.rf.rf[17][10]$_DFFE_PP_/D (sky130_fd_sc_hd__edfxtp_1)    1.6420
dp.pcreg.q[15]$_DFF_PP0_/Q (sky130_fd_sc_hd__edfxtp_1) dp.rf.rf[6][15]$_DFFE_PP_/D (sky130_fd_sc_hd__edfxtp_1)    1.6427
dp.pcreg.q[15]$_DFF_PP0_/Q (sky130_fd_sc_hd__edfxtp_1) dp.rf.rf[1][15]$_DFFE_PP_/D (sky130_fd_sc_hd__edfxtp_1)    1.6493
dp.pcreg.q[15]$_DFF_PP0_/Q (sky130_fd_sc_hd__edfxtp_1) dp.rf.rf[0][15]$_DFFE_PP_/D (sky130_fd_sc_hd__edfxtp_1)    1.6526
dp.pcreg.q[15]$_DFF_PP0_/Q (sky130_fd_sc_hd__edfxtp_1) dp.rf.rf[5][15]$_DFFE_PP_/D (sky130_fd_sc_hd__edfxtp_1)    1.6527
dp.pcreg.q[15]$_DFF_PP0_/Q (sky130_fd_sc_hd__edfxtp_1) dp.rf.rf[4][15]$_DFFE_PP_/D (sky130_fd_sc_hd__edfxtp_1)    1.6572
dp.pcreg.q[15]$_DFF_PP0_/Q (sky130_fd_sc_hd__edfxtp_1) dp.rf.rf[28][15]$_DFFE_PP_/D (sky130_fd_sc_hd__edfxtp_1)    1.6599
dp.pcreg.q[15]$_DFF_PP0_/Q (sky130_fd_sc_hd__edfxtp_1) dp.rf.rf[29][15]$_DFFE_PP_/D (sky130_fd_sc_hd__edfxtp_1)    1.6600
dp.pcreg.q[15]$_DFF_PP0_/Q (sky130_fd_sc_hd__edfxtp_1) dp.rf.rf[31][15]$_DFFE_PP_/D (sky130_fd_sc_hd__edfxtp_1)    1.6616
dp.pcreg.q[15]$_DFF_PP0_/Q (sky130_fd_sc_hd__edfxtp_1) dp.rf.rf[30][15]$_DFFE_PP_/D (sky130_fd_sc_hd__edfxtp_1)    1.6624
dp.pcreg.q[15]$_DFF_PP0_/Q (sky130_fd_sc_hd__edfxtp_1) dp.rf.rf[21][15]$_DFFE_PP_/D (sky130_fd_sc_hd__edfxtp_1)    1.6633
dp.pcreg.q[15]$_DFF_PP0_/Q (sky130_fd_sc_hd__edfxtp_1) dp.rf.rf[16][15]$_DFFE_PP_/D (sky130_fd_sc_hd__edfxtp_1)    1.6633
dp.pcreg.q[15]$_DFF_PP0_/Q (sky130_fd_sc_hd__edfxtp_1) dp.rf.rf[20][15]$_DFFE_PP_/D (sky130_fd_sc_hd__edfxtp_1)    1.6634
dp.pcreg.q[15]$_DFF_PP0_/Q (sky130_fd_sc_hd__edfxtp_1) dp.rf.rf[17][15]$_DFFE_PP_/D (sky130_fd_sc_hd__edfxtp_1)    1.6634
dp.pcreg.q[15]$_DFF_PP0_/Q (sky130_fd_sc_hd__edfxtp_1) dp.rf.rf[25][15]$_DFFE_PP_/D (sky130_fd_sc_hd__edfxtp_1)    1.6654
dp.pcreg.q[15]$_DFF_PP0_/Q (sky130_fd_sc_hd__edfxtp_1) dp.rf.rf[24][15]$_DFFE_PP_/D (sky130_fd_sc_hd__edfxtp_1)    1.6655
dp.pcreg.q[15]$_DFF_PP0_/Q (sky130_fd_sc_hd__edfxtp_1) dp.rf.rf[26][15]$_DFFE_PP_/D (sky130_fd_sc_hd__edfxtp_1)    1.6694
dp.pcreg.q[15]$_DFF_PP0_/Q (sky130_fd_sc_hd__edfxtp_1) dp.rf.rf[22][15]$_DFFE_PP_/D (sky130_fd_sc_hd__edfxtp_1)    1.6737
dp.pcreg.q[15]$_DFF_PP0_/Q (sky130_fd_sc_hd__edfxtp_1) dp.rf.rf[23][15]$_DFFE_PP_/D (sky130_fd_sc_hd__edfxtp_1)    1.6740
dp.pcreg.q[15]$_DFF_PP0_/Q (sky130_fd_sc_hd__edfxtp_1) dp.rf.rf[27][15]$_DFFE_PP_/D (sky130_fd_sc_hd__edfxtp_1)    1.6744
dp.pcreg.q[15]$_DFF_PP0_/Q (sky130_fd_sc_hd__edfxtp_1) dp.rf.rf[18][15]$_DFFE_PP_/D (sky130_fd_sc_hd__edfxtp_1)    1.6746
dp.pcreg.q[15]$_DFF_PP0_/Q (sky130_fd_sc_hd__edfxtp_1) dp.rf.rf[19][15]$_DFFE_PP_/D (sky130_fd_sc_hd__edfxtp_1)    1.6747
dp.pcreg.q[8]$_DFF_PP0_/Q (sky130_fd_sc_hd__edfxtp_1) dp.rf.rf[8][8]$_DFFE_PP_/D (sky130_fd_sc_hd__edfxtp_1)    1.7024
dp.pcreg.q[8]$_DFF_PP0_/Q (sky130_fd_sc_hd__edfxtp_1) dp.rf.rf[10][8]$_DFFE_PP_/D (sky130_fd_sc_hd__edfxtp_1)    1.7025
dp.pcreg.q[8]$_DFF_PP0_/Q (sky130_fd_sc_hd__edfxtp_1) dp.rf.rf[11][8]$_DFFE_PP_/D (sky130_fd_sc_hd__edfxtp_1)    1.7029
dp.pcreg.q[8]$_DFF_PP0_/Q (sky130_fd_sc_hd__edfxtp_1) dp.rf.rf[9][8]$_DFFE_PP_/D (sky130_fd_sc_hd__edfxtp_1)    1.7034
dp.pcreg.q[8]$_DFF_PP0_/Q (sky130_fd_sc_hd__edfxtp_1) dp.rf.rf[24][8]$_DFFE_PP_/D (sky130_fd_sc_hd__edfxtp_1)    1.7076
dp.pcreg.q[8]$_DFF_PP0_/Q (sky130_fd_sc_hd__edfxtp_1) dp.rf.rf[26][8]$_DFFE_PP_/D (sky130_fd_sc_hd__edfxtp_1)    1.7082
dp.pcreg.q[8]$_DFF_PP0_/Q (sky130_fd_sc_hd__edfxtp_1) dp.rf.rf[27][8]$_DFFE_PP_/D (sky130_fd_sc_hd__edfxtp_1)    1.7083
dp.pcreg.q[8]$_DFF_PP0_/Q (sky130_fd_sc_hd__edfxtp_1) dp.rf.rf[25][8]$_DFFE_PP_/D (sky130_fd_sc_hd__edfxtp_1)    1.7086
dp.pcreg.q[8]$_DFF_PP0_/Q (sky130_fd_sc_hd__edfxtp_1) dp.rf.rf[16][8]$_DFFE_PP_/D (sky130_fd_sc_hd__edfxtp_1)    1.7089
dp.pcreg.q[8]$_DFF_PP0_/Q (sky130_fd_sc_hd__edfxtp_1) dp.rf.rf[17][8]$_DFFE_PP_/D (sky130_fd_sc_hd__edfxtp_1)    1.7089
dp.pcreg.q[8]$_DFF_PP0_/Q (sky130_fd_sc_hd__edfxtp_1) dp.rf.rf[21][8]$_DFFE_PP_/D (sky130_fd_sc_hd__edfxtp_1)    1.7092
dp.pcreg.q[8]$_DFF_PP0_/Q (sky130_fd_sc_hd__edfxtp_1) dp.rf.rf[22][8]$_DFFE_PP_/D (sky130_fd_sc_hd__edfxtp_1)    1.7093
dp.pcreg.q[8]$_DFF_PP0_/Q (sky130_fd_sc_hd__edfxtp_1) dp.rf.rf[23][8]$_DFFE_PP_/D (sky130_fd_sc_hd__edfxtp_1)    1.7101
dp.pcreg.q[8]$_DFF_PP0_/Q (sky130_fd_sc_hd__edfxtp_1) dp.rf.rf[28][8]$_DFFE_PP_/D (sky130_fd_sc_hd__edfxtp_1)    1.7108
dp.pcreg.q[8]$_DFF_PP0_/Q (sky130_fd_sc_hd__edfxtp_1) dp.rf.rf[30][8]$_DFFE_PP_/D (sky130_fd_sc_hd__edfxtp_1)    1.7109
dp.pcreg.q[8]$_DFF_PP0_/Q (sky130_fd_sc_hd__edfxtp_1) dp.rf.rf[31][8]$_DFFE_PP_/D (sky130_fd_sc_hd__edfxtp_1)    1.7110
dp.pcreg.q[8]$_DFF_PP0_/Q (sky130_fd_sc_hd__edfxtp_1) dp.rf.rf[18][8]$_DFFE_PP_/D (sky130_fd_sc_hd__edfxtp_1)    1.7112
dp.pcreg.q[8]$_DFF_PP0_/Q (sky130_fd_sc_hd__edfxtp_1) dp.rf.rf[7][8]$_DFFE_PP_/D (sky130_fd_sc_hd__edfxtp_1)    1.7115
dp.pcreg.q[8]$_DFF_PP0_/Q (sky130_fd_sc_hd__edfxtp_1) dp.rf.rf[13][8]$_DFFE_PP_/D (sky130_fd_sc_hd__edfxtp_1)    1.7115
dp.pcreg.q[8]$_DFF_PP0_/Q (sky130_fd_sc_hd__edfxtp_1) dp.rf.rf[1][8]$_DFFE_PP_/D (sky130_fd_sc_hd__edfxtp_1)    1.7116
dp.pcreg.q[8]$_DFF_PP0_/Q (sky130_fd_sc_hd__edfxtp_1) dp.rf.rf[6][8]$_DFFE_PP_/D (sky130_fd_sc_hd__edfxtp_1)    1.7116
dp.pcreg.q[8]$_DFF_PP0_/Q (sky130_fd_sc_hd__edfxtp_1) dp.rf.rf[14][8]$_DFFE_PP_/D (sky130_fd_sc_hd__edfxtp_1)    1.7117
dp.pcreg.q[8]$_DFF_PP0_/Q (sky130_fd_sc_hd__edfxtp_1) dp.rf.rf[12][8]$_DFFE_PP_/D (sky130_fd_sc_hd__edfxtp_1)    1.7118
dp.pcreg.q[8]$_DFF_PP0_/Q (sky130_fd_sc_hd__edfxtp_1) dp.rf.rf[5][8]$_DFFE_PP_/D (sky130_fd_sc_hd__edfxtp_1)    1.7122
dp.pcreg.q[8]$_DFF_PP0_/Q (sky130_fd_sc_hd__edfxtp_1) dp.rf.rf[4][8]$_DFFE_PP_/D (sky130_fd_sc_hd__edfxtp_1)    1.7122
dp.pcreg.q[8]$_DFF_PP0_/Q (sky130_fd_sc_hd__edfxtp_1) dp.rf.rf[15][8]$_DFFE_PP_/D (sky130_fd_sc_hd__edfxtp_1)    1.7123
dp.pcreg.q[8]$_DFF_PP0_/Q (sky130_fd_sc_hd__edfxtp_1) dp.rf.rf[29][8]$_DFFE_PP_/D (sky130_fd_sc_hd__edfxtp_1)    1.7123
dp.pcreg.q[8]$_DFF_PP0_/Q (sky130_fd_sc_hd__edfxtp_1) dp.rf.rf[0][8]$_DFFE_PP_/D (sky130_fd_sc_hd__edfxtp_1)    1.7124
dp.pcreg.q[8]$_DFF_PP0_/Q (sky130_fd_sc_hd__edfxtp_1) dp.rf.rf[20][8]$_DFFE_PP_/D (sky130_fd_sc_hd__edfxtp_1)    1.7124
dp.pcreg.q[8]$_DFF_PP0_/Q (sky130_fd_sc_hd__edfxtp_1) dp.rf.rf[2][8]$_DFFE_PP_/D (sky130_fd_sc_hd__edfxtp_1)    1.7124
dp.pcreg.q[8]$_DFF_PP0_/Q (sky130_fd_sc_hd__edfxtp_1) dp.rf.rf[19][8]$_DFFE_PP_/D (sky130_fd_sc_hd__edfxtp_1)    1.7125
dp.pcreg.q[8]$_DFF_PP0_/Q (sky130_fd_sc_hd__edfxtp_1) dp.rf.rf[3][8]$_DFFE_PP_/D (sky130_fd_sc_hd__edfxtp_1)    1.7126
dp.pcreg.q[16]$_DFF_PP0_/Q (sky130_fd_sc_hd__edfxtp_1) dp.rf.rf[17][16]$_DFFE_PP_/D (sky130_fd_sc_hd__edfxtp_1)    1.8280
dp.pcreg.q[16]$_DFF_PP0_/Q (sky130_fd_sc_hd__edfxtp_1) dp.rf.rf[16][16]$_DFFE_PP_/D (sky130_fd_sc_hd__edfxtp_1)    1.8289
dp.pcreg.q[16]$_DFF_PP0_/Q (sky130_fd_sc_hd__edfxtp_1) dp.rf.rf[28][16]$_DFFE_PP_/D (sky130_fd_sc_hd__edfxtp_1)    1.8294
dp.pcreg.q[16]$_DFF_PP0_/Q (sky130_fd_sc_hd__edfxtp_1) dp.rf.rf[18][16]$_DFFE_PP_/D (sky130_fd_sc_hd__edfxtp_1)    1.8343
dp.pcreg.q[16]$_DFF_PP0_/Q (sky130_fd_sc_hd__edfxtp_1) dp.rf.rf[19][16]$_DFFE_PP_/D (sky130_fd_sc_hd__edfxtp_1)    1.8349
dp.pcreg.q[16]$_DFF_PP0_/Q (sky130_fd_sc_hd__edfxtp_1) dp.rf.rf[31][16]$_DFFE_PP_/D (sky130_fd_sc_hd__edfxtp_1)    1.8353
dp.pcreg.q[16]$_DFF_PP0_/Q (sky130_fd_sc_hd__edfxtp_1) dp.rf.rf[29][16]$_DFFE_PP_/D (sky130_fd_sc_hd__edfxtp_1)    1.8363
dp.pcreg.q[16]$_DFF_PP0_/Q (sky130_fd_sc_hd__edfxtp_1) dp.rf.rf[30][16]$_DFFE_PP_/D (sky130_fd_sc_hd__edfxtp_1)    1.8368
dp.pcreg.q[16]$_DFF_PP0_/Q (sky130_fd_sc_hd__edfxtp_1) dp.rf.rf[27][16]$_DFFE_PP_/D (sky130_fd_sc_hd__edfxtp_1)    1.8369
dp.pcreg.q[16]$_DFF_PP0_/Q (sky130_fd_sc_hd__edfxtp_1) dp.rf.rf[26][16]$_DFFE_PP_/D (sky130_fd_sc_hd__edfxtp_1)    1.8374
dp.pcreg.q[16]$_DFF_PP0_/Q (sky130_fd_sc_hd__edfxtp_1) dp.rf.rf[25][16]$_DFFE_PP_/D (sky130_fd_sc_hd__edfxtp_1)    1.8408
dp.pcreg.q[16]$_DFF_PP0_/Q (sky130_fd_sc_hd__edfxtp_1) dp.rf.rf[24][16]$_DFFE_PP_/D (sky130_fd_sc_hd__edfxtp_1)    1.8413
dp.pcreg.q[16]$_DFF_PP0_/Q (sky130_fd_sc_hd__edfxtp_1) dp.rf.rf[2][16]$_DFFE_PP_/D (sky130_fd_sc_hd__edfxtp_1)    1.8421
dp.pcreg.q[16]$_DFF_PP0_/Q (sky130_fd_sc_hd__edfxtp_1) dp.rf.rf[4][16]$_DFFE_PP_/D (sky130_fd_sc_hd__edfxtp_1)    1.8423
dp.pcreg.q[16]$_DFF_PP0_/Q (sky130_fd_sc_hd__edfxtp_1) dp.rf.rf[10][16]$_DFFE_PP_/D (sky130_fd_sc_hd__edfxtp_1)    1.8424
dp.pcreg.q[16]$_DFF_PP0_/Q (sky130_fd_sc_hd__edfxtp_1) dp.rf.rf[1][16]$_DFFE_PP_/D (sky130_fd_sc_hd__edfxtp_1)    1.8425
dp.pcreg.q[16]$_DFF_PP0_/Q (sky130_fd_sc_hd__edfxtp_1) dp.rf.rf[8][16]$_DFFE_PP_/D (sky130_fd_sc_hd__edfxtp_1)    1.8426
dp.pcreg.q[16]$_DFF_PP0_/Q (sky130_fd_sc_hd__edfxtp_1) dp.rf.rf[9][16]$_DFFE_PP_/D (sky130_fd_sc_hd__edfxtp_1)    1.8426
dp.pcreg.q[16]$_DFF_PP0_/Q (sky130_fd_sc_hd__edfxtp_1) dp.rf.rf[5][16]$_DFFE_PP_/D (sky130_fd_sc_hd__edfxtp_1)    1.8426
dp.pcreg.q[16]$_DFF_PP0_/Q (sky130_fd_sc_hd__edfxtp_1) dp.rf.rf[0][16]$_DFFE_PP_/D (sky130_fd_sc_hd__edfxtp_1)    1.8428
dp.pcreg.q[16]$_DFF_PP0_/Q (sky130_fd_sc_hd__edfxtp_1) dp.rf.rf[12][16]$_DFFE_PP_/D (sky130_fd_sc_hd__edfxtp_1)    1.8428
dp.pcreg.q[16]$_DFF_PP0_/Q (sky130_fd_sc_hd__edfxtp_1) dp.rf.rf[11][16]$_DFFE_PP_/D (sky130_fd_sc_hd__edfxtp_1)    1.8430
dp.pcreg.q[16]$_DFF_PP0_/Q (sky130_fd_sc_hd__edfxtp_1) dp.rf.rf[3][16]$_DFFE_PP_/D (sky130_fd_sc_hd__edfxtp_1)    1.8431
dp.pcreg.q[16]$_DFF_PP0_/Q (sky130_fd_sc_hd__edfxtp_1) dp.rf.rf[7][16]$_DFFE_PP_/D (sky130_fd_sc_hd__edfxtp_1)    1.8437
dp.pcreg.q[16]$_DFF_PP0_/Q (sky130_fd_sc_hd__edfxtp_1) dp.rf.rf[6][16]$_DFFE_PP_/D (sky130_fd_sc_hd__edfxtp_1)    1.8440
dp.pcreg.q[16]$_DFF_PP0_/Q (sky130_fd_sc_hd__edfxtp_1) dp.rf.rf[15][16]$_DFFE_PP_/D (sky130_fd_sc_hd__edfxtp_1)    1.8448
dp.pcreg.q[16]$_DFF_PP0_/Q (sky130_fd_sc_hd__edfxtp_1) dp.rf.rf[14][16]$_DFFE_PP_/D (sky130_fd_sc_hd__edfxtp_1)    1.8449
dp.pcreg.q[16]$_DFF_PP0_/Q (sky130_fd_sc_hd__edfxtp_1) dp.rf.rf[13][16]$_DFFE_PP_/D (sky130_fd_sc_hd__edfxtp_1)    1.8450
dp.pcreg.q[16]$_DFF_PP0_/Q (sky130_fd_sc_hd__edfxtp_1) dp.rf.rf[20][16]$_DFFE_PP_/D (sky130_fd_sc_hd__edfxtp_1)    1.8835
dp.pcreg.q[16]$_DFF_PP0_/Q (sky130_fd_sc_hd__edfxtp_1) dp.rf.rf[23][16]$_DFFE_PP_/D (sky130_fd_sc_hd__edfxtp_1)    1.8878
dp.pcreg.q[16]$_DFF_PP0_/Q (sky130_fd_sc_hd__edfxtp_1) dp.rf.rf[22][16]$_DFFE_PP_/D (sky130_fd_sc_hd__edfxtp_1)    1.8889
dp.pcreg.q[16]$_DFF_PP0_/Q (sky130_fd_sc_hd__edfxtp_1) dp.rf.rf[21][16]$_DFFE_PP_/D (sky130_fd_sc_hd__edfxtp_1)    1.8895
dp.pcreg.q[0]$_DFFE_PP0P_/Q (riscv)  pc[0] (output)                          2.1965
dp.pcreg.q[1]$_DFFE_PP0P_/Q (riscv)  pc[1] (output)                          2.2087
dp.pcreg.q[10]$_DFF_PP0_/Q (riscv)   pc[10] (output)                         2.2362
dp.pcreg.q[7]$_DFF_PP0_/Q (riscv)    pc[7] (output)                          2.2658
dp.pcreg.q[19]$_DFF_PP0_/Q (riscv)   pc[19] (output)                         2.2735
dp.pcreg.q[3]$_DFF_PP0_/Q (riscv)    pc[3] (output)                          2.2772
dp.pcreg.q[5]$_DFF_PP0_/Q (riscv)    pc[5] (output)                          2.2788
dp.pcreg.q[6]$_DFF_PP0_/Q (riscv)    pc[6] (output)                          2.2827
dp.pcreg.q[4]$_DFF_PP0_/Q (riscv)    pc[4] (output)                          2.2866
dp.pcreg.q[14]$_DFF_PP0_/Q (riscv)   pc[14] (output)                         2.2872
dp.pcreg.q[2]$_DFF_PP0_/Q (riscv)    pc[2] (output)                          2.2891
dp.pcreg.q[13]$_DFF_PP0_/Q (riscv)   pc[13] (output)                         2.2970
dp.pcreg.q[21]$_DFF_PP0_/Q (riscv)   pc[21] (output)                         2.2974
dp.pcreg.q[20]$_DFF_PP0_/Q (riscv)   pc[20] (output)                         2.3011
dp.pcreg.q[9]$_DFF_PP0_/Q (riscv)    pc[9] (output)                          2.3092
dp.pcreg.q[12]$_DFF_PP0_/Q (riscv)   pc[12] (output)                         2.3174
dp.pcreg.q[8]$_DFF_PP0_/Q (riscv)    pc[8] (output)                          2.3219
dp.pcreg.q[18]$_DFF_PP0_/Q (riscv)   pc[18] (output)                         2.3223
dp.pcreg.q[16]$_DFF_PP0_/Q (riscv)   pc[16] (output)                         2.3580
dp.pcreg.q[11]$_DFF_PP0_/Q (riscv)   pc[11] (output)                         2.3651
dp.pcreg.q[17]$_DFF_PP0_/Q (riscv)   pc[17] (output)                         2.3836
dp.pcreg.q[29]$_DFF_PP0_/Q (riscv)   pc[29] (output)                         2.3956
dp.pcreg.q[15]$_DFF_PP0_/Q (riscv)   pc[15] (output)                         2.4088
dp.pcreg.q[31]$_DFF_PP0_/Q (riscv)   pc[31] (output)                         2.4121
dp.pcreg.q[26]$_DFF_PP0_/Q (riscv)   pc[26] (output)                         2.4562
dp.pcreg.q[28]$_DFF_PP0_/Q (riscv)   pc[28] (output)                         2.4733
dp.pcreg.q[30]$_DFF_PP0_/Q (riscv)   pc[30] (output)                         2.4956
dp.pcreg.q[23]$_DFF_PP0_/Q (riscv)   pc[23] (output)                         2.4968
dp.pcreg.q[27]$_DFF_PP0_/Q (riscv)   pc[27] (output)                         2.5291
dp.pcreg.q[24]$_DFF_PP0_/Q (riscv)   pc[24] (output)                         2.5361
dp.pcreg.q[22]$_DFF_PP0_/Q (riscv)   pc[22] (output)                         2.5383
dp.pcreg.q[25]$_DFF_PP0_/Q (riscv)   pc[25] (output)                         2.5949
dp.rf.rf[10][25]$_DFFE_PP_/Q (riscv) writedata[25] (output)                  2.8621
dp.rf.rf[24][26]$_DFFE_PP_/Q (riscv) aluout[26] (output)                     2.8875
dp.rf.rf[23][21]$_DFFE_PP_/Q (riscv) writedata[21] (output)                  2.9189
dp.rf.rf[20][1]$_DFFE_PP_/Q (riscv)  writedata[1] (output)                   2.9746
dp.rf.rf[10][24]$_DFFE_PP_/Q (riscv) writedata[24] (output)                  2.9818
dp.rf.rf[28][0]$_DFFE_PP_/Q (riscv)  writedata[0] (output)                   2.9952
dp.rf.rf[20][29]$_DFFE_PP_/Q (riscv) writedata[29] (output)                  3.0001
dp.rf.rf[0][30]$_DFFE_PP_/Q (riscv)  writedata[30] (output)                  3.0122
dp.rf.rf[17][0]$_DFFE_PP_/Q (riscv)  aluout[0] (output)                      3.0159
dp.rf.rf[7][20]$_DFFE_PP_/Q (riscv)  writedata[20] (output)                  3.0203
dp.rf.rf[26][23]$_DFFE_PP_/Q (riscv) writedata[23] (output)                  3.0678
dp.rf.rf[18][2]$_DFFE_PP_/Q (riscv)  aluout[2] (output)                      3.0758
dp.rf.rf[8][18]$_DFFE_PP_/Q (riscv)  writedata[18] (output)                  3.0823
dp.rf.rf[22][5]$_DFFE_PP_/Q (riscv)  writedata[5] (output)                   3.0883
dp.rf.rf[24][21]$_DFFE_PP_/Q (riscv) aluout[22] (output)                     3.1016
dp.rf.rf[10][6]$_DFFE_PP_/Q (riscv)  writedata[6] (output)                   3.1026
dp.rf.rf[26][27]$_DFFE_PP_/Q (riscv) writedata[27] (output)                  3.1066
dp.rf.rf[12][17]$_DFFE_PP_/Q (riscv) writedata[17] (output)                  3.1105
dp.rf.rf[24][21]$_DFFE_PP_/Q (riscv) aluout[21] (output)                     3.1116
dp.rf.rf[23][16]$_DFFE_PP_/Q (riscv) writedata[16] (output)                  3.1122
dp.rf.rf[16][7]$_DFFE_PP_/Q (riscv)  writedata[7] (output)                   3.1192
dp.rf.rf[0][28]$_DFFE_PP_/Q (riscv)  writedata[28] (output)                  3.1442
dp.rf.rf[16][26]$_DFFE_PP_/Q (riscv) writedata[26] (output)                  3.1473
dp.rf.rf[22][15]$_DFFE_PP_/Q (riscv) writedata[15] (output)                  3.1548
dp.rf.rf[18][19]$_DFFE_PP_/Q (riscv) writedata[19] (output)                  3.1767
dp.rf.rf[14][20]$_DFFE_PP_/Q (riscv) aluout[20] (output)                     3.2136
dp.rf.rf[18][8]$_DFFE_PP_/Q (riscv)  writedata[8] (output)                   3.2150
dp.rf.rf[22][4]$_DFFE_PP_/Q (riscv)  writedata[4] (output)                   3.2395
dp.rf.rf[8][14]$_DFFE_PP_/Q (riscv)  writedata[14] (output)                  3.2419
dp.rf.rf[22][2]$_DFFE_PP_/Q (riscv)  writedata[2] (output)                   3.2533
dp.rf.rf[22][31]$_DFFE_PP_/Q (riscv) writedata[31] (output)                  3.2560
dp.rf.rf[16][8]$_DFFE_PP_/Q (riscv)  aluout[8] (output)                      3.2585
dp.rf.rf[4][3]$_DFFE_PP_/Q (riscv)   writedata[3] (output)                   3.2632
dp.rf.rf[18][30]$_DFFE_PP_/Q (riscv) aluout[30] (output)                     3.2663
dp.rf.rf[18][3]$_DFFE_PP_/Q (riscv)  aluout[3] (output)                      3.2675
dp.rf.rf[0][15]$_DFFE_PP_/Q (riscv)  aluout[15] (output)                     3.2727
dp.rf.rf[26][9]$_DFFE_PP_/Q (riscv)  writedata[9] (output)                   3.2763
dp.rf.rf[0][10]$_DFFE_PP_/Q (riscv)  aluout[10] (output)                     3.2790
dp.rf.rf[4][22]$_DFFE_PP_/Q (riscv)  writedata[22] (output)                  3.2839
dp.rf.rf[16][13]$_DFFE_PP_/Q (riscv) writedata[13] (output)                  3.3019
dp.rf.rf[15][11]$_DFFE_PP_/Q (riscv) writedata[11] (output)                  3.3118
dp.rf.rf[4][12]$_DFFE_PP_/Q (riscv)  writedata[12] (output)                  3.3230
dp.rf.rf[6][10]$_DFFE_PP_/Q (riscv)  writedata[10] (output)                  3.3252
dp.rf.rf[24][29]$_DFFE_PP_/Q (riscv) aluout[29] (output)                     3.3716
dp.rf.rf[22][4]$_DFFE_PP_/Q (riscv)  aluout[4] (output)                      3.3819
dp.rf.rf[17][1]$_DFFE_PP_/Q (riscv)  aluout[1] (output)                      3.3866
dp.rf.rf[0][14]$_DFFE_PP_/Q (riscv)  aluout[14] (output)                     3.3881
dp.rf.rf[0][13]$_DFFE_PP_/Q (riscv)  aluout[13] (output)                     3.4029
dp.rf.rf[14][12]$_DFFE_PP_/Q (riscv) aluout[12] (output)                     3.4257
dp.rf.rf[24][28]$_DFFE_PP_/Q (riscv) aluout[28] (output)                     3.4389
dp.rf.rf[24][16]$_DFFE_PP_/Q (riscv) aluout[16] (output)                     3.4429
dp.rf.rf[17][11]$_DFFE_PP_/Q (riscv) aluout[11] (output)                     3.4669
dp.rf.rf[0][9]$_DFFE_PP_/Q (riscv)   aluout[9] (output)                      3.4699
dp.rf.rf[17][7]$_DFFE_PP_/Q (riscv)  aluout[7] (output)                      3.4741
dp.rf.rf[0][19]$_DFFE_PP_/Q (riscv)  aluout[19] (output)                     3.4752
dp.rf.rf[16][6]$_DFFE_PP_/Q (riscv)  aluout[6] (output)                      3.4818
dp.rf.rf[24][27]$_DFFE_PP_/Q (riscv) aluout[27] (output)                     3.4821
dp.rf.rf[0][31]$_DFFE_PP_/Q (riscv)  aluout[31] (output)                     3.4949
dp.rf.rf[0][17]$_DFFE_PP_/Q (riscv)  aluout[17] (output)                     3.4958
dp.rf.rf[8][5]$_DFFE_PP_/Q (riscv)   aluout[5] (output)                      3.5084
dp.rf.rf[24][23]$_DFFE_PP_/Q (riscv) aluout[23] (output)                     3.5111
dp.rf.rf[24][17]$_DFFE_PP_/Q (riscv) aluout[18] (output)                     3.5448
dp.rf.rf[24][24]$_DFFE_PP_/Q (riscv) aluout[24] (output)                     3.7002
dp.rf.rf[22][4]$_DFFE_PP_/Q (riscv)  aluout[25] (output)                     3.8757

