mkdir -p ./results/sky130hd/riscv32i/base/
echo 10.0 > ./results/sky130hd/riscv32i/base/clock_period.txt
/home/lunarch/orfs-clean/flow/scripts/synth.sh /home/lunarch/orfs-clean/flow/scripts/synth_canonicalize.tcl ./logs/sky130hd/riscv32i/base/1_1_yosys_canonicalize.log
Using ABC area script.
Extracting clock period from SDC file: ./results/sky130hd/riscv32i/base/clock_period.txt
Setting clock period to 10.0
1. Executing Liberty frontend: /home/lunarch/orfs-clean/flow/platforms/sky130hd/lib/sky130_fd_sc_hd__tt_025C_1v80.lib
2. Executing Liberty frontend: /home/lunarch/orfs-clean/flow/platforms/sky130hd/lib/sky130_fd_sc_hd__tt_025C_1v80.lib
3. Executing Verilog-2005 frontend: /home/lunarch/orfs-clean/flow/designs/src/riscv32i/adder.v
4. Executing Verilog-2005 frontend: /home/lunarch/orfs-clean/flow/designs/src/riscv32i/alu.v
5. Executing Verilog-2005 frontend: /home/lunarch/orfs-clean/flow/designs/src/riscv32i/aludec.v
6. Executing Verilog-2005 frontend: /home/lunarch/orfs-clean/flow/designs/src/riscv32i/controller.v
7. Executing Verilog-2005 frontend: /home/lunarch/orfs-clean/flow/designs/src/riscv32i/datapath.v
8. Executing Verilog-2005 frontend: /home/lunarch/orfs-clean/flow/designs/src/riscv32i/dmem.v
9. Executing Verilog-2005 frontend: /home/lunarch/orfs-clean/flow/designs/src/riscv32i/flopenr.v
10. Executing Verilog-2005 frontend: /home/lunarch/orfs-clean/flow/designs/src/riscv32i/flopens.v
11. Executing Verilog-2005 frontend: /home/lunarch/orfs-clean/flow/designs/src/riscv32i/flopr.v
12. Executing Verilog-2005 frontend: /home/lunarch/orfs-clean/flow/designs/src/riscv32i/magcompare2b.v
13. Executing Verilog-2005 frontend: /home/lunarch/orfs-clean/flow/designs/src/riscv32i/magcompare2c.v
14. Executing Verilog-2005 frontend: /home/lunarch/orfs-clean/flow/designs/src/riscv32i/magcompare32.v
15. Executing Verilog-2005 frontend: /home/lunarch/orfs-clean/flow/designs/src/riscv32i/maindec.v
16. Executing Verilog-2005 frontend: /home/lunarch/orfs-clean/flow/designs/src/riscv32i/mux2.v
17. Executing Verilog-2005 frontend: /home/lunarch/orfs-clean/flow/designs/src/riscv32i/mux3.v
18. Executing Verilog-2005 frontend: /home/lunarch/orfs-clean/flow/designs/src/riscv32i/mux4.v
19. Executing Verilog-2005 frontend: /home/lunarch/orfs-clean/flow/designs/src/riscv32i/mux5.v
20. Executing Verilog-2005 frontend: /home/lunarch/orfs-clean/flow/designs/src/riscv32i/mux8.v
21. Executing Verilog-2005 frontend: /home/lunarch/orfs-clean/flow/designs/src/riscv32i/regfile.v
22. Executing Verilog-2005 frontend: /home/lunarch/orfs-clean/flow/designs/src/riscv32i/riscv.v
23. Executing Verilog-2005 frontend: /home/lunarch/orfs-clean/flow/designs/src/riscv32i/rom.v
24. Executing Verilog-2005 frontend: /home/lunarch/orfs-clean/flow/designs/src/riscv32i/shifter.v
25. Executing Verilog-2005 frontend: /home/lunarch/orfs-clean/flow/designs/src/riscv32i/signext.v
26. Executing Verilog-2005 frontend: /home/lunarch/orfs-clean/flow/designs/src/riscv32i/top.v
27. Executing Verilog-2005 frontend: /home/lunarch/orfs-clean/flow/platforms/sky130hd/cells_clkgate_hd.v
28. Executing HIERARCHY pass (managing design hierarchy).
29. Executing AST frontend in derive mode using pre-parsed AST for module `\riscv'.
29.1. Analyzing design hierarchy..
29.2. Executing AST frontend in derive mode using pre-parsed AST for module `\datapath'.
29.3. Executing AST frontend in derive mode using pre-parsed AST for module `\controller'.
29.4. Analyzing design hierarchy..
29.5. Executing AST frontend in derive mode using pre-parsed AST for module `\mux2'.
29.6. Executing AST frontend in derive mode using pre-parsed AST for module `\mux2'.
29.7. Executing AST frontend in derive mode using pre-parsed AST for module `\aludec'.
29.8. Executing AST frontend in derive mode using pre-parsed AST for module `\maindec'.
29.9. Executing AST frontend in derive mode using pre-parsed AST for module `\mux2'.
29.10. Executing AST frontend in derive mode using pre-parsed AST for module `\mux3'.
29.11. Executing AST frontend in derive mode using pre-parsed AST for module `\shifter'.
29.12. Executing AST frontend in derive mode using pre-parsed AST for module `\alu'.
29.13. Executing AST frontend in derive mode using pre-parsed AST for module `\magcompare32'.
29.14. Executing AST frontend in derive mode using pre-parsed AST for module `\adder'.
29.15. Executing AST frontend in derive mode using pre-parsed AST for module `\signext'.
29.16. Executing AST frontend in derive mode using pre-parsed AST for module `\regfile'.
29.17. Executing AST frontend in derive mode using pre-parsed AST for module `\mux2'.
29.18. Executing AST frontend in derive mode using pre-parsed AST for module `\flopr'.
29.19. Executing AST frontend in derive mode using pre-parsed AST for module `\flopenr'.
29.20. Analyzing design hierarchy..
29.21. Executing AST frontend in derive mode using pre-parsed AST for module `\mux5'.
29.22. Executing AST frontend in derive mode using pre-parsed AST for module `\magcompare2c'.
29.23. Executing AST frontend in derive mode using pre-parsed AST for module `\magcompare2b'.
29.24. Analyzing design hierarchy..
29.25. Analyzing design hierarchy..
30. Executing OPT_CLEAN pass (remove unused cells and wires).
Warning: Ignoring module $paramod\flopr\WIDTH=s32'00000000000000000000000000100000 because it contains processes (run 'proc' command first).
Warning: Ignoring module regfile because it contains processes (run 'proc' command first).
Warning: Ignoring module alu because it contains processes (run 'proc' command first).
Warning: Ignoring module shifter because it contains processes (run 'proc' command first).
Warning: Ignoring module maindec because it contains processes (run 'proc' command first).
Warning: Ignoring module aludec because it contains processes (run 'proc' command first).
Warning: Ignoring module $paramod\mux5\WIDTH=s32'00000000000000000000000000100000 because it contains processes (run 'proc' command first).
Warning: Ignoring module $paramod\flopenr\WIDTH=s32'00000000000000000000000000100000 because it contains processes (run 'proc' command first).
31. Executing RTLIL backend.
Warnings: 8 unique messages, 8 total
End of script. Logfile hash: abbe5f1442, time: 0.15s, user: 0.12s, system: 0.02s, MEM: 54.42 MB peak
Yosys 0.69+post (git sha1 143eb14f9cc55d6f8927e68523b0c9d2166ed02c, Release, GNU /usr/bin/c++ 13.3.0)
Time spent: 71% 4x read_liberty (0 sec), 11% 50x read_verilog (0 sec), ...
Elapsed time: 0:00.16[h:]min:sec. CPU time: user 0.13 sys 0.02 (99%). Peak memory: 59228KB.
Log                       Ext     Elapsed/s Peak Memory/MB sha1sum result [0:20)
1_1_yosys_canonicalize    .rtlil          0             57 34be139bbb8b29975e29
/home/lunarch/orfs-clean/flow/scripts/synth.sh /home/lunarch/orfs-clean/flow/scripts/synth.tcl ./logs/sky130hd/riscv32i/base/1_2_yosys.log
Using ABC area script.
Extracting clock period from SDC file: ./results/sky130hd/riscv32i/base/clock_period.txt
Setting clock period to 10.0
1. Executing RTLIL frontend.
2. Executing HIERARCHY pass (managing design hierarchy).
2.1. Analyzing design hierarchy..
2.2. Analyzing design hierarchy..
3. Executing SYNTH pass.
3.1. Executing HIERARCHY pass (managing design hierarchy).
3.1.1. Analyzing design hierarchy..
3.1.2. Analyzing design hierarchy..
3.2. Executing PROC pass (convert processes to netlists).
3.2.1. Executing PROC_CLEAN pass (remove empty switches from decision trees).
3.2.2. Executing PROC_RMDEAD pass (remove dead branches from decision trees).
3.2.3. Executing PROC_PRUNE pass (remove redundant assignments in processes).
3.2.4. Executing PROC_INIT pass (extract init attributes).
3.2.5. Executing PROC_ARST pass (detect async resets in processes).
3.2.6. Executing PROC_ROM pass (convert switches to ROMs).
3.2.7. Executing PROC_MUX pass (convert decision trees to multiplexers).
3.2.8. Executing PROC_DLATCH pass (convert process syncs to latches).
3.2.9. Executing PROC_DFF pass (convert process syncs to FFs).
3.2.10. Executing PROC_MEMWR pass (convert process memory writes to cells).
3.2.11. Executing PROC_CLEAN pass (remove empty switches from decision trees).
3.2.12. Executing OPT_EXPR pass (perform const folding).
3.3. Executing CHECK pass (checking for obvious problems).
3.4. Executing FLATTEN pass (flatten design).
3.5. Executing OPT_EXPR pass (perform const folding).
3.6. Executing OPT_CLEAN pass (remove unused cells and wires).
3.7. Executing CHECK pass (checking for obvious problems).
3.8. Executing OPT pass (performing simple optimizations).
3.8.1. Executing OPT_EXPR pass (perform const folding).
3.8.2. Executing OPT_MERGE pass (detect identical cells).
3.8.3. Executing OPT_MUXTREE pass (detect dead branches in mux trees).
3.8.4. Executing OPT_REDUCE pass (consolidate $*mux and $reduce_* inputs).
3.8.5. Executing OPT_MERGE pass (detect identical cells).
3.8.6. Executing OPT_DFF pass (perform DFF optimizations).
3.8.7. Executing OPT_CLEAN pass (remove unused cells and wires).
3.8.8. Executing OPT_EXPR pass (perform const folding).
3.8.9. Rerunning OPT passes. (Maybe there is more to do..)
3.8.10. Executing OPT_MUXTREE pass (detect dead branches in mux trees).
3.8.11. Executing OPT_REDUCE pass (consolidate $*mux and $reduce_* inputs).
3.8.12. Executing OPT_MERGE pass (detect identical cells).
3.8.13. Executing OPT_DFF pass (perform DFF optimizations).
3.8.14. Executing OPT_CLEAN pass (remove unused cells and wires).
3.8.15. Executing OPT_EXPR pass (perform const folding).
3.8.16. Finished fast OPT passes. (There is nothing left to do.)
3.9. Executing FSM pass (extract and optimize FSM).
3.9.1. Executing FSM_DETECT pass (finding FSMs in design).
3.9.2. Executing FSM_EXTRACT pass (extracting FSM from design).
3.9.3. Executing FSM_OPT pass (simple optimizations of FSMs).
3.9.4. Executing OPT_CLEAN pass (remove unused cells and wires).
3.9.5. Executing FSM_OPT pass (simple optimizations of FSMs).
3.9.6. Executing FSM_RECODE pass (re-assigning FSM state encoding).
3.9.7. Executing FSM_INFO pass (dumping all available information on FSM cells).
3.9.8. Executing FSM_MAP pass (mapping FSMs to basic logic).
3.10. Executing OPT pass (performing simple optimizations).
3.10.1. Executing OPT_EXPR pass (perform const folding).
3.10.2. Executing OPT_MERGE pass (detect identical cells).
3.10.3. Executing OPT_MUXTREE pass (detect dead branches in mux trees).
3.10.4. Executing OPT_REDUCE pass (consolidate $*mux and $reduce_* inputs).
3.10.5. Executing OPT_MERGE pass (detect identical cells).
3.10.6. Executing OPT_DFF pass (perform DFF optimizations).
3.10.7. Executing OPT_CLEAN pass (remove unused cells and wires).
3.10.8. Executing OPT_EXPR pass (perform const folding).
3.10.9. Finished fast OPT passes. (There is nothing left to do.)
3.11. Executing WREDUCE pass (reducing word size of cells).
3.12. Executing PEEPOPT pass (run peephole optimizers).
3.13. Executing OPT_CLEAN pass (remove unused cells and wires).
3.14. Executing ALUMACC pass (create $alu and $macc cells).
3.15. Executing SHARE pass (SAT-based resource sharing).
3.16. Executing OPT pass (performing simple optimizations).
3.16.1. Executing OPT_EXPR pass (perform const folding).
3.16.2. Executing OPT_MERGE pass (detect identical cells).
3.16.3. Executing OPT_MUXTREE pass (detect dead branches in mux trees).
3.16.4. Executing OPT_REDUCE pass (consolidate $*mux and $reduce_* inputs).
3.16.5. Executing OPT_MERGE pass (detect identical cells).
3.16.6. Executing OPT_DFF pass (perform DFF optimizations).
3.16.7. Executing OPT_CLEAN pass (remove unused cells and wires).
3.16.8. Executing OPT_EXPR pass (perform const folding).
3.16.9. Rerunning OPT passes. (Maybe there is more to do..)
3.16.10. Executing OPT_MUXTREE pass (detect dead branches in mux trees).
3.16.11. Executing OPT_REDUCE pass (consolidate $*mux and $reduce_* inputs).
3.16.12. Executing OPT_MERGE pass (detect identical cells).
3.16.13. Executing OPT_DFF pass (perform DFF optimizations).
3.16.14. Executing OPT_CLEAN pass (remove unused cells and wires).
3.16.15. Executing OPT_EXPR pass (perform const folding).
3.16.16. Finished fast OPT passes. (There is nothing left to do.)
3.17. Executing MEMORY pass.
3.17.1. Executing OPT_MEM pass (optimize memories).
3.17.2. Executing OPT_MEM_PRIORITY pass (removing unnecessary memory write priority relations).
3.17.3. Executing OPT_MEM_FEEDBACK pass (finding memory read-to-write feedback paths).
3.17.4. Executing MEMORY_BMUX2ROM pass (converting muxes to ROMs).
3.17.5. Executing MEMORY_DFF pass (merging $dff cells to $memrd).
3.17.6. Executing OPT_CLEAN pass (remove unused cells and wires).
3.17.7. Executing MEMORY_SHARE pass (consolidating $memrd/$memwr cells).
3.17.8. Executing OPT_MEM_WIDEN pass (optimize memories where all ports are wide).
3.17.9. Executing OPT_CLEAN pass (remove unused cells and wires).
3.17.10. Executing MEMORY_COLLECT pass (generating $mem cells).
3.18. Executing OPT_CLEAN pass (remove unused cells and wires).
4. Executing SYNTH pass.
4.1. Executing OPT pass (performing simple optimizations).
4.1.1. Executing OPT_EXPR pass (perform const folding).
4.1.2. Executing OPT_MERGE pass (detect identical cells).
4.1.3. Executing OPT_DFF pass (perform DFF optimizations).
4.1.4. Executing OPT_CLEAN pass (remove unused cells and wires).
4.1.5. Rerunning OPT passes. (Removed registers in this run.)
4.1.6. Executing OPT_EXPR pass (perform const folding).
4.1.7. Executing OPT_MERGE pass (detect identical cells).
4.1.8. Executing OPT_DFF pass (perform DFF optimizations).
4.1.9. Executing OPT_CLEAN pass (remove unused cells and wires).
4.1.10. Finished fast OPT passes.
4.2. Executing MEMORY_MAP pass (converting memories to logic and flip-flops).
4.3. Executing OPT pass (performing simple optimizations).
4.3.1. Executing OPT_EXPR pass (perform const folding).
4.3.2. Executing OPT_MERGE pass (detect identical cells).
4.3.3. Executing OPT_MUXTREE pass (detect dead branches in mux trees).
4.3.4. Executing OPT_REDUCE pass (consolidate $*mux and $reduce_* inputs).
4.3.5. Executing OPT_MERGE pass (detect identical cells).
4.3.6. Executing OPT_SHARE pass.
4.3.7. Executing OPT_DFF pass (perform DFF optimizations).
4.3.8. Executing OPT_CLEAN pass (remove unused cells and wires).
4.3.9. Executing OPT_EXPR pass (perform const folding).
4.3.10. Rerunning OPT passes. (Maybe there is more to do..)
4.3.11. Executing OPT_MUXTREE pass (detect dead branches in mux trees).
4.3.12. Executing OPT_REDUCE pass (consolidate $*mux and $reduce_* inputs).
4.3.13. Executing OPT_MERGE pass (detect identical cells).
4.3.14. Executing OPT_SHARE pass.
4.3.15. Executing OPT_DFF pass (perform DFF optimizations).
4.3.16. Executing OPT_CLEAN pass (remove unused cells and wires).
4.3.17. Executing OPT_EXPR pass (perform const folding).
4.3.18. Rerunning OPT passes. (Maybe there is more to do..)
4.3.19. Executing OPT_MUXTREE pass (detect dead branches in mux trees).
4.3.20. Executing OPT_REDUCE pass (consolidate $*mux and $reduce_* inputs).
4.3.21. Executing OPT_MERGE pass (detect identical cells).
4.3.22. Executing OPT_SHARE pass.
4.3.23. Executing OPT_DFF pass (perform DFF optimizations).
4.3.24. Executing OPT_CLEAN pass (remove unused cells and wires).
4.3.25. Executing OPT_EXPR pass (perform const folding).
4.3.26. Finished fast OPT passes. (There is nothing left to do.)
4.4. Executing TECHMAP pass (map to technology primitives).
4.4.1. Executing Verilog-2005 frontend: /usr/local/bin/../share/yosys/techmap.v
4.4.2. Executing Verilog-2005 frontend: /home/lunarch/orfs-clean/flow/platforms/common/lcu_kogge_stone.v
4.4.3. Continuing TECHMAP pass.
4.5. Executing OPT pass (performing simple optimizations).
4.5.1. Executing OPT_EXPR pass (perform const folding).
4.5.2. Executing OPT_MERGE pass (detect identical cells).
4.5.3. Executing OPT_DFF pass (perform DFF optimizations).
4.5.4. Executing OPT_CLEAN pass (remove unused cells and wires).
4.5.5. Finished fast OPT passes.
4.6. Executing HIERARCHY pass (managing design hierarchy).
4.6.1. Analyzing design hierarchy..
4.6.2. Analyzing design hierarchy..
4.7. Printing statistics.
4.8. Executing CHECK pass (checking for obvious problems).
5. Executing OPT pass (performing simple optimizations).
5.1. Executing OPT_EXPR pass (perform const folding).
5.2. Executing OPT_MERGE pass (detect identical cells).
5.3. Executing OPT_MUXTREE pass (detect dead branches in mux trees).
5.4. Executing OPT_REDUCE pass (consolidate $*mux and $reduce_* inputs).
5.5. Executing OPT_MERGE pass (detect identical cells).
5.6. Executing OPT_DFF pass (perform DFF optimizations).
5.7. Executing OPT_CLEAN pass (remove unused cells and wires).
5.8. Executing OPT_EXPR pass (perform const folding).
5.9. Rerunning OPT passes. (Maybe there is more to do..)
5.10. Executing OPT_MUXTREE pass (detect dead branches in mux trees).
5.11. Executing OPT_REDUCE pass (consolidate $*mux and $reduce_* inputs).
5.12. Executing OPT_MERGE pass (detect identical cells).
5.13. Executing OPT_DFF pass (perform DFF optimizations).
5.14. Executing OPT_CLEAN pass (remove unused cells and wires).
5.15. Executing OPT_EXPR pass (perform const folding).
5.16. Finished fast OPT passes. (There is nothing left to do.)
6. Executing EXTRACT_FA pass (find and extract full/half adders).
7. Executing TECHMAP pass (map to technology primitives).
7.1. Executing Verilog-2005 frontend: /home/lunarch/orfs-clean/flow/platforms/sky130hd/cells_adders_hd.v
7.2. Continuing TECHMAP pass.
8. Executing TECHMAP pass (map to technology primitives).
8.1. Executing Verilog-2005 frontend: /usr/local/bin/../share/yosys/techmap.v
8.2. Continuing TECHMAP pass.
9. Executing OPT pass (performing simple optimizations).
9.1. Executing OPT_EXPR pass (perform const folding).
9.2. Executing OPT_MERGE pass (detect identical cells).
9.3. Executing OPT_DFF pass (perform DFF optimizations).
9.4. Executing OPT_CLEAN pass (remove unused cells and wires).
9.5. Finished fast OPT passes.
10. Executing DFFLEGALIZE pass (convert FFs and LATCHes to types supported by the target).
11. Executing TECHMAP pass (map to technology primitives).
11.1. Executing Verilog-2005 frontend: /home/lunarch/orfs-clean/flow/platforms/sky130hd/cells_latch_hd.v
11.2. Continuing TECHMAP pass.
12. Executing DFFLIBMAP pass (mapping DFF/DLATCH cells to sequential cells from liberty file).
12.1. Executing DFFLEGALIZE pass (convert FFs and LATCHes to types supported by the target).
13. Executing OPT pass (performing simple optimizations).
13.1. Executing OPT_EXPR pass (perform const folding).
13.2. Executing OPT_MERGE pass (detect identical cells).
13.3. Executing OPT_MUXTREE pass (detect dead branches in mux trees).
13.4. Executing OPT_REDUCE pass (consolidate $*mux and $reduce_* inputs).
13.5. Executing OPT_MERGE pass (detect identical cells).
13.6. Executing OPT_DFF pass (perform DFF optimizations).
13.7. Executing OPT_CLEAN pass (remove unused cells and wires).
13.8. Executing OPT_EXPR pass (perform const folding).
13.9. Rerunning OPT passes. (Maybe there is more to do..)
13.10. Executing OPT_MUXTREE pass (detect dead branches in mux trees).
13.11. Executing OPT_REDUCE pass (consolidate $*mux and $reduce_* inputs).
13.12. Executing OPT_MERGE pass (detect identical cells).
13.13. Executing OPT_DFF pass (perform DFF optimizations).
13.14. Executing OPT_CLEAN pass (remove unused cells and wires).
13.15. Executing OPT_EXPR pass (perform const folding).
13.16. Finished fast OPT passes. (There is nothing left to do.)
14. Executing SETUNDEF pass (replace undef values with defined constants).
abc -script /home/lunarch/orfs-clean/flow/scripts/abc_area.script -liberty /home/lunarch/orfs-clean/flow/platforms/sky130hd/lib/sky130_fd_sc_hd__tt_025C_1v80.lib -dont_use sky130_fd_sc_hd__probe_p_8 -dont_use sky130_fd_sc_hd__probec_p_8 -dont_use sky130_fd_sc_hd__lpflow_bleeder_1 -dont_use sky130_fd_sc_hd__lpflow_clkbufkapwr_1 -dont_use sky130_fd_sc_hd__lpflow_clkbufkapwr_16 -dont_use sky130_fd_sc_hd__lpflow_clkbufkapwr_2 -dont_use sky130_fd_sc_hd__lpflow_clkbufkapwr_4 -dont_use sky130_fd_sc_hd__lpflow_clkbufkapwr_8 -dont_use sky130_fd_sc_hd__lpflow_clkinvkapwr_1 -dont_use sky130_fd_sc_hd__lpflow_clkinvkapwr_16 -dont_use sky130_fd_sc_hd__lpflow_clkinvkapwr_2 -dont_use sky130_fd_sc_hd__lpflow_clkinvkapwr_4 -dont_use sky130_fd_sc_hd__lpflow_clkinvkapwr_8 -dont_use sky130_fd_sc_hd__lpflow_decapkapwr_12 -dont_use sky130_fd_sc_hd__lpflow_decapkapwr_3 -dont_use sky130_fd_sc_hd__lpflow_decapkapwr_4 -dont_use sky130_fd_sc_hd__lpflow_decapkapwr_6 -dont_use sky130_fd_sc_hd__lpflow_decapkapwr_8 -dont_use sky130_fd_sc_hd__lpflow_inputiso0n_1 -dont_use sky130_fd_sc_hd__lpflow_inputiso0p_1 -dont_use sky130_fd_sc_hd__lpflow_inputiso1n_1 -dont_use sky130_fd_sc_hd__lpflow_inputiso1p_1 -dont_use sky130_fd_sc_hd__lpflow_inputisolatch_1 -dont_use sky130_fd_sc_hd__lpflow_isobufsrc_1 -dont_use sky130_fd_sc_hd__lpflow_isobufsrc_16 -dont_use sky130_fd_sc_hd__lpflow_isobufsrc_2 -dont_use sky130_fd_sc_hd__lpflow_isobufsrc_4 -dont_use sky130_fd_sc_hd__lpflow_isobufsrc_8 -dont_use sky130_fd_sc_hd__lpflow_isobufsrckapwr_16 -dont_use sky130_fd_sc_hd__lpflow_lsbuf_lh_hl_isowell_tap_1 -dont_use sky130_fd_sc_hd__lpflow_lsbuf_lh_hl_isowell_tap_2 -dont_use sky130_fd_sc_hd__lpflow_lsbuf_lh_hl_isowell_tap_4 -dont_use sky130_fd_sc_hd__lpflow_lsbuf_lh_isowell_4 -dont_use sky130_fd_sc_hd__lpflow_lsbuf_lh_isowell_tap_1 -dont_use sky130_fd_sc_hd__lpflow_lsbuf_lh_isowell_tap_2 -dont_use sky130_fd_sc_hd__lpflow_lsbuf_lh_isowell_tap_4 -constr ./objects/sky130hd/riscv32i/base/abc.constr -D 10.0
15. Executing ABC pass (technology mapping using ABC).
15.1. Extracting gate netlist of module `\riscv' to `<abc-temp-dir>/input.blif'..
15.1.1. Executed ABC.
15.1.2. Re-integrating ABC results.
16. Executing SPLITNETS pass (splitting up multi-bit signals).
17. Executing OPT_CLEAN pass (remove unused cells and wires).
18. Executing HILOMAP pass (mapping to constant drivers).
19. Executing INSBUF pass (insert buffer cells for connected wires).
20. Executing CHECK pass (checking for obvious problems).
21. Printing statistics.
22. Executing CHECK pass (checking for obvious problems).
23. Executing Verilog backend.
23.1. Executing BMUXMAP pass.
23.2. Executing DEMUXMAP pass.
End of script. Logfile hash: bb7e6ca365, time: 6.74s, user: 2.98s, system: 0.17s, MEM: 72.12 MB peak
Yosys 0.69+post (git sha1 143eb14f9cc55d6f8927e68523b0c9d2166ed02c, Release, GNU /usr/bin/c++ 13.3.0)
Time spent: 54% 1x abc (3 sec), 27% 1x extract_fa (1 sec), ...
Elapsed time: 0:06.76[h:]min:sec. CPU time: user 6.61 sys 0.21 (101%). Peak memory: 135460KB.
Log                       Ext     Elapsed/s Peak Memory/MB sha1sum result [0:20)
1_2_yosys                 .v              6            132 fa79df72aabdb04f845c
cp /home/lunarch/orfs-clean/flow/designs/sky130hd/riscv32i/constraint.sdc results/sky130hd/riscv32i/base/1_2_yosys.sdc
touch -r /home/lunarch/orfs-clean/flow/designs/sky130hd/riscv32i/constraint.sdc results/sky130hd/riscv32i/base/1_2_yosys.sdc
/home/lunarch/orfs-clean/flow/scripts/flow.sh 1_synth synth_odb
Running synth_odb.tcl, stage 1_synth
read_liberty /home/lunarch/orfs-clean/flow/platforms/sky130hd/lib/sky130_fd_sc_hd__tt_025C_1v80.lib
[INFO ODB-0227] LEF file: /home/lunarch/orfs-clean/flow/platforms/sky130hd/lef/sky130_fd_sc_hd.tlef, created 13 layers, 25 vias
[INFO ODB-0227] LEF file: /home/lunarch/orfs-clean/flow/platforms/sky130hd/lef/sky130_fd_sc_hd_merged.lef, created 441 library cells
link_design riscv
read_sdc ./results/sky130hd/riscv32i/base/1_2_yosys.sdc
source /home/lunarch/orfs-clean/flow/platforms/sky130hd/setRC.tcl
eliminate_dead_logic
Removed 0 unused instances and 0 unused nets.
Design area 67595 um^2 100% utilization.
write_db ./results/sky130hd/riscv32i/base/1_synth.odb
write_sdc -no_timestamp ./results/sky130hd/riscv32i/base/1_synth.sdc
Warning: master sky130_ef_sc_hd__decap_12 has signal pins but no liberty cell
Elapsed time: 0:00.55[h:]min:sec. CPU time: user 0.49 sys 0.06 (99%). Peak memory: 148156KB.
Log                       Ext     Elapsed/s Peak Memory/MB sha1sum result [0:20)
1_synth                   .odb            0            144 abec1da8e8f5dc5f7cfc
1_synth                   .sdc                             ab5071adac6b193f64c5
/home/lunarch/orfs-clean/flow/scripts/flow.sh 2_1_floorplan floorplan
Running floorplan.tcl, stage 2_1_floorplan
read_liberty /home/lunarch/orfs-clean/flow/platforms/sky130hd/lib/sky130_fd_sc_hd__tt_025C_1v80.lib
read_db ./results/sky130hd/riscv32i/base/1_synth.odb
read_sdc ./results/sky130hd/riscv32i/base/1_synth.sdc
source /home/lunarch/orfs-clean/flow/platforms/sky130hd/setRC.tcl
Master sky130_ef_sc_hd__decap_12 is loaded but not used in the design

==========================================================================
Floorplan check_setup
--------------------------------------------------------------------------
Warning: There are 65 input ports missing set_input_delay.
Warning: There are 995 unconstrained endpoints.
number instances in verilog is 8859
[INFO IFP-0001] Added 137 rows of 813 site unithd.
[INFO IFP-0100] Die BBox:  (  0.000  0.000 ) ( 376.625 376.625 ) um
[INFO IFP-0101] Core BBox: (  1.380  2.720 ) ( 375.360 375.360 ) um
[INFO IFP-0102] Core area:                       139359.907 um^2
[INFO IFP-0103] Total instances area:             67594.829 um^2
[INFO IFP-0104] Effective utilization:                0.485
[INFO IFP-0105] Number of instances:                   8859
source /home/lunarch/orfs-clean/flow/platforms/sky130hd/make_tracks.tcl
source /home/lunarch/orfs-clean/flow/platforms/sky130hd/fastroute.tcl
set_dont_use "sky130_fd_sc_hd__probe_p_8 sky130_fd_sc_hd__probec_p_8 sky130_fd_sc_hd__lpflow_bleeder_1 sky130_fd_sc_hd__lpflow_clkbufkapwr_1 sky130_fd_sc_hd__lpflow_clkbufkapwr_16 sky130_fd_sc_hd__lpflow_clkbufkapwr_2 sky130_fd_sc_hd__lpflow_clkbufkapwr_4 sky130_fd_sc_hd__lpflow_clkbufkapwr_8 sky130_fd_sc_hd__lpflow_clkinvkapwr_1 sky130_fd_sc_hd__lpflow_clkinvkapwr_16 sky130_fd_sc_hd__lpflow_clkinvkapwr_2 sky130_fd_sc_hd__lpflow_clkinvkapwr_4 sky130_fd_sc_hd__lpflow_clkinvkapwr_8 sky130_fd_sc_hd__lpflow_decapkapwr_12 sky130_fd_sc_hd__lpflow_decapkapwr_3 sky130_fd_sc_hd__lpflow_decapkapwr_4 sky130_fd_sc_hd__lpflow_decapkapwr_6 sky130_fd_sc_hd__lpflow_decapkapwr_8 sky130_fd_sc_hd__lpflow_inputiso0n_1 sky130_fd_sc_hd__lpflow_inputiso0p_1 sky130_fd_sc_hd__lpflow_inputiso1n_1 sky130_fd_sc_hd__lpflow_inputiso1p_1 sky130_fd_sc_hd__lpflow_inputisolatch_1 sky130_fd_sc_hd__lpflow_isobufsrc_1 sky130_fd_sc_hd__lpflow_isobufsrc_16 sky130_fd_sc_hd__lpflow_isobufsrc_2 sky130_fd_sc_hd__lpflow_isobufsrc_4 sky130_fd_sc_hd__lpflow_isobufsrc_8 sky130_fd_sc_hd__lpflow_isobufsrckapwr_16 sky130_fd_sc_hd__lpflow_lsbuf_lh_hl_isowell_tap_1 sky130_fd_sc_hd__lpflow_lsbuf_lh_hl_isowell_tap_2 sky130_fd_sc_hd__lpflow_lsbuf_lh_hl_isowell_tap_4 sky130_fd_sc_hd__lpflow_lsbuf_lh_isowell_4 sky130_fd_sc_hd__lpflow_lsbuf_lh_isowell_tap_1 sky130_fd_sc_hd__lpflow_lsbuf_lh_isowell_tap_2 sky130_fd_sc_hd__lpflow_lsbuf_lh_isowell_tap_4"
repair_tie_fanout -separation 0 sky130_fd_sc_hd__tt_025C_1v80/sky130_fd_sc_hd__conb_1/LO
[INFO RSZ-0042] Inserted 32 tie sky130_fd_sc_hd__conb_1 instances.
repair_tie_fanout -separation 0 sky130_fd_sc_hd__tt_025C_1v80/sky130_fd_sc_hd__conb_1/HI
remove_buffers
[INFO RSZ-0026] Removed 587 buffers.
Default units for flow
 time 1ns
 capacitance 1pF
 resistance 1kohm
 voltage 1v
 current 1mA
 power 1nW
 distance 1um
   Layer   | Unit Resistance | Unit Capacitance 
           |       (kohm/um) |          (pF/um)
------------------------------------------------
       li1 |        7.18e-02 |         1.50e-04
      met1 |        1.21e-03 |         1.72e-04
      met2 |        1.22e-03 |         1.36e-04
      met3 |        1.66e-04 |         2.15e-04
      met4 |        1.68e-04 |         1.48e-04
      met5 |        1.84e-05 |         1.54e-04
------------------------------------------------

   Layer   | Via Resistance 
           |         (kohm) 
----------------------------
      mcon |       9.25e-03 
       via |       4.50e-03 
      via2 |       3.37e-03 
      via3 |       3.77e-04 
      via4 |       5.80e-06 
----------------------------
Report metrics stage 2, floorplan final...

==========================================================================
floorplan final report_design_area
--------------------------------------------------------------------------
Design area 65211 um^2 47% utilization.
write_db ./results/sky130hd/riscv32i/base/2_1_floorplan.odb
write_sdc -no_timestamp ./results/sky130hd/riscv32i/base/2_1_floorplan.sdc
Elapsed time: 0:01.30[h:]min:sec. CPU time: user 1.49 sys 0.63 (163%). Peak memory: 158788KB.
Log                       Ext     Elapsed/s Peak Memory/MB sha1sum result [0:20)
2_1_floorplan             .odb            1            155 24233015a031a89ea4e2
2_1_floorplan             .sdc                             ab5071adac6b193f64c5
/home/lunarch/orfs-clean/flow/scripts/flow.sh 2_2_floorplan_macro macro_place
Running macro_place.tcl, stage 2_2_floorplan_macro
read_liberty /home/lunarch/orfs-clean/flow/platforms/sky130hd/lib/sky130_fd_sc_hd__tt_025C_1v80.lib
read_db ./results/sky130hd/riscv32i/base/2_1_floorplan.odb
read_sdc ./results/sky130hd/riscv32i/base/2_1_floorplan.sdc
source /home/lunarch/orfs-clean/flow/platforms/sky130hd/setRC.tcl
No macros found: Skipping macro_placement
Design area 65211 um^2 47% utilization.
write_db ./results/sky130hd/riscv32i/base/2_2_floorplan_macro.odb
Elapsed time: 0:00.35[h:]min:sec. CPU time: user 0.33 sys 0.02 (100%). Peak memory: 134536KB.
Log                       Ext     Elapsed/s Peak Memory/MB sha1sum result [0:20)
2_2_floorplan_macro       .odb            0            131 24233015a031a89ea4e2
/home/lunarch/orfs-clean/flow/scripts/flow.sh 2_3_floorplan_tapcell tapcell
Running tapcell.tcl, stage 2_3_floorplan_tapcell
read_liberty /home/lunarch/orfs-clean/flow/platforms/sky130hd/lib/sky130_fd_sc_hd__tt_025C_1v80.lib
read_db ./results/sky130hd/riscv32i/base/2_2_floorplan_macro.odb
read_sdc ./results/sky130hd/riscv32i/base/2_1_floorplan.sdc
source /home/lunarch/orfs-clean/flow/platforms/sky130hd/setRC.tcl
[INFO TAP-0005] Inserted 1876 tapcells.
Design area 67559 um^2 48% utilization.
write_db ./results/sky130hd/riscv32i/base/2_3_floorplan_tapcell.odb
Elapsed time: 0:00.35[h:]min:sec. CPU time: user 0.31 sys 0.04 (99%). Peak memory: 134100KB.
Log                       Ext     Elapsed/s Peak Memory/MB sha1sum result [0:20)
2_3_floorplan_tapcell     .odb            0            130 646f8efd3560505fce6a
/home/lunarch/orfs-clean/flow/scripts/flow.sh 2_4_floorplan_pdn pdn
Running pdn.tcl, stage 2_4_floorplan_pdn
read_liberty /home/lunarch/orfs-clean/flow/platforms/sky130hd/lib/sky130_fd_sc_hd__tt_025C_1v80.lib
read_db ./results/sky130hd/riscv32i/base/2_3_floorplan_tapcell.odb
read_sdc ./results/sky130hd/riscv32i/base/2_1_floorplan.sdc
source /home/lunarch/orfs-clean/flow/platforms/sky130hd/setRC.tcl
[WARNING PDN-1051] No instances found for grid (CORE_macro_grid_1).
[WARNING PDN-1051] No instances found for grid (CORE_macro_grid_2).
[INFO PDN-0001] Inserting grid: grid
[INFO PDN-0500] Runtime: 0.05s
Design area 67559 um^2 48% utilization.
write_db ./results/sky130hd/riscv32i/base/2_4_floorplan_pdn.odb
Elapsed time: 0:00.50[h:]min:sec. CPU time: user 0.46 sys 0.04 (99%). Peak memory: 143052KB.
Log                       Ext     Elapsed/s Peak Memory/MB sha1sum result [0:20)
2_4_floorplan_pdn         .odb            0            139 e0104ea326745b9d2899
cp ./results/sky130hd/riscv32i/base/2_4_floorplan_pdn.odb ./results/sky130hd/riscv32i/base/2_floorplan.odb
cp ./results/sky130hd/riscv32i/base/2_1_floorplan.sdc ./results/sky130hd/riscv32i/base/2_floorplan.sdc
/home/lunarch/orfs-clean/flow/scripts/flow.sh 3_1_place_gp_skip_io global_place_skip_io
Running global_place_skip_io.tcl, stage 3_1_place_gp_skip_io
read_liberty /home/lunarch/orfs-clean/flow/platforms/sky130hd/lib/sky130_fd_sc_hd__tt_025C_1v80.lib
read_db ./results/sky130hd/riscv32i/base/2_floorplan.odb
read_sdc ./results/sky130hd/riscv32i/base/2_floorplan.sdc
source /home/lunarch/orfs-clean/flow/platforms/sky130hd/setRC.tcl
[INFO GPL-0190] Using 8 of 16 threads for placement: one per core, SMT siblings idle.
[INFO GPL-0022] Initialize gpl and calculate uniform density.
Placement density is 0.6420000171661377, computed from PLACE_DENSITY_LB_ADDON  0.2 and lower bound 0.5400000214576721
global_placement -skip_io -density 0.6420000171661377 -pad_left 0 -pad_right 0
[INFO GPL-0001] ---- Initialize GPL Main Data Structures
[INFO GPL-0002] DBU: 1000
[INFO GPL-0003] SiteSize: (  0.460  2.720 ) um
[INFO GPL-0004] CoreBBox: (  1.380  2.720 ) ( 375.360 375.360 ) um
[INFO GPL-0016] Core area:                  139359.907 um^2
[INFO GPL-0036] Movable instances area:      65211.293 um^2
[INFO GPL-0037] Total instances area:        67558.544 um^2
[INFO GPL-0035] Pin density area adjust:      8635.450 um^2
[INFO GPL-0032] ---- Initialize Region: Top-level
[INFO GPL-0006] Number of instances:             10179
[INFO GPL-0007] Movable instances:                8303
[INFO GPL-0008] Fixed instances:                  1876
[INFO GPL-0009] Dummy instances:                     0
[INFO GPL-0010] Number of nets:                   8476
[INFO GPL-0011] Number of pins:                  28401
[INFO GPL-0012] Die BBox:       (  0.000  0.000 ) ( 376.625 376.625 ) um
[INFO GPL-0013] Placement BBox: (  1.380  2.720 ) ( 375.360 375.360 ) um
[INFO GPL-0014] Region name: top-level.
[INFO GPL-0015] Region area:                139359.907 um^2
[INFO GPL-0017] Fixed instances area:         2347.251 um^2
[INFO GPL-0018] Movable instances area:      73846.743 um^2
[INFO GPL-0019] Utilization:                    53.898 %
[INFO GPL-0020] Standard cells area:         73846.743 um^2
[INFO GPL-0021] Large instances area:            0.000 um^2
[INFO GPL-0005] ---- Execute Conjugate Gradient Initial Placement.
[INFO GPL-0051] Source of initial instance position counters:
	Odb location = 0	Core center = 8303	Region center = 0
[INFO GPL-0033] ---- Initialize Nesterov Region: Top-level
[INFO GPL-0023] Placement target density:       0.6420
[INFO GPL-0024] Movable insts average area:      8.894 um^2
[INFO GPL-0025] Ideal bin area:                 13.854 um^2
[INFO GPL-0026] Ideal bin count:                 10059
[INFO GPL-0027] Total bin area:             139359.907 um^2
[INFO GPL-0028] Bin count (X, Y):          64 ,     64
[INFO GPL-0029] Bin size (W * H):       5.843 *  5.822 um
[INFO GPL-0030] Number of bins:                   4096
[INFO GPL-0084] ---- Execute Nesterov Global Placement.
[INFO GPL-0031] HPWL: Half-Perimeter Wirelength
Iteration | Overflow |     HPWL (um) |  HPWL(%) |   Penalty | Group
---------------------------------------------------------------
        0 |   0.9986 |  1.186946e+04 |   +0.00% |  3.92e-15 |      
       10 |   0.9975 |  5.042548e+03 |  -57.52% |  6.38e-15 |      
       20 |   0.9975 |  4.864168e+03 |   -3.54% |  1.04e-14 |      
       30 |   0.9975 |  4.821447e+03 |   -0.88% |  1.69e-14 |      
       40 |   0.9975 |  4.817245e+03 |   -0.09% |  2.76e-14 |      
       50 |   0.9975 |  4.807586e+03 |   -0.20% |  4.49e-14 |      
       60 |   0.9975 |  4.797554e+03 |   -0.21% |  7.32e-14 |      
       70 |   0.9974 |  4.811493e+03 |   +0.29% |  1.19e-13 |      
       80 |   0.9974 |  4.898519e+03 |   +1.81% |  1.94e-13 |      
       90 |   0.9966 |  5.232359e+03 |   +6.82% |  3.16e-13 |      
      100 |   0.9953 |  6.310120e+03 |  +20.60% |  5.15e-13 |      
      110 |   0.9942 |  8.844590e+03 |  +40.17% |  8.39e-13 |      
      120 |   0.9916 |  1.300992e+04 |  +47.09% |  1.37e-12 |      
      130 |   0.9869 |  1.861179e+04 |  +43.06% |  2.22e-12 |      
      140 |   0.9770 |  2.380751e+04 |  +27.92% |  3.62e-12 |      
      150 |   0.9641 |  2.789471e+04 |  +17.17% |  5.90e-12 |      
      160 |   0.9503 |  3.200574e+04 |  +14.74% |  9.60e-12 |      
      170 |   0.9368 |  3.682117e+04 |  +15.05% |  1.56e-11 |      
      180 |   0.9172 |  4.325203e+04 |  +17.47% |  2.54e-11 |      
      190 |   0.8852 |  5.105060e+04 |  +18.03% |  4.14e-11 |      
      200 |   0.8509 |  5.886338e+04 |  +15.30% |  6.74e-11 |      
      210 |   0.8171 |  6.603473e+04 |  +12.18% |  1.10e-10 |      
      220 |   0.7783 |  7.290688e+04 |  +10.41% |  1.79e-10 |      
      230 |   0.7303 |  7.909413e+04 |   +8.49% |  2.91e-10 |      
      240 |   0.6845 |  8.491887e+04 |   +7.36% |  4.73e-10 |      
      250 |   0.6345 |  9.101146e+04 |   +7.17% |  7.70e-10 |      
      260 |   0.5852 |  9.739820e+04 |   +7.02% |  1.25e-09 |      
      270 |   0.5379 |  1.032846e+05 |   +6.04% |  2.04e-09 |      
      280 |   0.4904 |  1.080215e+05 |   +4.59% |  3.32e-09 |      
      290 |   0.4433 |  1.103717e+05 |   +2.18% |  5.41e-09 |      
      300 |   0.4046 |  1.125496e+05 |   +1.97% |  8.81e-09 |      
      310 |   0.3551 |  1.146673e+05 |   +1.88% |  1.43e-08 |      
      320 |   0.3241 |  1.158742e+05 |   +1.05% |  2.18e-08 |      
      330 |   0.2875 |  1.163473e+05 |   +0.41% |  3.21e-08 |      
      340 |   0.2559 |  1.167695e+05 |   +0.36% |  4.73e-08 |      
      350 |   0.2229 |  1.173717e+05 |   +0.52% |  6.96e-08 |      
      360 |   0.1965 |  1.177111e+05 |   +0.29% |  1.03e-07 |      
      370 |   0.1697 |  1.180503e+05 |   +0.29% |  1.51e-07 |      
      380 |   0.1452 |  1.181940e+05 |   +0.12% |  2.23e-07 |      
      390 |   0.1240 |  1.184323e+05 |   +0.20% |  3.28e-07 |      
      400 |   0.1050 |  1.186419e+05 |   +0.18% |  4.83e-07 |      
      403 |   0.0993 |  1.186966e+05 |          |  5.64e-07 |      
---------------------------------------------------------------
[INFO GPL-1001] Global placement finished at iteration 403
[INFO GPL-1002] Placed Cell Area            73846.7426
[INFO GPL-1003] Available Free Area         137012.6560
[INFO GPL-1004] Minimum Feasible Density        0.5400 (cell_area / free_area)
[INFO GPL-1006]   Suggested Target Densities:
[INFO GPL-1007]     - For 90% usage of free space: 0.5989
[INFO GPL-1008]     - For 80% usage of free space: 0.6737
[INFO GPL-1014] Final placement area: 73846.74 (+0.00%)
[INFO GPL-1018] Final HPWL (um): 118605.38
Design area 67559 um^2 48% utilization.
write_db ./results/sky130hd/riscv32i/base/3_1_place_gp_skip_io.odb
Elapsed time: 0:00.91[h:]min:sec. CPU time: user 4.70 sys 0.03 (522%). Peak memory: 153096KB.
Log                       Ext     Elapsed/s Peak Memory/MB sha1sum result [0:20)
3_1_place_gp_skip_io      .odb            0            149 1e5cbf3142cf9594d092
/home/lunarch/orfs-clean/flow/scripts/flow.sh 3_2_place_iop io_placement
Running io_placement.tcl, stage 3_2_place_iop
read_liberty /home/lunarch/orfs-clean/flow/platforms/sky130hd/lib/sky130_fd_sc_hd__tt_025C_1v80.lib
read_db ./results/sky130hd/riscv32i/base/3_1_place_gp_skip_io.odb
read_sdc ./results/sky130hd/riscv32i/base/2_floorplan.sdc
source /home/lunarch/orfs-clean/flow/platforms/sky130hd/setRC.tcl
place_pins -hor_layers met3 -ver_layers met2
Found 0 macro blocks.
Using 2 tracks default min distance between IO pins.
[INFO PPL-0001] Number of available slots 1362
[INFO PPL-0002] Number of I/O             165
[INFO PPL-0003] Number of I/O w/sink      165
[INFO PPL-0004] Number of I/O w/o sink    0
[INFO PPL-0005] Slots per section         200
[INFO PPL-0008] Successfully assigned pins to sections.
[INFO PPL-0012] I/O nets HPWL: 26472.71 um.
Design area 67559 um^2 48% utilization.
write_db ./results/sky130hd/riscv32i/base/3_2_place_iop.odb
Elapsed time: 0:00.35[h:]min:sec. CPU time: user 0.34 sys 0.02 (99%). Peak memory: 137004KB.
Log                       Ext     Elapsed/s Peak Memory/MB sha1sum result [0:20)
3_2_place_iop             .odb            0            133 5dd677a7bb1d2fb4532f
/home/lunarch/orfs-clean/flow/scripts/flow.sh 3_3_place_gp global_place
Running global_place.tcl, stage 3_3_place_gp
read_liberty /home/lunarch/orfs-clean/flow/platforms/sky130hd/lib/sky130_fd_sc_hd__tt_025C_1v80.lib
read_db ./results/sky130hd/riscv32i/base/3_2_place_iop.odb
read_sdc ./results/sky130hd/riscv32i/base/2_floorplan.sdc
source /home/lunarch/orfs-clean/flow/platforms/sky130hd/setRC.tcl
[INFO RSZ-0026] Removed 0 buffers.
Perform port buffering...
[INFO RSZ-0027] Inserted 65 sky130_fd_sc_hd__clkdlybuf4s50_1 input buffers.
[INFO RSZ-0028] Inserted 99 sky130_fd_sc_hd__clkdlybuf4s50_1 output buffers.
[INFO GPL-0190] Using 8 of 16 threads for placement: one per core, SMT siblings idle.
[INFO GPL-0022] Initialize gpl and calculate uniform density.
Placement density is 0.6580000019073486, computed from PLACE_DENSITY_LB_ADDON  0.2 and lower bound 0.5600000023841858
global_placement -density 0.6580000019073486 -pad_left 0 -pad_right 0 -routability_driven -timing_driven -force_center_initial_place -min_phi_coef 0.95 -max_phi_coef 1.05
[INFO GPL-0001] ---- Initialize GPL Main Data Structures
[INFO GPL-0002] DBU: 1000
[INFO GPL-0003] SiteSize: (  0.460  2.720 ) um
[INFO GPL-0004] CoreBBox: (  1.380  2.720 ) ( 375.360 375.360 ) um
[INFO GPL-0016] Core area:                  139359.907 um^2
[INFO GPL-0036] Movable instances area:      66852.867 um^2
[INFO GPL-0037] Total instances area:        69200.118 um^2
[INFO GPL-0035] Pin density area adjust:      8659.759 um^2
[INFO GPL-0032] ---- Initialize Region: Top-level
[INFO GPL-0006] Number of instances:             10343
[INFO GPL-0007] Movable instances:                8467
[INFO GPL-0008] Fixed instances:                  1876
[INFO GPL-0009] Dummy instances:                     0
[INFO GPL-0010] Number of nets:                   8640
[INFO GPL-0011] Number of pins:                  28894
[INFO GPL-0012] Die BBox:       (  0.000  0.000 ) ( 376.625 376.625 ) um
[INFO GPL-0013] Placement BBox: (  1.380  2.720 ) ( 375.360 375.360 ) um
[INFO GPL-0014] Region name: top-level.
[INFO GPL-0015] Region area:                139359.907 um^2
[INFO GPL-0017] Fixed instances area:         2347.251 um^2
[INFO GPL-0018] Movable instances area:      75512.626 um^2
[INFO GPL-0019] Utilization:                    55.114 %
[INFO GPL-0020] Standard cells area:         75512.626 um^2
[INFO GPL-0021] Large instances area:            0.000 um^2
[INFO GPL-0005] ---- Execute Conjugate Gradient Initial Placement.
[INFO GPL-0051] Source of initial instance position counters:
	Odb location = 0	Core center = 8467	Region center = 0
[InitialPlace]  Iter: 1 conjugate gradient residual: 0.00312801 HPWL: 189237307
[InitialPlace]  Iter: 2 conjugate gradient residual: 0.00000492 HPWL: 91401158
[InitialPlace]  Iter: 3 conjugate gradient residual: 0.00000188 HPWL: 90587384
[InitialPlace]  Iter: 4 conjugate gradient residual: 0.00000048 HPWL: 90310514
[InitialPlace]  Iter: 5 conjugate gradient residual: 0.00000051 HPWL: 90144537
[INFO GPL-0033] ---- Initialize Nesterov Region: Top-level
[INFO GPL-0023] Placement target density:       0.6580
[INFO GPL-0024] Movable insts average area:      8.918 um^2
[INFO GPL-0025] Ideal bin area:                 13.554 um^2
[INFO GPL-0026] Ideal bin count:                 10281
[INFO GPL-0027] Total bin area:             139359.907 um^2
[INFO GPL-0028] Bin count (X, Y):          64 ,     64
[INFO GPL-0029] Bin size (W * H):       5.843 *  5.822 um
[INFO GPL-0030] Number of bins:                   4096
[INFO GPL-0084] ---- Execute Nesterov Global Placement.
[INFO GPL-0031] HPWL: Half-Perimeter Wirelength
Iteration | Overflow |     HPWL (um) |  HPWL(%) |   Penalty | Group
---------------------------------------------------------------
        0 |   0.9792 |  3.926346e+04 |   +0.00% |  8.17e-16 |      
       10 |   0.9307 |  5.689798e+04 |  +44.91% |  1.33e-15 |      
       20 |   0.9106 |  6.157684e+04 |   +8.22% |  2.16e-15 |      
       30 |   0.9067 |  6.189483e+04 |   +0.52% |  3.52e-15 |      
       40 |   0.9068 |  6.203081e+04 |   +0.22% |  5.74e-15 |      
       50 |   0.9073 |  6.219622e+04 |   +0.27% |  9.35e-15 |      
       60 |   0.9072 |  6.209207e+04 |   -0.17% |  1.52e-14 |      
       70 |   0.9073 |  6.181002e+04 |   -0.45% |  2.48e-14 |      
       80 |   0.9086 |  6.140662e+04 |   -0.65% |  4.04e-14 |      
       90 |   0.9099 |  6.099560e+04 |   -0.67% |  6.58e-14 |      
      100 |   0.9105 |  6.069358e+04 |   -0.50% |  1.07e-13 |      
      110 |   0.9111 |  6.051059e+04 |   -0.30% |  1.75e-13 |      
      120 |   0.9113 |  6.042070e+04 |   -0.15% |  2.84e-13 |      
      130 |   0.9115 |  6.045308e+04 |   +0.05% |  4.63e-13 |      
      140 |   0.9109 |  6.062991e+04 |   +0.29% |  7.55e-13 |      
      150 |   0.9096 |  6.107800e+04 |   +0.74% |  1.23e-12 |      
      160 |   0.9080 |  6.193777e+04 |   +1.41% |  2.00e-12 |      
      170 |   0.9054 |  6.331448e+04 |   +2.22% |  3.26e-12 |      
      180 |   0.9010 |  6.542824e+04 |   +3.34% |  5.31e-12 |      
      190 |   0.8928 |  6.852492e+04 |   +4.73% |  8.65e-12 |      
      200 |   0.8797 |  7.287652e+04 |   +6.35% |  1.41e-11 |      
      210 |   0.8612 |  7.836072e+04 |   +7.53% |  2.29e-11 |      
      220 |   0.8365 |  8.407782e+04 |   +7.30% |  3.73e-11 |      
      230 |   0.8083 |  8.989272e+04 |   +6.92% |  6.07e-11 |      
      240 |   0.7764 |  9.521907e+04 |   +5.93% |  9.89e-11 |      
      250 |   0.7394 |  9.949935e+04 |   +4.50% |  1.61e-10 |      
      260 |   0.6985 |  1.031101e+05 |   +3.63% |  2.62e-10 |      
      270 |   0.6563 |  1.077012e+05 |   +4.45% |  4.27e-10 |      
[INFO GPL-0100] Timing-driven iteration 1/2, virtual: false.
[INFO GPL-0101]    Iter: 277, overflow: 0.632, keep resizer changes at: 1, HPWL: 111426481
Iteration |   Area    | Resized | Buffers | Nets repaired | Remaining
---------------------------------------------------------------------
        0 |     +0.0% |       0 |       0 |             0 |      8672
    final |     +3.0% |     103 |     166 |            69 |         0
---------------------------------------------------------------------
[INFO RSZ-0034] Found 67 slew violations.
[INFO RSZ-0035] Found 26 fanout violations.
[INFO RSZ-0036] Found 24 capacitance violations.
[INFO RSZ-0039] Resized 103 instances.
[INFO RSZ-0038] Inserted 166 buffers in 69 nets.
   Iter   |    Area   | Removed | Inserted |   Pins
          |           | Buffers | Buffers  | Remaining
-------------------------------------------------------
        0 |     +0.0% |       0 |        0 |      8542
      850 |     -0.0% |       2 |        2 |      7692
     1700 |     -0.0% |       2 |        2 |      6842
     2550 |     -0.0% |       8 |       10 |      5992
     3400 |     -0.8% |      63 |       48 |      5142
     4250 |     -0.9% |      68 |       51 |      4292
     5100 |     -0.9% |      80 |       64 |      3442
     5950 |     -0.9% |     101 |       84 |      2592
     6800 |     -0.9% |     115 |       95 |      1742
     7650 |     -1.0% |     119 |       98 |       892
     8500 |     -0.9% |     129 |      109 |        42
    final |     -1.0% |     166 |      145 |         0
-------------------------------------------------------
[INFO GPL-0106] Timing-driven: worst slack 1.9826358e-09
[INFO GPL-0107] Timing-driven: repair_design delta area: 1262.329 um^2 (+1.67%)
[INFO GPL-0108] Timing-driven: repair_design, gpl delta gcells: 145 (+1.71%)
[INFO GPL-0109] Timing-driven: repair_design, gcells created: 311, deleted: 166
[INFO GPL-0110] Timing-driven: new target density: 0.6672132
Iteration | Overflow |     HPWL (um) |  HPWL(%) |   Penalty | Group
---------------------------------------------------------------
      280 |   0.6146 |  1.308633e+05 |  +21.51% |  6.94e-10 |      
[INFO GPL-0038] Routability snapshot saved at iter = 285
      284 |   0.5963 |  1.368742e+05 |          |           |      
      290 |   0.5776 |  1.414473e+05 |   +8.09% |  1.13e-09 |      
      300 |   0.5364 |  1.462668e+05 |   +3.41% |  1.84e-09 |      
      310 |   0.4816 |  1.516368e+05 |   +3.67% |  2.99e-09 |      
      320 |   0.4373 |  1.536876e+05 |   +1.35% |  4.87e-09 |      
      330 |   0.4115 |  1.550466e+05 |   +0.88% |  7.93e-09 |      
      340 |   0.3695 |  1.582574e+05 |   +2.07% |  1.29e-08 |      
      350 |   0.3314 |  1.567762e+05 |   -0.94% |  2.00e-08 |      
[INFO GPL-0040] Routability iteration: 1
[WARNING GRT-0281] Net clk has a large fanout of 1057 terminals.
[INFO GPL-0041] Total routing overflow: 13.4979
[INFO GPL-0042] Number of overflowed tiles: 97 (3.33%)
[INFO GPL-0043] Average top 0.5% routing congestion: 1.3659
[INFO GPL-0044] Average top 1.0% routing congestion: 1.2841
[INFO GPL-0045] Average top 2.0% routing congestion: 1.2049
[INFO GPL-0046] Average top 5.0% routing congestion: 1.0835
[INFO GPL-0047] Routability iteration weighted routing congestion: 1.3250
[INFO GPL-0048] Routing congestion (1.3250) lower than previous minimum (1e+30). Updating minimum.
[INFO GPL-0086] Inflated area:                4083.485 um^2 (+5.32%)
[INFO GPL-0052] Placement target density:       0.6672
[INFO GPL-0076] Removing fillers, count: Before: 1716, After: 1238 (-27.86%)
[INFO GPL-0077] Filler area (um^2)     : Before: 14641.702, After: 10558.996 (-27.88%)
[INFO GPL-0078] Removed fillers count: 478, area removed: 4076.898 um^2. Remaining area to be compensated by modifying density: 6.587 um^2
[INFO GPL-0058] White space area:           137012.656 um^2 (+0.00%)
[INFO GPL-0059] Movable instances area:      91416.658 um^2 (+0.00%)
[INFO GPL-0060] Total filler area:           10558.996 um^2 (-27.88%)
[INFO GPL-0061] Total non-inflated area:     91417.436 um^2 (+0.00%)
[INFO GPL-0062] Total inflated area:         95500.922 um^2 (+0.00%)
[INFO GPL-0063] New Target Density:             0.6672
[INFO GPL-0087] Routability end iteration: increase inflation and revert back to snapshot.
Iteration | Overflow |     HPWL (um) |  HPWL(%) |   Penalty | Group
---------------------------------------------------------------
      360 |   0.6081 |  1.391397e+05 |  -11.25% |  9.19e-10 |      
      370 |   0.5567 |  1.495019e+05 |   +7.45% |  1.35e-09 |      
      380 |   0.5217 |  1.533921e+05 |   +2.60% |  1.99e-09 |      
      390 |   0.4827 |  1.561101e+05 |   +1.77% |  2.93e-09 |      
      400 |   0.4554 |  1.565001e+05 |   +0.25% |  4.32e-09 |      
      410 |   0.4313 |  1.589258e+05 |   +1.55% |  6.37e-09 |      
      420 |   0.3981 |  1.605896e+05 |   +1.05% |  9.38e-09 |      
      430 |   0.3608 |  1.596252e+05 |   -0.60% |  1.38e-08 |      
      440 |   0.3151 |  1.625762e+05 |   +1.85% |  2.03e-08 |      
[INFO GPL-0040] Routability iteration: 2
[INFO GPL-0041] Total routing overflow: 3.6769
[INFO GPL-0042] Number of overflowed tiles: 55 (1.89%)
[INFO GPL-0043] Average top 0.5% routing congestion: 1.1286
[INFO GPL-0044] Average top 1.0% routing congestion: 1.0988
[INFO GPL-0045] Average top 2.0% routing congestion: 1.0623
[INFO GPL-0046] Average top 5.0% routing congestion: 0.9885
[INFO GPL-0047] Routability iteration weighted routing congestion: 1.1137
[INFO GPL-0048] Routing congestion (1.1137) lower than previous minimum (1.325). Updating minimum.
[INFO GPL-0086] Inflated area:                1172.916 um^2 (+1.45%)
[INFO GPL-0052] Placement target density:       0.6672
[INFO GPL-0076] Removing fillers, count: Before: 1238, After: 1101 (-11.07%)
[INFO GPL-0077] Filler area (um^2)     : Before: 10558.996, After: 9390.513 (-11.07%)
[INFO GPL-0078] Removed fillers count: 137, area removed: 1168.483 um^2. Remaining area to be compensated by modifying density: 4.433 um^2
[INFO GPL-0058] White space area:           137012.656 um^2 (+0.00%)
[INFO GPL-0059] Movable instances area:      91416.658 um^2 (+0.00%)
[INFO GPL-0060] Total filler area:            9390.513 um^2 (-11.07%)
[INFO GPL-0061] Total non-inflated area:     91421.869 um^2 (+0.00%)
[INFO GPL-0062] Total inflated area:         92594.785 um^2 (+0.00%)
[INFO GPL-0063] New Target Density:             0.6672
[INFO GPL-0087] Routability end iteration: increase inflation and revert back to snapshot.
Iteration | Overflow |     HPWL (um) |  HPWL(%) |   Penalty | Group
---------------------------------------------------------------
      450 |   0.6044 |  1.416804e+05 |  -12.85% |  9.93e-10 |      
      460 |   0.5469 |  1.529368e+05 |   +7.94% |  1.46e-09 |      
      470 |   0.5145 |  1.558179e+05 |   +1.88% |  2.15e-09 |      
      480 |   0.4768 |  1.582990e+05 |   +1.59% |  3.17e-09 |      
      490 |   0.4542 |  1.588331e+05 |   +0.34% |  4.67e-09 |      
      500 |   0.4213 |  1.621489e+05 |   +2.09% |  6.88e-09 |      
      510 |   0.3938 |  1.623520e+05 |   +0.13% |  1.01e-08 |      
      520 |   0.3515 |  1.619366e+05 |   -0.26% |  1.49e-08 |      
      530 |   0.3090 |  1.653102e+05 |   +2.08% |  2.20e-08 |      
[INFO GPL-0040] Routability iteration: 3
[INFO GPL-0041] Total routing overflow: 2.8198
[INFO GPL-0042] Number of overflowed tiles: 40 (1.37%)
[INFO GPL-0043] Average top 0.5% routing congestion: 1.1220
[INFO GPL-0044] Average top 1.0% routing congestion: 1.0893
[INFO GPL-0045] Average top 2.0% routing congestion: 1.0433
[INFO GPL-0046] Average top 5.0% routing congestion: 0.9767
[INFO GPL-0047] Routability iteration weighted routing congestion: 1.1056
[INFO GPL-0048] Routing congestion (1.1056) lower than previous minimum (1.114). Updating minimum.
[INFO GPL-0086] Inflated area:                 843.735 um^2 (+1.03%)
[INFO GPL-0052] Placement target density:       0.6672
[INFO GPL-0076] Removing fillers, count: Before: 1101, After: 1003 (-8.90%)
[INFO GPL-0077] Filler area (um^2)     : Before: 9390.513, After: 8554.663 (-8.90%)
[INFO GPL-0078] Removed fillers count: 98, area removed: 835.849 um^2. Remaining area to be compensated by modifying density: 7.885 um^2
[INFO GPL-0058] White space area:           137012.656 um^2 (+0.00%)
[INFO GPL-0059] Movable instances area:      91416.658 um^2 (+0.00%)
[INFO GPL-0060] Total filler area:            8554.663 um^2 (-8.90%)
[INFO GPL-0061] Total non-inflated area:     91429.755 um^2 (+0.01%)
[INFO GPL-0062] Total inflated area:         92273.489 um^2 (+0.01%)
[INFO GPL-0063] New Target Density:             0.6672
[INFO GPL-0087] Routability end iteration: increase inflation and revert back to snapshot.
Iteration | Overflow |     HPWL (um) |  HPWL(%) |   Penalty | Group
---------------------------------------------------------------
      540 |   0.6076 |  1.419554e+05 |  -14.13% |  9.93e-10 |      
      550 |   0.5462 |  1.546274e+05 |   +8.93% |  1.46e-09 |      
      560 |   0.5139 |  1.571501e+05 |   +1.63% |  2.15e-09 |      
      570 |   0.4798 |  1.596637e+05 |   +1.60% |  3.17e-09 |      
      580 |   0.4563 |  1.603481e+05 |   +0.43% |  4.67e-09 |      
      590 |   0.4213 |  1.638554e+05 |   +2.19% |  6.88e-09 |      
      600 |   0.3954 |  1.636279e+05 |   -0.14% |  1.01e-08 |      
      610 |   0.3492 |  1.634136e+05 |   -0.13% |  1.49e-08 |      
      620 |   0.3087 |  1.669064e+05 |   +2.14% |  2.20e-08 |      
[INFO GPL-0040] Routability iteration: 4
[INFO GPL-0041] Total routing overflow: 1.4912
[INFO GPL-0042] Number of overflowed tiles: 34 (1.17%)
[INFO GPL-0043] Average top 0.5% routing congestion: 1.0709
[INFO GPL-0044] Average top 1.0% routing congestion: 1.0487
[INFO GPL-0045] Average top 2.0% routing congestion: 1.0172
[INFO GPL-0046] Average top 5.0% routing congestion: 0.9633
[INFO GPL-0047] Routability iteration weighted routing congestion: 1.0598
[INFO GPL-0048] Routing congestion (1.0598) lower than previous minimum (1.106). Updating minimum.
[INFO GPL-0086] Inflated area:                 610.034 um^2 (+0.74%)
[INFO GPL-0052] Placement target density:       0.6672
[INFO GPL-0076] Removing fillers, count: Before: 1003, After: 932 (-7.08%)
[INFO GPL-0077] Filler area (um^2)     : Before: 8554.663, After: 7949.099 (-7.08%)
[INFO GPL-0078] Removed fillers count: 71, area removed: 605.564 um^2. Remaining area to be compensated by modifying density: 4.470 um^2
[INFO GPL-0058] White space area:           137012.656 um^2 (+0.00%)
[INFO GPL-0059] Movable instances area:      91416.658 um^2 (+0.00%)
[INFO GPL-0060] Total filler area:            7949.099 um^2 (-7.08%)
[INFO GPL-0061] Total non-inflated area:     91434.224 um^2 (+0.00%)
[INFO GPL-0062] Total inflated area:         92044.259 um^2 (+0.00%)
[INFO GPL-0063] New Target Density:             0.6672
[INFO GPL-0087] Routability end iteration: increase inflation and revert back to snapshot.
Iteration | Overflow |     HPWL (um) |  HPWL(%) |   Penalty | Group
---------------------------------------------------------------
      630 |   0.6151 |  1.402851e+05 |  -15.95% |  9.55e-10 |      
      640 |   0.5511 |  1.550390e+05 |  +10.52% |  1.41e-09 |      
      650 |   0.5173 |  1.578357e+05 |   +1.80% |  2.07e-09 |      
      660 |   0.4829 |  1.605705e+05 |   +1.73% |  3.05e-09 |      
      670 |   0.4582 |  1.613265e+05 |   +0.47% |  4.49e-09 |      
      680 |   0.4229 |  1.648522e+05 |   +2.19% |  6.61e-09 |      
      690 |   0.3968 |  1.647236e+05 |   -0.08% |  9.74e-09 |      
      700 |   0.3539 |  1.641154e+05 |   -0.37% |  1.44e-08 |      
      710 |   0.3130 |  1.677855e+05 |   +2.24% |  2.11e-08 |      
[INFO GPL-0040] Routability iteration: 5
[INFO GPL-0041] Total routing overflow: 1.5742
[INFO GPL-0042] Number of overflowed tiles: 35 (1.20%)
[INFO GPL-0043] Average top 0.5% routing congestion: 1.0735
[INFO GPL-0044] Average top 1.0% routing congestion: 1.0515
[INFO GPL-0045] Average top 2.0% routing congestion: 1.0188
[INFO GPL-0046] Average top 5.0% routing congestion: 0.9596
[INFO GPL-0047] Routability iteration weighted routing congestion: 1.0625
[INFO GPL-0049] Routing congestion (1.0625) higher than minimum (1.0598). Consecutive non-improvement count: 1.
[INFO GPL-0086] Inflated area:                 576.862 um^2 (+0.69%)
[INFO GPL-0052] Placement target density:       0.6672
[INFO GPL-0076] Removing fillers, count: Before: 932, After: 865 (-7.19%)
[INFO GPL-0077] Filler area (um^2)     : Before: 7949.099, After: 7377.651 (-7.19%)
[INFO GPL-0078] Removed fillers count: 67, area removed: 571.448 um^2. Remaining area to be compensated by modifying density: 5.414 um^2
[INFO GPL-0058] White space area:           137012.656 um^2 (+0.00%)
[INFO GPL-0059] Movable instances area:      91416.658 um^2 (+0.00%)
[INFO GPL-0060] Total filler area:            7377.651 um^2 (-7.19%)
[INFO GPL-0061] Total non-inflated area:     91439.638 um^2 (+0.01%)
[INFO GPL-0062] Total inflated area:         92016.500 um^2 (+0.01%)
[INFO GPL-0063] New Target Density:             0.6672
[INFO GPL-0087] Routability end iteration: increase inflation and revert back to snapshot.
Iteration | Overflow |     HPWL (um) |  HPWL(%) |   Penalty | Group
---------------------------------------------------------------
      720 |   0.6254 |  1.376258e+05 |  -17.98% |  8.84e-10 |      
      730 |   0.5619 |  1.541569e+05 |  +12.01% |  1.30e-09 |      
      740 |   0.5236 |  1.584323e+05 |   +2.77% |  1.92e-09 |      
      750 |   0.4906 |  1.611192e+05 |   +1.70% |  2.82e-09 |      
      760 |   0.4642 |  1.620692e+05 |   +0.59% |  4.16e-09 |      
      770 |   0.4318 |  1.652945e+05 |   +1.99% |  6.12e-09 |      
      780 |   0.4015 |  1.659736e+05 |   +0.41% |  9.01e-09 |      
      790 |   0.3654 |  1.646118e+05 |   -0.82% |  1.33e-08 |      
      800 |   0.3163 |  1.681992e+05 |   +2.18% |  1.96e-08 |      
      810 |   0.3026 |  1.685038e+05 |   +0.18% |  2.88e-08 |      
[INFO GPL-0040] Routability iteration: 6
[INFO GPL-0041] Total routing overflow: 0.9350
[INFO GPL-0042] Number of overflowed tiles: 29 (0.99%)
[INFO GPL-0043] Average top 0.5% routing congestion: 1.0519
[INFO GPL-0044] Average top 1.0% routing congestion: 1.0311
[INFO GPL-0045] Average top 2.0% routing congestion: 1.0010
[INFO GPL-0046] Average top 5.0% routing congestion: 0.9474
[INFO GPL-0047] Routability iteration weighted routing congestion: 1.0415
[INFO GPL-0048] Routing congestion (1.0415) lower than previous minimum (1.06). Updating minimum.
[INFO GPL-0086] Inflated area:                 418.218 um^2 (+0.50%)
[INFO GPL-0052] Placement target density:       0.6672
[INFO GPL-0076] Removing fillers, count: Before: 865, After: 816 (-5.66%)
[INFO GPL-0077] Filler area (um^2)     : Before: 7377.651, After: 6959.726 (-5.66%)
[INFO GPL-0078] Removed fillers count: 49, area removed: 417.925 um^2. Remaining area to be compensated by modifying density: 0.293 um^2
[INFO GPL-0058] White space area:           137012.656 um^2 (+0.00%)
[INFO GPL-0059] Movable instances area:      91416.658 um^2 (+0.00%)
[INFO GPL-0060] Total filler area:            6959.726 um^2 (-5.66%)
[INFO GPL-0061] Total non-inflated area:     91439.931 um^2 (+0.00%)
[INFO GPL-0062] Total inflated area:         91858.149 um^2 (+0.00%)
[INFO GPL-0063] New Target Density:             0.6672
[INFO GPL-0087] Routability end iteration: increase inflation and revert back to snapshot.
Iteration | Overflow |     HPWL (um) |  HPWL(%) |   Penalty | Group
---------------------------------------------------------------
      820 |   0.5820 |  1.503442e+05 |  -10.78% |  1.16e-09 |      
      830 |   0.5313 |  1.589700e+05 |   +5.74% |  1.71e-09 |      
      840 |   0.5028 |  1.608598e+05 |   +1.19% |  2.51e-09 |      
      850 |   0.4690 |  1.627171e+05 |   +1.15% |  3.70e-09 |      
      860 |   0.4444 |  1.648642e+05 |   +1.32% |  5.45e-09 |      
      870 |   0.4076 |  1.671309e+05 |   +1.37% |  8.03e-09 |      
      880 |   0.3808 |  1.654061e+05 |   -1.03% |  1.18e-08 |      
      890 |   0.3264 |  1.677108e+05 |   +1.39% |  1.74e-08 |      
      900 |   0.3042 |  1.699030e+05 |   +1.31% |  2.56e-08 |      
[INFO GPL-0040] Routability iteration: 7
[INFO GPL-0041] Total routing overflow: 0.9003
[INFO GPL-0042] Number of overflowed tiles: 21 (0.72%)
[INFO GPL-0043] Average top 0.5% routing congestion: 1.0538
[INFO GPL-0044] Average top 1.0% routing congestion: 1.0281
[INFO GPL-0045] Average top 2.0% routing congestion: 0.9995
[INFO GPL-0046] Average top 5.0% routing congestion: 0.9458
[INFO GPL-0047] Routability iteration weighted routing congestion: 1.0410
[INFO GPL-0049] Routing congestion (1.0410) higher than minimum (1.0415). Consecutive non-improvement count: 1.
[INFO GPL-0086] Inflated area:                 431.500 um^2 (+0.51%)
[INFO GPL-0052] Placement target density:       0.6672
[INFO GPL-0076] Removing fillers, count: Before: 816, After: 766 (-6.13%)
[INFO GPL-0077] Filler area (um^2)     : Before: 6959.726, After: 6533.272 (-6.13%)
[INFO GPL-0078] Removed fillers count: 50, area removed: 426.454 um^2. Remaining area to be compensated by modifying density: 5.046 um^2
[INFO GPL-0058] White space area:           137012.656 um^2 (+0.00%)
[INFO GPL-0059] Movable instances area:      91416.658 um^2 (+0.00%)
[INFO GPL-0060] Total filler area:            6533.272 um^2 (-6.13%)
[INFO GPL-0061] Total non-inflated area:     91444.977 um^2 (+0.01%)
[INFO GPL-0062] Total inflated area:         91876.477 um^2 (+0.01%)
[INFO GPL-0063] New Target Density:             0.6672
[INFO GPL-0087] Routability end iteration: increase inflation and revert back to snapshot.
Iteration | Overflow |     HPWL (um) |  HPWL(%) |   Penalty | Group
---------------------------------------------------------------
      910 |   0.6145 |  1.425659e+05 |  -16.09% |  9.93e-10 |      
      920 |   0.5429 |  1.585580e+05 |  +11.22% |  1.46e-09 |      
      930 |   0.5153 |  1.602489e+05 |   +1.07% |  2.15e-09 |      
      940 |   0.4792 |  1.631529e+05 |   +1.81% |  3.17e-09 |      
      950 |   0.4554 |  1.640793e+05 |   +0.57% |  4.67e-09 |      
      960 |   0.4200 |  1.677258e+05 |   +2.22% |  6.87e-09 |      
      970 |   0.3970 |  1.667268e+05 |   -0.60% |  1.01e-08 |      
      980 |   0.3446 |  1.667088e+05 |   -0.01% |  1.49e-08 |      
      990 |   0.3105 |  1.704208e+05 |   +2.23% |  2.20e-08 |      
[INFO GPL-0040] Routability iteration: 8
[INFO GPL-0041] Total routing overflow: 1.0912
[INFO GPL-0042] Number of overflowed tiles: 30 (1.03%)
[INFO GPL-0043] Average top 0.5% routing congestion: 1.0638
[INFO GPL-0044] Average top 1.0% routing congestion: 1.0364
[INFO GPL-0045] Average top 2.0% routing congestion: 1.0047
[INFO GPL-0046] Average top 5.0% routing congestion: 0.9507
[INFO GPL-0047] Routability iteration weighted routing congestion: 1.0501
[INFO GPL-0049] Routing congestion (1.0501) higher than minimum (1.0415). Consecutive non-improvement count: 2.
[INFO GPL-0086] Inflated area:                 481.345 um^2 (+0.57%)
[INFO GPL-0052] Placement target density:       0.6672
[INFO GPL-0076] Removing fillers, count: Before: 766, After: 710 (-7.31%)
[INFO GPL-0077] Filler area (um^2)     : Before: 6533.272, After: 6055.644 (-7.31%)
[INFO GPL-0078] Removed fillers count: 56, area removed: 477.628 um^2. Remaining area to be compensated by modifying density: 3.717 um^2
[INFO GPL-0058] White space area:           137012.656 um^2 (+0.00%)
[INFO GPL-0059] Movable instances area:      91416.658 um^2 (+0.00%)
[INFO GPL-0060] Total filler area:            6055.644 um^2 (-7.31%)
[INFO GPL-0061] Total non-inflated area:     91448.694 um^2 (+0.00%)
[INFO GPL-0062] Total inflated area:         91930.040 um^2 (+0.00%)
[INFO GPL-0063] New Target Density:             0.6672
[INFO GPL-0087] Routability end iteration: increase inflation and revert back to snapshot.
Iteration | Overflow |     HPWL (um) |  HPWL(%) |   Penalty | Group
---------------------------------------------------------------
     1000 |   0.6309 |  1.375907e+05 |  -19.26% |  8.84e-10 |      
     1010 |   0.5604 |  1.564834e+05 |  +13.73% |  1.30e-09 |      
     1020 |   0.5226 |  1.605586e+05 |   +2.60% |  1.92e-09 |      
     1030 |   0.4916 |  1.631495e+05 |   +1.61% |  2.82e-09 |      
     1040 |   0.4638 |  1.643893e+05 |   +0.76% |  4.15e-09 |      
     1050 |   0.4316 |  1.680866e+05 |   +2.25% |  6.12e-09 |      
     1060 |   0.4026 |  1.682650e+05 |   +0.11% |  9.01e-09 |      
     1070 |   0.3640 |  1.667068e+05 |   -0.93% |  1.33e-08 |      
     1080 |   0.3154 |  1.706839e+05 |   +2.39% |  1.96e-08 |      
     1090 |   0.3029 |  1.711234e+05 |   +0.26% |  2.88e-08 |      
[INFO GPL-0040] Routability iteration: 9
[INFO GPL-0041] Total routing overflow: 0.8725
[INFO GPL-0042] Number of overflowed tiles: 20 (0.69%)
[INFO GPL-0043] Average top 0.5% routing congestion: 1.0544
[INFO GPL-0044] Average top 1.0% routing congestion: 1.0241
[INFO GPL-0045] Average top 2.0% routing congestion: 0.9906
[INFO GPL-0046] Average top 5.0% routing congestion: 0.9434
[INFO GPL-0047] Routability iteration weighted routing congestion: 1.0393
[INFO GPL-0048] Routing congestion (1.0393) lower than previous minimum (1.042). Updating minimum.
[INFO GPL-0086] Inflated area:                 368.650 um^2 (+0.43%)
[INFO GPL-0052] Placement target density:       0.6672
[INFO GPL-0076] Removing fillers, count: Before: 710, After: 667 (-6.06%)
[INFO GPL-0077] Filler area (um^2)     : Before: 6055.644, After: 5688.894 (-6.06%)
[INFO GPL-0078] Removed fillers count: 43, area removed: 366.750 um^2. Remaining area to be compensated by modifying density: 1.900 um^2
[INFO GPL-0058] White space area:           137012.656 um^2 (+0.00%)
[INFO GPL-0059] Movable instances area:      91416.658 um^2 (+0.00%)
[INFO GPL-0060] Total filler area:            5688.894 um^2 (-6.06%)
[INFO GPL-0061] Total non-inflated area:     91450.594 um^2 (+0.00%)
[INFO GPL-0062] Total inflated area:         91819.244 um^2 (+0.00%)
[INFO GPL-0063] New Target Density:             0.6672
[INFO GPL-0087] Routability end iteration: increase inflation and revert back to snapshot.
Iteration | Overflow |     HPWL (um) |  HPWL(%) |   Penalty | Group
---------------------------------------------------------------
     1100 |   0.5922 |  1.495457e+05 |  -12.61% |  1.11e-09 |      
     1110 |   0.5331 |  1.610272e+05 |   +7.68% |  1.64e-09 |      
     1120 |   0.5051 |  1.623028e+05 |   +0.79% |  2.42e-09 |      
     1130 |   0.4714 |  1.648215e+05 |   +1.55% |  3.56e-09 |      
     1140 |   0.4478 |  1.671103e+05 |   +1.39% |  5.24e-09 |      
     1150 |   0.4109 |  1.697313e+05 |   +1.57% |  7.72e-09 |      
     1160 |   0.3854 |  1.674592e+05 |   -1.34% |  1.14e-08 |      
     1170 |   0.3275 |  1.697475e+05 |   +1.37% |  1.67e-08 |      
     1180 |   0.3078 |  1.723496e+05 |   +1.53% |  2.47e-08 |      
[INFO GPL-0040] Routability iteration: 10
[INFO GPL-0041] Total routing overflow: 0.7756
[INFO GPL-0042] Number of overflowed tiles: 17 (0.58%)
[INFO GPL-0043] Average top 0.5% routing congestion: 1.0505
[INFO GPL-0044] Average top 1.0% routing congestion: 1.0163
[INFO GPL-0045] Average top 2.0% routing congestion: 0.9867
[INFO GPL-0046] Average top 5.0% routing congestion: 0.9437
[INFO GPL-0047] Routability iteration weighted routing congestion: 1.0334
[INFO GPL-0048] Routing congestion (1.0334) lower than previous minimum (1.039). Updating minimum.
[INFO GPL-0086] Inflated area:                 335.636 um^2 (+0.39%)
[INFO GPL-0052] Placement target density:       0.6672
[INFO GPL-0076] Removing fillers, count: Before: 667, After: 628 (-5.85%)
[INFO GPL-0077] Filler area (um^2)     : Before: 5688.894, After: 5356.260 (-5.85%)
[INFO GPL-0078] Removed fillers count: 39, area removed: 332.634 um^2. Remaining area to be compensated by modifying density: 3.002 um^2
[INFO GPL-0058] White space area:           137012.656 um^2 (+0.00%)
[INFO GPL-0059] Movable instances area:      91416.658 um^2 (+0.00%)
[INFO GPL-0060] Total filler area:            5356.260 um^2 (-5.85%)
[INFO GPL-0061] Total non-inflated area:     91453.596 um^2 (+0.00%)
[INFO GPL-0062] Total inflated area:         91789.232 um^2 (+0.00%)
[INFO GPL-0063] New Target Density:             0.6672
[INFO GPL-0087] Routability end iteration: increase inflation and revert back to snapshot.
Iteration | Overflow |     HPWL (um) |  HPWL(%) |   Penalty | Group
---------------------------------------------------------------
     1190 |   0.6338 |  1.375632e+05 |  -20.18% |  8.84e-10 |      
     1200 |   0.5594 |  1.577670e+05 |  +14.69% |  1.30e-09 |      
     1210 |   0.5226 |  1.616740e+05 |   +2.48% |  1.91e-09 |      
     1220 |   0.4915 |  1.643776e+05 |   +1.67% |  2.82e-09 |      
     1230 |   0.4642 |  1.657828e+05 |   +0.85% |  4.15e-09 |      
     1240 |   0.4316 |  1.695209e+05 |   +2.25% |  6.12e-09 |      
     1250 |   0.4028 |  1.696582e+05 |   +0.08% |  9.01e-09 |      
     1260 |   0.3622 |  1.678277e+05 |   -1.08% |  1.33e-08 |      
     1270 |   0.3165 |  1.721775e+05 |   +2.59% |  1.96e-08 |      
     1280 |   0.3079 |  1.727163e+05 |   +0.31% |  2.88e-08 |      
[INFO GPL-0040] Routability iteration: 11
[INFO GPL-0041] Total routing overflow: 0.6904
[INFO GPL-0042] Number of overflowed tiles: 18 (0.62%)
[INFO GPL-0043] Average top 0.5% routing congestion: 1.0441
[INFO GPL-0044] Average top 1.0% routing congestion: 1.0170
[INFO GPL-0045] Average top 2.0% routing congestion: 0.9870
[INFO GPL-0046] Average top 5.0% routing congestion: 0.9410
[INFO GPL-0047] Routability iteration weighted routing congestion: 1.0305
[INFO GPL-0048] Routing congestion (1.0305) lower than previous minimum (1.033). Updating minimum.
[INFO GPL-0086] Inflated area:                 336.922 um^2 (+0.39%)
[INFO GPL-0052] Placement target density:       0.6672
[INFO GPL-0076] Removing fillers, count: Before: 628, After: 589 (-6.21%)
[INFO GPL-0077] Filler area (um^2)     : Before: 5356.260, After: 5023.626 (-6.21%)
[INFO GPL-0078] Removed fillers count: 39, area removed: 332.634 um^2. Remaining area to be compensated by modifying density: 4.288 um^2
[INFO GPL-0058] White space area:           137012.656 um^2 (+0.00%)
[INFO GPL-0059] Movable instances area:      91416.658 um^2 (+0.00%)
[INFO GPL-0060] Total filler area:            5023.626 um^2 (-6.21%)
[INFO GPL-0061] Total non-inflated area:     91457.884 um^2 (+0.00%)
[INFO GPL-0062] Total inflated area:         91794.806 um^2 (+0.00%)
[INFO GPL-0063] New Target Density:             0.6672
[INFO GPL-0087] Routability end iteration: increase inflation and revert back to snapshot.
Iteration | Overflow |     HPWL (um) |  HPWL(%) |   Penalty | Group
---------------------------------------------------------------
     1290 |   0.6110 |  1.454197e+05 |  -15.80% |  1.03e-09 |      
     1300 |   0.5377 |  1.618698e+05 |  +11.31% |  1.52e-09 |      
     1310 |   0.5124 |  1.628543e+05 |   +0.61% |  2.24e-09 |      
     1320 |   0.4775 |  1.659541e+05 |   +1.90% |  3.29e-09 |      
     1330 |   0.4536 |  1.676850e+05 |   +1.04% |  4.85e-09 |      
     1340 |   0.4170 |  1.710557e+05 |   +2.01% |  7.14e-09 |      
     1350 |   0.3939 |  1.689665e+05 |   -1.22% |  1.05e-08 |      
     1360 |   0.3356 |  1.698769e+05 |   +0.54% |  1.55e-08 |      
     1370 |   0.3122 |  1.736722e+05 |   +2.23% |  2.28e-08 |      
     1380 |   0.3017 |  1.723740e+05 |   -0.75% |  3.36e-08 |      
[INFO GPL-0040] Routability iteration: 12
[INFO GPL-0041] Total routing overflow: 0.5820
[INFO GPL-0042] Number of overflowed tiles: 15 (0.51%)
[INFO GPL-0043] Average top 0.5% routing congestion: 1.0388
[INFO GPL-0044] Average top 1.0% routing congestion: 1.0106
[INFO GPL-0045] Average top 2.0% routing congestion: 0.9796
[INFO GPL-0046] Average top 5.0% routing congestion: 0.9359
[INFO GPL-0047] Routability iteration weighted routing congestion: 1.0247
[INFO GPL-0048] Routing congestion (1.0247) lower than previous minimum (1.031). Updating minimum.
[INFO GPL-0086] Inflated area:                 267.484 um^2 (+0.31%)
[INFO GPL-0052] Placement target density:       0.6672
[INFO GPL-0076] Removing fillers, count: Before: 589, After: 558 (-5.26%)
[INFO GPL-0077] Filler area (um^2)     : Before: 5023.626, After: 4759.224 (-5.26%)
[INFO GPL-0078] Removed fillers count: 31, area removed: 264.401 um^2. Remaining area to be compensated by modifying density: 3.082 um^2
[INFO GPL-0058] White space area:           137012.656 um^2 (+0.00%)
[INFO GPL-0059] Movable instances area:      91416.658 um^2 (+0.00%)
[INFO GPL-0060] Total filler area:            4759.224 um^2 (-5.26%)
[INFO GPL-0061] Total non-inflated area:     91460.966 um^2 (+0.00%)
[INFO GPL-0062] Total inflated area:         91728.450 um^2 (+0.00%)
[INFO GPL-0063] New Target Density:             0.6672
[INFO GPL-0087] Routability end iteration: increase inflation and revert back to snapshot.
Iteration | Overflow |     HPWL (um) |  HPWL(%) |   Penalty | Group
---------------------------------------------------------------
     1390 |   0.5744 |  1.550097e+05 |  -10.07% |  1.20e-09 |      
     1400 |   0.5261 |  1.626879e+05 |   +4.95% |  1.77e-09 |      
     1410 |   0.4997 |  1.646778e+05 |   +1.22% |  2.61e-09 |      
     1420 |   0.4690 |  1.667992e+05 |   +1.29% |  3.84e-09 |      
     1430 |   0.4406 |  1.701240e+05 |   +1.99% |  5.66e-09 |      
     1440 |   0.4077 |  1.711735e+05 |   +0.62% |  8.34e-09 |      
     1450 |   0.3730 |  1.686710e+05 |   -1.46% |  1.23e-08 |      
     1460 |   0.3217 |  1.726380e+05 |   +2.35% |  1.81e-08 |      
     1470 |   0.3093 |  1.742102e+05 |   +0.91% |  2.66e-08 |      
[INFO GPL-0040] Routability iteration: 13
[INFO GPL-0041] Total routing overflow: 0.9566
[INFO GPL-0042] Number of overflowed tiles: 21 (0.72%)
[INFO GPL-0043] Average top 0.5% routing congestion: 1.0615
[INFO GPL-0044] Average top 1.0% routing congestion: 1.0278
[INFO GPL-0045] Average top 2.0% routing congestion: 0.9922
[INFO GPL-0046] Average top 5.0% routing congestion: 0.9426
[INFO GPL-0047] Routability iteration weighted routing congestion: 1.0446
[INFO GPL-0049] Routing congestion (1.0446) higher than minimum (1.0247). Consecutive non-improvement count: 1.
[INFO GPL-0086] Inflated area:                 464.722 um^2 (+0.54%)
[INFO GPL-0052] Placement target density:       0.6672
[INFO GPL-0076] Removing fillers, count: Before: 558, After: 504 (-9.68%)
[INFO GPL-0077] Filler area (um^2)     : Before: 4759.224, After: 4298.654 (-9.68%)
[INFO GPL-0078] Removed fillers count: 54, area removed: 460.570 um^2. Remaining area to be compensated by modifying density: 4.152 um^2
[INFO GPL-0058] White space area:           137012.656 um^2 (+0.00%)
[INFO GPL-0059] Movable instances area:      91416.658 um^2 (+0.00%)
[INFO GPL-0060] Total filler area:            4298.654 um^2 (-9.68%)
[INFO GPL-0061] Total non-inflated area:     91465.119 um^2 (+0.00%)
[INFO GPL-0062] Total inflated area:         91929.841 um^2 (+0.00%)
[INFO GPL-0063] New Target Density:             0.6672
[INFO GPL-0087] Routability end iteration: increase inflation and revert back to snapshot.
Iteration | Overflow |     HPWL (um) |  HPWL(%) |   Penalty | Group
---------------------------------------------------------------
     1480 |   0.6286 |  1.406564e+05 |  -19.26% |  9.55e-10 |      
     1490 |   0.5444 |  1.621738e+05 |  +15.30% |  1.40e-09 |      
     1500 |   0.5191 |  1.634996e+05 |   +0.82% |  2.07e-09 |      
     1510 |   0.4848 |  1.670697e+05 |   +2.18% |  3.05e-09 |      
     1520 |   0.4603 |  1.684940e+05 |   +0.85% |  4.49e-09 |      
     1530 |   0.4230 |  1.723874e+05 |   +2.31% |  6.61e-09 |      
     1540 |   0.4007 |  1.708119e+05 |   -0.91% |  9.74e-09 |      
     1550 |   0.3501 |  1.702000e+05 |   -0.36% |  1.43e-08 |      
     1560 |   0.3151 |  1.753615e+05 |   +3.03% |  2.11e-08 |      
     1570 |   0.3066 |  1.743131e+05 |   -0.60% |  3.11e-08 |      
[INFO GPL-0040] Routability iteration: 14
[INFO GPL-0041] Total routing overflow: 0.3429
[INFO GPL-0042] Number of overflowed tiles: 11 (0.38%)
[INFO GPL-0043] Average top 0.5% routing congestion: 1.0210
[INFO GPL-0044] Average top 1.0% routing congestion: 0.9991
[INFO GPL-0045] Average top 2.0% routing congestion: 0.9736
[INFO GPL-0046] Average top 5.0% routing congestion: 0.9336
[INFO GPL-0047] Routability iteration weighted routing congestion: 1.0100
[INFO GPL-0048] Routing congestion (1.0100) lower than previous minimum (1.025). Updating minimum.
[INFO GPL-0086] Inflated area:                 196.522 um^2 (+0.23%)
[INFO GPL-0052] Placement target density:       0.6672
[INFO GPL-0076] Removing fillers, count: Before: 504, After: 481 (-4.56%)
[INFO GPL-0077] Filler area (um^2)     : Before: 4298.654, After: 4102.486 (-4.56%)
[INFO GPL-0078] Removed fillers count: 23, area removed: 196.169 um^2. Remaining area to be compensated by modifying density: 0.353 um^2
[INFO GPL-0058] White space area:           137012.656 um^2 (+0.00%)
[INFO GPL-0059] Movable instances area:      91416.658 um^2 (+0.00%)
[INFO GPL-0060] Total filler area:            4102.486 um^2 (-4.56%)
[INFO GPL-0061] Total non-inflated area:     91465.472 um^2 (+0.00%)
[INFO GPL-0062] Total inflated area:         91661.994 um^2 (+0.00%)
[INFO GPL-0063] New Target Density:             0.6672
[INFO GPL-0087] Routability end iteration: increase inflation and revert back to snapshot.
Iteration | Overflow |     HPWL (um) |  HPWL(%) |   Penalty | Group
---------------------------------------------------------------
     1580 |   0.5930 |  1.514325e+05 |  -13.13% |  1.11e-09 |      
     1590 |   0.5305 |  1.639741e+05 |   +8.28% |  1.64e-09 |      
     1600 |   0.5086 |  1.651308e+05 |   +0.71% |  2.42e-09 |      
     1610 |   0.4748 |  1.678908e+05 |   +1.67% |  3.56e-09 |      
     1620 |   0.4467 |  1.706122e+05 |   +1.62% |  5.24e-09 |      
     1630 |   0.4115 |  1.727638e+05 |   +1.26% |  7.72e-09 |      
     1640 |   0.3849 |  1.698938e+05 |   -1.66% |  1.14e-08 |      
     1650 |   0.3299 |  1.729057e+05 |   +1.77% |  1.67e-08 |      
     1660 |   0.3108 |  1.759001e+05 |   +1.73% |  2.47e-08 |      
[INFO GPL-0040] Routability iteration: 15
[INFO GPL-0041] Total routing overflow: 0.2244
[INFO GPL-0042] Number of overflowed tiles: 8 (0.27%)
[INFO GPL-0043] Average top 0.5% routing congestion: 1.0104
[INFO GPL-0044] Average top 1.0% routing congestion: 0.9894
[INFO GPL-0045] Average top 2.0% routing congestion: 0.9689
[INFO GPL-0046] Average top 5.0% routing congestion: 0.9310
[INFO GPL-0047] Routability iteration weighted routing congestion: 0.9999
[INFO GPL-0050] Weighted routing congestion is lower than target routing congestion(1.0100), end routability optimization.
[INFO GPL-0090] Routability finished. Target routing congestion achieved succesfully.
Iteration | Overflow |     HPWL (um) |  HPWL(%) |   Penalty | Group
---------------------------------------------------------------
     1670 |   0.2951 |  1.744720e+05 |   -0.81% |  3.63e-08 |      
     1680 |   0.2458 |  1.767929e+05 |   +1.33% |  5.35e-08 |      
     1690 |   0.2188 |  1.752597e+05 |   -0.87% |  7.88e-08 |      
     1700 |   0.1968 |  1.749748e+05 |   -0.16% |  1.16e-07 |      
[INFO GPL-0100] Timing-driven iteration 2/2, virtual: false.
[INFO GPL-0101]    Iter: 1703, overflow: 0.193, keep resizer changes at: 1, HPWL: 174710093
Iteration |   Area    | Resized | Buffers | Nets repaired | Remaining
---------------------------------------------------------------------
        0 |     +0.0% |       0 |       0 |             0 |      8817
    final |     +0.2% |       6 |       5 |             7 |         0
---------------------------------------------------------------------
[INFO RSZ-0034] Found 7 slew violations.
[INFO RSZ-0036] Found 1 capacitance violations.
[INFO RSZ-0039] Resized 6 instances.
[INFO RSZ-0038] Inserted 5 buffers in 7 nets.
   Iter   |    Area   | Removed | Inserted |   Pins
          |           | Buffers | Buffers  | Remaining
-------------------------------------------------------
        0 |     +0.0% |       0 |        0 |      8542
      850 |     +0.1% |       2 |       16 |      7692
     1700 |     +0.1% |       2 |       16 |      6842
     2550 |     +0.2% |      11 |       34 |      5992
     3400 |     +0.3% |      49 |       76 |      5142
     4250 |     +0.3% |      52 |       79 |      4292
     5100 |     +0.2% |      66 |       92 |      3442
     5950 |     +0.2% |      86 |      111 |      2592
     6800 |     +0.2% |      99 |      125 |      1742
     7650 |     +0.2% |     102 |      128 |       892
     8500 |     +0.2% |     114 |      142 |        42
    final |     +0.2% |     150 |      178 |         0
-------------------------------------------------------
[INFO GPL-0106] Timing-driven: worst slack 1.4393158e-09
[INFO GPL-0107] Timing-driven: repair_design delta area: 217.780 um^2 (+0.25%)
[INFO GPL-0108] Timing-driven: repair_design, gpl delta gcells: 33 (+0.38%)
[INFO GPL-0109] Timing-driven: repair_design, gcells created: 183, deleted: 150
[INFO GPL-0110] Timing-driven: new target density: 0.669159
Iteration | Overflow |     HPWL (um) |  HPWL(%) |   Penalty | Group
---------------------------------------------------------------
     1710 |   0.1709 |  1.753889e+05 |   +0.24% |  1.71e-07 |      
     1720 |   0.1466 |  1.739673e+05 |   -0.81% |  2.52e-07 |      
     1730 |   0.1251 |  1.735215e+05 |   -0.26% |  3.71e-07 |      
     1740 |   0.1066 |  1.730638e+05 |   -0.26% |  5.47e-07 |      
     1746 |   0.0990 |  1.729432e+05 |          |  7.17e-07 |      
---------------------------------------------------------------
[INFO GPL-1001] Global placement finished at iteration 1746
[INFO GPL-1017] Routability mode iteration count: 1370
[INFO GPL-1005] Routability final weighted congestion: 0.9751
[INFO GPL-1002] Placed Cell Area            87580.7666
[INFO GPL-1003] Available Free Area         137012.6560
[INFO GPL-1004] Minimum Feasible Density        0.5600 (cell_area / free_area)
[INFO GPL-1006]   Suggested Target Densities:
[INFO GPL-1007]     - For 90% usage of free space: 0.7102
[INFO GPL-1008]     - For 80% usage of free space: 0.7990
[INFO GPL-1011] Original area (um^2): 75512.63
[INFO GPL-1012] Total routability artificial inflation: 10588.03 (+14.02%)
[INFO GPL-1013] Total timing-driven delta area: 1480.11 (+1.96%)
[INFO GPL-1014] Final placement area: 87580.77 (+15.98%)
[INFO GPL-1018] Final HPWL (um): 172960.69
Took 8 seconds: global_placement -density 0.6580000019073486 -pad_left 0 -pad_right 0 -routability_driven -timing_driven -force_center_initial_place -min_phi_coef 0.95 -max_phi_coef 1.05
estimate_parasitics -placement
Report metrics stage 3, global place...

==========================================================================
global place report_design_area
--------------------------------------------------------------------------
Design area 70797 um^2 51% utilization.
write_db ./results/sky130hd/riscv32i/base/3_3_place_gp.odb
Elapsed time: 0:09.37[h:]min:sec. CPU time: user 28.96 sys 3.52 (346%). Peak memory: 422852KB.
Log                       Ext     Elapsed/s Peak Memory/MB sha1sum result [0:20)
3_3_place_gp              .odb            9            412 7083f5ae215e9b8202ac
/home/lunarch/orfs-clean/flow/scripts/flow.sh 3_4_place_resized resize
Running resize.tcl, stage 3_4_place_resized
read_liberty /home/lunarch/orfs-clean/flow/platforms/sky130hd/lib/sky130_fd_sc_hd__tt_025C_1v80.lib
read_db ./results/sky130hd/riscv32i/base/3_3_place_gp.odb
read_sdc ./results/sky130hd/riscv32i/base/2_floorplan.sdc
source /home/lunarch/orfs-clean/flow/platforms/sky130hd/setRC.tcl
estimate_parasitics -placement
Perform buffer insertion and gate resizing...
repair_design -verbose -match_cell_footprint
Iteration |   Area    | Resized | Buffers | Nets repaired | Remaining
---------------------------------------------------------------------
        0 |     +0.0% |       0 |       0 |             0 |      8850
     1000 |     +0.0% |       0 |       0 |             0 |      7850
     2000 |     +0.0% |       0 |       0 |             0 |      6850
     3000 |     +0.0% |       0 |       0 |             0 |      5850
     4000 |     +0.0% |       0 |       0 |             0 |      4850
     5000 |     +0.0% |       0 |       0 |             0 |      3850
     6000 |     +0.0% |       0 |       0 |             0 |      2850
     7000 |     +0.0% |       0 |       0 |             0 |      1850
     8000 |     +0.0% |       0 |       0 |             0 |       850
    final |     +0.0% |       0 |       0 |             0 |         0
---------------------------------------------------------------------
[INFO RSZ-0504] Runtime: 0.51s
Floating nets: 
Report metrics stage 3, resizer...

==========================================================================
resizer report_design_area
--------------------------------------------------------------------------
Design area 70797 um^2 51% utilization.
Instance count before 10521, after 10521
Pin count before 29117, after 29117
write_db ./results/sky130hd/riscv32i/base/3_4_place_resized.odb
Elapsed time: 0:03.06[h:]min:sec. CPU time: user 4.20 sys 1.59 (188%). Peak memory: 181688KB.
Log                       Ext     Elapsed/s Peak Memory/MB sha1sum result [0:20)
3_4_place_resized         .odb            3            177 7083f5ae215e9b8202ac
/home/lunarch/orfs-clean/flow/scripts/flow.sh 3_5_place_dp detail_place
Running detail_place.tcl, stage 3_5_place_dp
read_liberty /home/lunarch/orfs-clean/flow/platforms/sky130hd/lib/sky130_fd_sc_hd__tt_025C_1v80.lib
read_db ./results/sky130hd/riscv32i/base/3_4_place_resized.odb
read_sdc ./results/sky130hd/riscv32i/base/2_floorplan.sdc
source /home/lunarch/orfs-clean/flow/platforms/sky130hd/setRC.tcl
detailed_placement
[INFO DPL-0006] Core area: 139359.91 um^2
[INFO DPL-0007] Movable instances area: 68449.40 um^2
[INFO DPL-0008] Fixed instances area within core: 2347.25 um^2
[INFO DPL-0009] Utilization: 50.8%
[INFO DPL-0005] Diamond search max displacement: +/- 500 sites horizontally, +/- 100 rows vertically.
[INFO DPL-1102] Legalizing using negotiation legalizer.
[INFO DPL-1103] Negotiation base search window: +/-20 sites horizontally, +/-5 rows vertically 
	Automatic search window extension enabled.
	Search window extendable up to the max displacement cap of +/-500 sites, +/-100 rows near walls.
[INFO DPL-1104] NegotiationLegalizer DRC penalty: 5.
[INFO DPL-0392] Negotiation cell height distribution (1 unique row-count(s)):
[INFO DPL-0393]   height 1 row(s): 10521 cells
          |      Total |  Illegal |  Illegal
Iteration | Violations |    Cells |    Sites
---------------------------------------------
        0 |       3231 |      1009 |      2183
        1 |         40 |         8 |        32
        2 |          6 |         2 |         4
        3 |          0 |         0 |         0
Negotiation phase 1 converged at iteration 3.
[INFO DPL-0500] Runtime: 0.13s
Placement Analysis
---------------------------------
total displacement      23753.0 u
average displacement        2.3 u
max displacement           15.8 u
original HPWL          172960.7 u
legalized HPWL         185702.3 u
delta HPWL                    7 %

improve_placement -max_displacement "5 1"
Detailed placement improvement.
[INFO DPL-0401] Setting random seed to 1.
[INFO DPL-0402] Setting maximum displacement 5 1 to 13600 2720 units.
[INFO DPL-0320] Collected 2041 fixed cells.
[INFO DPL-0318] Collected 8645 single height cells.
[INFO DPL-0321] Collected 0 wide cells.
[INFO DPL-0322] Image (1380, 2720) - (375360, 375360)
[INFO DPL-0310] Assigned 8645 cells into segments.  Movement in X-direction is 0.000000, movement in Y-direction is 0.000000.
[INFO DPL-0313] Found 0 cells in wrong regions.
[INFO DPL-0315] Found 0 row alignment problems.
[INFO DPL-0314] Found 0 site alignment problems.
[INFO DPL-0311] Found 0 overlaps between adjacent cells.
[INFO DPL-0312] Found 0 edge spacing violations and 0 padding violations.
[INFO DPL-0303] Running algorithm for independent set matching.
[INFO DPL-0300] Set matching objective is wirelength.
[INFO DPL-0301] Pass   1 of matching; objective is 1.857285e+08.
[INFO DPL-0302] End of matching; objective is 1.854516e+08, improvement is 0.15 percent.
[INFO DPL-0303] Running algorithm for global swaps.
[INFO DPL-0306] Pass   1 of global swaps; hpwl is 1.820435e+08.
[INFO DPL-0306] Pass   2 of global swaps; hpwl is 1.813010e+08.
[INFO DPL-0307] End of global swaps; objective is 1.813010e+08, improvement is 2.24 percent.
[INFO DPL-0303] Running algorithm for vertical swaps.
[INFO DPL-0308] Pass   1 of vertical swaps; hpwl is 1.807500e+08.
[INFO DPL-0309] End of vertical swaps; objective is 1.807500e+08, improvement is 0.30 percent.
[INFO DPL-0303] Running algorithm for reordering.
[INFO DPL-0304] Pass   1 of reordering; objective is 1.804786e+08.
[INFO DPL-0305] End of reordering; objective is 1.804786e+08, improvement is 0.15 percent.
[INFO DPL-0303] Running algorithm for random improvement.
[INFO DPL-0324] Random improver is using random generator.
[INFO DPL-0325] Random improver is using hpwl objective.
[INFO DPL-0326] Random improver cost string is (a).
[INFO DPL-0332] End of pass, Generator random called 172900 times.
[INFO DPL-0335] Generator random, Cumulative attempts 172900, swaps 24724, moves 49795 since last reset.
[INFO DPL-0333] End of pass, Objective hpwl, Initial cost 1.797498e+08, Scratch cost 1.778597e+08, Incremental cost 1.778597e+08, Mismatch? N
[INFO DPL-0338] End of pass, Total cost is 1.778597e+08.
[INFO DPL-0327] Pass   1 of random improver; improvement in cost is 1.05 percent.
[INFO DPL-0332] End of pass, Generator random called 172900 times.
[INFO DPL-0335] Generator random, Cumulative attempts 345800, swaps 49179, moves 99036 since last reset.
[INFO DPL-0333] End of pass, Objective hpwl, Initial cost 1.778597e+08, Scratch cost 1.770170e+08, Incremental cost 1.770170e+08, Mismatch? N
[INFO DPL-0338] End of pass, Total cost is 1.770170e+08.
[INFO DPL-0327] Pass   2 of random improver; improvement in cost is 0.47 percent.
[INFO DPL-0328] End of random improver; improvement is 1.520367 percent.
[INFO DPL-0380] Cell flipping.
[INFO DPL-0382] Changed 0 cell orientations for row compatibility.
[INFO DPL-0383] Performed 2567 cell flips.
[INFO DPL-0384] End of flipping; objective is 1.751724e+08, improvement is 1.45 percent.
[INFO DPL-0313] Found 0 cells in wrong regions.
[INFO DPL-0315] Found 0 row alignment problems.
[INFO DPL-0314] Found 0 site alignment problems.
[INFO DPL-0311] Found 0 overlaps between adjacent cells.
[INFO DPL-0312] Found 0 edge spacing violations and 0 padding violations.
Detailed Improvement Results
------------------------------------------
Original HPWL           185702.3 u (   93697.1,    92005.2)
Final HPWL              175136.1 u (   86813.2,    88322.9)
Delta HPWL                  -5.7 % (      -7.3,       -4.0)

optimize_mirroring
[INFO DPL-0020] Mirrored 396 instances
[INFO DPL-0021] HPWL before          175136.1 u
[INFO DPL-0022] HPWL after           175078.2 u
[INFO DPL-0023] HPWL delta               -0.0 %
[INFO FLW-0012] Placement violations .
estimate_parasitics -placement
Report metrics stage 3, detailed place...

==========================================================================
detailed place report_design_area
--------------------------------------------------------------------------
Design area 70797 um^2 51% utilization.
write_db ./results/sky130hd/riscv32i/base/3_5_place_dp.odb
write_sdc -no_timestamp ./results/sky130hd/riscv32i/base/3_place.sdc
Elapsed time: 0:04.44[h:]min:sec. CPU time: user 5.37 sys 1.58 (156%). Peak memory: 186588KB.
Log                       Ext     Elapsed/s Peak Memory/MB sha1sum result [0:20)
3_5_place_dp              .odb            4            182 6d950769f48bd66c1ec4
cp ./results/sky130hd/riscv32i/base/3_5_place_dp.odb ./results/sky130hd/riscv32i/base/3_place.odb
/home/lunarch/orfs-clean/flow/scripts/flow.sh 4_1_cts cts
Running cts.tcl, stage 4_1_cts
read_liberty /home/lunarch/orfs-clean/flow/platforms/sky130hd/lib/sky130_fd_sc_hd__tt_025C_1v80.lib
read_db ./results/sky130hd/riscv32i/base/3_place.odb
read_sdc ./results/sky130hd/riscv32i/base/3_place.sdc
source /home/lunarch/orfs-clean/flow/platforms/sky130hd/setRC.tcl
clock_tree_synthesis -sink_clustering_enable -repair_clock_nets
[INFO CTS-0050] Root buffer is sky130_fd_sc_hd__clkbuf_16.
[INFO CTS-0051] Sink buffer is sky130_fd_sc_hd__clkbuf_16.
[INFO CTS-0052] The following clock buffers will be used for CTS:
                    sky130_fd_sc_hd__clkbuf_16
[INFO CTS-0049] Characterization buffer is sky130_fd_sc_hd__clkbuf_16.
[INFO CTS-0007] Net "clk" found for clock "clk".
[INFO CTS-0010]  Clock net "clk" has 1056 sinks.
[INFO CTS-0008] TritonCTS found 1 clock nets.
[INFO CTS-0097] Characterization used 1 buffer(s) types.
[INFO CTS-0201] 0 blockages from hard placement blockages and placed macros will be used.
[INFO CTS-0027] Generating H-Tree topology for net clk.
[INFO CTS-0028]  Total number of sinks: 1056.
[INFO CTS-0090]  Sinks will be clustered based on buffer max cap.
[INFO CTS-0030]  Number of static layers: 0.
[INFO CTS-0020]  Wire segment unit: 13600  dbu (13 um).
[INFO CTS-0206] Best clustering solution was found from max clustering size of 14 and max clustering diameter of 79.
[INFO CTS-0019]  Total number of sinks after clustering: 105.
[INFO CTS-0024]  Normalized sink region: [(0.54258, 0.739118), (25.6318, 26.3851)].
[INFO CTS-0025]     Width:  25.0892.
[INFO CTS-0026]     Height: 25.6460.
 Level 1
    Direction: Vertical
    Sinks per sub-region: 53
    Sub-region size: 25.0892 X 12.8230
[INFO CTS-0034]     Segment length (rounded): 6.
 Level 2
    Direction: Horizontal
    Sinks per sub-region: 27
    Sub-region size: 12.5446 X 12.8230
[INFO CTS-0034]     Segment length (rounded): 6.
 Level 3
    Direction: Vertical
    Sinks per sub-region: 14
    Sub-region size: 12.5446 X 6.4115
[INFO CTS-0034]     Segment length (rounded): 4.
[INFO CTS-0038]  Stop criterion found. Sink region hpwl is smaller than max wirelength (1911.535 um) and max number of sinks is 15.
[INFO CTS-0035]  Number of sinks covered: 105.
[INFO CTS-0018]     Created 114 clock buffers.
[INFO CTS-0012]     Minimum number of buffers in the clock path: 3.
[INFO CTS-0013]     Maximum number of buffers in the clock path: 3.
[INFO CTS-0015]     Created 114 clock nets.
[INFO CTS-0016]     Fanout distribution for the current clock = 4:2, 6:2, 7:1, 8:7, 9:21, 10:30, 11:30, 12:11, 13:5, 14:2, 17:2..
[INFO CTS-0017]     Max level of the clock tree: 3.
[INFO CTS-0098] Clock net "clk"
[INFO CTS-0099]  Sinks 1156
[INFO CTS-0100]  Leaf buffers 105
[INFO CTS-0101]  Average sink wire length 607.82 um
[INFO CTS-0102]  Path depth 2 - 3
[INFO CTS-0207]  Dummy loads inserted 100
[INFO CTS-0500] Runtime: 1.15s
estimate_parasitics -placement
detailed_placement
[INFO DPL-0006] Core area: 139359.91 um^2
[INFO DPL-0007] Movable instances area: 72270.56 um^2
[INFO DPL-0008] Fixed instances area within core: 2347.25 um^2
[INFO DPL-0009] Utilization: 53.5%
[INFO DPL-0005] Diamond search max displacement: +/- 500 sites horizontally, +/- 100 rows vertically.
[INFO DPL-1102] Legalizing using negotiation legalizer.
[INFO DPL-1103] Negotiation base search window: +/-20 sites horizontally, +/-5 rows vertically 
	Automatic search window extension enabled.
	Search window extendable up to the max displacement cap of +/-500 sites, +/-100 rows near walls.
[INFO DPL-1104] NegotiationLegalizer DRC penalty: 5.
[INFO DPL-0392] Negotiation cell height distribution (1 unique row-count(s)):
[INFO DPL-0393]   height 1 row(s): 10735 cells
          |      Total |  Illegal |  Illegal
Iteration | Violations |    Cells |    Sites
---------------------------------------------
        0 |       1199 |       217 |       982
        1 |        197 |        35 |       162
        2 |         36 |         2 |        34
        3 |          0 |         0 |         0
Negotiation phase 1 converged at iteration 3.
[INFO DPL-0500] Runtime: 0.10s
Placement Analysis
---------------------------------
total displacement       6638.7 u
average displacement        0.6 u
max displacement           18.9 u
original HPWL          182913.2 u
legalized HPWL         186470.1 u
delta HPWL                    2 %

estimate_parasitics -placement
Warning: master sky130_ef_sc_hd__decap_12 has signal pins but no liberty cell
repair_timing -setup_margin 0 -hold_margin 0 -repair_tns 100 -match_cell_footprint -verbose
[INFO RSZ-0100] Repair move sequence: UnbufferMove SizeUpMove SwapPinsMove BufferMove CloneMove SplitLoadMove 
[INFO RSZ-0098] No setup violations found
[INFO RSZ-0505] Runtime: 0.28s
[INFO RSZ-0033] No hold violations found.
[INFO RSZ-0506] Runtime: 0.08s
Warning: master sky130_ef_sc_hd__decap_12 has signal pins but no liberty cell
Repair timing output passed lec test
detailed_placement
[INFO DPL-0006] Core area: 139359.91 um^2
[INFO DPL-0007] Movable instances area: 72270.56 um^2
[INFO DPL-0008] Fixed instances area within core: 2347.25 um^2
[INFO DPL-0009] Utilization: 53.5%
[INFO DPL-0005] Diamond search max displacement: +/- 500 sites horizontally, +/- 100 rows vertically.
[INFO DPL-1102] Legalizing using negotiation legalizer.
[INFO DPL-1103] Negotiation base search window: +/-20 sites horizontally, +/-5 rows vertically 
	Automatic search window extension enabled.
	Search window extendable up to the max displacement cap of +/-500 sites, +/-100 rows near walls.
[INFO DPL-1104] NegotiationLegalizer DRC penalty: 5.
[INFO DPL-0392] Negotiation cell height distribution (1 unique row-count(s)):
[INFO DPL-0393]   height 1 row(s): 10735 cells
[INFO DPL-0500] Runtime: 0.04s
Placement Analysis
---------------------------------
total displacement          0.0 u
average displacement        0.0 u
max displacement            0.0 u
original HPWL          186470.1 u
legalized HPWL         186470.1 u
delta HPWL                    0 %

estimate_parasitics -placement
Report metrics stage 4, cts final...

==========================================================================
cts final report_design_area
--------------------------------------------------------------------------
Design area 74618 um^2 54% utilization.
write_db ./results/sky130hd/riscv32i/base/4_1_cts.odb
write_sdc -no_timestamp ./results/sky130hd/riscv32i/base/4_cts.sdc
Elapsed time: 0:06.01[h:]min:sec. CPU time: user 12.88 sys 2.83 (261%). Peak memory: 205824KB.
Log                       Ext     Elapsed/s Peak Memory/MB sha1sum result [0:20)
4_1_cts                   .odb            6            201 16861c1b2b2f9add76d9
cp ./results/sky130hd/riscv32i/base/4_1_cts.odb ./results/sky130hd/riscv32i/base/4_cts.odb
/home/lunarch/orfs-clean/flow/scripts/flow.sh 5_1_grt global_route
Running global_route.tcl, stage 5_1_grt
read_liberty /home/lunarch/orfs-clean/flow/platforms/sky130hd/lib/sky130_fd_sc_hd__tt_025C_1v80.lib
read_db ./results/sky130hd/riscv32i/base/4_cts.odb
read_sdc ./results/sky130hd/riscv32i/base/4_cts.sdc
source /home/lunarch/orfs-clean/flow/platforms/sky130hd/setRC.tcl
pin_access
[INFO DRT-0149] Reading tech and libs.
[WARNING DRT-0349] LEF58_ENCLOSURE with no CUTCLASS is not supported. Skipping for layer mcon
[WARNING DRT-0349] LEF58_ENCLOSURE with no CUTCLASS is not supported. Skipping for layer mcon
[WARNING DRT-0349] LEF58_ENCLOSURE with no CUTCLASS is not supported. Skipping for layer via
[WARNING DRT-0349] LEF58_ENCLOSURE with no CUTCLASS is not supported. Skipping for layer via
[WARNING DRT-0349] LEF58_ENCLOSURE with no CUTCLASS is not supported. Skipping for layer via2
[WARNING DRT-0349] LEF58_ENCLOSURE with no CUTCLASS is not supported. Skipping for layer via2
[WARNING DRT-0349] LEF58_ENCLOSURE with no CUTCLASS is not supported. Skipping for layer via3
[WARNING DRT-0349] LEF58_ENCLOSURE with no CUTCLASS is not supported. Skipping for layer via3
[WARNING DRT-0349] LEF58_ENCLOSURE with no CUTCLASS is not supported. Skipping for layer via4
[WARNING DRT-0349] LEF58_ENCLOSURE with no CUTCLASS is not supported. Skipping for layer via4

Units:                1000
Number of layers:     13
Number of macros:     441
Number of vias:       29
Number of viarulegen: 25

[INFO DRT-0150] Reading design.

Design:                   riscv
Die area:                 ( 0 0 ) ( 376625 376625 )
Number of track patterns: 12
Number of DEF vias:       0
Number of components:     10735
Number of terminals:      167
Number of snets:          2
Number of nets:           8932

[INFO DRT-0167] List of default vias:
  Layer via
    default via: M1M2_PR
  Layer via2
    default via: M2M3_PR
  Layer via3
    default via: M3M4_PR
  Layer via4
    default via: M4M5_PR
[INFO DRT-0162] Library cell analysis.
[INFO DRT-0163] Instance analysis.
[INFO DRT-0164] Number of unique instances = 117.
[INFO DRT-0168] Init region query.
[INFO DRT-0024]   Complete FR_MASTERSLICE.
[INFO DRT-0024]   Complete Fr_VIA.
[INFO DRT-0024]   Complete li1.
[INFO DRT-0024]   Complete mcon.
[INFO DRT-0024]   Complete met1.
[INFO DRT-0024]   Complete via.
[INFO DRT-0024]   Complete met2.
[INFO DRT-0024]   Complete via2.
[INFO DRT-0024]   Complete met3.
[INFO DRT-0024]   Complete via3.
[INFO DRT-0024]   Complete met4.
[INFO DRT-0024]   Complete via4.
[INFO DRT-0024]   Complete met5.
[INFO DRT-0033] FR_MASTERSLICE shape region query size = 0.
[INFO DRT-0033] FR_VIA shape region query size = 0.
[INFO DRT-0033] li1 shape region query size = 195457.
[INFO DRT-0033] mcon shape region query size = 129841.
[INFO DRT-0033] met1 shape region query size = 38327.
[INFO DRT-0033] via shape region query size = 9315.
[INFO DRT-0033] met2 shape region query size = 5668.
[INFO DRT-0033] via2 shape region query size = 7452.
[INFO DRT-0033] met3 shape region query size = 5675.
[INFO DRT-0033] via3 shape region query size = 7452.
[INFO DRT-0033] met4 shape region query size = 2255.
[INFO DRT-0033] via4 shape region query size = 365.
[INFO DRT-0033] met5 shape region query size = 419.
[INFO DRT-0165] Start pin access.
[INFO DRT-0078]   Complete 878 pins.
[INFO DRT-0079]   Complete 100 unique inst patterns.
[INFO DRT-0081]   Complete 117 unique inst patterns.
[INFO DRT-0084]   Complete 5181 groups.
#scanned instances     = 10735
#unique  instances     = 117
#stdCellGenAp          = 3672
#stdCellValidPlanarAp  = 59
#stdCellValidViaAp     = 2569
#stdCellPinNoAp        = 3
#stdCellPinCnt         = 29413
#instTermValidViaApCnt = 0
#macroGenAp            = 0
#macroValidPlanarAp    = 0
#macroValidViaAp       = 0
#macroNoAp             = 0
[INFO DRT-0166] Complete pin access.
[INFO DRT-0267] cpu time = 00:05:37, elapsed time = 00:00:26, memory = 181.59 (MB), peak = 180.23 (MB)
Took 27 seconds: pin_access
global_route -congestion_report_file ./reports/sky130hd/riscv32i/base/congestion.rpt -congestion_iterations 30 -congestion_report_iter_step 5 -verbose
[INFO GRT-0020] Min routing layer: met1
[INFO GRT-0021] Max routing layer: met5
[INFO GRT-0022] Global adjustment: 0%
[INFO GRT-0023] Grid origin: (0, 0)
[INFO GRT-0088] Layer li1     Track-Pitch = 0.4600  line-2-Via Pitch: 0.3400
[INFO GRT-0088] Layer met1    Track-Pitch = 0.3400  line-2-Via Pitch: 0.3400
[INFO GRT-0088] Layer met2    Track-Pitch = 0.4600  line-2-Via Pitch: 0.3500
[INFO GRT-0088] Layer met3    Track-Pitch = 0.6800  line-2-Via Pitch: 0.6150
[INFO GRT-0088] Layer met4    Track-Pitch = 0.9200  line-2-Via Pitch: 1.0400
[INFO GRT-0088] Layer met5    Track-Pitch = 3.4000  line-2-Via Pitch: 3.1100
[INFO GRT-0003] Macros: 0
[INFO GRT-0004] Blockages: 22991
[INFO GRT-0019] Found 115 clock nets.
[INFO GRT-0001] Minimum degree: 2
[INFO GRT-0002] Maximum degree: 51

[INFO GRT-0053] Routing resources analysis:
          Routing      Original      Derated      Resource
Layer     Direction    Resources     Resources    Reduction (%)
---------------------------------------------------------------
li1        Vertical            0             0          0.00%
met1       Horizontal      43420         33629          22.55%
met2       Vertical        37471         28832          23.06%
met3       Horizontal      27958         21938          21.53%
met4       Vertical        18497         13038          29.51%
met5       Horizontal       4028          2915          27.63%
---------------------------------------------------------------

[INFO GRT-0101] Running extra iterations to remove congestion.
[INFO GRT-0102] Start extra iteration 1/30
[INFO GRT-0102] Start extra iteration 2/30
[INFO GRT-0102] Start extra iteration 3/30
[INFO GRT-0102] Start extra iteration 4/30
[INFO GRT-0197] Via related to pin nodes: 44995
[INFO GRT-0198] Via related Steiner nodes: 1488
[INFO GRT-0199] Via filling finished.
[INFO GRT-0111] Final number of vias: 57718
[INFO GRT-0112] Final usage 3D: 212411

[INFO GRT-0096] Final congestion report:
Layer         Resource        Demand        Usage (%)    Max H / Max V / Total Congestion
---------------------------------------------------------------------------------------
li1                  0             0            0.00%             0 /  0 /  0
met1             33629         18099           53.82%             0 /  0 /  0
met2             28832         16785           58.22%             0 /  0 /  0
met3             21938          2167            9.88%             0 /  0 /  0
met4             13038          2206           16.92%             0 /  0 /  0
met5              2915             0            0.00%             0 /  0 /  0
---------------------------------------------------------------------------------------
Total           100352         39257           39.12%             0 /  0 /  0

[INFO GRT-0018] Total wirelength: 405299 um
[INFO GRT-0014] Routed nets: 8892
[INFO GRT-0303] Global routing runtime = 00:00:01
[WARNING STA-0450] virtual clock vclk_clk can not be propagated.
estimate_parasitics -global_routing
Perform buffer insertion and gate resizing...
repair_design -verbose
Iteration |   Area    | Resized | Buffers | Nets repaired | Remaining
---------------------------------------------------------------------
        0 |     +0.0% |       0 |       0 |             0 |      9064
     1000 |     +0.0% |       0 |       0 |             0 |      8064
[WARNING RSZ-0104] Net _07597_ only has one pin. Check if it is intended to be dangling.
[WARNING RSZ-0104] Net _07592_ only has one pin. Check if it is intended to be dangling.
[WARNING RSZ-0104] Net _07590_ only has one pin. Check if it is intended to be dangling.
[WARNING RSZ-0104] Net _07589_ only has one pin. Check if it is intended to be dangling.
[WARNING RSZ-0104] Net _07573_ only has one pin. Check if it is intended to be dangling.
[WARNING RSZ-0104] Net _07569_ only has one pin. Check if it is intended to be dangling.
[WARNING RSZ-0104] Net _07568_ only has one pin. Check if it is intended to be dangling.
[WARNING RSZ-0104] Net _07563_ only has one pin. Check if it is intended to be dangling.
[WARNING RSZ-0104] Net _07591_ only has one pin. Check if it is intended to be dangling.
[WARNING RSZ-0104] Net _07588_ only has one pin. Check if it is intended to be dangling.
[WARNING RSZ-0104] Net _07587_ only has one pin. Check if it is intended to be dangling.
[WARNING RSZ-0104] Net _07584_ only has one pin. Check if it is intended to be dangling.
[WARNING RSZ-0104] Net _07583_ only has one pin. Check if it is intended to be dangling.
[WARNING RSZ-0104] Net _07579_ only has one pin. Check if it is intended to be dangling.
[WARNING RSZ-0104] Net _07577_ only has one pin. Check if it is intended to be dangling.
[WARNING RSZ-0104] Net _07576_ only has one pin. Check if it is intended to be dangling.
[WARNING RSZ-0104] Net _07575_ only has one pin. Check if it is intended to be dangling.
[WARNING RSZ-0104] Net _07574_ only has one pin. Check if it is intended to be dangling.
[WARNING RSZ-0104] Net _07572_ only has one pin. Check if it is intended to be dangling.
[WARNING RSZ-0104] Net _07571_ only has one pin. Check if it is intended to be dangling.
[WARNING RSZ-0104] Net _07570_ only has one pin. Check if it is intended to be dangling.
[WARNING RSZ-0104] Net _07566_ only has one pin. Check if it is intended to be dangling.
[WARNING RSZ-0104] Net _07565_ only has one pin. Check if it is intended to be dangling.
[WARNING RSZ-0104] Net _07564_ only has one pin. Check if it is intended to be dangling.
     2000 |     +0.0% |       0 |       0 |             0 |      7064
[WARNING RSZ-0104] Net _07586_ only has one pin. Check if it is intended to be dangling.
[WARNING RSZ-0104] Net _07585_ only has one pin. Check if it is intended to be dangling.
[WARNING RSZ-0104] Net _07582_ only has one pin. Check if it is intended to be dangling.
[WARNING RSZ-0104] Net _07581_ only has one pin. Check if it is intended to be dangling.
[WARNING RSZ-0104] Net _07580_ only has one pin. Check if it is intended to be dangling.
[WARNING RSZ-0104] Net _07578_ only has one pin. Check if it is intended to be dangling.
[WARNING RSZ-0104] Net _07567_ only has one pin. Check if it is intended to be dangling.
[WARNING RSZ-0104] Net _07562_ only has one pin. Check if it is intended to be dangling.
     3000 |     +0.0% |       0 |       0 |             0 |      6064
[WARNING RSZ-0104] Net _07595_ only has one pin. Check if it is intended to be dangling.
[WARNING RSZ-0104] Net _07594_ only has one pin. Check if it is intended to be dangling.
[WARNING RSZ-0104] Net _07593_ only has one pin. Check if it is intended to be dangling.
[WARNING RSZ-0104] Net _07596_ only has one pin. Check if it is intended to be dangling.
     4000 |     +0.0% |       0 |       0 |             0 |      5064
     5000 |     +0.0% |       0 |       0 |             0 |      4064
     6000 |     +0.0% |       0 |       0 |             0 |      3064
[WARNING RSZ-0104] Net _07601_ only has one pin. Check if it is intended to be dangling.
[WARNING RSZ-0104] Net _07600_ only has one pin. Check if it is intended to be dangling.
[WARNING RSZ-0104] Net _07599_ only has one pin. Check if it is intended to be dangling.
[WARNING RSZ-0104] Net _07598_ only has one pin. Check if it is intended to be dangling.
     7000 |     +0.0% |       0 |       0 |             0 |      2064
     8000 |     +0.0% |       0 |       0 |             0 |      1064
     9000 |     +0.0% |       0 |       0 |             0 |        64
    final |     +0.0% |       0 |       0 |             0 |         0
---------------------------------------------------------------------
[INFO RSZ-0504] Runtime: 1.07s
global_route -start_incremental
detailed_placement
[INFO DPL-0006] Core area: 139359.91 um^2
[INFO DPL-0007] Movable instances area: 72270.56 um^2
[INFO DPL-0008] Fixed instances area within core: 2347.25 um^2
[INFO DPL-0009] Utilization: 53.5%
[INFO DPL-0005] Diamond search max displacement: +/- 500 sites horizontally, +/- 100 rows vertically.
[INFO DPL-1102] Legalizing using negotiation legalizer.
[INFO DPL-1103] Negotiation base search window: +/-20 sites horizontally, +/-5 rows vertically 
	Automatic search window extension enabled.
	Search window extendable up to the max displacement cap of +/-500 sites, +/-100 rows near walls.
[INFO DPL-1104] NegotiationLegalizer DRC penalty: 5.
[INFO DPL-0392] Negotiation cell height distribution (1 unique row-count(s)):
[INFO DPL-0393]   height 1 row(s): 10735 cells
[INFO DPL-0500] Runtime: 0.05s
Placement Analysis
---------------------------------
total displacement          0.0 u
average displacement        0.0 u
max displacement            0.0 u
original HPWL          186470.1 u
legalized HPWL         186470.1 u
delta HPWL                    0 %

global_route -end_incremental -congestion_report_file ./reports/sky130hd/riscv32i/base/congestion_post_repair_design.rpt
Repair setup and hold violations...
estimate_parasitics -global_routing
repair_timing -setup_margin 0 -hold_margin 0 -repair_tns 100 -verbose
[INFO RSZ-0100] Repair move sequence: UnbufferMove SizeUpMove SwapPinsMove BufferMove CloneMove SplitLoadMove 
[INFO RSZ-0098] No setup violations found
[INFO RSZ-0505] Runtime: 0.27s
[INFO RSZ-0033] No hold violations found.
[INFO RSZ-0506] Runtime: 0.11s
global_route -start_incremental
detailed_placement
[INFO DPL-0006] Core area: 139359.91 um^2
[INFO DPL-0007] Movable instances area: 72270.56 um^2
[INFO DPL-0008] Fixed instances area within core: 2347.25 um^2
[INFO DPL-0009] Utilization: 53.5%
[INFO DPL-0005] Diamond search max displacement: +/- 500 sites horizontally, +/- 100 rows vertically.
[INFO DPL-1102] Legalizing using negotiation legalizer.
[INFO DPL-1103] Negotiation base search window: +/-20 sites horizontally, +/-5 rows vertically 
	Automatic search window extension enabled.
	Search window extendable up to the max displacement cap of +/-500 sites, +/-100 rows near walls.
[INFO DPL-1104] NegotiationLegalizer DRC penalty: 5.
[INFO DPL-0392] Negotiation cell height distribution (1 unique row-count(s)):
[INFO DPL-0393]   height 1 row(s): 10735 cells
[INFO DPL-0500] Runtime: 0.05s
Placement Analysis
---------------------------------
total displacement          0.0 u
average displacement        0.0 u
max displacement            0.0 u
original HPWL          186470.1 u
legalized HPWL         186470.1 u
delta HPWL                    0 %

check_placement -verbose
global_route -end_incremental -congestion_report_file ./reports/sky130hd/riscv32i/base/congestion_post_repair_timing.rpt
estimate_parasitics -global_routing
global_route -start_incremental
global_route -end_incremental -congestion_report_file ./reports/sky130hd/riscv32i/base/congestion_post_recover_power.rpt
Repair antennas...
[INFO GRT-0012] Found 8 antenna violations.
[INFO GRT-0302] Inserted 6 jumpers for 6 nets.
[INFO GRT-0012] Found 2 antenna violations.
[INFO DPL-0006] Core area: 139359.91 um^2
[INFO DPL-0007] Movable instances area: 72250.54 um^2
[INFO DPL-0008] Fixed instances area within core: 2372.28 um^2
[INFO DPL-0009] Utilization: 53.5%
[INFO DPL-0005] Diamond search max displacement: +/- 500 sites horizontally, +/- 100 rows vertically.
[INFO DPL-1102] Legalizing using negotiation legalizer.
[INFO DPL-1103] Negotiation base search window: +/-20 sites horizontally, +/-5 rows vertically 
	Automatic search window extension enabled.
	Search window extendable up to the max displacement cap of +/-500 sites, +/-100 rows near walls.
[INFO DPL-1104] NegotiationLegalizer DRC penalty: 5.
[INFO DPL-0392] Negotiation cell height distribution (1 unique row-count(s)):
[INFO DPL-0393]   height 1 row(s): 10737 cells
[INFO DPL-0500] Runtime: 0.05s
[INFO GRT-0015] Inserted 2 diodes.
[INFO GRT-0012] Found 0 antenna violations.
[INFO ANT-0002] Found 0 net violations.
[INFO ANT-0001] Found 0 pin violations.
Estimate parasitics...
estimate_parasitics -global_routing
Report metrics stage 5, global route...

==========================================================================
global route report_design_area
--------------------------------------------------------------------------
Design area 74623 um^2 54% utilization.
[INFO FLW-0007] clock clk period 10.000000
[WARNING FLW-0010] more than one clock found. Skipping sdc update.
[INFO FLW-0011] Path endpoint path count 2321
write_db ./results/sky130hd/riscv32i/base/5_1_grt.odb
write_sdc -no_timestamp ./results/sky130hd/riscv32i/base/5_1_grt.sdc
Elapsed time: 0:39.97[h:]min:sec. CPU time: user 446.35 sys 3.85 (1126%). Peak memory: 506068KB.
Log                       Ext     Elapsed/s Peak Memory/MB sha1sum result [0:20)
5_1_grt                   .odb           39            494 3a57612ee8687d2c86fb
5_1_grt                   .sdc                             3b0cf7a8c7021b43d936
/home/lunarch/orfs-clean/flow/scripts/flow.sh 5_2_route detail_route
Running detail_route.tcl, stage 5_2_route
read_liberty /home/lunarch/orfs-clean/flow/platforms/sky130hd/lib/sky130_fd_sc_hd__tt_025C_1v80.lib
read_db ./results/sky130hd/riscv32i/base/5_1_grt.odb
read_sdc ./results/sky130hd/riscv32i/base/5_1_grt.sdc
source /home/lunarch/orfs-clean/flow/platforms/sky130hd/setRC.tcl
[WARNING STA-0450] virtual clock vclk_clk can not be propagated.
detailed_route -output_drc ./reports/sky130hd/riscv32i/base/5_route_drc.rpt -output_maze ./results/sky130hd/riscv32i/base/maze.log -droute_end_iter 64 -verbose 1 -drc_report_iter_step 5
[INFO DRT-0149] Reading tech and libs.
[WARNING DRT-0349] LEF58_ENCLOSURE with no CUTCLASS is not supported. Skipping for layer mcon
[WARNING DRT-0349] LEF58_ENCLOSURE with no CUTCLASS is not supported. Skipping for layer mcon
[WARNING DRT-0349] LEF58_ENCLOSURE with no CUTCLASS is not supported. Skipping for layer via
[WARNING DRT-0349] LEF58_ENCLOSURE with no CUTCLASS is not supported. Skipping for layer via
[WARNING DRT-0349] LEF58_ENCLOSURE with no CUTCLASS is not supported. Skipping for layer via2
[WARNING DRT-0349] LEF58_ENCLOSURE with no CUTCLASS is not supported. Skipping for layer via2
[WARNING DRT-0349] LEF58_ENCLOSURE with no CUTCLASS is not supported. Skipping for layer via3
[WARNING DRT-0349] LEF58_ENCLOSURE with no CUTCLASS is not supported. Skipping for layer via3
[WARNING DRT-0349] LEF58_ENCLOSURE with no CUTCLASS is not supported. Skipping for layer via4
[WARNING DRT-0349] LEF58_ENCLOSURE with no CUTCLASS is not supported. Skipping for layer via4

Units:                1000
Number of layers:     13
Number of macros:     441
Number of vias:       29
Number of viarulegen: 25

[INFO DRT-0150] Reading design.

Design:                   riscv
Die area:                 ( 0 0 ) ( 376625 376625 )
Number of track patterns: 12
Number of DEF vias:       0
Number of components:     10737
Number of terminals:      167
Number of snets:          2
Number of nets:           8932

[INFO DRT-0167] List of default vias:
  Layer via
    default via: M1M2_PR
  Layer via2
    default via: M2M3_PR
  Layer via3
    default via: M3M4_PR
  Layer via4
    default via: M4M5_PR
[INFO DRT-0162] Library cell analysis.
[INFO DRT-0163] Instance analysis.
[INFO DRT-0164] Number of unique instances = 118.
[INFO DRT-0168] Init region query.
[INFO DRT-0024]   Complete FR_MASTERSLICE.
[INFO DRT-0024]   Complete Fr_VIA.
[INFO DRT-0024]   Complete li1.
[INFO DRT-0024]   Complete mcon.
[INFO DRT-0024]   Complete met1.
[INFO DRT-0024]   Complete via.
[INFO DRT-0024]   Complete met2.
[INFO DRT-0024]   Complete via2.
[INFO DRT-0024]   Complete met3.
[INFO DRT-0024]   Complete via3.
[INFO DRT-0024]   Complete met4.
[INFO DRT-0024]   Complete via4.
[INFO DRT-0024]   Complete met5.
[INFO DRT-0033] FR_MASTERSLICE shape region query size = 0.
[INFO DRT-0033] FR_VIA shape region query size = 0.
[INFO DRT-0033] li1 shape region query size = 195463.
[INFO DRT-0033] mcon shape region query size = 129849.
[INFO DRT-0033] met1 shape region query size = 38331.
[INFO DRT-0033] via shape region query size = 9315.
[INFO DRT-0033] met2 shape region query size = 5668.
[INFO DRT-0033] via2 shape region query size = 7452.
[INFO DRT-0033] met3 shape region query size = 5675.
[INFO DRT-0033] via3 shape region query size = 7452.
[INFO DRT-0033] met4 shape region query size = 2255.
[INFO DRT-0033] via4 shape region query size = 365.
[INFO DRT-0033] met5 shape region query size = 419.
[INFO DRT-0165] Start pin access.
[INFO DRT-0078]   Complete 883 pins.
[INFO DRT-0079]   Complete 100 unique inst patterns.
[INFO DRT-0081]   Complete 118 unique inst patterns.
[INFO DRT-0084]   Complete 5182 groups.
#scanned instances     = 10737
#unique  instances     = 118
#stdCellGenAp          = 3684
#stdCellValidPlanarAp  = 59
#stdCellValidViaAp     = 2581
#stdCellPinNoAp        = 3
#stdCellPinCnt         = 29413
#instTermValidViaApCnt = 0
#macroGenAp            = 0
#macroValidPlanarAp    = 0
#macroValidViaAp       = 0
#macroNoAp             = 0
[INFO DRT-0166] Complete pin access.
[INFO DRT-0267] cpu time = 00:05:15, elapsed time = 00:00:25, memory = 303.95 (MB), peak = 302.23 (MB)

[INFO DRT-0157] Number of guides:     65309

[INFO DRT-0169] Post process guides.
[INFO DRT-0176] GCELLGRID X 0 DO 54 STEP 6900 ;
[INFO DRT-0177] GCELLGRID Y 0 DO 54 STEP 6900 ;
[INFO DRT-0028]   Complete FR_MASTERSLICE.
[INFO DRT-0028]   Complete Fr_VIA.
[INFO DRT-0028]   Complete li1.
[INFO DRT-0028]   Complete mcon.
[INFO DRT-0028]   Complete met1.
[INFO DRT-0028]   Complete via.
[INFO DRT-0028]   Complete met2.
[INFO DRT-0028]   Complete via2.
[INFO DRT-0028]   Complete met3.
[INFO DRT-0028]   Complete via3.
[INFO DRT-0028]   Complete met4.
[INFO DRT-0028]   Complete via4.
[INFO DRT-0028]   Complete met5.
[INFO DRT-0178] Init guide query.
[INFO DRT-0035]   Complete FR_MASTERSLICE (guide).
[INFO DRT-0035]   Complete Fr_VIA (guide).
[INFO DRT-0035]   Complete li1 (guide).
[INFO DRT-0035]   Complete mcon (guide).
[INFO DRT-0035]   Complete met1 (guide).
[INFO DRT-0035]   Complete via (guide).
[INFO DRT-0035]   Complete met2 (guide).
[INFO DRT-0035]   Complete via2 (guide).
[INFO DRT-0035]   Complete met3 (guide).
[INFO DRT-0035]   Complete via3 (guide).
[INFO DRT-0035]   Complete met4 (guide).
[INFO DRT-0035]   Complete via4 (guide).
[INFO DRT-0035]   Complete met5 (guide).
[INFO DRT-0036] FR_MASTERSLICE guide region query size = 0.
[INFO DRT-0036] FR_VIA guide region query size = 0.
[INFO DRT-0036] li1 guide region query size = 22723.
[INFO DRT-0036] mcon guide region query size = 0.
[INFO DRT-0036] met1 guide region query size = 18219.
[INFO DRT-0036] via guide region query size = 0.
[INFO DRT-0036] met2 guide region query size = 9438.
[INFO DRT-0036] via2 guide region query size = 0.
[INFO DRT-0036] met3 guide region query size = 960.
[INFO DRT-0036] via3 guide region query size = 0.
[INFO DRT-0036] met4 guide region query size = 409.
[INFO DRT-0036] via4 guide region query size = 0.
[INFO DRT-0036] met5 guide region query size = 3.
[INFO DRT-0179] Init gr pin query.
[INFO DRT-0267] cpu time = 00:00:00, elapsed time = 00:00:00, memory = 325.26 (MB), peak = 323.99 (MB)
[INFO DRT-0245] skipped writing guide updates to database.
[INFO DRT-0181] Start track assignment.
[INFO DRT-0184] Done with 32570 vertical wires in 2 frboxes and 19182 horizontal wires in 2 frboxes.
[INFO DRT-0186] Done with 3900 vertical wires in 2 frboxes and 7571 horizontal wires in 2 frboxes.
[INFO DRT-0182] Complete track assignment.
[INFO DRT-0267] cpu time = 00:00:03, elapsed time = 00:00:02, memory = 445.67 (MB), peak = 461.44 (MB)
[INFO DRT-0187] Start routing data preparation.
[INFO DRT-0267] cpu time = 00:00:00, elapsed time = 00:00:00, memory = 448.97 (MB), peak = 461.44 (MB)
[INFO DRT-0194] Start detail routing.
[INFO DRT-0195] Start 0th optimization iteration.
    Completing 10% with 0 violations.
    elapsed time = 00:00:11, memory = 1050.29 (MB).
    Completing 20% with 0 violations.
    elapsed time = 00:00:18, memory = 885.13 (MB).
    Completing 30% with 2171 violations.
    elapsed time = 00:00:28, memory = 1384.18 (MB).
    Completing 40% with 2171 violations.
    elapsed time = 00:00:35, memory = 1274.87 (MB).
    Completing 50% with 2171 violations.
    elapsed time = 00:00:43, memory = 1049.20 (MB).
    Completing 60% with 4414 violations.
    elapsed time = 00:00:55, memory = 1560.74 (MB).
    Completing 70% with 4414 violations.
    elapsed time = 00:01:06, memory = 1363.61 (MB).
    Completing 80% with 6723 violations.
    elapsed time = 00:01:18, memory = 1639.88 (MB).
    Completing 90% with 6723 violations.
    elapsed time = 00:01:33, memory = 1527.65 (MB).
    Completing 100% with 9160 violations.
    elapsed time = 00:01:40, memory = 1250.12 (MB).
[INFO DRT-0199]   Number of violations = 10026.
Viol/Layer         li1   mcon   met1    via   met2   met3   met4   met5
Cut Spacing          0      8      0      0      0      0      0      0
Metal Spacing        0      0   1714      0    420     19      3      0
Min Hole             0      0      1      0      1      0      0      0
Recheck              8      0    589      0    256      9      4      0
Short                0      1   6226     11    749      3      2      2
[INFO DRT-0267] cpu time = 00:14:59, elapsed time = 00:01:41, memory = 1538.37 (MB), peak = 1643.68 (MB)
Total wire length = 288939 um.
Total wire length on LAYER li1 = 0 um.
Total wire length on LAYER met1 = 131458 um.
Total wire length on LAYER met2 = 123618 um.
Total wire length on LAYER met3 = 20626 um.
Total wire length on LAYER met4 = 13201 um.
Total wire length on LAYER met5 = 34 um.
Total number of vias = 64449.
Up-via summary (total 64449):

------------------------
 FR_MASTERSLICE        0
            li1    29535
           met1    31793
           met2     2393
           met3      722
           met4        6
------------------------
               64449


[INFO DRT-0195] Start 1st optimization iteration.
    Completing 10% with 10026 violations.
    elapsed time = 00:00:07, memory = 1894.52 (MB).
    Completing 20% with 10026 violations.
    elapsed time = 00:00:17, memory = 1716.18 (MB).
    Completing 30% with 9430 violations.
    elapsed time = 00:00:27, memory = 1999.11 (MB).
    Completing 40% with 9430 violations.
    elapsed time = 00:00:37, memory = 1869.77 (MB).
    Completing 50% with 9430 violations.
    elapsed time = 00:00:46, memory = 1571.62 (MB).
    Completing 60% with 8651 violations.
    elapsed time = 00:00:56, memory = 1979.82 (MB).
    Completing 70% with 8651 violations.
    elapsed time = 00:01:06, memory = 1719.52 (MB).
    Completing 80% with 7895 violations.
    elapsed time = 00:01:22, memory = 2078.66 (MB).
    Completing 90% with 7895 violations.
    elapsed time = 00:01:29, memory = 1874.89 (MB).
    Completing 100% with 6679 violations.
    elapsed time = 00:01:38, memory = 1585.40 (MB).
[INFO DRT-0199]   Number of violations = 6679.
Viol/Layer        mcon   met1   met2   met3
Cut Spacing         12      0      0      0
Metal Spacing        0   1509    183      6
Short                0   4643    326      0
[INFO DRT-0267] cpu time = 00:13:37, elapsed time = 00:01:39, memory = 1586.07 (MB), peak = 2169.95 (MB)
Total wire length = 285625 um.
Total wire length on LAYER li1 = 0 um.
Total wire length on LAYER met1 = 128787 um.
Total wire length on LAYER met2 = 122551 um.
Total wire length on LAYER met3 = 21333 um.
Total wire length on LAYER met4 = 12938 um.
Total wire length on LAYER met5 = 13 um.
Total number of vias = 63577.
Up-via summary (total 63577):

------------------------
 FR_MASTERSLICE        0
            li1    29502
           met1    31030
           met2     2376
           met3      667
           met4        2
------------------------
               63577


[INFO DRT-0195] Start 2nd optimization iteration.
    Completing 10% with 6679 violations.
    elapsed time = 00:00:00, memory = 1941.66 (MB).
    Completing 20% with 6679 violations.
    elapsed time = 00:00:05, memory = 1893.46 (MB).
    Completing 30% with 6679 violations.
    elapsed time = 00:00:19, memory = 1586.07 (MB).
    Completing 40% with 6570 violations.
    elapsed time = 00:00:21, memory = 2086.82 (MB).
    Completing 50% with 6570 violations.
    elapsed time = 00:00:36, memory = 1779.19 (MB).
    Completing 60% with 6430 violations.
    elapsed time = 00:00:43, memory = 2089.95 (MB).
    Completing 70% with 6430 violations.
    elapsed time = 00:00:53, memory = 1981.02 (MB).
    Completing 80% with 6430 violations.
    elapsed time = 00:01:03, memory = 1589.27 (MB).
    Completing 90% with 6220 violations.
    elapsed time = 00:01:20, memory = 1943.69 (MB).
    Completing 100% with 5967 violations.
    elapsed time = 00:01:31, memory = 1590.76 (MB).
[INFO DRT-0199]   Number of violations = 5967.
Viol/Layer        mcon   met1   met2   met3
Cut Spacing         10      0      0      0
Metal Spacing        0   1220    176      3
Short                0   4291    267      0
[INFO DRT-0267] cpu time = 00:12:11, elapsed time = 00:01:31, memory = 1593.75 (MB), peak = 2183.21 (MB)
Total wire length = 284566 um.
Total wire length on LAYER li1 = 0 um.
Total wire length on LAYER met1 = 128037 um.
Total wire length on LAYER met2 = 122053 um.
Total wire length on LAYER met3 = 21609 um.
Total wire length on LAYER met4 = 12857 um.
Total wire length on LAYER met5 = 8 um.
Total number of vias = 63385.
Up-via summary (total 63385):

------------------------
 FR_MASTERSLICE        0
            li1    29516
           met1    30815
           met2     2411
           met3      641
           met4        2
------------------------
               63385


[INFO DRT-0195] Start 3rd optimization iteration.
    Completing 10% with 5967 violations.
    elapsed time = 00:00:11, memory = 2041.41 (MB).
    Completing 20% with 5967 violations.
    elapsed time = 00:00:16, memory = 1766.81 (MB).
    Completing 30% with 4815 violations.
    elapsed time = 00:00:26, memory = 1980.14 (MB).
    Completing 40% with 4815 violations.
    elapsed time = 00:00:31, memory = 1837.43 (MB).
    Completing 50% with 4815 violations.
    elapsed time = 00:00:37, memory = 1621.23 (MB).
    Completing 60% with 3658 violations.
    elapsed time = 00:00:45, memory = 2102.40 (MB).
    Completing 70% with 3658 violations.
    elapsed time = 00:00:53, memory = 1825.36 (MB).
    Completing 80% with 2184 violations.
    elapsed time = 00:01:05, memory = 2045.61 (MB).
    Completing 90% with 2184 violations.
    elapsed time = 00:01:11, memory = 1950.71 (MB).
    Completing 100% with 1015 violations.
    elapsed time = 00:01:25, memory = 1628.57 (MB).
[INFO DRT-0199]   Number of violations = 1015.
Viol/Layer        met1   met2   met3
Metal Spacing      359     66      6
Min Hole             1      0      0
Short              557     26      0
[INFO DRT-0267] cpu time = 00:10:28, elapsed time = 00:01:25, memory = 1628.57 (MB), peak = 2194.45 (MB)
Total wire length = 283536 um.
Total wire length on LAYER li1 = 0 um.
Total wire length on LAYER met1 = 111611 um.
Total wire length on LAYER met2 = 120735 um.
Total wire length on LAYER met3 = 37391 um.
Total wire length on LAYER met4 = 13789 um.
Total wire length on LAYER met5 = 8 um.
Total number of vias = 64917.
Up-via summary (total 64917):

------------------------
 FR_MASTERSLICE        0
            li1    29517
           met1    30255
           met2     4410
           met3      733
           met4        2
------------------------
               64917


[INFO DRT-0195] Start 4th optimization iteration.
    Completing 10% with 1015 violations.
    elapsed time = 00:00:00, memory = 1862.42 (MB).
    Completing 20% with 1015 violations.
    elapsed time = 00:00:02, memory = 1781.21 (MB).
    Completing 30% with 809 violations.
    elapsed time = 00:00:06, memory = 1628.57 (MB).
    Completing 40% with 809 violations.
    elapsed time = 00:00:07, memory = 1901.32 (MB).
    Completing 50% with 809 violations.
    elapsed time = 00:00:12, memory = 1633.26 (MB).
    Completing 60% with 578 violations.
    elapsed time = 00:00:12, memory = 1987.11 (MB).
    Completing 70% with 578 violations.
    elapsed time = 00:00:14, memory = 1744.89 (MB).
    Completing 80% with 333 violations.
    elapsed time = 00:00:23, memory = 2001.47 (MB).
    Completing 90% with 333 violations.
    elapsed time = 00:00:24, memory = 1821.43 (MB).
    Completing 100% with 47 violations.
    elapsed time = 00:00:31, memory = 1634.31 (MB).
[INFO DRT-0199]   Number of violations = 47.
Viol/Layer        met1
Metal Spacing       14
Short               33
[INFO DRT-0267] cpu time = 00:01:47, elapsed time = 00:00:31, memory = 1634.31 (MB), peak = 2194.45 (MB)
Total wire length = 283560 um.
Total wire length on LAYER li1 = 0 um.
Total wire length on LAYER met1 = 110898 um.
Total wire length on LAYER met2 = 120783 um.
Total wire length on LAYER met3 = 38061 um.
Total wire length on LAYER met4 = 13808 um.
Total wire length on LAYER met5 = 8 um.
Total number of vias = 64938.
Up-via summary (total 64938):

------------------------
 FR_MASTERSLICE        0
            li1    29518
           met1    30187
           met2     4499
           met3      732
           met4        2
------------------------
               64938


[INFO DRT-0195] Start 5th guides tiles iteration.
    Completing 10% with 47 violations.
    elapsed time = 00:00:00, memory = 1634.37 (MB).
    Completing 20% with 47 violations.
    elapsed time = 00:00:00, memory = 1634.37 (MB).
    Completing 30% with 47 violations.
    elapsed time = 00:00:00, memory = 1634.37 (MB).
    Completing 40% with 47 violations.
    elapsed time = 00:00:00, memory = 1634.37 (MB).
    Completing 50% with 47 violations.
    elapsed time = 00:00:01, memory = 1634.37 (MB).
    Completing 60% with 25 violations.
    elapsed time = 00:00:01, memory = 1634.37 (MB).
    Completing 70% with 25 violations.
    elapsed time = 00:00:01, memory = 1634.37 (MB).
    Completing 80% with 25 violations.
    elapsed time = 00:00:01, memory = 1634.37 (MB).
    Completing 90% with 25 violations.
    elapsed time = 00:00:03, memory = 1634.37 (MB).
    Completing 100% with 10 violations.
    elapsed time = 00:00:03, memory = 1634.37 (MB).
[INFO DRT-0199]   Number of violations = 10.
Viol/Layer        met1
Metal Spacing        5
Short                5
[INFO DRT-0267] cpu time = 00:00:05, elapsed time = 00:00:03, memory = 1634.43 (MB), peak = 2194.45 (MB)
Total wire length = 283542 um.
Total wire length on LAYER li1 = 0 um.
Total wire length on LAYER met1 = 110875 um.
Total wire length on LAYER met2 = 120784 um.
Total wire length on LAYER met3 = 38066 um.
Total wire length on LAYER met4 = 13808 um.
Total wire length on LAYER met5 = 8 um.
Total number of vias = 64939.
Up-via summary (total 64939):

------------------------
 FR_MASTERSLICE        0
            li1    29518
           met1    30187
           met2     4500
           met3      732
           met4        2
------------------------
               64939


[INFO DRT-0195] Start 6th guides tiles iteration.
    Completing 50% with 10 violations.
    elapsed time = 00:00:01, memory = 1634.43 (MB).
    Completing 100% with 10 violations.
    elapsed time = 00:00:03, memory = 1634.43 (MB).
[INFO DRT-0199]   Number of violations = 10.
Viol/Layer        met1
Metal Spacing        5
Short                5
[INFO DRT-0267] cpu time = 00:00:03, elapsed time = 00:00:03, memory = 1634.43 (MB), peak = 2194.45 (MB)
Total wire length = 283542 um.
Total wire length on LAYER li1 = 0 um.
Total wire length on LAYER met1 = 110875 um.
Total wire length on LAYER met2 = 120784 um.
Total wire length on LAYER met3 = 38066 um.
Total wire length on LAYER met4 = 13808 um.
Total wire length on LAYER met5 = 8 um.
Total number of vias = 64939.
Up-via summary (total 64939):

------------------------
 FR_MASTERSLICE        0
            li1    29518
           met1    30187
           met2     4500
           met3      732
           met4        2
------------------------
               64939


[INFO DRT-0195] Start 7th stubborn tiles iteration.
    Completing 10% with 10 violations.
    elapsed time = 00:00:03, memory = 2285.92 (MB).
    Completing 20% with 10 violations.
    elapsed time = 00:00:03, memory = 2346.49 (MB).
    Completing 30% with 10 violations.
    elapsed time = 00:00:06, memory = 2321.57 (MB).
    Completing 40% with 10 violations.
    elapsed time = 00:00:07, memory = 2337.09 (MB).
    Completing 50% with 10 violations.
    elapsed time = 00:00:13, memory = 2511.45 (MB).
    Completing 60% with 10 violations.
    elapsed time = 00:00:17, memory = 2725.11 (MB).
    Completing 70% with 10 violations.
    elapsed time = 00:00:29, memory = 2901.63 (MB).
    Completing 80% with 10 violations.
    elapsed time = 00:00:32, memory = 2638.11 (MB).
    Completing 90% with 10 violations.
    elapsed time = 00:00:47, memory = 2373.28 (MB).
    Completing 100% with 0 violations.
    elapsed time = 00:01:09, memory = 2103.68 (MB).
[INFO DRT-0199]   Number of violations = 0.
[INFO DRT-0267] cpu time = 00:10:21, elapsed time = 00:01:09, memory = 2104.81 (MB), peak = 3013.31 (MB)
Total wire length = 283538 um.
Total wire length on LAYER li1 = 0 um.
Total wire length on LAYER met1 = 110871 um.
Total wire length on LAYER met2 = 120793 um.
Total wire length on LAYER met3 = 38057 um.
Total wire length on LAYER met4 = 13808 um.
Total wire length on LAYER met5 = 8 um.
Total number of vias = 64940.
Up-via summary (total 64940):

------------------------
 FR_MASTERSLICE        0
            li1    29518
           met1    30187
           met2     4501
           met3      732
           met4        2
------------------------
               64940


[INFO DRT-0198] Complete detail routing.
Total wire length = 283538 um.
Total wire length on LAYER li1 = 0 um.
Total wire length on LAYER met1 = 110871 um.
Total wire length on LAYER met2 = 120793 um.
Total wire length on LAYER met3 = 38057 um.
Total wire length on LAYER met4 = 13808 um.
Total wire length on LAYER met5 = 8 um.
Total number of vias = 64940.
Up-via summary (total 64940):

------------------------
 FR_MASTERSLICE        0
            li1    29518
           met1    30187
           met2     4501
           met3      732
           met4        2
------------------------
               64940


[INFO DRT-0267] cpu time = 01:03:35, elapsed time = 00:08:05, memory = 2104.88 (MB), peak = 3013.31 (MB)

[INFO DRT-0180] Post processing.
[INFO DRT-0501] Runtime: 513.80s
Took 514 seconds: detailed_route -output_drc ./reports/sky130hd/riscv32i/base/5_route_drc.rpt -output_maze ./results/sky130hd/riscv32i/base/maze.log -droute_end_iter 64 -verbose 1 -drc_report_iter_step 5
[INFO GRT-0012] Found 8 antenna violations.
[INFO DPL-0006] Core area: 139359.91 um^2
[INFO DPL-0007] Movable instances area: 0.00 um^2
[INFO DPL-0008] Fixed instances area within core: 74645.34 um^2
[INFO DPL-0009] Utilization: 53.6%
[INFO DPL-0005] Diamond search max displacement: +/- 500 sites horizontally, +/- 100 rows vertically.
[INFO DPL-1102] Legalizing using negotiation legalizer.
[INFO DPL-1103] Negotiation base search window: +/-20 sites horizontally, +/-5 rows vertically 
	Automatic search window extension enabled.
	Search window extendable up to the max displacement cap of +/-500 sites, +/-100 rows near walls.
[INFO DPL-1104] NegotiationLegalizer DRC penalty: 5.
[INFO DPL-0392] Negotiation cell height distribution (1 unique row-count(s)):
[INFO DPL-0393]   height 1 row(s): 10746 cells
[INFO DPL-0500] Runtime: 0.04s
[INFO GRT-0015] Inserted 9 diodes.
[INFO DRT-0024]   Complete FR_MASTERSLICE.
[INFO DRT-0024]   Complete Fr_VIA.
[INFO DRT-0024]   Complete li1.
[INFO DRT-0024]   Complete mcon.
[INFO DRT-0024]   Complete met1.
[INFO DRT-0024]   Complete via.
[INFO DRT-0024]   Complete met2.
[INFO DRT-0024]   Complete via2.
[INFO DRT-0024]   Complete met3.
[INFO DRT-0024]   Complete via3.
[INFO DRT-0024]   Complete met4.
[INFO DRT-0024]   Complete via4.
[INFO DRT-0024]   Complete met5.
[INFO DRT-0165] Start pin access.
[INFO DRT-0078]   Complete 888 pins.
[INFO DRT-0079]   Complete 100 unique inst patterns.
[INFO DRT-0081]   Complete 119 unique inst patterns.
[INFO DRT-0084]   Complete 5185 groups.
#scanned instances     = 10746
#unique  instances     = 119
#stdCellGenAp          = 3696
#stdCellValidPlanarAp  = 59
#stdCellValidViaAp     = 2593
#stdCellPinNoAp        = 3
#stdCellPinCnt         = 29413
#instTermValidViaApCnt = 0
#macroGenAp            = 0
#macroValidPlanarAp    = 0
#macroValidViaAp       = 0
#macroNoAp             = 0
[INFO DRT-0166] Complete pin access.
[INFO DRT-0267] cpu time = 00:05:16, elapsed time = 00:00:25, memory = 1629.91 (MB), peak = 3013.31 (MB)

[INFO DRT-0157] Number of guides:     65219

[INFO DRT-0169] Post process guides.
[INFO DRT-0176] GCELLGRID X 0 DO 54 STEP 6900 ;
[INFO DRT-0177] GCELLGRID Y 0 DO 54 STEP 6900 ;
[INFO DRT-0028]   Complete FR_MASTERSLICE.
[INFO DRT-0028]   Complete Fr_VIA.
[INFO DRT-0028]   Complete li1.
[INFO DRT-0028]   Complete mcon.
[INFO DRT-0028]   Complete met1.
[INFO DRT-0028]   Complete via.
[INFO DRT-0028]   Complete met2.
[INFO DRT-0028]   Complete via2.
[INFO DRT-0028]   Complete met3.
[INFO DRT-0028]   Complete via3.
[INFO DRT-0028]   Complete met4.
[INFO DRT-0028]   Complete via4.
[INFO DRT-0028]   Complete met5.
[INFO DRT-0178] Init guide query.
[INFO DRT-0035]   Complete FR_MASTERSLICE (guide).
[INFO DRT-0035]   Complete Fr_VIA (guide).
[INFO DRT-0035]   Complete li1 (guide).
[INFO DRT-0035]   Complete mcon (guide).
[INFO DRT-0035]   Complete met1 (guide).
[INFO DRT-0035]   Complete via (guide).
[INFO DRT-0035]   Complete met2 (guide).
[INFO DRT-0035]   Complete via2 (guide).
[INFO DRT-0035]   Complete met3 (guide).
[INFO DRT-0035]   Complete via3 (guide).
[INFO DRT-0035]   Complete met4 (guide).
[INFO DRT-0035]   Complete via4 (guide).
[INFO DRT-0035]   Complete met5 (guide).
[INFO DRT-0036] FR_MASTERSLICE guide region query size = 0.
[INFO DRT-0036] FR_VIA guide region query size = 0.
[INFO DRT-0036] li1 guide region query size = 22727.
[INFO DRT-0036] mcon guide region query size = 0.
[INFO DRT-0036] met1 guide region query size = 18213.
[INFO DRT-0036] via guide region query size = 0.
[INFO DRT-0036] met2 guide region query size = 9423.
[INFO DRT-0036] via2 guide region query size = 0.
[INFO DRT-0036] met3 guide region query size = 937.
[INFO DRT-0036] via3 guide region query size = 0.
[INFO DRT-0036] met4 guide region query size = 396.
[INFO DRT-0036] via4 guide region query size = 0.
[INFO DRT-0036] met5 guide region query size = 2.
[INFO DRT-0179] Init gr pin query.
[INFO DRT-0267] cpu time = 00:00:00, elapsed time = 00:00:00, memory = 1629.91 (MB), peak = 3013.31 (MB)
[INFO DRT-0245] skipped writing guide updates to database.
[INFO DRT-0181] Start track assignment.
[INFO DRT-0184] Done with 32546 vertical wires in 2 frboxes and 19152 horizontal wires in 2 frboxes.
[INFO DRT-0186] Done with 3952 vertical wires in 2 frboxes and 7630 horizontal wires in 2 frboxes.
[INFO DRT-0182] Complete track assignment.
[INFO DRT-0267] cpu time = 00:00:03, elapsed time = 00:00:02, memory = 1629.86 (MB), peak = 3013.31 (MB)
[INFO DRT-0187] Start routing data preparation.
[INFO DRT-0267] cpu time = 00:00:00, elapsed time = 00:00:00, memory = 1629.86 (MB), peak = 3013.31 (MB)
[INFO DRT-0194] Start detail routing.
[INFO DRT-0195] Start 0th optimization iteration.
    Completing 10% with 0 violations.
    elapsed time = 00:00:01, memory = 1846.93 (MB).
    Completing 20% with 0 violations.
    elapsed time = 00:00:03, memory = 1743.23 (MB).
    Completing 30% with 216 violations.
    elapsed time = 00:00:05, memory = 2054.16 (MB).
    Completing 40% with 216 violations.
    elapsed time = 00:00:07, memory = 1890.46 (MB).
    Completing 50% with 216 violations.
    elapsed time = 00:00:08, memory = 1677.02 (MB).
    Completing 60% with 490 violations.
    elapsed time = 00:00:09, memory = 2008.54 (MB).
    Completing 70% with 490 violations.
    elapsed time = 00:00:11, memory = 1839.62 (MB).
    Completing 80% with 727 violations.
    elapsed time = 00:00:17, memory = 2093.46 (MB).
    Completing 90% with 727 violations.
    elapsed time = 00:00:19, memory = 1962.08 (MB).
    Completing 100% with 983 violations.
    elapsed time = 00:00:22, memory = 1677.02 (MB).
[INFO DRT-0199]   Number of violations = 1098.
Viol/Layer        met1   met2   met3   met4
Metal Spacing      140     64      1      0
Recheck             66     46      2      1
Short              494    281      2      1
[INFO DRT-0267] cpu time = 00:02:10, elapsed time = 00:00:22, memory = 1781.86 (MB), peak = 3013.31 (MB)
Total wire length = 284066 um.
Total wire length on LAYER li1 = 0 um.
Total wire length on LAYER met1 = 112605 um.
Total wire length on LAYER met2 = 121643 um.
Total wire length on LAYER met3 = 36680 um.
Total wire length on LAYER met4 = 13128 um.
Total wire length on LAYER met5 = 8 um.
Total number of vias = 65022.
Up-via summary (total 65022):

------------------------
 FR_MASTERSLICE        0
            li1    29532
           met1    30419
           met2     4361
           met3      708
           met4        2
------------------------
               65022


[INFO DRT-0195] Start 1st optimization iteration.
    Completing 10% with 1098 violations.
    elapsed time = 00:00:00, memory = 2075.65 (MB).
    Completing 20% with 1098 violations.
    elapsed time = 00:00:02, memory = 1927.19 (MB).
    Completing 30% with 963 violations.
    elapsed time = 00:00:05, memory = 2135.32 (MB).
    Completing 40% with 963 violations.
    elapsed time = 00:00:06, memory = 2046.11 (MB).
    Completing 50% with 963 violations.
    elapsed time = 00:00:08, memory = 1781.86 (MB).
    Completing 60% with 743 violations.
    elapsed time = 00:00:09, memory = 2158.14 (MB).
    Completing 70% with 743 violations.
    elapsed time = 00:00:11, memory = 1952.65 (MB).
    Completing 80% with 624 violations.
    elapsed time = 00:00:15, memory = 2300.99 (MB).
    Completing 90% with 624 violations.
    elapsed time = 00:00:16, memory = 2063.31 (MB).
    Completing 100% with 407 violations.
    elapsed time = 00:00:19, memory = 1793.11 (MB).
[INFO DRT-0199]   Number of violations = 407.
Viol/Layer        met1   met2
Metal Spacing       68     24
Short              251     64
[INFO DRT-0267] cpu time = 00:01:53, elapsed time = 00:00:19, memory = 1793.23 (MB), peak = 3013.31 (MB)
Total wire length = 283824 um.
Total wire length on LAYER li1 = 0 um.
Total wire length on LAYER met1 = 112385 um.
Total wire length on LAYER met2 = 121605 um.
Total wire length on LAYER met3 = 36715 um.
Total wire length on LAYER met4 = 13109 um.
Total wire length on LAYER met5 = 8 um.
Total number of vias = 64974.
Up-via summary (total 64974):

------------------------
 FR_MASTERSLICE        0
            li1    29530
           met1    30373
           met2     4361
           met3      708
           met4        2
------------------------
               64974


[INFO DRT-0195] Start 2nd optimization iteration.
    Completing 10% with 407 violations.
    elapsed time = 00:00:00, memory = 1793.23 (MB).
    Completing 20% with 407 violations.
    elapsed time = 00:00:00, memory = 1793.23 (MB).
    Completing 30% with 407 violations.
    elapsed time = 00:00:03, memory = 1793.23 (MB).
    Completing 40% with 356 violations.
    elapsed time = 00:00:03, memory = 1793.23 (MB).
    Completing 50% with 356 violations.
    elapsed time = 00:00:05, memory = 1978.86 (MB).
    Completing 60% with 302 violations.
    elapsed time = 00:00:07, memory = 1793.23 (MB).
    Completing 70% with 302 violations.
    elapsed time = 00:00:07, memory = 1793.23 (MB).
    Completing 80% with 302 violations.
    elapsed time = 00:00:12, memory = 1793.23 (MB).
    Completing 90% with 295 violations.
    elapsed time = 00:00:13, memory = 2146.21 (MB).
    Completing 100% with 248 violations.
    elapsed time = 00:00:15, memory = 1793.23 (MB).
[INFO DRT-0199]   Number of violations = 248.
Viol/Layer        met1   met2
Metal Spacing       45     23
Short              137     43
[INFO DRT-0267] cpu time = 00:01:05, elapsed time = 00:00:15, memory = 1793.23 (MB), peak = 3013.31 (MB)
Total wire length = 283816 um.
Total wire length on LAYER li1 = 0 um.
Total wire length on LAYER met1 = 112290 um.
Total wire length on LAYER met2 = 121567 um.
Total wire length on LAYER met3 = 36810 um.
Total wire length on LAYER met4 = 13139 um.
Total wire length on LAYER met5 = 8 um.
Total number of vias = 64972.
Up-via summary (total 64972):

------------------------
 FR_MASTERSLICE        0
            li1    29531
           met1    30357
           met2     4372
           met3      710
           met4        2
------------------------
               64972


[INFO DRT-0195] Start 3rd optimization iteration.
    Completing 10% with 248 violations.
    elapsed time = 00:00:00, memory = 1793.23 (MB).
    Completing 20% with 248 violations.
    elapsed time = 00:00:01, memory = 1924.87 (MB).
    Completing 30% with 199 violations.
    elapsed time = 00:00:02, memory = 1793.23 (MB).
    Completing 40% with 199 violations.
    elapsed time = 00:00:03, memory = 2049.51 (MB).
    Completing 50% with 199 violations.
    elapsed time = 00:00:04, memory = 1793.23 (MB).
    Completing 60% with 126 violations.
    elapsed time = 00:00:04, memory = 1793.23 (MB).
    Completing 70% with 126 violations.
    elapsed time = 00:00:06, memory = 1935.14 (MB).
    Completing 80% with 75 violations.
    elapsed time = 00:00:06, memory = 1793.23 (MB).
    Completing 90% with 75 violations.
    elapsed time = 00:00:08, memory = 2081.18 (MB).
    Completing 100% with 26 violations.
    elapsed time = 00:00:12, memory = 1793.23 (MB).
[INFO DRT-0199]   Number of violations = 26.
Viol/Layer        met1
Metal Spacing       12
Short               14
[INFO DRT-0267] cpu time = 00:00:53, elapsed time = 00:00:12, memory = 1796.11 (MB), peak = 3013.31 (MB)
Total wire length = 283726 um.
Total wire length on LAYER li1 = 0 um.
Total wire length on LAYER met1 = 111534 um.
Total wire length on LAYER met2 = 121186 um.
Total wire length on LAYER met3 = 37565 um.
Total wire length on LAYER met4 = 13430 um.
Total wire length on LAYER met5 = 8 um.
Total number of vias = 65052.
Up-via summary (total 65052):

------------------------
 FR_MASTERSLICE        0
            li1    29530
           met1    30330
           met2     4464
           met3      726
           met4        2
------------------------
               65052


[INFO DRT-0195] Start 4th guides tiles iteration.
    Completing 10% with 26 violations.
    elapsed time = 00:00:00, memory = 1796.11 (MB).
    Completing 30% with 26 violations.
    elapsed time = 00:00:00, memory = 1796.11 (MB).
    Completing 50% with 26 violations.
    elapsed time = 00:00:00, memory = 1796.11 (MB).
    Completing 60% with 26 violations.
    elapsed time = 00:00:00, memory = 1796.11 (MB).
    Completing 80% with 5 violations.
    elapsed time = 00:00:00, memory = 1796.11 (MB).
    Completing 100% with 5 violations.
    elapsed time = 00:00:00, memory = 1796.11 (MB).
[INFO DRT-0199]   Number of violations = 5.
Viol/Layer        met1
Metal Spacing        3
Short                2
[INFO DRT-0267] cpu time = 00:00:01, elapsed time = 00:00:00, memory = 1796.11 (MB), peak = 3013.31 (MB)
Total wire length = 283724 um.
Total wire length on LAYER li1 = 0 um.
Total wire length on LAYER met1 = 111523 um.
Total wire length on LAYER met2 = 121188 um.
Total wire length on LAYER met3 = 37573 um.
Total wire length on LAYER met4 = 13430 um.
Total wire length on LAYER met5 = 8 um.
Total number of vias = 65054.
Up-via summary (total 65054):

------------------------
 FR_MASTERSLICE        0
            li1    29530
           met1    30332
           met2     4464
           met3      726
           met4        2
------------------------
               65054


[INFO DRT-0195] Start 5th guides tiles iteration.
    Completing 50% with 5 violations.
    elapsed time = 00:00:00, memory = 1796.11 (MB).
    Completing 100% with 5 violations.
    elapsed time = 00:00:00, memory = 1796.11 (MB).
[INFO DRT-0199]   Number of violations = 5.
Viol/Layer        met1
Metal Spacing        3
Short                2
[INFO DRT-0267] cpu time = 00:00:00, elapsed time = 00:00:00, memory = 1796.11 (MB), peak = 3013.31 (MB)
Total wire length = 283724 um.
Total wire length on LAYER li1 = 0 um.
Total wire length on LAYER met1 = 111523 um.
Total wire length on LAYER met2 = 121188 um.
Total wire length on LAYER met3 = 37573 um.
Total wire length on LAYER met4 = 13430 um.
Total wire length on LAYER met5 = 8 um.
Total number of vias = 65054.
Up-via summary (total 65054):

------------------------
 FR_MASTERSLICE        0
            li1    29530
           met1    30332
           met2     4464
           met3      726
           met4        2
------------------------
               65054


[INFO DRT-0195] Start 6th stubborn tiles iteration.
    Completing 10% with 5 violations.
    elapsed time = 00:00:01, memory = 2452.55 (MB).
    Completing 20% with 5 violations.
    elapsed time = 00:00:02, memory = 2366.50 (MB).
    Completing 30% with 5 violations.
    elapsed time = 00:00:03, memory = 2449.21 (MB).
    Completing 40% with 5 violations.
    elapsed time = 00:00:04, memory = 2517.91 (MB).
    Completing 50% with 5 violations.
    elapsed time = 00:00:05, memory = 2574.91 (MB).
    Completing 60% with 5 violations.
    elapsed time = 00:00:05, memory = 2610.76 (MB).
    Completing 70% with 5 violations.
    elapsed time = 00:00:06, memory = 2557.70 (MB).
    Completing 80% with 5 violations.
    elapsed time = 00:00:07, memory = 2440.30 (MB).
    Completing 90% with 5 violations.
    elapsed time = 00:00:11, memory = 2243.91 (MB).
    Completing 100% with 0 violations.
    elapsed time = 00:00:14, memory = 2103.83 (MB).
[INFO DRT-0199]   Number of violations = 0.
[INFO DRT-0267] cpu time = 00:02:25, elapsed time = 00:00:14, memory = 2103.83 (MB), peak = 3013.31 (MB)
Total wire length = 283722 um.
Total wire length on LAYER li1 = 0 um.
Total wire length on LAYER met1 = 111520 um.
Total wire length on LAYER met2 = 121190 um.
Total wire length on LAYER met3 = 37573 um.
Total wire length on LAYER met4 = 13430 um.
Total wire length on LAYER met5 = 8 um.
Total number of vias = 65054.
Up-via summary (total 65054):

------------------------
 FR_MASTERSLICE        0
            li1    29530
           met1    30332
           met2     4464
           met3      726
           met4        2
------------------------
               65054


[INFO DRT-0198] Complete detail routing.
Total wire length = 283722 um.
Total wire length on LAYER li1 = 0 um.
Total wire length on LAYER met1 = 111520 um.
Total wire length on LAYER met2 = 121190 um.
Total wire length on LAYER met3 = 37573 um.
Total wire length on LAYER met4 = 13430 um.
Total wire length on LAYER met5 = 8 um.
Total number of vias = 65054.
Up-via summary (total 65054):

------------------------
 FR_MASTERSLICE        0
            li1    29530
           met1    30332
           met2     4464
           met3      726
           met4        2
------------------------
               65054


[INFO DRT-0267] cpu time = 00:08:32, elapsed time = 00:01:25, memory = 2103.83 (MB), peak = 3013.31 (MB)

[INFO DRT-0180] Post processing.
[INFO DRT-0501] Runtime: 114.28s
[INFO ANT-0002] Found 0 net violations.
[INFO ANT-0001] Found 0 pin violations.
[INFO ANT-0002] Found 0 net violations.
[INFO ANT-0001] Found 0 pin violations.
Design area 74645 um^2 54% utilization.
write_db ./results/sky130hd/riscv32i/base/5_2_route.odb
Elapsed time: 10:32.96[h:]min:sec. CPU time: user 5011.45 sys 19.75 (794%). Peak memory: 3085628KB.
Log                       Ext     Elapsed/s Peak Memory/MB sha1sum result [0:20)
5_2_route                 .odb          632           3013 f98afb36fa0ed4fe01b5
/home/lunarch/orfs-clean/flow/scripts/flow.sh 5_3_fillcell fillcell
Running fillcell.tcl, stage 5_3_fillcell
read_liberty /home/lunarch/orfs-clean/flow/platforms/sky130hd/lib/sky130_fd_sc_hd__tt_025C_1v80.lib
read_db ./results/sky130hd/riscv32i/base/5_2_route.odb
read_sdc ./results/sky130hd/riscv32i/base/5_1_grt.sdc
source /home/lunarch/orfs-clean/flow/platforms/sky130hd/setRC.tcl
[WARNING STA-0450] virtual clock vclk_clk can not be propagated.
filler_placement "sky130_fd_sc_hd__fill_1 sky130_fd_sc_hd__fill_2 sky130_fd_sc_hd__fill_4 sky130_fd_sc_hd__fill_8"
[INFO DPL-0001] Placed 12776 filler instances.
Design area 74645 um^2 54% utilization.
write_db ./results/sky130hd/riscv32i/base/5_3_fillcell.odb
Elapsed time: 0:00.48[h:]min:sec. CPU time: user 0.40 sys 0.08 (99%). Peak memory: 171540KB.
Log                       Ext     Elapsed/s Peak Memory/MB sha1sum result [0:20)
5_3_fillcell              .odb            0            167 949d3f87599b984e2007
cp ./results/sky130hd/riscv32i/base/5_3_fillcell.odb ./results/sky130hd/riscv32i/base/5_route.odb
cp ./results/sky130hd/riscv32i/base/5_1_grt.sdc ./results/sky130hd/riscv32i/base/5_route.sdc
/home/lunarch/orfs-clean/flow/scripts/flow.sh 6_1_fill density_fill
Running density_fill.tcl, stage 6_1_fill
read_liberty /home/lunarch/orfs-clean/flow/platforms/sky130hd/lib/sky130_fd_sc_hd__tt_025C_1v80.lib
read_db ./results/sky130hd/riscv32i/base/5_route.odb
read_sdc ./results/sky130hd/riscv32i/base/5_route.sdc
source /home/lunarch/orfs-clean/flow/platforms/sky130hd/setRC.tcl
exec cp ./results/sky130hd/riscv32i/base/5_route.odb ./results/sky130hd/riscv32i/base/6_1_fill.odb
Elapsed time: 0:00.42[h:]min:sec. CPU time: user 0.33 sys 0.09 (99%). Peak memory: 153000KB.
Log                       Ext     Elapsed/s Peak Memory/MB sha1sum result [0:20)
6_1_fill                  .odb            0            149 949d3f87599b984e2007
cp ./results/sky130hd/riscv32i/base/5_route.sdc ./results/sky130hd/riscv32i/base/6_1_fill.sdc
/home/lunarch/orfs-clean/flow/scripts/flow.sh 6_report final_report
Running final_report.tcl, stage 6_report
read_liberty /home/lunarch/orfs-clean/flow/platforms/sky130hd/lib/sky130_fd_sc_hd__tt_025C_1v80.lib
read_db ./results/sky130hd/riscv32i/base/6_1_fill.odb
read_sdc ./results/sky130hd/riscv32i/base/6_1_fill.sdc
source /home/lunarch/orfs-clean/flow/platforms/sky130hd/setRC.tcl
[WARNING STA-0450] virtual clock vclk_clk can not be propagated.
write_db ./results/sky130hd/riscv32i/base/6_final.odb
write_sdc -no_timestamp ./results/sky130hd/riscv32i/base/6_final.sdc
Deleted 0 routing obstructions
Warning: master sky130_ef_sc_hd__decap_12 has signal pins but no liberty cell
Warning: master sky130_ef_sc_hd__decap_12 has signal pins but no liberty cell
Global output passed lec test
[INFO RCX-0431] Defined process_corner X with ext_model_index 0
[INFO RCX-0029] Defined extraction corner X
[INFO RCX-0435] Reading extraction model file /home/lunarch/orfs-clean/flow/platforms/sky130hd/rcx_patterns.rules ...
[INFO RCX-0436] RC segment generation riscv (max_merge_res 50.0) ...
[INFO RCX-0040] Final 34774 rc segments
[INFO RCX-0439] Coupling Cap extraction riscv ...
[INFO RCX-0440] Coupling threshhold is 0.1000 fF, coupling capacitance less than 0.1000 fF will be grounded.
[INFO RCX-0442] 53% of 74427 wires extracted
[INFO RCX-0442] 100% of 74427 wires extracted
[INFO RCX-0045] Extract 8932 nets, 43666 rsegs, 43666 caps, 87071 ccs
[INFO RCX-0443] 8932 nets finished
[INFO PSM-0040] All shapes on net VDD are connected.
########## IR report #################
Net              : VDD
Corner           : default
Total power      : 1.33e-02 W
Supply voltage   : 1.80e+00 V
Worstcase voltage: 1.80e+00 V
Average voltage  : 1.80e+00 V
Average IR drop  : 2.11e-05 V
Worstcase IR drop: 2.15e-04 V
Percentage drop  : 0.01 %
######################################
[INFO PSM-0040] All shapes on net VSS are connected.
########## IR report #################
Net              : VSS
Corner           : default
Total power      : 1.33e-02 W
Supply voltage   : 0.00e+00 V
Worstcase voltage: 2.16e-04 V
Average voltage  : 1.81e-05 V
Average IR drop  : 1.81e-05 V
Worstcase IR drop: 2.16e-04 V
Percentage drop  : 0.01 %
######################################
Cell type report:                       Count        Area
  Fill cell                             12776    64714.57
  Tap cell                               1876     2347.25
  Antenna cell                             11       27.53
  Clock buffer                            127     2901.53
  Timing Repair Buffer                    342     2947.83
  Inverter                                843     3166.79
  Clock inverter                           87      919.63
  Sequential cell                        1056    31550.26
  Multi-Input combinational cell         6404    30784.52
  Total                                 23522   139359.91
Report metrics stage 6, finish...

==========================================================================
finish report_design_area
--------------------------------------------------------------------------
Design area 74645 um^2 54% utilization.
[WARNING GUI-0076] QStandardPaths: wrong permissions on runtime directory /mnt/wslg/runtime-dir, 0777 instead of 0700
Elapsed time: 0:08.37[h:]min:sec. CPU time: user 13.54 sys 2.32 (189%). Peak memory: 422580KB.
Log                       Ext     Elapsed/s Peak Memory/MB sha1sum result [0:20)
6_report                                  8            412                  N/A
/usr/bin/python3 /home/lunarch/orfs-clean/flow/scripts/run_command.py --log /home/lunarch/orfs-clean/flow/logs/sky130hd/riscv32i/base/6_1_merge.log --tee -- \
        /home/lunarch/orfs-clean/flow/scripts/klayout.sh -zz -rd design_name=riscv \
        -rd in_def=./results/sky130hd/riscv32i/base/6_final.def \
        -rd in_files="/home/lunarch/orfs-clean/flow/platforms/sky130hd/gds/sky130_fd_sc_hd.gds  " \
        -rd seal_file="" \
        -rd out_file=./results/sky130hd/riscv32i/base/6_1_merged.gds \
        -rd tech_file=./objects/sky130hd/riscv32i/base/klayout.lyt \
        -rd layer_map= \
        -r /home/lunarch/orfs-clean/flow/util/def2stream.py
KLayout 0.28.16
[INFO] Reporting cells prior to loading DEF ...
	/home/lunarch/orfs-clean/flow/platforms/sky130hd/gds/sky130_fd_sc_hd.gds
[INFO] All LEF cells have matching GDS/OAS cells
[INFO] No orphan cells in the final layout
Elapsed time: 0:01.67[h:]min:sec. CPU time: user 1.54 sys 0.13 (99%). Peak memory: 449136KB.
cp results/sky130hd/riscv32i/base/6_1_merged.gds results/sky130hd/riscv32i/base/6_final.gds
No elapsed time found in logs/sky130hd/riscv32i/base/6_final_lec_check.log
No elapsed time found in logs/sky130hd/riscv32i/base/6_final_sec_check.log
./logs/sky130hd/riscv32i/base
Log                       Ext     Elapsed/s Peak Memory/MB sha1sum result [0:20)
1_1_yosys_canonicalize    .rtlil          0             57 34be139bbb8b29975e29
1_2_yosys                 .v              6            132 fa79df72aabdb04f845c
1_2_yosys                 .sdc                             9d63f803e1e24ee0abcb
1_synth                   .odb            0            144 abec1da8e8f5dc5f7cfc
1_synth                   .sdc                             ab5071adac6b193f64c5
2_1_floorplan             .odb            1            155 24233015a031a89ea4e2
2_1_floorplan             .sdc                             ab5071adac6b193f64c5
2_2_floorplan_macro       .odb            0            131 24233015a031a89ea4e2
2_3_floorplan_tapcell     .odb            0            130 646f8efd3560505fce6a
2_4_floorplan_pdn         .odb            0            139 e0104ea326745b9d2899
3_1_place_gp_skip_io      .odb            0            149 1e5cbf3142cf9594d092
3_2_place_iop             .odb            0            133 5dd677a7bb1d2fb4532f
3_3_place_gp              .odb            9            412 7083f5ae215e9b8202ac
3_4_place_resized         .odb            3            177 7083f5ae215e9b8202ac
3_5_place_dp              .odb            4            182 6d950769f48bd66c1ec4
4_1_cts                   .odb            6            201 16861c1b2b2f9add76d9
5_1_grt                   .odb           39            494 3a57612ee8687d2c86fb
5_1_grt                   .sdc                             3b0cf7a8c7021b43d936
5_2_route                 .odb          632           3013 f98afb36fa0ed4fe01b5
5_3_fillcell              .odb            0            167 949d3f87599b984e2007
6_1_fill                  .odb            0            149 949d3f87599b984e2007
6_1_fill                  .sdc                             3b0cf7a8c7021b43d936
6_1_merge                                 1            438                  N/A
6_cdl                                     0            146                  N/A
6_drc                                    50            881                  N/A
6_lvs                                    17            517                  N/A
6_report                                  8            412                  N/A
Total                                   776           3013                     
p10_area exit=0
