mkdir -p ./results/sky130hd/riscv32i/base/
echo 7.0 > ./results/sky130hd/riscv32i/base/clock_period.txt
/home/lunarch/orfs-clean/flow/scripts/synth.sh /home/lunarch/orfs-clean/flow/scripts/synth_canonicalize.tcl ./logs/sky130hd/riscv32i/base/1_1_yosys_canonicalize.log
Using ABC speed script.
Extracting clock period from SDC file: ./results/sky130hd/riscv32i/base/clock_period.txt
Setting clock period to 7.0
1. Executing Liberty frontend: /home/lunarch/orfs-clean/flow/platforms/sky130hd/lib/sky130_fd_sc_hd__tt_025C_1v80.lib
2. Executing Liberty frontend: /home/lunarch/orfs-clean/flow/platforms/sky130hd/lib/sky130_fd_sc_hd__tt_025C_1v80.lib
3. Executing Verilog-2005 frontend: /home/lunarch/orfs-clean/flow/designs/src/riscv32i/adder.v
4. Executing Verilog-2005 frontend: /home/lunarch/orfs-clean/flow/designs/src/riscv32i/alu.v
5. Executing Verilog-2005 frontend: /home/lunarch/orfs-clean/flow/designs/src/riscv32i/aludec.v
6. Executing Verilog-2005 frontend: /home/lunarch/orfs-clean/flow/designs/src/riscv32i/controller.v
7. Executing Verilog-2005 frontend: /home/lunarch/orfs-clean/flow/designs/src/riscv32i/datapath.v
8. Executing Verilog-2005 frontend: /home/lunarch/orfs-clean/flow/designs/src/riscv32i/dmem.v
9. Executing Verilog-2005 frontend: /home/lunarch/orfs-clean/flow/designs/src/riscv32i/flopenr.v
10. Executing Verilog-2005 frontend: /home/lunarch/orfs-clean/flow/designs/src/riscv32i/flopens.v
11. Executing Verilog-2005 frontend: /home/lunarch/orfs-clean/flow/designs/src/riscv32i/flopr.v
12. Executing Verilog-2005 frontend: /home/lunarch/orfs-clean/flow/designs/src/riscv32i/magcompare2b.v
13. Executing Verilog-2005 frontend: /home/lunarch/orfs-clean/flow/designs/src/riscv32i/magcompare2c.v
14. Executing Verilog-2005 frontend: /home/lunarch/orfs-clean/flow/designs/src/riscv32i/magcompare32.v
15. Executing Verilog-2005 frontend: /home/lunarch/orfs-clean/flow/designs/src/riscv32i/maindec.v
16. Executing Verilog-2005 frontend: /home/lunarch/orfs-clean/flow/designs/src/riscv32i/mux2.v
17. Executing Verilog-2005 frontend: /home/lunarch/orfs-clean/flow/designs/src/riscv32i/mux3.v
18. Executing Verilog-2005 frontend: /home/lunarch/orfs-clean/flow/designs/src/riscv32i/mux4.v
19. Executing Verilog-2005 frontend: /home/lunarch/orfs-clean/flow/designs/src/riscv32i/mux5.v
20. Executing Verilog-2005 frontend: /home/lunarch/orfs-clean/flow/designs/src/riscv32i/mux8.v
21. Executing Verilog-2005 frontend: /home/lunarch/orfs-clean/flow/designs/src/riscv32i/regfile.v
22. Executing Verilog-2005 frontend: /home/lunarch/orfs-clean/flow/designs/src/riscv32i/riscv.v
23. Executing Verilog-2005 frontend: /home/lunarch/orfs-clean/flow/designs/src/riscv32i/rom.v
24. Executing Verilog-2005 frontend: /home/lunarch/orfs-clean/flow/designs/src/riscv32i/shifter.v
25. Executing Verilog-2005 frontend: /home/lunarch/orfs-clean/flow/designs/src/riscv32i/signext.v
26. Executing Verilog-2005 frontend: /home/lunarch/orfs-clean/flow/designs/src/riscv32i/top.v
27. Executing Verilog-2005 frontend: /home/lunarch/orfs-clean/flow/platforms/sky130hd/cells_clkgate_hd.v
28. Executing HIERARCHY pass (managing design hierarchy).
29. Executing AST frontend in derive mode using pre-parsed AST for module `\riscv'.
29.1. Analyzing design hierarchy..
29.2. Executing AST frontend in derive mode using pre-parsed AST for module `\datapath'.
29.3. Executing AST frontend in derive mode using pre-parsed AST for module `\controller'.
29.4. Analyzing design hierarchy..
29.5. Executing AST frontend in derive mode using pre-parsed AST for module `\mux2'.
29.6. Executing AST frontend in derive mode using pre-parsed AST for module `\mux2'.
29.7. Executing AST frontend in derive mode using pre-parsed AST for module `\aludec'.
29.8. Executing AST frontend in derive mode using pre-parsed AST for module `\maindec'.
29.9. Executing AST frontend in derive mode using pre-parsed AST for module `\mux2'.
29.10. Executing AST frontend in derive mode using pre-parsed AST for module `\mux3'.
29.11. Executing AST frontend in derive mode using pre-parsed AST for module `\shifter'.
29.12. Executing AST frontend in derive mode using pre-parsed AST for module `\alu'.
29.13. Executing AST frontend in derive mode using pre-parsed AST for module `\magcompare32'.
29.14. Executing AST frontend in derive mode using pre-parsed AST for module `\adder'.
29.15. Executing AST frontend in derive mode using pre-parsed AST for module `\signext'.
29.16. Executing AST frontend in derive mode using pre-parsed AST for module `\regfile'.
29.17. Executing AST frontend in derive mode using pre-parsed AST for module `\mux2'.
29.18. Executing AST frontend in derive mode using pre-parsed AST for module `\flopr'.
29.19. Executing AST frontend in derive mode using pre-parsed AST for module `\flopenr'.
29.20. Analyzing design hierarchy..
29.21. Executing AST frontend in derive mode using pre-parsed AST for module `\mux5'.
29.22. Executing AST frontend in derive mode using pre-parsed AST for module `\magcompare2c'.
29.23. Executing AST frontend in derive mode using pre-parsed AST for module `\magcompare2b'.
29.24. Analyzing design hierarchy..
29.25. Analyzing design hierarchy..
30. Executing OPT_CLEAN pass (remove unused cells and wires).
Warning: Ignoring module $paramod\flopr\WIDTH=s32'00000000000000000000000000100000 because it contains processes (run 'proc' command first).
Warning: Ignoring module regfile because it contains processes (run 'proc' command first).
Warning: Ignoring module alu because it contains processes (run 'proc' command first).
Warning: Ignoring module shifter because it contains processes (run 'proc' command first).
Warning: Ignoring module maindec because it contains processes (run 'proc' command first).
Warning: Ignoring module aludec because it contains processes (run 'proc' command first).
Warning: Ignoring module $paramod\mux5\WIDTH=s32'00000000000000000000000000100000 because it contains processes (run 'proc' command first).
Warning: Ignoring module $paramod\flopenr\WIDTH=s32'00000000000000000000000000100000 because it contains processes (run 'proc' command first).
31. Executing RTLIL backend.
Warnings: 8 unique messages, 8 total
End of script. Logfile hash: abbe5f1442, time: 0.18s, user: 0.13s, system: 0.03s, MEM: 54.93 MB peak
Yosys 0.69+post (git sha1 143eb14f9cc55d6f8927e68523b0c9d2166ed02c, Release, GNU /usr/bin/c++ 13.3.0)
Time spent: 72% 4x read_liberty (0 sec), 11% 50x read_verilog (0 sec), ...
Elapsed time: 0:00.19[h:]min:sec. CPU time: user 0.15 sys 0.03 (95%). Peak memory: 59388KB.
Log                       Ext     Elapsed/s Peak Memory/MB sha1sum result [0:20)
1_1_yosys_canonicalize    .rtlil          0             57 34be139bbb8b29975e29
/home/lunarch/orfs-clean/flow/scripts/synth.sh /home/lunarch/orfs-clean/flow/scripts/synth.tcl ./logs/sky130hd/riscv32i/base/1_2_yosys.log
Using ABC speed script.
Extracting clock period from SDC file: ./results/sky130hd/riscv32i/base/clock_period.txt
Setting clock period to 7.0
1. Executing RTLIL frontend.
2. Executing HIERARCHY pass (managing design hierarchy).
2.1. Analyzing design hierarchy..
2.2. Analyzing design hierarchy..
3. Executing SYNTH pass.
3.1. Executing HIERARCHY pass (managing design hierarchy).
3.1.1. Analyzing design hierarchy..
3.1.2. Analyzing design hierarchy..
3.2. Executing PROC pass (convert processes to netlists).
3.2.1. Executing PROC_CLEAN pass (remove empty switches from decision trees).
3.2.2. Executing PROC_RMDEAD pass (remove dead branches from decision trees).
3.2.3. Executing PROC_PRUNE pass (remove redundant assignments in processes).
3.2.4. Executing PROC_INIT pass (extract init attributes).
3.2.5. Executing PROC_ARST pass (detect async resets in processes).
3.2.6. Executing PROC_ROM pass (convert switches to ROMs).
3.2.7. Executing PROC_MUX pass (convert decision trees to multiplexers).
3.2.8. Executing PROC_DLATCH pass (convert process syncs to latches).
3.2.9. Executing PROC_DFF pass (convert process syncs to FFs).
3.2.10. Executing PROC_MEMWR pass (convert process memory writes to cells).
3.2.11. Executing PROC_CLEAN pass (remove empty switches from decision trees).
3.2.12. Executing OPT_EXPR pass (perform const folding).
3.3. Executing CHECK pass (checking for obvious problems).
3.4. Executing FLATTEN pass (flatten design).
3.5. Executing OPT_EXPR pass (perform const folding).
3.6. Executing OPT_CLEAN pass (remove unused cells and wires).
3.7. Executing CHECK pass (checking for obvious problems).
3.8. Executing OPT pass (performing simple optimizations).
3.8.1. Executing OPT_EXPR pass (perform const folding).
3.8.2. Executing OPT_MERGE pass (detect identical cells).
3.8.3. Executing OPT_MUXTREE pass (detect dead branches in mux trees).
3.8.4. Executing OPT_REDUCE pass (consolidate $*mux and $reduce_* inputs).
3.8.5. Executing OPT_MERGE pass (detect identical cells).
3.8.6. Executing OPT_DFF pass (perform DFF optimizations).
3.8.7. Executing OPT_CLEAN pass (remove unused cells and wires).
3.8.8. Executing OPT_EXPR pass (perform const folding).
3.8.9. Rerunning OPT passes. (Maybe there is more to do..)
3.8.10. Executing OPT_MUXTREE pass (detect dead branches in mux trees).
3.8.11. Executing OPT_REDUCE pass (consolidate $*mux and $reduce_* inputs).
3.8.12. Executing OPT_MERGE pass (detect identical cells).
3.8.13. Executing OPT_DFF pass (perform DFF optimizations).
3.8.14. Executing OPT_CLEAN pass (remove unused cells and wires).
3.8.15. Executing OPT_EXPR pass (perform const folding).
3.8.16. Finished fast OPT passes. (There is nothing left to do.)
3.9. Executing FSM pass (extract and optimize FSM).
3.9.1. Executing FSM_DETECT pass (finding FSMs in design).
3.9.2. Executing FSM_EXTRACT pass (extracting FSM from design).
3.9.3. Executing FSM_OPT pass (simple optimizations of FSMs).
3.9.4. Executing OPT_CLEAN pass (remove unused cells and wires).
3.9.5. Executing FSM_OPT pass (simple optimizations of FSMs).
3.9.6. Executing FSM_RECODE pass (re-assigning FSM state encoding).
3.9.7. Executing FSM_INFO pass (dumping all available information on FSM cells).
3.9.8. Executing FSM_MAP pass (mapping FSMs to basic logic).
3.10. Executing OPT pass (performing simple optimizations).
3.10.1. Executing OPT_EXPR pass (perform const folding).
3.10.2. Executing OPT_MERGE pass (detect identical cells).
3.10.3. Executing OPT_MUXTREE pass (detect dead branches in mux trees).
3.10.4. Executing OPT_REDUCE pass (consolidate $*mux and $reduce_* inputs).
3.10.5. Executing OPT_MERGE pass (detect identical cells).
3.10.6. Executing OPT_DFF pass (perform DFF optimizations).
3.10.7. Executing OPT_CLEAN pass (remove unused cells and wires).
3.10.8. Executing OPT_EXPR pass (perform const folding).
3.10.9. Finished fast OPT passes. (There is nothing left to do.)
3.11. Executing WREDUCE pass (reducing word size of cells).
3.12. Executing PEEPOPT pass (run peephole optimizers).
3.13. Executing OPT_CLEAN pass (remove unused cells and wires).
3.14. Executing ALUMACC pass (create $alu and $macc cells).
3.15. Executing SHARE pass (SAT-based resource sharing).
3.16. Executing OPT pass (performing simple optimizations).
3.16.1. Executing OPT_EXPR pass (perform const folding).
3.16.2. Executing OPT_MERGE pass (detect identical cells).
3.16.3. Executing OPT_MUXTREE pass (detect dead branches in mux trees).
3.16.4. Executing OPT_REDUCE pass (consolidate $*mux and $reduce_* inputs).
3.16.5. Executing OPT_MERGE pass (detect identical cells).
3.16.6. Executing OPT_DFF pass (perform DFF optimizations).
3.16.7. Executing OPT_CLEAN pass (remove unused cells and wires).
3.16.8. Executing OPT_EXPR pass (perform const folding).
3.16.9. Rerunning OPT passes. (Maybe there is more to do..)
3.16.10. Executing OPT_MUXTREE pass (detect dead branches in mux trees).
3.16.11. Executing OPT_REDUCE pass (consolidate $*mux and $reduce_* inputs).
3.16.12. Executing OPT_MERGE pass (detect identical cells).
3.16.13. Executing OPT_DFF pass (perform DFF optimizations).
3.16.14. Executing OPT_CLEAN pass (remove unused cells and wires).
3.16.15. Executing OPT_EXPR pass (perform const folding).
3.16.16. Finished fast OPT passes. (There is nothing left to do.)
3.17. Executing MEMORY pass.
3.17.1. Executing OPT_MEM pass (optimize memories).
3.17.2. Executing OPT_MEM_PRIORITY pass (removing unnecessary memory write priority relations).
3.17.3. Executing OPT_MEM_FEEDBACK pass (finding memory read-to-write feedback paths).
3.17.4. Executing MEMORY_BMUX2ROM pass (converting muxes to ROMs).
3.17.5. Executing MEMORY_DFF pass (merging $dff cells to $memrd).
3.17.6. Executing OPT_CLEAN pass (remove unused cells and wires).
3.17.7. Executing MEMORY_SHARE pass (consolidating $memrd/$memwr cells).
3.17.8. Executing OPT_MEM_WIDEN pass (optimize memories where all ports are wide).
3.17.9. Executing OPT_CLEAN pass (remove unused cells and wires).
3.17.10. Executing MEMORY_COLLECT pass (generating $mem cells).
3.18. Executing OPT_CLEAN pass (remove unused cells and wires).
4. Executing SYNTH pass.
4.1. Executing OPT pass (performing simple optimizations).
4.1.1. Executing OPT_EXPR pass (perform const folding).
4.1.2. Executing OPT_MERGE pass (detect identical cells).
4.1.3. Executing OPT_DFF pass (perform DFF optimizations).
4.1.4. Executing OPT_CLEAN pass (remove unused cells and wires).
4.1.5. Rerunning OPT passes. (Removed registers in this run.)
4.1.6. Executing OPT_EXPR pass (perform const folding).
4.1.7. Executing OPT_MERGE pass (detect identical cells).
4.1.8. Executing OPT_DFF pass (perform DFF optimizations).
4.1.9. Executing OPT_CLEAN pass (remove unused cells and wires).
4.1.10. Finished fast OPT passes.
4.2. Executing MEMORY_MAP pass (converting memories to logic and flip-flops).
4.3. Executing OPT pass (performing simple optimizations).
4.3.1. Executing OPT_EXPR pass (perform const folding).
4.3.2. Executing OPT_MERGE pass (detect identical cells).
4.3.3. Executing OPT_MUXTREE pass (detect dead branches in mux trees).
4.3.4. Executing OPT_REDUCE pass (consolidate $*mux and $reduce_* inputs).
4.3.5. Executing OPT_MERGE pass (detect identical cells).
4.3.6. Executing OPT_SHARE pass.
4.3.7. Executing OPT_DFF pass (perform DFF optimizations).
4.3.8. Executing OPT_CLEAN pass (remove unused cells and wires).
4.3.9. Executing OPT_EXPR pass (perform const folding).
4.3.10. Rerunning OPT passes. (Maybe there is more to do..)
4.3.11. Executing OPT_MUXTREE pass (detect dead branches in mux trees).
4.3.12. Executing OPT_REDUCE pass (consolidate $*mux and $reduce_* inputs).
4.3.13. Executing OPT_MERGE pass (detect identical cells).
4.3.14. Executing OPT_SHARE pass.
4.3.15. Executing OPT_DFF pass (perform DFF optimizations).
4.3.16. Executing OPT_CLEAN pass (remove unused cells and wires).
4.3.17. Executing OPT_EXPR pass (perform const folding).
4.3.18. Rerunning OPT passes. (Maybe there is more to do..)
4.3.19. Executing OPT_MUXTREE pass (detect dead branches in mux trees).
4.3.20. Executing OPT_REDUCE pass (consolidate $*mux and $reduce_* inputs).
4.3.21. Executing OPT_MERGE pass (detect identical cells).
4.3.22. Executing OPT_SHARE pass.
4.3.23. Executing OPT_DFF pass (perform DFF optimizations).
4.3.24. Executing OPT_CLEAN pass (remove unused cells and wires).
4.3.25. Executing OPT_EXPR pass (perform const folding).
4.3.26. Finished fast OPT passes. (There is nothing left to do.)
4.4. Executing TECHMAP pass (map to technology primitives).
4.4.1. Executing Verilog-2005 frontend: /usr/local/bin/../share/yosys/techmap.v
4.4.2. Executing Verilog-2005 frontend: /home/lunarch/orfs-clean/flow/platforms/common/lcu_kogge_stone.v
4.4.3. Continuing TECHMAP pass.
4.5. Executing OPT pass (performing simple optimizations).
4.5.1. Executing OPT_EXPR pass (perform const folding).
4.5.2. Executing OPT_MERGE pass (detect identical cells).
4.5.3. Executing OPT_DFF pass (perform DFF optimizations).
4.5.4. Executing OPT_CLEAN pass (remove unused cells and wires).
4.5.5. Finished fast OPT passes.
4.6. Executing HIERARCHY pass (managing design hierarchy).
4.6.1. Analyzing design hierarchy..
4.6.2. Analyzing design hierarchy..
4.7. Printing statistics.
4.8. Executing CHECK pass (checking for obvious problems).
5. Executing OPT pass (performing simple optimizations).
5.1. Executing OPT_EXPR pass (perform const folding).
5.2. Executing OPT_MERGE pass (detect identical cells).
5.3. Executing OPT_MUXTREE pass (detect dead branches in mux trees).
5.4. Executing OPT_REDUCE pass (consolidate $*mux and $reduce_* inputs).
5.5. Executing OPT_MERGE pass (detect identical cells).
5.6. Executing OPT_DFF pass (perform DFF optimizations).
5.7. Executing OPT_CLEAN pass (remove unused cells and wires).
5.8. Executing OPT_EXPR pass (perform const folding).
5.9. Rerunning OPT passes. (Maybe there is more to do..)
5.10. Executing OPT_MUXTREE pass (detect dead branches in mux trees).
5.11. Executing OPT_REDUCE pass (consolidate $*mux and $reduce_* inputs).
5.12. Executing OPT_MERGE pass (detect identical cells).
5.13. Executing OPT_DFF pass (perform DFF optimizations).
5.14. Executing OPT_CLEAN pass (remove unused cells and wires).
5.15. Executing OPT_EXPR pass (perform const folding).
5.16. Finished fast OPT passes. (There is nothing left to do.)
6. Executing EXTRACT_FA pass (find and extract full/half adders).
7. Executing TECHMAP pass (map to technology primitives).
7.1. Executing Verilog-2005 frontend: /home/lunarch/orfs-clean/flow/platforms/sky130hd/cells_adders_hd.v
7.2. Continuing TECHMAP pass.
8. Executing TECHMAP pass (map to technology primitives).
8.1. Executing Verilog-2005 frontend: /usr/local/bin/../share/yosys/techmap.v
8.2. Continuing TECHMAP pass.
9. Executing OPT pass (performing simple optimizations).
9.1. Executing OPT_EXPR pass (perform const folding).
9.2. Executing OPT_MERGE pass (detect identical cells).
9.3. Executing OPT_DFF pass (perform DFF optimizations).
9.4. Executing OPT_CLEAN pass (remove unused cells and wires).
9.5. Finished fast OPT passes.
10. Executing DFFLEGALIZE pass (convert FFs and LATCHes to types supported by the target).
11. Executing TECHMAP pass (map to technology primitives).
11.1. Executing Verilog-2005 frontend: /home/lunarch/orfs-clean/flow/platforms/sky130hd/cells_latch_hd.v
11.2. Continuing TECHMAP pass.
12. Executing DFFLIBMAP pass (mapping DFF/DLATCH cells to sequential cells from liberty file).
12.1. Executing DFFLEGALIZE pass (convert FFs and LATCHes to types supported by the target).
13. Executing OPT pass (performing simple optimizations).
13.1. Executing OPT_EXPR pass (perform const folding).
13.2. Executing OPT_MERGE pass (detect identical cells).
13.3. Executing OPT_MUXTREE pass (detect dead branches in mux trees).
13.4. Executing OPT_REDUCE pass (consolidate $*mux and $reduce_* inputs).
13.5. Executing OPT_MERGE pass (detect identical cells).
13.6. Executing OPT_DFF pass (perform DFF optimizations).
13.7. Executing OPT_CLEAN pass (remove unused cells and wires).
13.8. Executing OPT_EXPR pass (perform const folding).
13.9. Rerunning OPT passes. (Maybe there is more to do..)
13.10. Executing OPT_MUXTREE pass (detect dead branches in mux trees).
13.11. Executing OPT_REDUCE pass (consolidate $*mux and $reduce_* inputs).
13.12. Executing OPT_MERGE pass (detect identical cells).
13.13. Executing OPT_DFF pass (perform DFF optimizations).
13.14. Executing OPT_CLEAN pass (remove unused cells and wires).
13.15. Executing OPT_EXPR pass (perform const folding).
13.16. Finished fast OPT passes. (There is nothing left to do.)
14. Executing SETUNDEF pass (replace undef values with defined constants).
abc -script /home/lunarch/orfs-clean/flow/scripts/abc_speed.script -liberty /home/lunarch/orfs-clean/flow/platforms/sky130hd/lib/sky130_fd_sc_hd__tt_025C_1v80.lib -dont_use sky130_fd_sc_hd__probe_p_8 -dont_use sky130_fd_sc_hd__probec_p_8 -dont_use sky130_fd_sc_hd__lpflow_bleeder_1 -dont_use sky130_fd_sc_hd__lpflow_clkbufkapwr_1 -dont_use sky130_fd_sc_hd__lpflow_clkbufkapwr_16 -dont_use sky130_fd_sc_hd__lpflow_clkbufkapwr_2 -dont_use sky130_fd_sc_hd__lpflow_clkbufkapwr_4 -dont_use sky130_fd_sc_hd__lpflow_clkbufkapwr_8 -dont_use sky130_fd_sc_hd__lpflow_clkinvkapwr_1 -dont_use sky130_fd_sc_hd__lpflow_clkinvkapwr_16 -dont_use sky130_fd_sc_hd__lpflow_clkinvkapwr_2 -dont_use sky130_fd_sc_hd__lpflow_clkinvkapwr_4 -dont_use sky130_fd_sc_hd__lpflow_clkinvkapwr_8 -dont_use sky130_fd_sc_hd__lpflow_decapkapwr_12 -dont_use sky130_fd_sc_hd__lpflow_decapkapwr_3 -dont_use sky130_fd_sc_hd__lpflow_decapkapwr_4 -dont_use sky130_fd_sc_hd__lpflow_decapkapwr_6 -dont_use sky130_fd_sc_hd__lpflow_decapkapwr_8 -dont_use sky130_fd_sc_hd__lpflow_inputiso0n_1 -dont_use sky130_fd_sc_hd__lpflow_inputiso0p_1 -dont_use sky130_fd_sc_hd__lpflow_inputiso1n_1 -dont_use sky130_fd_sc_hd__lpflow_inputiso1p_1 -dont_use sky130_fd_sc_hd__lpflow_inputisolatch_1 -dont_use sky130_fd_sc_hd__lpflow_isobufsrc_1 -dont_use sky130_fd_sc_hd__lpflow_isobufsrc_16 -dont_use sky130_fd_sc_hd__lpflow_isobufsrc_2 -dont_use sky130_fd_sc_hd__lpflow_isobufsrc_4 -dont_use sky130_fd_sc_hd__lpflow_isobufsrc_8 -dont_use sky130_fd_sc_hd__lpflow_isobufsrckapwr_16 -dont_use sky130_fd_sc_hd__lpflow_lsbuf_lh_hl_isowell_tap_1 -dont_use sky130_fd_sc_hd__lpflow_lsbuf_lh_hl_isowell_tap_2 -dont_use sky130_fd_sc_hd__lpflow_lsbuf_lh_hl_isowell_tap_4 -dont_use sky130_fd_sc_hd__lpflow_lsbuf_lh_isowell_4 -dont_use sky130_fd_sc_hd__lpflow_lsbuf_lh_isowell_tap_1 -dont_use sky130_fd_sc_hd__lpflow_lsbuf_lh_isowell_tap_2 -dont_use sky130_fd_sc_hd__lpflow_lsbuf_lh_isowell_tap_4 -constr ./objects/sky130hd/riscv32i/base/abc.constr -D 7.0
15. Executing ABC pass (technology mapping using ABC).
15.1. Extracting gate netlist of module `\riscv' to `<abc-temp-dir>/input.blif'..
15.1.1. Executed ABC.
15.1.2. Re-integrating ABC results.
Took 6 seconds: abc -script /home/lunarch/orfs-clean/flow/scripts/abc_speed.script -liberty /home/lunarch/orfs-clean/flow/platforms/sky130hd/lib/sky130_fd_sc_hd__tt_025C_1v80.lib -dont_use sky130_fd_sc_hd__probe_p_8 -dont_use sky130_fd_sc_hd__probec_p_8 -dont_use sky130_fd_sc_hd__lpflow_bleeder_1 -dont_use sky130_fd_sc_hd__lpflow_clkbufkapwr_1 -dont_use sky130_fd_sc_hd__lpflow_clkbufkapwr_16 -dont_use sky130_fd_sc_hd__lpflow_clkbufkapwr_2 -dont_use sky130_fd_sc_hd__lpflow_clkbufkapwr_4 -dont_use sky130_fd_sc_hd__lpflow_clkbufkapwr_8 -dont_use sky130_fd_sc_hd__lpflow_clkinvkapwr_1 -dont_use sky130_fd_sc_hd__lpflow_clkinvkapwr_16 -dont_use sky130_fd_sc_hd__lpflow_clkinvkapwr_2 -dont_use sky130_fd_sc_hd__lpflow_clkinvkapwr_4 -dont_use sky130_fd_sc_hd__lpflow_clkinvkapwr_8 -dont_use sky130_fd_sc_hd__lpflow_decapkapwr_12 -dont_use sky130_fd_sc_hd__lpflow_decapkapwr_3 -dont_use sky130_fd_sc_hd__lpflow_decapkapwr_4 -dont_use sky130_fd_sc_hd__lpflow_decapkapwr_6 -dont_use sky130_fd_sc_hd__lpflow_decapkapwr_8 -dont_use sky130_fd_sc_hd__lpflow_inputiso0n_1 -dont_use sky130_fd_sc_hd__lpflow_inputiso0p_1 -dont_use sky130_fd_sc_hd__lpflow_inputiso1n_1 -dont_use sky130_fd_sc_hd__lpflow_inputiso1p_1 -dont_use sky130_fd_sc_hd__lpflow_inputisolatch_1 -dont_use sky130_fd_sc_hd__lpflow_isobufsrc_1 -dont_use sky130_fd_sc_hd__lpflow_isobufsrc_16 -dont_use sky130_fd_sc_hd__lpflow_isobufsrc_2 -dont_use sky130_fd_sc_hd__lpflow_isobufsrc_4 -dont_use sky130_fd_sc_hd__lpflow_isobufsrc_8 -dont_use sky130_fd_sc_hd__lpflow_isobufsrckapwr_16 -dont_use sky130_fd_sc_hd__lpflow_lsbuf_lh_hl_isowell_tap_1 -dont_use sky130_fd_sc_hd__lpflow_lsbuf_lh_hl_isowell_tap_2 -dont_use sky130_fd_sc_hd__lpflow_lsbuf_lh_hl_isowell_tap_4 -dont_use sky130_fd_sc_hd__lpflow_lsbuf_lh_isowell_4 -dont_use sky130_fd_sc_hd__lpflow_lsbuf_lh_isowell_tap_1 -dont_use sky130_fd_sc_hd__lpflow_lsbuf_lh_isowell_tap_2 -dont_use sky130_fd_sc_hd__lpflow_lsbuf_lh_isowell_tap_4 -constr ./objects/sky130hd/riscv32i/base/abc.constr -D 7.0
16. Executing SPLITNETS pass (splitting up multi-bit signals).
17. Executing OPT_CLEAN pass (remove unused cells and wires).
18. Executing HILOMAP pass (mapping to constant drivers).
19. Executing INSBUF pass (insert buffer cells for connected wires).
20. Executing CHECK pass (checking for obvious problems).
21. Printing statistics.
22. Executing CHECK pass (checking for obvious problems).
23. Executing Verilog backend.
23.1. Executing BMUXMAP pass.
23.2. Executing DEMUXMAP pass.
End of script. Logfile hash: 78015d5368, time: 8.79s, user: 2.72s, system: 0.18s, MEM: 67.04 MB peak
Yosys 0.69+post (git sha1 143eb14f9cc55d6f8927e68523b0c9d2166ed02c, Release, GNU /usr/bin/c++ 13.3.0)
Time spent: 67% 1x abc (5 sec), 20% 1x extract_fa (1 sec), ...
Elapsed time: 0:08.81[h:]min:sec. CPU time: user 8.62 sys 0.23 (100%). Peak memory: 70228KB.
Log                       Ext     Elapsed/s Peak Memory/MB sha1sum result [0:20)
1_2_yosys                 .v              8             68 b499dbb27e1f20f520da
cp /home/lunarch/orfs-clean/flow/designs/sky130hd/riscv32i/constraint.sdc results/sky130hd/riscv32i/base/1_2_yosys.sdc
touch -r /home/lunarch/orfs-clean/flow/designs/sky130hd/riscv32i/constraint.sdc results/sky130hd/riscv32i/base/1_2_yosys.sdc
/home/lunarch/orfs-clean/flow/scripts/flow.sh 1_synth synth_odb
Running synth_odb.tcl, stage 1_synth
read_liberty /home/lunarch/orfs-clean/flow/platforms/sky130hd/lib/sky130_fd_sc_hd__tt_025C_1v80.lib
[INFO ODB-0227] LEF file: /home/lunarch/orfs-clean/flow/platforms/sky130hd/lef/sky130_fd_sc_hd.tlef, created 13 layers, 25 vias
[INFO ODB-0227] LEF file: /home/lunarch/orfs-clean/flow/platforms/sky130hd/lef/sky130_fd_sc_hd_merged.lef, created 441 library cells
link_design riscv
read_sdc ./results/sky130hd/riscv32i/base/1_2_yosys.sdc
source /home/lunarch/orfs-clean/flow/platforms/sky130hd/setRC.tcl
eliminate_dead_logic
Removed 0 unused instances and 0 unused nets.
Design area 63156 um^2 100% utilization.
write_db ./results/sky130hd/riscv32i/base/1_synth.odb
write_sdc -no_timestamp ./results/sky130hd/riscv32i/base/1_synth.sdc
Warning: master sky130_ef_sc_hd__decap_12 has signal pins but no liberty cell
Elapsed time: 0:00.47[h:]min:sec. CPU time: user 0.40 sys 0.06 (98%). Peak memory: 139840KB.
Log                       Ext     Elapsed/s Peak Memory/MB sha1sum result [0:20)
1_synth                   .odb            0            136 926bb328feb867b42cb7
1_synth                   .sdc                             d1ca8e863f8d513e7ce0
/home/lunarch/orfs-clean/flow/scripts/flow.sh 2_1_floorplan floorplan
Running floorplan.tcl, stage 2_1_floorplan
read_liberty /home/lunarch/orfs-clean/flow/platforms/sky130hd/lib/sky130_fd_sc_hd__tt_025C_1v80.lib
read_db ./results/sky130hd/riscv32i/base/1_synth.odb
read_sdc ./results/sky130hd/riscv32i/base/1_synth.sdc
source /home/lunarch/orfs-clean/flow/platforms/sky130hd/setRC.tcl
Master sky130_ef_sc_hd__decap_12 is loaded but not used in the design

==========================================================================
Floorplan check_setup
--------------------------------------------------------------------------
Warning: There are 65 input ports missing set_input_delay.
Warning: There are 995 unconstrained endpoints.
number instances in verilog is 5035
[INFO IFP-0001] Added 137 rows of 813 site unithd.
[INFO IFP-0100] Die BBox:  (  0.000  0.000 ) ( 376.625 376.625 ) um
[INFO IFP-0101] Core BBox: (  1.380  2.720 ) ( 375.360 375.360 ) um
[INFO IFP-0102] Core area:                       139359.907 um^2
[INFO IFP-0103] Total instances area:             63155.571 um^2
[INFO IFP-0104] Effective utilization:                0.453
[INFO IFP-0105] Number of instances:                   5035
source /home/lunarch/orfs-clean/flow/platforms/sky130hd/make_tracks.tcl
source /home/lunarch/orfs-clean/flow/platforms/sky130hd/fastroute.tcl
set_dont_use "sky130_fd_sc_hd__probe_p_8 sky130_fd_sc_hd__probec_p_8 sky130_fd_sc_hd__lpflow_bleeder_1 sky130_fd_sc_hd__lpflow_clkbufkapwr_1 sky130_fd_sc_hd__lpflow_clkbufkapwr_16 sky130_fd_sc_hd__lpflow_clkbufkapwr_2 sky130_fd_sc_hd__lpflow_clkbufkapwr_4 sky130_fd_sc_hd__lpflow_clkbufkapwr_8 sky130_fd_sc_hd__lpflow_clkinvkapwr_1 sky130_fd_sc_hd__lpflow_clkinvkapwr_16 sky130_fd_sc_hd__lpflow_clkinvkapwr_2 sky130_fd_sc_hd__lpflow_clkinvkapwr_4 sky130_fd_sc_hd__lpflow_clkinvkapwr_8 sky130_fd_sc_hd__lpflow_decapkapwr_12 sky130_fd_sc_hd__lpflow_decapkapwr_3 sky130_fd_sc_hd__lpflow_decapkapwr_4 sky130_fd_sc_hd__lpflow_decapkapwr_6 sky130_fd_sc_hd__lpflow_decapkapwr_8 sky130_fd_sc_hd__lpflow_inputiso0n_1 sky130_fd_sc_hd__lpflow_inputiso0p_1 sky130_fd_sc_hd__lpflow_inputiso1n_1 sky130_fd_sc_hd__lpflow_inputiso1p_1 sky130_fd_sc_hd__lpflow_inputisolatch_1 sky130_fd_sc_hd__lpflow_isobufsrc_1 sky130_fd_sc_hd__lpflow_isobufsrc_16 sky130_fd_sc_hd__lpflow_isobufsrc_2 sky130_fd_sc_hd__lpflow_isobufsrc_4 sky130_fd_sc_hd__lpflow_isobufsrc_8 sky130_fd_sc_hd__lpflow_isobufsrckapwr_16 sky130_fd_sc_hd__lpflow_lsbuf_lh_hl_isowell_tap_1 sky130_fd_sc_hd__lpflow_lsbuf_lh_hl_isowell_tap_2 sky130_fd_sc_hd__lpflow_lsbuf_lh_hl_isowell_tap_4 sky130_fd_sc_hd__lpflow_lsbuf_lh_isowell_4 sky130_fd_sc_hd__lpflow_lsbuf_lh_isowell_tap_1 sky130_fd_sc_hd__lpflow_lsbuf_lh_isowell_tap_2 sky130_fd_sc_hd__lpflow_lsbuf_lh_isowell_tap_4"
repair_tie_fanout -separation 0 sky130_fd_sc_hd__tt_025C_1v80/sky130_fd_sc_hd__conb_1/LO
[INFO RSZ-0042] Inserted 32 tie sky130_fd_sc_hd__conb_1 instances.
repair_tie_fanout -separation 0 sky130_fd_sc_hd__tt_025C_1v80/sky130_fd_sc_hd__conb_1/HI
remove_buffers
[INFO RSZ-0026] Removed 429 buffers.
Default units for flow
 time 1ns
 capacitance 1pF
 resistance 1kohm
 voltage 1v
 current 1mA
 power 1nW
 distance 1um
   Layer   | Unit Resistance | Unit Capacitance 
           |       (kohm/um) |          (pF/um)
------------------------------------------------
       li1 |        7.18e-02 |         1.50e-04
      met1 |        1.21e-03 |         1.72e-04
      met2 |        1.22e-03 |         1.36e-04
      met3 |        1.66e-04 |         2.15e-04
      met4 |        1.68e-04 |         1.48e-04
      met5 |        1.84e-05 |         1.54e-04
------------------------------------------------

   Layer   | Via Resistance 
           |         (kohm) 
----------------------------
      mcon |       9.25e-03 
       via |       4.50e-03 
      via2 |       3.37e-03 
      via3 |       3.77e-04 
      via4 |       5.80e-06 
----------------------------
Report metrics stage 2, floorplan final...

==========================================================================
floorplan final report_design_area
--------------------------------------------------------------------------
Design area 61051 um^2 44% utilization.
write_db ./results/sky130hd/riscv32i/base/2_1_floorplan.odb
write_sdc -no_timestamp ./results/sky130hd/riscv32i/base/2_1_floorplan.sdc
Elapsed time: 0:01.13[h:]min:sec. CPU time: user 1.21 sys 0.41 (143%). Peak memory: 147060KB.
Log                       Ext     Elapsed/s Peak Memory/MB sha1sum result [0:20)
2_1_floorplan             .odb            1            143 b6bf937440947eddd5b9
2_1_floorplan             .sdc                             d1ca8e863f8d513e7ce0
/home/lunarch/orfs-clean/flow/scripts/flow.sh 2_2_floorplan_macro macro_place
Running macro_place.tcl, stage 2_2_floorplan_macro
read_liberty /home/lunarch/orfs-clean/flow/platforms/sky130hd/lib/sky130_fd_sc_hd__tt_025C_1v80.lib
read_db ./results/sky130hd/riscv32i/base/2_1_floorplan.odb
read_sdc ./results/sky130hd/riscv32i/base/2_1_floorplan.sdc
source /home/lunarch/orfs-clean/flow/platforms/sky130hd/setRC.tcl
No macros found: Skipping macro_placement
Design area 61051 um^2 44% utilization.
write_db ./results/sky130hd/riscv32i/base/2_2_floorplan_macro.odb
Elapsed time: 0:00.34[h:]min:sec. CPU time: user 0.27 sys 0.07 (99%). Peak memory: 129720KB.
Log                       Ext     Elapsed/s Peak Memory/MB sha1sum result [0:20)
2_2_floorplan_macro       .odb            0            126 b6bf937440947eddd5b9
/home/lunarch/orfs-clean/flow/scripts/flow.sh 2_3_floorplan_tapcell tapcell
Running tapcell.tcl, stage 2_3_floorplan_tapcell
read_liberty /home/lunarch/orfs-clean/flow/platforms/sky130hd/lib/sky130_fd_sc_hd__tt_025C_1v80.lib
read_db ./results/sky130hd/riscv32i/base/2_2_floorplan_macro.odb
read_sdc ./results/sky130hd/riscv32i/base/2_1_floorplan.sdc
source /home/lunarch/orfs-clean/flow/platforms/sky130hd/setRC.tcl
[INFO TAP-0005] Inserted 1876 tapcells.
Design area 63398 um^2 45% utilization.
write_db ./results/sky130hd/riscv32i/base/2_3_floorplan_tapcell.odb
Elapsed time: 0:00.33[h:]min:sec. CPU time: user 0.29 sys 0.04 (98%). Peak memory: 130300KB.
Log                       Ext     Elapsed/s Peak Memory/MB sha1sum result [0:20)
2_3_floorplan_tapcell     .odb            0            127 e6e4fb11f89be8416c44
/home/lunarch/orfs-clean/flow/scripts/flow.sh 2_4_floorplan_pdn pdn
Running pdn.tcl, stage 2_4_floorplan_pdn
read_liberty /home/lunarch/orfs-clean/flow/platforms/sky130hd/lib/sky130_fd_sc_hd__tt_025C_1v80.lib
read_db ./results/sky130hd/riscv32i/base/2_3_floorplan_tapcell.odb
read_sdc ./results/sky130hd/riscv32i/base/2_1_floorplan.sdc
source /home/lunarch/orfs-clean/flow/platforms/sky130hd/setRC.tcl
[WARNING PDN-1051] No instances found for grid (CORE_macro_grid_1).
[WARNING PDN-1051] No instances found for grid (CORE_macro_grid_2).
[INFO PDN-0001] Inserting grid: grid
[INFO PDN-0500] Runtime: 0.04s
Design area 63398 um^2 45% utilization.
write_db ./results/sky130hd/riscv32i/base/2_4_floorplan_pdn.odb
Elapsed time: 0:00.44[h:]min:sec. CPU time: user 0.36 sys 0.07 (98%). Peak memory: 138188KB.
Log                       Ext     Elapsed/s Peak Memory/MB sha1sum result [0:20)
2_4_floorplan_pdn         .odb            0            134 528bc4b0f160b05e48bf
cp ./results/sky130hd/riscv32i/base/2_4_floorplan_pdn.odb ./results/sky130hd/riscv32i/base/2_floorplan.odb
cp ./results/sky130hd/riscv32i/base/2_1_floorplan.sdc ./results/sky130hd/riscv32i/base/2_floorplan.sdc
/home/lunarch/orfs-clean/flow/scripts/flow.sh 3_1_place_gp_skip_io global_place_skip_io
Running global_place_skip_io.tcl, stage 3_1_place_gp_skip_io
read_liberty /home/lunarch/orfs-clean/flow/platforms/sky130hd/lib/sky130_fd_sc_hd__tt_025C_1v80.lib
read_db ./results/sky130hd/riscv32i/base/2_floorplan.odb
read_sdc ./results/sky130hd/riscv32i/base/2_floorplan.sdc
source /home/lunarch/orfs-clean/flow/platforms/sky130hd/setRC.tcl
[INFO GPL-0190] Using 8 of 16 threads for placement: one per core, SMT siblings idle.
[INFO GPL-0022] Initialize gpl and calculate uniform density.
Placement density is 0.5939999914169312, computed from PLACE_DENSITY_LB_ADDON  0.2 and lower bound 0.47999998927116394
global_placement -skip_io -density 0.5939999914169312 -pad_left 0 -pad_right 0
[INFO GPL-0001] ---- Initialize GPL Main Data Structures
[INFO GPL-0002] DBU: 1000
[INFO GPL-0003] SiteSize: (  0.460  2.720 ) um
[INFO GPL-0004] CoreBBox: (  1.380  2.720 ) ( 375.360 375.360 ) um
[INFO GPL-0016] Core area:                  139359.907 um^2
[INFO GPL-0036] Movable instances area:      61051.053 um^2
[INFO GPL-0037] Total instances area:        63398.304 um^2
[INFO GPL-0035] Pin density area adjust:      4307.915 um^2
[INFO GPL-0032] ---- Initialize Region: Top-level
[INFO GPL-0006] Number of instances:              6513
[INFO GPL-0007] Movable instances:                4637
[INFO GPL-0008] Fixed instances:                  1876
[INFO GPL-0009] Dummy instances:                     0
[INFO GPL-0010] Number of nets:                   4810
[INFO GPL-0011] Number of pins:                  19370
[INFO GPL-0012] Die BBox:       (  0.000  0.000 ) ( 376.625 376.625 ) um
[INFO GPL-0013] Placement BBox: (  1.380  2.720 ) ( 375.360 375.360 ) um
[INFO GPL-0014] Region name: top-level.
[INFO GPL-0015] Region area:                139359.907 um^2
[INFO GPL-0017] Fixed instances area:         2347.251 um^2
[INFO GPL-0018] Movable instances area:      65358.968 um^2
[INFO GPL-0019] Utilization:                    47.703 %
[INFO GPL-0020] Standard cells area:         65358.968 um^2
[INFO GPL-0021] Large instances area:            0.000 um^2
[INFO GPL-0005] ---- Execute Conjugate Gradient Initial Placement.
[INFO GPL-0051] Source of initial instance position counters:
	Odb location = 0	Core center = 4637	Region center = 0
[INFO GPL-0033] ---- Initialize Nesterov Region: Top-level
[INFO GPL-0023] Placement target density:       0.5940
[INFO GPL-0024] Movable insts average area:     14.095 um^2
[INFO GPL-0025] Ideal bin area:                 23.729 um^2
[INFO GPL-0026] Ideal bin count:                  5872
[INFO GPL-0027] Total bin area:             139359.907 um^2
[INFO GPL-0028] Bin count (X, Y):          64 ,     64
[INFO GPL-0029] Bin size (W * H):       5.843 *  5.822 um
[INFO GPL-0030] Number of bins:                   4096
[INFO GPL-0084] ---- Execute Nesterov Global Placement.
[INFO GPL-0031] HPWL: Half-Perimeter Wirelength
Iteration | Overflow |     HPWL (um) |  HPWL(%) |   Penalty | Group
---------------------------------------------------------------
        0 |   0.9980 |  1.159678e+04 |   +0.00% |  3.87e-15 |      
       10 |   0.9968 |  6.084425e+03 |  -47.53% |  6.30e-15 |      
       20 |   0.9968 |  6.017905e+03 |   -1.09% |  1.03e-14 |      
       30 |   0.9968 |  6.002787e+03 |   -0.25% |  1.67e-14 |      
       40 |   0.9968 |  6.008120e+03 |   +0.09% |  2.72e-14 |      
       50 |   0.9968 |  6.015801e+03 |   +0.13% |  4.43e-14 |      
       60 |   0.9968 |  6.031597e+03 |   +0.26% |  7.22e-14 |      
       70 |   0.9968 |  6.064280e+03 |   +0.54% |  1.18e-13 |      
       80 |   0.9968 |  6.142125e+03 |   +1.28% |  1.92e-13 |      
       90 |   0.9967 |  6.353931e+03 |   +3.45% |  3.12e-13 |      
      100 |   0.9963 |  6.950910e+03 |   +9.40% |  5.08e-13 |      
      110 |   0.9944 |  8.179899e+03 |  +17.68% |  8.28e-13 |      
      120 |   0.9920 |  1.001047e+04 |  +22.38% |  1.35e-12 |      
      130 |   0.9882 |  1.305298e+04 |  +30.39% |  2.20e-12 |      
      140 |   0.9798 |  1.801665e+04 |  +38.03% |  3.58e-12 |      
      150 |   0.9693 |  2.244872e+04 |  +24.60% |  5.82e-12 |      
      160 |   0.9621 |  2.646795e+04 |  +17.90% |  9.48e-12 |      
      170 |   0.9457 |  3.249946e+04 |  +22.79% |  1.54e-11 |      
      180 |   0.9248 |  3.876969e+04 |  +19.29% |  2.51e-11 |      
      190 |   0.9029 |  4.519149e+04 |  +16.56% |  4.09e-11 |      
      200 |   0.8728 |  5.263487e+04 |  +16.47% |  6.65e-11 |      
      210 |   0.8386 |  5.985389e+04 |  +13.72% |  1.08e-10 |      
      220 |   0.8020 |  6.687578e+04 |  +11.73% |  1.76e-10 |      
      230 |   0.7595 |  7.417436e+04 |  +10.91% |  2.87e-10 |      
      240 |   0.7121 |  8.113092e+04 |   +9.38% |  4.67e-10 |      
      250 |   0.6652 |  8.792963e+04 |   +8.38% |  7.60e-10 |      
      260 |   0.6123 |  9.457621e+04 |   +7.56% |  1.24e-09 |      
      270 |   0.5637 |  1.007596e+05 |   +6.54% |  2.01e-09 |      
      280 |   0.5144 |  1.051059e+05 |   +4.31% |  3.28e-09 |      
      290 |   0.4713 |  1.083766e+05 |   +3.11% |  5.34e-09 |      
      300 |   0.4313 |  1.117670e+05 |   +3.13% |  8.69e-09 |      
      310 |   0.3839 |  1.142516e+05 |   +2.22% |  1.42e-08 |      
      320 |   0.3396 |  1.157336e+05 |   +1.30% |  2.28e-08 |      
      330 |   0.3063 |  1.168314e+05 |   +0.95% |  3.36e-08 |      
      340 |   0.2735 |  1.178030e+05 |   +0.83% |  4.95e-08 |      
      350 |   0.2418 |  1.184168e+05 |   +0.52% |  7.30e-08 |      
      360 |   0.2159 |  1.192342e+05 |   +0.69% |  1.07e-07 |      
      370 |   0.1873 |  1.198558e+05 |   +0.52% |  1.58e-07 |      
      380 |   0.1622 |  1.204863e+05 |   +0.53% |  2.33e-07 |      
      390 |   0.1375 |  1.210800e+05 |   +0.49% |  3.43e-07 |      
      400 |   0.1158 |  1.216236e+05 |   +0.45% |  5.06e-07 |      
      408 |   0.0990 |  1.220162e+05 |          |  7.17e-07 |      
---------------------------------------------------------------
[INFO GPL-1001] Global placement finished at iteration 408
[INFO GPL-1002] Placed Cell Area            65358.9679
[INFO GPL-1003] Available Free Area         137012.6560
[INFO GPL-1004] Minimum Feasible Density        0.4800 (cell_area / free_area)
[INFO GPL-1006]   Suggested Target Densities:
[INFO GPL-1007]     - For 90% usage of free space: 0.5300
[INFO GPL-1008]     - For 80% usage of free space: 0.5963
[INFO GPL-1009]     - For 50% usage of free space: 0.9541
[INFO GPL-1014] Final placement area: 65358.97 (+0.00%)
[INFO GPL-1018] Final HPWL (um): 121855.53
Design area 63398 um^2 45% utilization.
write_db ./results/sky130hd/riscv32i/base/3_1_place_gp_skip_io.odb
Elapsed time: 0:00.73[h:]min:sec. CPU time: user 3.41 sys 0.05 (475%). Peak memory: 143072KB.
Log                       Ext     Elapsed/s Peak Memory/MB sha1sum result [0:20)
3_1_place_gp_skip_io      .odb            0            139 cfe77ee2cb77c3f7929d
/home/lunarch/orfs-clean/flow/scripts/flow.sh 3_2_place_iop io_placement
Running io_placement.tcl, stage 3_2_place_iop
read_liberty /home/lunarch/orfs-clean/flow/platforms/sky130hd/lib/sky130_fd_sc_hd__tt_025C_1v80.lib
read_db ./results/sky130hd/riscv32i/base/3_1_place_gp_skip_io.odb
read_sdc ./results/sky130hd/riscv32i/base/2_floorplan.sdc
source /home/lunarch/orfs-clean/flow/platforms/sky130hd/setRC.tcl
place_pins -hor_layers met3 -ver_layers met2
Found 0 macro blocks.
Using 2 tracks default min distance between IO pins.
[INFO PPL-0001] Number of available slots 1362
[INFO PPL-0002] Number of I/O             165
[INFO PPL-0003] Number of I/O w/sink      165
[INFO PPL-0004] Number of I/O w/o sink    0
[INFO PPL-0005] Slots per section         200
[INFO PPL-0008] Successfully assigned pins to sections.
[INFO PPL-0012] I/O nets HPWL: 31630.77 um.
Design area 63398 um^2 45% utilization.
write_db ./results/sky130hd/riscv32i/base/3_2_place_iop.odb
Elapsed time: 0:00.33[h:]min:sec. CPU time: user 0.29 sys 0.04 (99%). Peak memory: 133156KB.
Log                       Ext     Elapsed/s Peak Memory/MB sha1sum result [0:20)
3_2_place_iop             .odb            0            130 9f539a2a5a4844428e1a
/home/lunarch/orfs-clean/flow/scripts/flow.sh 3_3_place_gp global_place
Running global_place.tcl, stage 3_3_place_gp
read_liberty /home/lunarch/orfs-clean/flow/platforms/sky130hd/lib/sky130_fd_sc_hd__tt_025C_1v80.lib
read_db ./results/sky130hd/riscv32i/base/3_2_place_iop.odb
read_sdc ./results/sky130hd/riscv32i/base/2_floorplan.sdc
source /home/lunarch/orfs-clean/flow/platforms/sky130hd/setRC.tcl
[INFO RSZ-0026] Removed 0 buffers.
Perform port buffering...
[INFO RSZ-0027] Inserted 65 sky130_fd_sc_hd__clkdlybuf4s50_1 input buffers.
[INFO RSZ-0028] Inserted 99 sky130_fd_sc_hd__clkdlybuf4s50_1 output buffers.
[INFO GPL-0190] Using 8 of 16 threads for placement: one per core, SMT siblings idle.
[INFO GPL-0022] Initialize gpl and calculate uniform density.
Placement density is 0.61, computed from PLACE_DENSITY_LB_ADDON  0.2 and lower bound 0.5
global_placement -density 0.61 -pad_left 0 -pad_right 0 -routability_driven -timing_driven -force_center_initial_place -min_phi_coef 0.95 -max_phi_coef 1.05
[INFO GPL-0001] ---- Initialize GPL Main Data Structures
[INFO GPL-0002] DBU: 1000
[INFO GPL-0003] SiteSize: (  0.460  2.720 ) um
[INFO GPL-0004] CoreBBox: (  1.380  2.720 ) ( 375.360 375.360 ) um
[INFO GPL-0016] Core area:                  139359.907 um^2
[INFO GPL-0036] Movable instances area:      62692.627 um^2
[INFO GPL-0037] Total instances area:        65039.878 um^2
[INFO GPL-0035] Pin density area adjust:      4469.254 um^2
[INFO GPL-0032] ---- Initialize Region: Top-level
[INFO GPL-0006] Number of instances:              6677
[INFO GPL-0007] Movable instances:                4801
[INFO GPL-0008] Fixed instances:                  1876
[INFO GPL-0009] Dummy instances:                     0
[INFO GPL-0010] Number of nets:                   4974
[INFO GPL-0011] Number of pins:                  19863
[INFO GPL-0012] Die BBox:       (  0.000  0.000 ) ( 376.625 376.625 ) um
[INFO GPL-0013] Placement BBox: (  1.380  2.720 ) ( 375.360 375.360 ) um
[INFO GPL-0014] Region name: top-level.
[INFO GPL-0015] Region area:                139359.907 um^2
[INFO GPL-0017] Fixed instances area:         2347.251 um^2
[INFO GPL-0018] Movable instances area:      67161.881 um^2
[INFO GPL-0019] Utilization:                    49.019 %
[INFO GPL-0020] Standard cells area:         67161.881 um^2
[INFO GPL-0021] Large instances area:            0.000 um^2
[INFO GPL-0005] ---- Execute Conjugate Gradient Initial Placement.
[INFO GPL-0051] Source of initial instance position counters:
	Odb location = 0	Core center = 4801	Region center = 0
[InitialPlace]  Iter: 1 conjugate gradient residual: 0.00023150 HPWL: 184782782
[InitialPlace]  Iter: 2 conjugate gradient residual: 0.00000231 HPWL: 78935056
[InitialPlace]  Iter: 3 conjugate gradient residual: 0.00000334 HPWL: 77969831
[InitialPlace]  Iter: 4 conjugate gradient residual: 0.00000186 HPWL: 77522754
[InitialPlace]  Iter: 5 conjugate gradient residual: 0.00000307 HPWL: 77052346
[INFO GPL-0033] ---- Initialize Nesterov Region: Top-level
[INFO GPL-0023] Placement target density:       0.6100
[INFO GPL-0024] Movable insts average area:     13.989 um^2
[INFO GPL-0025] Ideal bin area:                 22.933 um^2
[INFO GPL-0026] Ideal bin count:                  6076
[INFO GPL-0027] Total bin area:             139359.907 um^2
[INFO GPL-0028] Bin count (X, Y):          64 ,     64
[INFO GPL-0029] Bin size (W * H):       5.843 *  5.822 um
[INFO GPL-0030] Number of bins:                   4096
[INFO GPL-0084] ---- Execute Nesterov Global Placement.
[INFO GPL-0031] HPWL: Half-Perimeter Wirelength
Iteration | Overflow |     HPWL (um) |  HPWL(%) |   Penalty | Group
---------------------------------------------------------------
        0 |   0.9770 |  3.518286e+04 |   +0.00% |  8.45e-16 |      
       10 |   0.9336 |  4.938915e+04 |  +40.38% |  1.37e-15 |      
       20 |   0.9301 |  5.064684e+04 |   +2.55% |  2.24e-15 |      
       30 |   0.9303 |  5.057705e+04 |   -0.14% |  3.65e-15 |      
       40 |   0.9301 |  5.041572e+04 |   -0.32% |  5.94e-15 |      
       50 |   0.9304 |  5.050566e+04 |   +0.18% |  9.67e-15 |      
       60 |   0.9308 |  5.060925e+04 |   +0.21% |  1.58e-14 |      
       70 |   0.9311 |  5.066916e+04 |   +0.12% |  2.57e-14 |      
       80 |   0.9312 |  5.075725e+04 |   +0.17% |  4.18e-14 |      
       90 |   0.9308 |  5.085924e+04 |   +0.20% |  6.81e-14 |      
      100 |   0.9303 |  5.096418e+04 |   +0.21% |  1.11e-13 |      
      110 |   0.9299 |  5.108286e+04 |   +0.23% |  1.81e-13 |      
      120 |   0.9297 |  5.123480e+04 |   +0.30% |  2.94e-13 |      
      130 |   0.9294 |  5.144341e+04 |   +0.41% |  4.79e-13 |      
      140 |   0.9289 |  5.176888e+04 |   +0.63% |  7.81e-13 |      
      150 |   0.9281 |  5.235254e+04 |   +1.13% |  1.27e-12 |      
      160 |   0.9261 |  5.334771e+04 |   +1.90% |  2.07e-12 |      
      170 |   0.9230 |  5.501226e+04 |   +3.12% |  3.37e-12 |      
      180 |   0.9174 |  5.752266e+04 |   +4.56% |  5.49e-12 |      
      190 |   0.9088 |  6.083195e+04 |   +5.75% |  8.94e-12 |      
      200 |   0.8964 |  6.487016e+04 |   +6.64% |  1.46e-11 |      
      210 |   0.8817 |  6.984013e+04 |   +7.66% |  2.37e-11 |      
      220 |   0.8591 |  7.576553e+04 |   +8.48% |  3.86e-11 |      
      230 |   0.8333 |  8.158427e+04 |   +7.68% |  6.28e-11 |      
      240 |   0.8046 |  8.660891e+04 |   +6.16% |  1.02e-10 |      
      250 |   0.7712 |  9.186361e+04 |   +6.07% |  1.67e-10 |      
      260 |   0.7349 |  9.716423e+04 |   +5.77% |  2.71e-10 |      
      270 |   0.6926 |  1.032482e+05 |   +6.26% |  4.41e-10 |      
      280 |   0.6423 |  1.096124e+05 |   +6.16% |  7.18e-10 |      
[INFO GPL-0100] Timing-driven iteration 1/2, virtual: false.
[INFO GPL-0101]    Iter: 283, overflow: 0.634, keep resizer changes at: 1, HPWL: 110555200
Iteration |   Area    | Resized | Buffers | Nets repaired | Remaining
---------------------------------------------------------------------
        0 |     +0.0% |       0 |       0 |             0 |      5006
    final |     +4.5% |     131 |     151 |           103 |         0
---------------------------------------------------------------------
[INFO RSZ-0034] Found 105 slew violations.
[INFO RSZ-0035] Found 20 fanout violations.
[INFO RSZ-0036] Found 34 capacitance violations.
[INFO RSZ-0039] Resized 131 instances.
[INFO RSZ-0038] Inserted 151 buffers in 103 nets.
   Iter   |    Area   | Removed | Inserted |   Pins
          |           | Buffers | Buffers  | Remaining
-------------------------------------------------------
        0 |     +0.0% |       0 |        0 |      4876
      480 |     +0.5% |      20 |       71 |      4396
      960 |     +0.7% |      20 |       94 |      3916
     1440 |     +1.0% |      21 |      122 |      3436
     1920 |     +0.3% |      88 |      233 |      2956
     2400 |     +0.6% |      89 |      262 |      2476
     2880 |     +0.6% |      91 |      265 |      1996
     3360 |     +0.6% |      94 |      267 |      1516
     3840 |     +0.5% |     108 |      284 |      1036
     4320 |     +0.9% |     108 |      315 |       556
     4800 |     +1.1% |     113 |      350 |        76
    final |     +1.1% |     151 |      387 |         0
-------------------------------------------------------
[INFO GPL-0106] Timing-driven: worst slack -9.990718e-10
[INFO GPL-0107] Timing-driven: repair_design delta area: 3497.050 um^2 (+5.21%)
[INFO GPL-0108] Timing-driven: repair_design, gpl delta gcells: 387 (+8.06%)
[INFO GPL-0109] Timing-driven: repair_design, gcells created: 538, deleted: 151
[INFO GPL-0110] Timing-driven: new target density: 0.63552356
Iteration | Overflow |     HPWL (um) |  HPWL(%) |   Penalty | Group
---------------------------------------------------------------
      290 |   0.5991 |  1.301049e+05 |  +18.70% |  1.17e-09 |      
[INFO GPL-0038] Routability snapshot saved at iter = 291
      290 |   0.5991 |  1.301049e+05 |          |           |      
      300 |   0.5625 |  1.371291e+05 |   +5.40% |  1.90e-09 |      
      310 |   0.5118 |  1.410140e+05 |   +2.83% |  3.09e-09 |      
      320 |   0.4692 |  1.445734e+05 |   +2.52% |  5.04e-09 |      
      330 |   0.4297 |  1.480928e+05 |   +2.43% |  8.20e-09 |      
      340 |   0.3829 |  1.502712e+05 |   +1.47% |  1.34e-08 |      
      350 |   0.3433 |  1.521874e+05 |   +1.28% |  2.18e-08 |      
      360 |   0.3118 |  1.534886e+05 |   +0.86% |  3.20e-08 |      
[INFO GPL-0040] Routability iteration: 1
[WARNING GRT-0281] Net clk has a large fanout of 1057 terminals.
[INFO GPL-0041] Total routing overflow: 10.0989
[INFO GPL-0042] Number of overflowed tiles: 96 (3.29%)
[INFO GPL-0043] Average top 0.5% routing congestion: 1.2701
[INFO GPL-0044] Average top 1.0% routing congestion: 1.2233
[INFO GPL-0045] Average top 2.0% routing congestion: 1.1572
[INFO GPL-0046] Average top 5.0% routing congestion: 1.0590
[INFO GPL-0047] Routability iteration weighted routing congestion: 1.2467
[INFO GPL-0048] Routing congestion (1.2467) lower than previous minimum (1e+30). Updating minimum.
[INFO GPL-0086] Inflated area:                2376.170 um^2 (+3.36%)
[INFO GPL-0052] Placement target density:       0.6355
[INFO GPL-0076] Removing fillers, count: Before: 1134, After: 970 (-14.46%)
[INFO GPL-0077] Filler area (um^2)     : Before: 16415.844, After: 14040.114 (-14.47%)
[INFO GPL-0078] Removed fillers count: 164, area removed: 2373.792 um^2. Remaining area to be compensated by modifying density: 2.378 um^2
[INFO GPL-0058] White space area:           137012.656 um^2 (+0.00%)
[INFO GPL-0059] Movable instances area:      87074.775 um^2 (+0.00%)
[INFO GPL-0060] Total filler area:           14040.114 um^2 (-14.47%)
[INFO GPL-0061] Total non-inflated area:     87075.216 um^2 (+0.00%)
[INFO GPL-0062] Total inflated area:         89451.386 um^2 (+0.00%)
[INFO GPL-0063] New Target Density:             0.6355
[INFO GPL-0087] Routability end iteration: increase inflation and revert back to snapshot.
Iteration | Overflow |     HPWL (um) |  HPWL(%) |   Penalty | Group
---------------------------------------------------------------
      370 |   0.5865 |  1.372238e+05 |  -10.60% |  1.49e-09 |      
      380 |   0.5408 |  1.426240e+05 |   +3.94% |  2.19e-09 |      
      390 |   0.5094 |  1.452388e+05 |   +1.83% |  3.22e-09 |      
      400 |   0.4746 |  1.478443e+05 |   +1.79% |  4.75e-09 |      
      410 |   0.4413 |  1.497187e+05 |   +1.27% |  6.99e-09 |      
      420 |   0.4065 |  1.524120e+05 |   +1.80% |  1.03e-08 |      
      430 |   0.3757 |  1.554490e+05 |   +1.99% |  1.52e-08 |      
      440 |   0.3395 |  1.569897e+05 |   +0.99% |  2.23e-08 |      
      450 |   0.3027 |  1.577994e+05 |   +0.52% |  3.29e-08 |      
[INFO GPL-0040] Routability iteration: 2
[INFO GPL-0041] Total routing overflow: 5.1894
[INFO GPL-0042] Number of overflowed tiles: 66 (2.26%)
[INFO GPL-0043] Average top 0.5% routing congestion: 1.1742
[INFO GPL-0044] Average top 1.0% routing congestion: 1.1343
[INFO GPL-0045] Average top 2.0% routing congestion: 1.0873
[INFO GPL-0046] Average top 5.0% routing congestion: 1.0139
[INFO GPL-0047] Routability iteration weighted routing congestion: 1.1542
[INFO GPL-0048] Routing congestion (1.1542) lower than previous minimum (1.247). Updating minimum.
[INFO GPL-0086] Inflated area:                1220.496 um^2 (+1.67%)
[INFO GPL-0052] Placement target density:       0.6355
[INFO GPL-0076] Removing fillers, count: Before: 970, After: 886 (-8.66%)
[INFO GPL-0077] Filler area (um^2)     : Before: 14040.114, After: 12824.269 (-8.66%)
[INFO GPL-0078] Removed fillers count: 84, area removed: 1215.845 um^2. Remaining area to be compensated by modifying density: 4.651 um^2
[INFO GPL-0058] White space area:           137012.656 um^2 (+0.00%)
[INFO GPL-0059] Movable instances area:      87074.775 um^2 (+0.00%)
[INFO GPL-0060] Total filler area:           12824.269 um^2 (-8.66%)
[INFO GPL-0061] Total non-inflated area:     87079.867 um^2 (+0.01%)
[INFO GPL-0062] Total inflated area:         88300.363 um^2 (+0.01%)
[INFO GPL-0063] New Target Density:             0.6355
[INFO GPL-0087] Routability end iteration: increase inflation and revert back to snapshot.
Iteration | Overflow |     HPWL (um) |  HPWL(%) |   Penalty | Group
---------------------------------------------------------------
      460 |   0.5653 |  1.423985e+05 |   -9.76% |  1.67e-09 |      
      470 |   0.5313 |  1.454294e+05 |   +2.13% |  2.46e-09 |      
      480 |   0.5000 |  1.486142e+05 |   +2.19% |  3.62e-09 |      
      490 |   0.4640 |  1.503787e+05 |   +1.19% |  5.33e-09 |      
      500 |   0.4273 |  1.524514e+05 |   +1.38% |  7.85e-09 |      
      510 |   0.3952 |  1.556279e+05 |   +2.08% |  1.16e-08 |      
      520 |   0.3606 |  1.584168e+05 |   +1.79% |  1.70e-08 |      
      530 |   0.3302 |  1.596537e+05 |   +0.78% |  2.51e-08 |      
[INFO GPL-0040] Routability iteration: 3
[INFO GPL-0041] Total routing overflow: 3.6510
[INFO GPL-0042] Number of overflowed tiles: 58 (1.99%)
[INFO GPL-0043] Average top 0.5% routing congestion: 1.1360
[INFO GPL-0044] Average top 1.0% routing congestion: 1.1015
[INFO GPL-0045] Average top 2.0% routing congestion: 1.0619
[INFO GPL-0046] Average top 5.0% routing congestion: 0.9977
[INFO GPL-0047] Routability iteration weighted routing congestion: 1.1188
[INFO GPL-0048] Routing congestion (1.1188) lower than previous minimum (1.154). Updating minimum.
[INFO GPL-0086] Inflated area:                 890.610 um^2 (+1.20%)
[INFO GPL-0052] Placement target density:       0.6355
[INFO GPL-0076] Removing fillers, count: Before: 886, After: 825 (-6.88%)
[INFO GPL-0077] Filler area (um^2)     : Before: 12824.269, After: 11941.334 (-6.88%)
[INFO GPL-0078] Removed fillers count: 61, area removed: 882.935 um^2. Remaining area to be compensated by modifying density: 7.675 um^2
[INFO GPL-0058] White space area:           137012.656 um^2 (+0.00%)
[INFO GPL-0059] Movable instances area:      87074.775 um^2 (+0.00%)
[INFO GPL-0060] Total filler area:           11941.334 um^2 (-6.88%)
[INFO GPL-0061] Total non-inflated area:     87087.542 um^2 (+0.01%)
[INFO GPL-0062] Total inflated area:         87978.152 um^2 (+0.01%)
[INFO GPL-0063] New Target Density:             0.6355
[INFO GPL-0087] Routability end iteration: increase inflation and revert back to snapshot.
Iteration | Overflow |     HPWL (um) |  HPWL(%) |   Penalty | Group
---------------------------------------------------------------
      540 |   0.6160 |  1.322928e+05 |  -17.14% |  1.27e-09 |      
      550 |   0.5483 |  1.460826e+05 |  +10.42% |  1.87e-09 |      
      560 |   0.5230 |  1.481700e+05 |   +1.43% |  2.76e-09 |      
      570 |   0.4870 |  1.514214e+05 |   +2.19% |  4.07e-09 |      
      580 |   0.4551 |  1.523692e+05 |   +0.63% |  5.99e-09 |      
      590 |   0.4183 |  1.550617e+05 |   +1.77% |  8.82e-09 |      
      600 |   0.3869 |  1.582436e+05 |   +2.05% |  1.30e-08 |      
      610 |   0.3524 |  1.608370e+05 |   +1.64% |  1.91e-08 |      
      620 |   0.3158 |  1.613841e+05 |   +0.34% |  2.82e-08 |      
[INFO GPL-0040] Routability iteration: 4
[INFO GPL-0041] Total routing overflow: 3.2177
[INFO GPL-0042] Number of overflowed tiles: 52 (1.78%)
[INFO GPL-0043] Average top 0.5% routing congestion: 1.1244
[INFO GPL-0044] Average top 1.0% routing congestion: 1.0955
[INFO GPL-0045] Average top 2.0% routing congestion: 1.0535
[INFO GPL-0046] Average top 5.0% routing congestion: 0.9901
[INFO GPL-0047] Routability iteration weighted routing congestion: 1.1100
[INFO GPL-0048] Routing congestion (1.1100) lower than previous minimum (1.119). Updating minimum.
[INFO GPL-0086] Inflated area:                 819.326 um^2 (+1.09%)
[INFO GPL-0052] Placement target density:       0.6355
[INFO GPL-0076] Removing fillers, count: Before: 825, After: 769 (-6.79%)
[INFO GPL-0077] Filler area (um^2)     : Before: 11941.334, After: 11130.771 (-6.79%)
[INFO GPL-0078] Removed fillers count: 56, area removed: 810.563 um^2. Remaining area to be compensated by modifying density: 8.763 um^2
[INFO GPL-0058] White space area:           137012.656 um^2 (+0.00%)
[INFO GPL-0059] Movable instances area:      87074.775 um^2 (+0.00%)
[INFO GPL-0060] Total filler area:           11130.771 um^2 (-6.79%)
[INFO GPL-0061] Total non-inflated area:     87096.305 um^2 (+0.01%)
[INFO GPL-0062] Total inflated area:         87915.631 um^2 (+0.01%)
[INFO GPL-0063] New Target Density:             0.6355
[INFO GPL-0087] Routability end iteration: increase inflation and revert back to snapshot.
Iteration | Overflow |     HPWL (um) |  HPWL(%) |   Penalty | Group
---------------------------------------------------------------
      630 |   0.5883 |  1.408101e+05 |  -12.75% |  1.49e-09 |      
      640 |   0.5372 |  1.482359e+05 |   +5.27% |  2.19e-09 |      
      650 |   0.5119 |  1.516021e+05 |   +2.27% |  3.22e-09 |      
      660 |   0.4734 |  1.536271e+05 |   +1.34% |  4.75e-09 |      
      670 |   0.4359 |  1.548593e+05 |   +0.80% |  6.99e-09 |      
      680 |   0.4001 |  1.580952e+05 |   +2.09% |  1.03e-08 |      
      690 |   0.3741 |  1.607617e+05 |   +1.69% |  1.52e-08 |      
      700 |   0.3386 |  1.631800e+05 |   +1.50% |  2.23e-08 |      
      710 |   0.2960 |  1.628135e+05 |   -0.22% |  3.29e-08 |      
[INFO GPL-0040] Routability iteration: 5
[INFO GPL-0041] Total routing overflow: 2.5151
[INFO GPL-0042] Number of overflowed tiles: 50 (1.71%)
[INFO GPL-0043] Average top 0.5% routing congestion: 1.1009
[INFO GPL-0044] Average top 1.0% routing congestion: 1.0738
[INFO GPL-0045] Average top 2.0% routing congestion: 1.0411
[INFO GPL-0046] Average top 5.0% routing congestion: 0.9810
[INFO GPL-0047] Routability iteration weighted routing congestion: 1.0874
[INFO GPL-0048] Routing congestion (1.0874) lower than previous minimum (1.11). Updating minimum.
[INFO GPL-0086] Inflated area:                 694.504 um^2 (+0.91%)
[INFO GPL-0052] Placement target density:       0.6355
[INFO GPL-0076] Removing fillers, count: Before: 769, After: 722 (-6.11%)
[INFO GPL-0077] Filler area (um^2)     : Before: 11130.771, After: 10450.476 (-6.11%)
[INFO GPL-0078] Removed fillers count: 47, area removed: 680.294 um^2. Remaining area to be compensated by modifying density: 14.210 um^2
[INFO GPL-0058] White space area:           137012.656 um^2 (+0.00%)
[INFO GPL-0059] Movable instances area:      87074.775 um^2 (+0.00%)
[INFO GPL-0060] Total filler area:           10450.476 um^2 (-6.11%)
[INFO GPL-0061] Total non-inflated area:     87110.515 um^2 (+0.02%)
[INFO GPL-0062] Total inflated area:         87805.019 um^2 (+0.02%)
[INFO GPL-0063] New Target Density:             0.6355
[INFO GPL-0087] Routability end iteration: increase inflation and revert back to snapshot.
Iteration | Overflow |     HPWL (um) |  HPWL(%) |   Penalty | Group
---------------------------------------------------------------
      720 |   0.5536 |  1.482912e+05 |   -8.92% |  1.73e-09 |      
      730 |   0.5277 |  1.504637e+05 |   +1.47% |  2.55e-09 |      
      740 |   0.4943 |  1.546239e+05 |   +2.76% |  3.76e-09 |      
      750 |   0.4619 |  1.551888e+05 |   +0.37% |  5.54e-09 |      
      760 |   0.4223 |  1.571619e+05 |   +1.27% |  8.16e-09 |      
      770 |   0.3866 |  1.607619e+05 |   +2.29% |  1.20e-08 |      
      780 |   0.3603 |  1.636829e+05 |   +1.82% |  1.77e-08 |      
      790 |   0.3251 |  1.649908e+05 |   +0.80% |  2.61e-08 |      
[INFO GPL-0040] Routability iteration: 6
[INFO GPL-0041] Total routing overflow: 1.6940
[INFO GPL-0042] Number of overflowed tiles: 36 (1.23%)
[INFO GPL-0043] Average top 0.5% routing congestion: 1.0829
[INFO GPL-0044] Average top 1.0% routing congestion: 1.0552
[INFO GPL-0045] Average top 2.0% routing congestion: 1.0242
[INFO GPL-0046] Average top 5.0% routing congestion: 0.9734
[INFO GPL-0047] Routability iteration weighted routing congestion: 1.0691
[INFO GPL-0048] Routing congestion (1.0691) lower than previous minimum (1.087). Updating minimum.
[INFO GPL-0086] Inflated area:                 611.421 um^2 (+0.80%)
[INFO GPL-0052] Placement target density:       0.6355
[INFO GPL-0076] Removing fillers, count: Before: 722, After: 680 (-5.82%)
[INFO GPL-0077] Filler area (um^2)     : Before: 10450.476, After: 9842.554 (-5.82%)
[INFO GPL-0078] Removed fillers count: 42, area removed: 607.922 um^2. Remaining area to be compensated by modifying density: 3.498 um^2
[INFO GPL-0058] White space area:           137012.656 um^2 (+0.00%)
[INFO GPL-0059] Movable instances area:      87074.775 um^2 (+0.00%)
[INFO GPL-0060] Total filler area:            9842.554 um^2 (-5.82%)
[INFO GPL-0061] Total non-inflated area:     87114.013 um^2 (+0.00%)
[INFO GPL-0062] Total inflated area:         87725.434 um^2 (+0.00%)
[INFO GPL-0063] New Target Density:             0.6355
[INFO GPL-0087] Routability end iteration: increase inflation and revert back to snapshot.
Iteration | Overflow |     HPWL (um) |  HPWL(%) |   Penalty | Group
---------------------------------------------------------------
      800 |   0.6087 |  1.374187e+05 |  -16.71% |  1.38e-09 |      
      810 |   0.5387 |  1.508851e+05 |   +9.80% |  2.02e-09 |      
      820 |   0.5163 |  1.536312e+05 |   +1.82% |  2.98e-09 |      
      830 |   0.4785 |  1.564064e+05 |   +1.81% |  4.39e-09 |      
      840 |   0.4449 |  1.567900e+05 |   +0.25% |  6.47e-09 |      
      850 |   0.4064 |  1.599165e+05 |   +1.99% |  9.53e-09 |      
      860 |   0.3784 |  1.630939e+05 |   +1.99% |  1.40e-08 |      
      870 |   0.3454 |  1.663371e+05 |   +1.99% |  2.07e-08 |      
      880 |   0.3073 |  1.656749e+05 |   -0.40% |  3.04e-08 |      
[INFO GPL-0040] Routability iteration: 7
[INFO GPL-0041] Total routing overflow: 1.5372
[INFO GPL-0042] Number of overflowed tiles: 39 (1.34%)
[INFO GPL-0043] Average top 0.5% routing congestion: 1.0781
[INFO GPL-0044] Average top 1.0% routing congestion: 1.0496
[INFO GPL-0045] Average top 2.0% routing congestion: 1.0190
[INFO GPL-0046] Average top 5.0% routing congestion: 0.9685
[INFO GPL-0047] Routability iteration weighted routing congestion: 1.0638
[INFO GPL-0048] Routing congestion (1.0638) lower than previous minimum (1.069). Updating minimum.
[INFO GPL-0086] Inflated area:                 435.526 um^2 (+0.56%)
[INFO GPL-0052] Placement target density:       0.6355
[INFO GPL-0076] Removing fillers, count: Before: 680, After: 650 (-4.41%)
[INFO GPL-0077] Filler area (um^2)     : Before: 9842.554, After: 9408.324 (-4.41%)
[INFO GPL-0078] Removed fillers count: 30, area removed: 434.230 um^2. Remaining area to be compensated by modifying density: 1.296 um^2
[INFO GPL-0058] White space area:           137012.656 um^2 (+0.00%)
[INFO GPL-0059] Movable instances area:      87074.775 um^2 (+0.00%)
[INFO GPL-0060] Total filler area:            9408.324 um^2 (-4.41%)
[INFO GPL-0061] Total non-inflated area:     87115.309 um^2 (+0.00%)
[INFO GPL-0062] Total inflated area:         87550.836 um^2 (+0.00%)
[INFO GPL-0063] New Target Density:             0.6355
[INFO GPL-0087] Routability end iteration: increase inflation and revert back to snapshot.
Iteration | Overflow |     HPWL (um) |  HPWL(%) |   Penalty | Group
---------------------------------------------------------------
      890 |   0.5657 |  1.480382e+05 |  -10.65% |  1.61e-09 |      
      900 |   0.5326 |  1.518810e+05 |   +2.60% |  2.36e-09 |      
      910 |   0.5011 |  1.564290e+05 |   +2.99% |  3.48e-09 |      
      920 |   0.4675 |  1.572006e+05 |   +0.49% |  5.13e-09 |      
      930 |   0.4262 |  1.584824e+05 |   +0.82% |  7.55e-09 |      
      940 |   0.3917 |  1.624511e+05 |   +2.50% |  1.11e-08 |      
      950 |   0.3667 |  1.653246e+05 |   +1.77% |  1.64e-08 |      
      960 |   0.3289 |  1.674995e+05 |   +1.32% |  2.41e-08 |      
[INFO GPL-0040] Routability iteration: 8
[INFO GPL-0041] Total routing overflow: 1.7791
[INFO GPL-0042] Number of overflowed tiles: 32 (1.10%)
[INFO GPL-0043] Average top 0.5% routing congestion: 1.0954
[INFO GPL-0044] Average top 1.0% routing congestion: 1.0591
[INFO GPL-0045] Average top 2.0% routing congestion: 1.0223
[INFO GPL-0046] Average top 5.0% routing congestion: 0.9710
[INFO GPL-0047] Routability iteration weighted routing congestion: 1.0773
[INFO GPL-0049] Routing congestion (1.0773) higher than minimum (1.0638). Consecutive non-improvement count: 1.
[INFO GPL-0086] Inflated area:                 441.232 um^2 (+0.57%)
[INFO GPL-0052] Placement target density:       0.6355
[INFO GPL-0076] Removing fillers, count: Before: 650, After: 620 (-4.62%)
[INFO GPL-0077] Filler area (um^2)     : Before: 9408.324, After: 8974.093 (-4.62%)
[INFO GPL-0078] Removed fillers count: 30, area removed: 434.230 um^2. Remaining area to be compensated by modifying density: 7.001 um^2
[INFO GPL-0058] White space area:           137012.656 um^2 (+0.00%)
[INFO GPL-0059] Movable instances area:      87074.775 um^2 (+0.00%)
[INFO GPL-0060] Total filler area:            8974.093 um^2 (-4.62%)
[INFO GPL-0061] Total non-inflated area:     87122.311 um^2 (+0.01%)
[INFO GPL-0062] Total inflated area:         87563.542 um^2 (+0.01%)
[INFO GPL-0063] New Target Density:             0.6355
[INFO GPL-0087] Routability end iteration: increase inflation and revert back to snapshot.
Iteration | Overflow |     HPWL (um) |  HPWL(%) |   Penalty | Group
---------------------------------------------------------------
      970 |   0.6287 |  1.324981e+05 |  -20.90% |  1.27e-09 |      
      980 |   0.5386 |  1.530448e+05 |  +15.51% |  1.87e-09 |      
      990 |   0.5228 |  1.545079e+05 |   +0.96% |  2.76e-09 |      
     1000 |   0.4834 |  1.583164e+05 |   +2.46% |  4.06e-09 |      
     1010 |   0.4536 |  1.581941e+05 |   -0.08% |  5.99e-09 |      
     1020 |   0.4148 |  1.607569e+05 |   +1.62% |  8.82e-09 |      
     1030 |   0.3824 |  1.644162e+05 |   +2.28% |  1.30e-08 |      
     1040 |   0.3494 |  1.680020e+05 |   +2.18% |  1.91e-08 |      
     1050 |   0.3154 |  1.676223e+05 |   -0.23% |  2.82e-08 |      
[INFO GPL-0040] Routability iteration: 9
[INFO GPL-0041] Total routing overflow: 1.2087
[INFO GPL-0042] Number of overflowed tiles: 22 (0.75%)
[INFO GPL-0043] Average top 0.5% routing congestion: 1.0744
[INFO GPL-0044] Average top 1.0% routing congestion: 1.0385
[INFO GPL-0045] Average top 2.0% routing congestion: 1.0063
[INFO GPL-0046] Average top 5.0% routing congestion: 0.9586
[INFO GPL-0047] Routability iteration weighted routing congestion: 1.0565
[INFO GPL-0048] Routing congestion (1.0565) lower than previous minimum (1.064). Updating minimum.
[INFO GPL-0086] Inflated area:                 337.888 um^2 (+0.43%)
[INFO GPL-0052] Placement target density:       0.6355
[INFO GPL-0076] Removing fillers, count: Before: 620, After: 597 (-3.71%)
[INFO GPL-0077] Filler area (um^2)     : Before: 8974.093, After: 8641.183 (-3.71%)
[INFO GPL-0078] Removed fillers count: 23, area removed: 332.910 um^2. Remaining area to be compensated by modifying density: 4.978 um^2
[INFO GPL-0058] White space area:           137012.656 um^2 (+0.00%)
[INFO GPL-0059] Movable instances area:      87074.775 um^2 (+0.00%)
[INFO GPL-0060] Total filler area:            8641.183 um^2 (-3.71%)
[INFO GPL-0061] Total non-inflated area:     87127.289 um^2 (+0.01%)
[INFO GPL-0062] Total inflated area:         87465.177 um^2 (+0.01%)
[INFO GPL-0063] New Target Density:             0.6355
[INFO GPL-0087] Routability end iteration: increase inflation and revert back to snapshot.
Iteration | Overflow |     HPWL (um) |  HPWL(%) |   Penalty | Group
---------------------------------------------------------------
     1060 |   0.5873 |  1.448694e+05 |  -13.57% |  1.49e-09 |      
     1070 |   0.5317 |  1.532046e+05 |   +5.75% |  2.19e-09 |      
     1080 |   0.5084 |  1.573446e+05 |   +2.70% |  3.22e-09 |      
     1090 |   0.4734 |  1.589600e+05 |   +1.03% |  4.74e-09 |      
     1100 |   0.4345 |  1.594851e+05 |   +0.33% |  6.99e-09 |      
     1110 |   0.3945 |  1.631450e+05 |   +2.29% |  1.03e-08 |      
     1120 |   0.3741 |  1.663138e+05 |   +1.94% |  1.52e-08 |      
     1130 |   0.3339 |  1.693669e+05 |   +1.84% |  2.23e-08 |      
     1140 |   0.2991 |  1.683968e+05 |   -0.57% |  3.29e-08 |      
[INFO GPL-0040] Routability iteration: 10
[INFO GPL-0041] Total routing overflow: 0.6069
[INFO GPL-0042] Number of overflowed tiles: 19 (0.65%)
[INFO GPL-0043] Average top 0.5% routing congestion: 1.0392
[INFO GPL-0044] Average top 1.0% routing congestion: 1.0161
[INFO GPL-0045] Average top 2.0% routing congestion: 0.9904
[INFO GPL-0046] Average top 5.0% routing congestion: 0.9481
[INFO GPL-0047] Routability iteration weighted routing congestion: 1.0276
[INFO GPL-0048] Routing congestion (1.0276) lower than previous minimum (1.056). Updating minimum.
[INFO GPL-0086] Inflated area:                 303.330 um^2 (+0.39%)
[INFO GPL-0052] Placement target density:       0.6355
[INFO GPL-0076] Removing fillers, count: Before: 597, After: 577 (-3.35%)
[INFO GPL-0077] Filler area (um^2)     : Before: 8641.183, After: 8351.696 (-3.35%)
[INFO GPL-0078] Removed fillers count: 20, area removed: 289.487 um^2. Remaining area to be compensated by modifying density: 13.843 um^2
[INFO GPL-0058] White space area:           137012.656 um^2 (+0.00%)
[INFO GPL-0059] Movable instances area:      87074.775 um^2 (+0.00%)
[INFO GPL-0060] Total filler area:            8351.696 um^2 (-3.35%)
[INFO GPL-0061] Total non-inflated area:     87141.132 um^2 (+0.02%)
[INFO GPL-0062] Total inflated area:         87444.461 um^2 (+0.02%)
[INFO GPL-0063] New Target Density:             0.6355
[INFO GPL-0087] Routability end iteration: increase inflation and revert back to snapshot.
Iteration | Overflow |     HPWL (um) |  HPWL(%) |   Penalty | Group
---------------------------------------------------------------
     1150 |   0.5469 |  1.532459e+05 |   -9.00% |  1.73e-09 |      
     1160 |   0.5252 |  1.547970e+05 |   +1.01% |  2.55e-09 |      
     1170 |   0.4932 |  1.595031e+05 |   +3.04% |  3.76e-09 |      
     1180 |   0.4619 |  1.594505e+05 |   -0.03% |  5.54e-09 |      
     1190 |   0.4208 |  1.611846e+05 |   +1.09% |  8.16e-09 |      
     1200 |   0.3862 |  1.650058e+05 |   +2.37% |  1.20e-08 |      
     1210 |   0.3595 |  1.686149e+05 |   +2.19% |  1.77e-08 |      
     1220 |   0.3215 |  1.693406e+05 |   +0.43% |  2.61e-08 |      
[INFO GPL-0040] Routability iteration: 11
[INFO GPL-0041] Total routing overflow: 0.8519
[INFO GPL-0042] Number of overflowed tiles: 23 (0.79%)
[INFO GPL-0043] Average top 0.5% routing congestion: 1.0483
[INFO GPL-0044] Average top 1.0% routing congestion: 1.0272
[INFO GPL-0045] Average top 2.0% routing congestion: 0.9980
[INFO GPL-0046] Average top 5.0% routing congestion: 0.9493
[INFO GPL-0047] Routability iteration weighted routing congestion: 1.0378
[INFO GPL-0049] Routing congestion (1.0378) higher than minimum (1.0276). Consecutive non-improvement count: 1.
[INFO GPL-0086] Inflated area:                 324.123 um^2 (+0.41%)
[INFO GPL-0052] Placement target density:       0.6355
[INFO GPL-0076] Removing fillers, count: Before: 577, After: 555 (-3.81%)
[INFO GPL-0077] Filler area (um^2)     : Before: 8351.696, After: 8033.261 (-3.81%)
[INFO GPL-0078] Removed fillers count: 22, area removed: 318.436 um^2. Remaining area to be compensated by modifying density: 5.688 um^2
[INFO GPL-0058] White space area:           137012.656 um^2 (+0.00%)
[INFO GPL-0059] Movable instances area:      87074.775 um^2 (+0.00%)
[INFO GPL-0060] Total filler area:            8033.261 um^2 (-3.81%)
[INFO GPL-0061] Total non-inflated area:     87146.820 um^2 (+0.01%)
[INFO GPL-0062] Total inflated area:         87470.943 um^2 (+0.01%)
[INFO GPL-0063] New Target Density:             0.6355
[INFO GPL-0087] Routability end iteration: increase inflation and revert back to snapshot.
Iteration | Overflow |     HPWL (um) |  HPWL(%) |   Penalty | Group
---------------------------------------------------------------
     1230 |   0.6117 |  1.392812e+05 |  -17.75% |  1.38e-09 |      
     1240 |   0.5325 |  1.547091e+05 |  +11.08% |  2.02e-09 |      
     1250 |   0.5151 |  1.577513e+05 |   +1.97% |  2.98e-09 |      
     1260 |   0.4759 |  1.606529e+05 |   +1.84% |  4.39e-09 |      
     1270 |   0.4442 |  1.601244e+05 |   -0.33% |  6.47e-09 |      
     1280 |   0.4025 |  1.635308e+05 |   +2.13% |  9.52e-09 |      
     1290 |   0.3786 |  1.668542e+05 |   +2.03% |  1.40e-08 |      
     1300 |   0.3423 |  1.705716e+05 |   +2.23% |  2.07e-08 |      
     1310 |   0.3039 |  1.692202e+05 |   -0.79% |  3.04e-08 |      
[INFO GPL-0040] Routability iteration: 12
[INFO GPL-0041] Total routing overflow: 1.2225
[INFO GPL-0042] Number of overflowed tiles: 28 (0.96%)
[INFO GPL-0043] Average top 0.5% routing congestion: 1.0691
[INFO GPL-0044] Average top 1.0% routing congestion: 1.0403
[INFO GPL-0045] Average top 2.0% routing congestion: 1.0045
[INFO GPL-0046] Average top 5.0% routing congestion: 0.9510
[INFO GPL-0047] Routability iteration weighted routing congestion: 1.0547
[INFO GPL-0049] Routing congestion (1.0547) higher than minimum (1.0276). Consecutive non-improvement count: 2.
[INFO GPL-0086] Inflated area:                 326.728 um^2 (+0.41%)
[INFO GPL-0052] Placement target density:       0.6355
[INFO GPL-0076] Removing fillers, count: Before: 555, After: 533 (-3.96%)
[INFO GPL-0077] Filler area (um^2)     : Before: 8033.261, After: 7714.825 (-3.96%)
[INFO GPL-0078] Removed fillers count: 22, area removed: 318.436 um^2. Remaining area to be compensated by modifying density: 8.293 um^2
[INFO GPL-0058] White space area:           137012.656 um^2 (+0.00%)
[INFO GPL-0059] Movable instances area:      87074.775 um^2 (+0.00%)
[INFO GPL-0060] Total filler area:            7714.825 um^2 (-3.96%)
[INFO GPL-0061] Total non-inflated area:     87155.112 um^2 (+0.01%)
[INFO GPL-0062] Total inflated area:         87481.840 um^2 (+0.01%)
[INFO GPL-0063] New Target Density:             0.6355
[INFO GPL-0087] Routability end iteration: increase inflation and revert back to snapshot.
Iteration | Overflow |     HPWL (um) |  HPWL(%) |   Penalty | Group
---------------------------------------------------------------
     1320 |   0.5521 |  1.536110e+05 |   -9.22% |  1.67e-09 |      
     1330 |   0.5275 |  1.556737e+05 |   +1.34% |  2.46e-09 |      
     1340 |   0.4952 |  1.607210e+05 |   +3.24% |  3.62e-09 |      
     1350 |   0.4636 |  1.608238e+05 |   +0.06% |  5.33e-09 |      
     1360 |   0.4232 |  1.619345e+05 |   +0.69% |  7.85e-09 |      
     1370 |   0.3860 |  1.660268e+05 |   +2.53% |  1.16e-08 |      
     1380 |   0.3600 |  1.693543e+05 |   +2.00% |  1.70e-08 |      
     1390 |   0.3246 |  1.705872e+05 |   +0.73% |  2.51e-08 |      
[INFO GPL-0040] Routability iteration: 13
[INFO GPL-0041] Total routing overflow: 1.9330
[INFO GPL-0042] Number of overflowed tiles: 39 (1.34%)
[INFO GPL-0043] Average top 0.5% routing congestion: 1.1001
[INFO GPL-0044] Average top 1.0% routing congestion: 1.0627
[INFO GPL-0045] Average top 2.0% routing congestion: 1.0254
[INFO GPL-0046] Average top 5.0% routing congestion: 0.9653
[INFO GPL-0047] Routability iteration weighted routing congestion: 1.0814
[INFO GPL-0049] Routing congestion (1.0814) higher than minimum (1.0276). Consecutive non-improvement count: 3.
[INFO GPL-0086] Inflated area:                 589.424 um^2 (+0.74%)
[INFO GPL-0052] Placement target density:       0.6355
[INFO GPL-0076] Removing fillers, count: Before: 533, After: 493 (-7.50%)
[INFO GPL-0077] Filler area (um^2)     : Before: 7714.825, After: 7135.852 (-7.50%)
[INFO GPL-0078] Removed fillers count: 40, area removed: 578.974 um^2. Remaining area to be compensated by modifying density: 10.450 um^2
[INFO GPL-0054] No improvement in routing congestion for 3 consecutive iterations (limit is 3).
[INFO GPL-0055] Reverting inflation values and target density from the iteration with minimum observed routing congestion.
[INFO GPL-0056] Minimum observed routing congestion: 1.0276
[INFO GPL-0057] Target density at minimum routing congestion: 0.6355
[INFO GPL-0080] Restoring 104 previously removed fillers.
[INFO GPL-0081] Number of fillers before restoration 493 and after 597 . Relative change: +21.10%%
[INFO GPL-0082] Total filler area before restoration 7135.85 and after 8641.18 (um^2). Relative change: +21.10%%
[INFO GPL-0089] Routability finished. Reverting to minimal observed routing congestion, could not reach target.
Iteration | Overflow |     HPWL (um) |  HPWL(%) |   Penalty | Group
---------------------------------------------------------------
     1400 |   0.6044 |  1.383778e+05 |  -18.88% |  1.38e-09 |      
     1410 |   0.5318 |  1.527000e+05 |  +10.35% |  2.02e-09 |      
     1420 |   0.5118 |  1.558488e+05 |   +2.06% |  2.98e-09 |      
     1430 |   0.4743 |  1.587819e+05 |   +1.88% |  4.39e-09 |      
     1440 |   0.4412 |  1.589298e+05 |   +0.09% |  6.47e-09 |      
     1450 |   0.4005 |  1.619731e+05 |   +1.91% |  9.53e-09 |      
     1460 |   0.3759 |  1.654475e+05 |   +2.15% |  1.40e-08 |      
     1470 |   0.3376 |  1.690014e+05 |   +2.15% |  2.07e-08 |      
     1480 |   0.3042 |  1.680043e+05 |   -0.59% |  3.04e-08 |      
     1490 |   0.2762 |  1.701663e+05 |   +1.29% |  4.48e-08 |      
     1500 |   0.2486 |  1.709344e+05 |   +0.45% |  6.60e-08 |      
     1510 |   0.2131 |  1.712225e+05 |   +0.17% |  9.73e-08 |      
[INFO GPL-0100] Timing-driven iteration 2/2, virtual: false.
[INFO GPL-0101]    Iter: 1520, overflow: 0.194, keep resizer changes at: 1, HPWL: 171890301
Iteration |   Area    | Resized | Buffers | Nets repaired | Remaining
---------------------------------------------------------------------
        0 |     +0.0% |       0 |       0 |             0 |      5393
    final |     +0.4% |      13 |      11 |            19 |         0
---------------------------------------------------------------------
[INFO RSZ-0034] Found 17 slew violations.
[INFO RSZ-0036] Found 6 capacitance violations.
[INFO RSZ-0039] Resized 13 instances.
[INFO RSZ-0038] Inserted 11 buffers in 19 nets.
   Iter   |    Area   | Removed | Inserted |   Pins
          |           | Buffers | Buffers  | Remaining
-------------------------------------------------------
        0 |     +0.0% |       0 |        0 |      4876
      480 |     +0.1% |      71 |       80 |      4396
      960 |     +0.3% |      94 |      126 |      3916
     1440 |     +0.4% |     123 |      160 |      3436
     1920 |     +0.7% |     236 |      303 |      2956
     2400 |     +0.8% |     266 |      345 |      2476
     2880 |     +0.8% |     270 |      350 |      1996
     3360 |     +0.8% |     272 |      354 |      1516
     3840 |     +0.8% |     293 |      379 |      1036
     4320 |     +0.8% |     324 |      409 |       556
     4800 |     +0.6% |     361 |      438 |        76
    final |     +0.7% |     398 |      479 |         0
-------------------------------------------------------
[INFO GPL-0106] Timing-driven: worst slack -1.0069077e-09
[INFO GPL-0107] Timing-driven: repair_design delta area: 402.811 um^2 (+0.51%)
[INFO GPL-0108] Timing-driven: repair_design, gpl delta gcells: 92 (+1.77%)
[INFO GPL-0109] Timing-driven: repair_design, gcells created: 490, deleted: 398
[INFO GPL-0110] Timing-driven: new target density: 0.645811
Iteration | Overflow |     HPWL (um) |  HPWL(%) |   Penalty | Group
---------------------------------------------------------------
     1520 |   0.1948 |  1.754881e+05 |   +2.49% |  1.43e-07 |      
     1530 |   0.1706 |  1.743207e+05 |   -0.67% |  2.11e-07 |      
     1540 |   0.1500 |  1.742534e+05 |   -0.04% |  3.11e-07 |      
     1550 |   0.1246 |  1.744163e+05 |   +0.09% |  4.58e-07 |      
     1560 |   0.1061 |  1.747074e+05 |   +0.17% |  6.74e-07 |      
     1564 |   0.0991 |  1.749054e+05 |          |  8.19e-07 |      
---------------------------------------------------------------
[INFO GPL-1001] Global placement finished at iteration 1564
[INFO GPL-1017] Routability mode iteration count: 1177
[INFO GPL-1005] Routability final weighted congestion: 1.0127
[INFO GPL-1002] Placed Cell Area            78888.9161
[INFO GPL-1003] Available Free Area         137012.6560
[INFO GPL-1004] Minimum Feasible Density        0.5000 (cell_area / free_area)
[INFO GPL-1006]   Suggested Target Densities:
[INFO GPL-1007]     - For 90% usage of free space: 0.6398
[INFO GPL-1008]     - For 80% usage of free space: 0.7197
[INFO GPL-1011] Original area (um^2): 67161.88
[INFO GPL-1012] Total routability artificial inflation: 7827.17 (+11.65%)
[INFO GPL-1013] Total timing-driven delta area: 3899.86 (+5.81%)
[INFO GPL-1014] Final placement area: 78888.92 (+17.46%)
[INFO GPL-1018] Final HPWL (um): 174840.33
Took 5 seconds: global_placement -density 0.61 -pad_left 0 -pad_right 0 -routability_driven -timing_driven -force_center_initial_place -min_phi_coef 0.95 -max_phi_coef 1.05
estimate_parasitics -placement
Report metrics stage 3, global place...

==========================================================================
global place report_design_area
--------------------------------------------------------------------------
Design area 69485 um^2 50% utilization.
write_db ./results/sky130hd/riscv32i/base/3_3_place_gp.odb
Elapsed time: 0:06.87[h:]min:sec. CPU time: user 20.05 sys 2.15 (323%). Peak memory: 300488KB.
Log                       Ext     Elapsed/s Peak Memory/MB sha1sum result [0:20)
3_3_place_gp              .odb            6            293 52793ce790c999fae6ab
/home/lunarch/orfs-clean/flow/scripts/flow.sh 3_4_place_resized resize
Running resize.tcl, stage 3_4_place_resized
read_liberty /home/lunarch/orfs-clean/flow/platforms/sky130hd/lib/sky130_fd_sc_hd__tt_025C_1v80.lib
read_db ./results/sky130hd/riscv32i/base/3_3_place_gp.odb
read_sdc ./results/sky130hd/riscv32i/base/2_floorplan.sdc
source /home/lunarch/orfs-clean/flow/platforms/sky130hd/setRC.tcl
estimate_parasitics -placement
Perform buffer insertion and gate resizing...
repair_design -verbose -match_cell_footprint
Iteration |   Area    | Resized | Buffers | Nets repaired | Remaining
---------------------------------------------------------------------
        0 |     +0.0% |       0 |       0 |             0 |      5485
     1000 |     +0.0% |       0 |       0 |             0 |      4485
     2000 |     +0.0% |       0 |       0 |             0 |      3485
     3000 |     +0.0% |       0 |       0 |             0 |      2485
     4000 |     +0.0% |       0 |       0 |             0 |      1485
     5000 |     +0.0% |       0 |       0 |             0 |       485
    final |     +0.0% |       0 |       0 |             0 |         0
---------------------------------------------------------------------
[INFO RSZ-0504] Runtime: 0.34s
Floating nets: 
Report metrics stage 3, resizer...

==========================================================================
resizer report_design_area
--------------------------------------------------------------------------
Design area 69485 um^2 50% utilization.
Instance count before 7156, after 7156
Pin count before 20688, after 20688
write_db ./results/sky130hd/riscv32i/base/3_4_place_resized.odb
Elapsed time: 0:02.37[h:]min:sec. CPU time: user 2.84 sys 1.09 (165%). Peak memory: 168100KB.
Log                       Ext     Elapsed/s Peak Memory/MB sha1sum result [0:20)
3_4_place_resized         .odb            2            164 52793ce790c999fae6ab
/home/lunarch/orfs-clean/flow/scripts/flow.sh 3_5_place_dp detail_place
Running detail_place.tcl, stage 3_5_place_dp
read_liberty /home/lunarch/orfs-clean/flow/platforms/sky130hd/lib/sky130_fd_sc_hd__tt_025C_1v80.lib
read_db ./results/sky130hd/riscv32i/base/3_4_place_resized.odb
read_sdc ./results/sky130hd/riscv32i/base/2_floorplan.sdc
source /home/lunarch/orfs-clean/flow/platforms/sky130hd/setRC.tcl
detailed_placement
[INFO DPL-0006] Core area: 139359.91 um^2
[INFO DPL-0007] Movable instances area: 67138.14 um^2
[INFO DPL-0008] Fixed instances area within core: 2347.25 um^2
[INFO DPL-0009] Utilization: 49.9%
[INFO DPL-0005] Diamond search max displacement: +/- 500 sites horizontally, +/- 100 rows vertically.
[INFO DPL-1102] Legalizing using negotiation legalizer.
[INFO DPL-1103] Negotiation base search window: +/-20 sites horizontally, +/-5 rows vertically 
	Automatic search window extension enabled.
	Search window extendable up to the max displacement cap of +/-500 sites, +/-100 rows near walls.
[INFO DPL-1104] NegotiationLegalizer DRC penalty: 5.
[INFO DPL-0392] Negotiation cell height distribution (1 unique row-count(s)):
[INFO DPL-0393]   height 1 row(s): 7156 cells
          |      Total |  Illegal |  Illegal
Iteration | Violations |    Cells |    Sites
---------------------------------------------
        0 |       1169 |       269 |       900
        1 |         38 |         8 |        30
        2 |         32 |         2 |        30
        3 |          0 |         0 |         0
Negotiation phase 1 converged at iteration 3.
[INFO DPL-0500] Runtime: 0.07s
Placement Analysis
---------------------------------
total displacement      14849.4 u
average displacement        2.1 u
max displacement           15.8 u
original HPWL          174840.3 u
legalized HPWL         183722.7 u
delta HPWL                    5 %

improve_placement -max_displacement "5 1"
Detailed placement improvement.
[INFO DPL-0401] Setting random seed to 1.
[INFO DPL-0402] Setting maximum displacement 5 1 to 13600 2720 units.
[INFO DPL-0320] Collected 2041 fixed cells.
[INFO DPL-0318] Collected 5280 single height cells.
[INFO DPL-0321] Collected 0 wide cells.
[INFO DPL-0322] Image (1380, 2720) - (375360, 375360)
[INFO DPL-0310] Assigned 5280 cells into segments.  Movement in X-direction is 0.000000, movement in Y-direction is 0.000000.
[INFO DPL-0313] Found 0 cells in wrong regions.
[INFO DPL-0315] Found 0 row alignment problems.
[INFO DPL-0314] Found 0 site alignment problems.
[INFO DPL-0311] Found 0 overlaps between adjacent cells.
[INFO DPL-0312] Found 0 edge spacing violations and 0 padding violations.
[INFO DPL-0303] Running algorithm for independent set matching.
[INFO DPL-0300] Set matching objective is wirelength.
[INFO DPL-0301] Pass   1 of matching; objective is 1.837311e+08.
[INFO DPL-0302] End of matching; objective is 1.836648e+08, improvement is 0.04 percent.
[INFO DPL-0303] Running algorithm for global swaps.
[INFO DPL-0306] Pass   1 of global swaps; hpwl is 1.819688e+08.
[INFO DPL-0307] End of global swaps; objective is 1.819688e+08, improvement is 0.92 percent.
[INFO DPL-0303] Running algorithm for vertical swaps.
[INFO DPL-0308] Pass   1 of vertical swaps; hpwl is 1.813973e+08.
[INFO DPL-0309] End of vertical swaps; objective is 1.813973e+08, improvement is 0.31 percent.
[INFO DPL-0303] Running algorithm for reordering.
[INFO DPL-0304] Pass   1 of reordering; objective is 1.813084e+08.
[INFO DPL-0305] End of reordering; objective is 1.813084e+08, improvement is 0.05 percent.
[INFO DPL-0303] Running algorithm for random improvement.
[INFO DPL-0324] Random improver is using random generator.
[INFO DPL-0325] Random improver is using hpwl objective.
[INFO DPL-0326] Random improver cost string is (a).
[INFO DPL-0332] End of pass, Generator random called 105600 times.
[INFO DPL-0335] Generator random, Cumulative attempts 105600, swaps 14338, moves 28702 since last reset.
[INFO DPL-0333] End of pass, Objective hpwl, Initial cost 1.805757e+08, Scratch cost 1.788148e+08, Incremental cost 1.788148e+08, Mismatch? N
[INFO DPL-0338] End of pass, Total cost is 1.788148e+08.
[INFO DPL-0327] Pass   1 of random improver; improvement in cost is 0.98 percent.
[INFO DPL-0328] End of random improver; improvement is 0.975126 percent.
[INFO DPL-0380] Cell flipping.
[INFO DPL-0382] Changed 0 cell orientations for row compatibility.
[INFO DPL-0383] Performed 1270 cell flips.
[INFO DPL-0384] End of flipping; objective is 1.769947e+08, improvement is 1.42 percent.
[INFO DPL-0313] Found 0 cells in wrong regions.
[INFO DPL-0315] Found 0 row alignment problems.
[INFO DPL-0314] Found 0 site alignment problems.
[INFO DPL-0311] Found 0 overlaps between adjacent cells.
[INFO DPL-0312] Found 0 edge spacing violations and 0 padding violations.
Detailed Improvement Results
------------------------------------------
Original HPWL           183722.7 u (   88260.2,    95462.5)
Final HPWL              176997.8 u (   83640.7,    93357.2)
Delta HPWL                  -3.7 % (      -5.2,       -2.2)

optimize_mirroring
[INFO DPL-0020] Mirrored 190 instances
[INFO DPL-0021] HPWL before          176997.8 u
[INFO DPL-0022] HPWL after           176924.3 u
[INFO DPL-0023] HPWL delta               -0.0 %
[INFO FLW-0012] Placement violations .
estimate_parasitics -placement
Report metrics stage 3, detailed place...

==========================================================================
detailed place report_design_area
--------------------------------------------------------------------------
Design area 69485 um^2 50% utilization.
write_db ./results/sky130hd/riscv32i/base/3_5_place_dp.odb
write_sdc -no_timestamp ./results/sky130hd/riscv32i/base/3_place.sdc
Elapsed time: 0:02.62[h:]min:sec. CPU time: user 3.10 sys 1.02 (157%). Peak memory: 171284KB.
Log                       Ext     Elapsed/s Peak Memory/MB sha1sum result [0:20)
3_5_place_dp              .odb            2            167 7ed5d1af4284f3c29e13
cp ./results/sky130hd/riscv32i/base/3_5_place_dp.odb ./results/sky130hd/riscv32i/base/3_place.odb
/home/lunarch/orfs-clean/flow/scripts/flow.sh 4_1_cts cts
Running cts.tcl, stage 4_1_cts
read_liberty /home/lunarch/orfs-clean/flow/platforms/sky130hd/lib/sky130_fd_sc_hd__tt_025C_1v80.lib
read_db ./results/sky130hd/riscv32i/base/3_place.odb
read_sdc ./results/sky130hd/riscv32i/base/3_place.sdc
source /home/lunarch/orfs-clean/flow/platforms/sky130hd/setRC.tcl
clock_tree_synthesis -sink_clustering_enable -repair_clock_nets
[INFO CTS-0050] Root buffer is sky130_fd_sc_hd__clkbuf_16.
[INFO CTS-0051] Sink buffer is sky130_fd_sc_hd__clkbuf_16.
[INFO CTS-0052] The following clock buffers will be used for CTS:
                    sky130_fd_sc_hd__clkbuf_16
[INFO CTS-0049] Characterization buffer is sky130_fd_sc_hd__clkbuf_16.
[INFO CTS-0007] Net "clk" found for clock "clk".
[INFO CTS-0010]  Clock net "clk" has 1056 sinks.
[INFO CTS-0008] TritonCTS found 1 clock nets.
[INFO CTS-0097] Characterization used 1 buffer(s) types.
[INFO CTS-0201] 0 blockages from hard placement blockages and placed macros will be used.
[INFO CTS-0027] Generating H-Tree topology for net clk.
[INFO CTS-0028]  Total number of sinks: 1056.
[INFO CTS-0090]  Sinks will be clustered based on buffer max cap.
[INFO CTS-0030]  Number of static layers: 0.
[INFO CTS-0020]  Wire segment unit: 13600  dbu (13 um).
[INFO CTS-0206] Best clustering solution was found from max clustering size of 13 and max clustering diameter of 136.
[INFO CTS-0019]  Total number of sinks after clustering: 102.
[INFO CTS-0024]  Normalized sink region: [(1.05301, 0.739118), (26.1651, 27.0191)].
[INFO CTS-0025]     Width:  25.1121.
[INFO CTS-0026]     Height: 26.2800.
 Level 1
    Direction: Vertical
    Sinks per sub-region: 51
    Sub-region size: 25.1121 X 13.1400
[INFO CTS-0034]     Segment length (rounded): 6.
 Level 2
    Direction: Horizontal
    Sinks per sub-region: 26
    Sub-region size: 12.5560 X 13.1400
[INFO CTS-0034]     Segment length (rounded): 6.
 Level 3
    Direction: Vertical
    Sinks per sub-region: 13
    Sub-region size: 12.5560 X 6.5700
[INFO CTS-0034]     Segment length (rounded): 4.
[INFO CTS-0038]  Stop criterion found. Sink region hpwl is smaller than max wirelength (1911.535 um) and max number of sinks is 15.
[INFO CTS-0035]  Number of sinks covered: 102.
[INFO CTS-0018]     Created 111 clock buffers.
[INFO CTS-0012]     Minimum number of buffers in the clock path: 3.
[INFO CTS-0013]     Maximum number of buffers in the clock path: 3.
[INFO CTS-0015]     Created 111 clock nets.
[INFO CTS-0016]     Fanout distribution for the current clock = 4:1, 5:1, 6:1, 7:3, 8:2, 9:13, 10:34, 11:28, 12:17, 13:7, 14:1, 15:1, 17:1..
[INFO CTS-0017]     Max level of the clock tree: 3.
[INFO CTS-0098] Clock net "clk"
[INFO CTS-0099]  Sinks 1148
[INFO CTS-0100]  Leaf buffers 102
[INFO CTS-0101]  Average sink wire length 549.98 um
[INFO CTS-0102]  Path depth 2 - 3
[INFO CTS-0207]  Dummy loads inserted 92
[INFO CTS-0500] Runtime: 0.95s
estimate_parasitics -placement
detailed_placement
[INFO DPL-0006] Core area: 139359.91 um^2
[INFO DPL-0007] Movable instances area: 70640.25 um^2
[INFO DPL-0008] Fixed instances area within core: 2347.25 um^2
[INFO DPL-0009] Utilization: 52.4%
[INFO DPL-0005] Diamond search max displacement: +/- 500 sites horizontally, +/- 100 rows vertically.
[INFO DPL-1102] Legalizing using negotiation legalizer.
[INFO DPL-1103] Negotiation base search window: +/-20 sites horizontally, +/-5 rows vertically 
	Automatic search window extension enabled.
	Search window extendable up to the max displacement cap of +/-500 sites, +/-100 rows near walls.
[INFO DPL-1104] NegotiationLegalizer DRC penalty: 5.
[INFO DPL-0392] Negotiation cell height distribution (1 unique row-count(s)):
[INFO DPL-0393]   height 1 row(s): 7359 cells
          |      Total |  Illegal |  Illegal
Iteration | Violations |    Cells |    Sites
---------------------------------------------
        0 |        828 |       138 |       690
        1 |        118 |        14 |       104
        2 |          0 |         0 |         0
Negotiation phase 1 converged at iteration 2.
[INFO DPL-0500] Runtime: 0.05s
Placement Analysis
---------------------------------
total displacement       5536.9 u
average displacement        0.8 u
max displacement           17.0 u
original HPWL          184591.5 u
legalized HPWL         187855.7 u
delta HPWL                    2 %

estimate_parasitics -placement
Warning: master sky130_ef_sc_hd__decap_12 has signal pins but no liberty cell
repair_timing -setup_margin 0 -hold_margin 0 -repair_tns 100 -match_cell_footprint -verbose
[INFO RSZ-0100] Repair move sequence: UnbufferMove SizeUpMove SwapPinsMove BufferMove CloneMove SplitLoadMove 
[INFO RSZ-0094] Found 13 endpoints with setup violations.
[INFO RSZ-0099] Repairing 13 out of 13 (100.00%) violating endpoints...
   Iter   | Removed | Resized | Inserted | Cloned |  Pin  |   Area   |    WNS   |   StTNS    |   EnTNS    |  Viol  |  Worst  
          | Buffers |  Gates  | Buffers  |  Gates | Swaps |          |          |            |            | Endpts | St/EnPt 
------------------------------------------------------------------------------------------------------------------------------
       0* |       0 |       0 |        0 |      0 |     0 |    +0.0% |   -1.190 |     -268.2 |       -4.7 |     13 | aluout[0]
      10* |       0 |       3 |        1 |      0 |     5 |    +0.0% |   -1.004 |     -181.1 |       -4.2 |     13 | aluout[0]
      20* |       0 |       6 |        6 |      0 |     7 |    +0.1% |   -0.802 |     -137.5 |       -3.3 |     13 | aluout[0]
      30* |       0 |       9 |       13 |      0 |     7 |    +0.2% |   -0.672 |     -138.8 |       -3.2 |     13 | aluout[20]
      40* |       0 |      15 |       15 |      0 |     9 |    +0.2% |   -0.351 |      -44.4 |       -2.3 |     13 | aluout[28]
      50* |       0 |      20 |       17 |      0 |    12 |    +0.3% |   -0.246 |      -29.4 |       -1.7 |     13 | aluout[28]
      60* |       0 |      26 |       18 |      0 |    15 |    +0.3% |   -0.205 |      -20.6 |       -1.5 |     13 | aluout[0]
      68* |       0 |      32 |       19 |      0 |    16 |    +0.3% |   -0.093 |       -4.0 |       -0.7 |     13 | aluout[0]
      70* |       0 |      32 |       19 |      0 |    17 |    +0.3% |   -0.110 |       -5.0 |       -0.7 |     13 | aluout[30]
      71* |       0 |      33 |       19 |      0 |    17 |    +0.3% |   -0.093 |       -4.0 |       -0.6 |     13 | aluout[0]
      77* |       0 |      36 |       20 |      0 |    18 |    +0.4% |   -0.089 |       -2.5 |       -0.4 |     13 | aluout[20]
      79* |       0 |      36 |       20 |      0 |    19 |    +0.4% |   -0.089 |       -2.5 |       -0.4 |     13 | aluout[20]
      80* |       0 |      36 |       20 |      0 |    19 |    +0.4% |   -0.089 |       -2.5 |       -0.4 |     13 | aluout[20]
      80* |       0 |      36 |       20 |      0 |    19 |    +0.4% |   -0.089 |       -2.5 |       -0.4 |     13 | aluout[20]
      84* |       0 |      39 |       20 |      0 |    19 |    +0.4% |   -0.089 |       -2.0 |       -0.3 |     13 | aluout[20]
      85* |       0 |      39 |       20 |      0 |    19 |    +0.4% |   -0.089 |       -2.0 |       -0.3 |     13 | aluout[20]
      88* |       0 |      39 |       21 |      0 |    20 |    +0.4% |   -0.089 |       -2.0 |       -0.3 |     13 | aluout[20]
      90* |       0 |      39 |       22 |      0 |    20 |    +0.4% |   -0.089 |       -2.0 |       -0.3 |     13 | aluout[20]
      94* |       0 |      40 |       23 |      0 |    22 |    +0.4% |   -0.086 |       -1.9 |       -0.2 |     13 | aluout[20]
      95* |       0 |      40 |       23 |      0 |    22 |    +0.4% |   -0.086 |       -1.9 |       -0.2 |     13 | aluout[20]
      97* |       0 |      41 |       23 |      0 |    22 |    +0.4% |   -0.086 |       -1.5 |       -0.2 |     13 | aluout[20]
      99* |       0 |      42 |       23 |      0 |    22 |    +0.4% |   -0.086 |       -1.4 |       -0.1 |     13 | aluout[20]
     100* |       0 |      42 |       23 |      0 |    22 |    +0.4% |   -0.086 |       -1.4 |       -0.1 |     13 | aluout[20]
     100* |       0 |      42 |       23 |      0 |    22 |    +0.4% |   -0.086 |       -1.4 |       -0.1 |     13 | aluout[20]
     100* |       0 |      42 |       23 |      0 |    22 |    +0.4% |   -0.086 |       -1.4 |       -0.1 |     13 | aluout[20]
     100+ |       0 |      42 |       23 |      0 |    22 |    +0.4% |   -0.086 |       -1.4 |       -0.1 |      2 | aluout[20]
     103+ |       0 |      44 |       23 |      0 |    22 |    +0.5% |   -0.044 |       -0.7 |       -0.1 |      2 | aluout[0]
     104+ |       0 |      44 |       23 |      0 |    22 |    +0.5% |   -0.044 |       -0.7 |       -0.1 |      2 | aluout[0]
    final |       0 |      44 |       23 |      0 |    22 |    +0.5% |   -0.044 |       -0.7 |       -0.1 |      2 | aluout[0]
------------------------------------------------------------------------------------------------------------------------------
[INFO RSZ-0040] Inserted 23 buffers.
[INFO RSZ-0051] Resized 44 instances: 44 up, 0 up match, 0 down, 0 VT
[INFO RSZ-0043] Swapped pins on 22 instances.
[WARNING RSZ-0062] Unable to repair all setup violations.
[INFO RSZ-0505] Runtime: 1.75s
[INFO RSZ-0033] No hold violations found.
[INFO RSZ-0506] Runtime: 0.01s
Warning: master sky130_ef_sc_hd__decap_12 has signal pins but no liberty cell
Repair timing output passed lec test
detailed_placement
[INFO DPL-0006] Core area: 139359.91 um^2
[INFO DPL-0007] Movable instances area: 70973.07 um^2
[INFO DPL-0008] Fixed instances area within core: 2347.25 um^2
[INFO DPL-0009] Utilization: 52.6%
[INFO DPL-0005] Diamond search max displacement: +/- 500 sites horizontally, +/- 100 rows vertically.
[INFO DPL-1102] Legalizing using negotiation legalizer.
[INFO DPL-1103] Negotiation base search window: +/-20 sites horizontally, +/-5 rows vertically 
	Automatic search window extension enabled.
	Search window extendable up to the max displacement cap of +/-500 sites, +/-100 rows near walls.
[INFO DPL-1104] NegotiationLegalizer DRC penalty: 5.
[INFO DPL-0392] Negotiation cell height distribution (1 unique row-count(s)):
[INFO DPL-0393]   height 1 row(s): 7382 cells
          |      Total |  Illegal |  Illegal
Iteration | Violations |    Cells |    Sites
---------------------------------------------
        0 |        115 |        21 |        91
        1 |          0 |         0 |         0
Negotiation phase 1 converged at iteration 1.
[INFO DPL-0500] Runtime: 0.04s
Placement Analysis
---------------------------------
total displacement        196.6 u
average displacement        0.0 u
max displacement           12.5 u
original HPWL          187911.1 u
legalized HPWL         188141.1 u
delta HPWL                    0 %

estimate_parasitics -placement
Report metrics stage 4, cts final...

==========================================================================
cts final report_design_area
--------------------------------------------------------------------------
Design area 73320 um^2 53% utilization.
write_db ./results/sky130hd/riscv32i/base/4_1_cts.odb
write_sdc -no_timestamp ./results/sky130hd/riscv32i/base/4_cts.sdc
Elapsed time: 0:11.26[h:]min:sec. CPU time: user 17.03 sys 3.55 (182%). Peak memory: 192248KB.
Log                       Ext     Elapsed/s Peak Memory/MB sha1sum result [0:20)
4_1_cts                   .odb           11            187 0ab42b69a0c29affe963
cp ./results/sky130hd/riscv32i/base/4_1_cts.odb ./results/sky130hd/riscv32i/base/4_cts.odb
/home/lunarch/orfs-clean/flow/scripts/flow.sh 5_1_grt global_route
Running global_route.tcl, stage 5_1_grt
read_liberty /home/lunarch/orfs-clean/flow/platforms/sky130hd/lib/sky130_fd_sc_hd__tt_025C_1v80.lib
read_db ./results/sky130hd/riscv32i/base/4_cts.odb
read_sdc ./results/sky130hd/riscv32i/base/4_cts.sdc
source /home/lunarch/orfs-clean/flow/platforms/sky130hd/setRC.tcl
pin_access
[INFO DRT-0149] Reading tech and libs.
[WARNING DRT-0349] LEF58_ENCLOSURE with no CUTCLASS is not supported. Skipping for layer mcon
[WARNING DRT-0349] LEF58_ENCLOSURE with no CUTCLASS is not supported. Skipping for layer mcon
[WARNING DRT-0349] LEF58_ENCLOSURE with no CUTCLASS is not supported. Skipping for layer via
[WARNING DRT-0349] LEF58_ENCLOSURE with no CUTCLASS is not supported. Skipping for layer via
[WARNING DRT-0349] LEF58_ENCLOSURE with no CUTCLASS is not supported. Skipping for layer via2
[WARNING DRT-0349] LEF58_ENCLOSURE with no CUTCLASS is not supported. Skipping for layer via2
[WARNING DRT-0349] LEF58_ENCLOSURE with no CUTCLASS is not supported. Skipping for layer via3
[WARNING DRT-0349] LEF58_ENCLOSURE with no CUTCLASS is not supported. Skipping for layer via3
[WARNING DRT-0349] LEF58_ENCLOSURE with no CUTCLASS is not supported. Skipping for layer via4
[WARNING DRT-0349] LEF58_ENCLOSURE with no CUTCLASS is not supported. Skipping for layer via4

Units:                1000
Number of layers:     13
Number of macros:     441
Number of vias:       29
Number of viarulegen: 25

[INFO DRT-0150] Reading design.

Design:                   riscv
Die area:                 ( 0 0 ) ( 376625 376625 )
Number of track patterns: 12
Number of DEF vias:       0
Number of components:     7382
Number of terminals:      167
Number of snets:          2
Number of nets:           5587

[INFO DRT-0167] List of default vias:
  Layer via
    default via: M1M2_PR
  Layer via2
    default via: M2M3_PR
  Layer via3
    default via: M3M4_PR
  Layer via4
    default via: M4M5_PR
[INFO DRT-0162] Library cell analysis.
[INFO DRT-0163] Instance analysis.
[INFO DRT-0164] Number of unique instances = 225.
[INFO DRT-0168] Init region query.
[INFO DRT-0024]   Complete FR_MASTERSLICE.
[INFO DRT-0024]   Complete Fr_VIA.
[INFO DRT-0024]   Complete li1.
[INFO DRT-0024]   Complete mcon.
[INFO DRT-0024]   Complete met1.
[INFO DRT-0024]   Complete via.
[INFO DRT-0024]   Complete met2.
[INFO DRT-0024]   Complete via2.
[INFO DRT-0024]   Complete met3.
[INFO DRT-0024]   Complete via3.
[INFO DRT-0024]   Complete met4.
[INFO DRT-0024]   Complete via4.
[INFO DRT-0024]   Complete met5.
[INFO DRT-0033] FR_MASTERSLICE shape region query size = 0.
[INFO DRT-0033] FR_VIA shape region query size = 0.
[INFO DRT-0033] li1 shape region query size = 206841.
[INFO DRT-0033] mcon shape region query size = 130302.
[INFO DRT-0033] met1 shape region query size = 36123.
[INFO DRT-0033] via shape region query size = 9315.
[INFO DRT-0033] met2 shape region query size = 5643.
[INFO DRT-0033] via2 shape region query size = 7452.
[INFO DRT-0033] met3 shape region query size = 5700.
[INFO DRT-0033] via3 shape region query size = 7452.
[INFO DRT-0033] met4 shape region query size = 2255.
[INFO DRT-0033] via4 shape region query size = 365.
[INFO DRT-0033] met5 shape region query size = 419.
[INFO DRT-0165] Start pin access.
[INFO DRT-0076]   Complete 1000 pins.
[INFO DRT-0078]   Complete 1846 pins.
[INFO DRT-0079]   Complete 100 unique inst patterns.
[INFO DRT-0079]   Complete 200 unique inst patterns.
[INFO DRT-0081]   Complete 225 unique inst patterns.
[INFO DRT-0084]   Complete 3795 groups.
#scanned instances     = 7382
#unique  instances     = 225
#stdCellGenAp          = 7608
#stdCellValidPlanarAp  = 100
#stdCellValidViaAp     = 5436
#stdCellPinNoAp        = 5
#stdCellPinCnt         = 21016
#instTermValidViaApCnt = 0
#macroGenAp            = 0
#macroValidPlanarAp    = 0
#macroValidViaAp       = 0
#macroNoAp             = 0
[INFO DRT-0166] Complete pin access.
[INFO DRT-0267] cpu time = 00:04:17, elapsed time = 00:00:22, memory = 176.49 (MB), peak = 174.99 (MB)
Took 23 seconds: pin_access
global_route -congestion_report_file ./reports/sky130hd/riscv32i/base/congestion.rpt -congestion_iterations 30 -congestion_report_iter_step 5 -verbose
[INFO GRT-0020] Min routing layer: met1
[INFO GRT-0021] Max routing layer: met5
[INFO GRT-0022] Global adjustment: 0%
[INFO GRT-0023] Grid origin: (0, 0)
[INFO GRT-0088] Layer li1     Track-Pitch = 0.4600  line-2-Via Pitch: 0.3400
[INFO GRT-0088] Layer met1    Track-Pitch = 0.3400  line-2-Via Pitch: 0.3400
[INFO GRT-0088] Layer met2    Track-Pitch = 0.4600  line-2-Via Pitch: 0.3500
[INFO GRT-0088] Layer met3    Track-Pitch = 0.6800  line-2-Via Pitch: 0.6150
[INFO GRT-0088] Layer met4    Track-Pitch = 0.9200  line-2-Via Pitch: 1.0400
[INFO GRT-0088] Layer met5    Track-Pitch = 3.4000  line-2-Via Pitch: 3.1100
[INFO GRT-0003] Macros: 0
[INFO GRT-0004] Blockages: 27207
[INFO GRT-0019] Found 112 clock nets.
[INFO GRT-0001] Minimum degree: 2
[INFO GRT-0002] Maximum degree: 51

[INFO GRT-0053] Routing resources analysis:
          Routing      Original      Derated      Resource
Layer     Direction    Resources     Resources    Reduction (%)
---------------------------------------------------------------
li1        Vertical            0             0          0.00%
met1       Horizontal      42732         33021          22.73%
met2       Vertical        37471         28832          23.06%
met3       Horizontal      27958         21938          21.53%
met4       Vertical        18497         13038          29.51%
met5       Horizontal       4028          2915          27.63%
---------------------------------------------------------------

[INFO GRT-0101] Running extra iterations to remove congestion.
[INFO GRT-0102] Start extra iteration 1/30
[INFO GRT-0102] Start extra iteration 2/30
[INFO GRT-0102] Start extra iteration 3/30
[INFO GRT-0197] Via related to pin nodes: 36636
[INFO GRT-0198] Via related Steiner nodes: 1376
[INFO GRT-0199] Via filling finished.
[INFO GRT-0111] Final number of vias: 47788
[INFO GRT-0112] Final usage 3D: 181452

[INFO GRT-0096] Final congestion report:
Layer         Resource        Demand        Usage (%)    Max H / Max V / Total Congestion
---------------------------------------------------------------------------------------
li1                  0             0            0.00%             0 /  0 /  0
met1             33021         16972           51.40%             0 /  0 /  0
met2             28832         16235           56.31%             0 /  0 /  0
met3             21938          2144            9.77%             0 /  0 /  0
met4             13038          2707           20.76%             0 /  0 /  0
met5              2915            30            1.03%             0 /  0 /  0
---------------------------------------------------------------------------------------
Total            99744         38088           38.19%             0 /  0 /  0

[INFO GRT-0018] Total wirelength: 378810 um
[INFO GRT-0014] Routed nets: 5547
[INFO GRT-0303] Global routing runtime = 00:00:01
[WARNING STA-0450] virtual clock vclk_clk can not be propagated.
estimate_parasitics -global_routing
Perform buffer insertion and gate resizing...
repair_design -verbose
Iteration |   Area    | Resized | Buffers | Nets repaired | Remaining
---------------------------------------------------------------------
        0 |     +0.0% |       0 |       0 |             0 |      5711
[WARNING RSZ-0104] Net _3767_ only has one pin. Check if it is intended to be dangling.
[WARNING RSZ-0104] Net _3763_ only has one pin. Check if it is intended to be dangling.
[WARNING RSZ-0104] Net _3757_ only has one pin. Check if it is intended to be dangling.
[WARNING RSZ-0104] Net _3753_ only has one pin. Check if it is intended to be dangling.
[WARNING RSZ-0104] Net _3752_ only has one pin. Check if it is intended to be dangling.
[WARNING RSZ-0104] Net _3750_ only has one pin. Check if it is intended to be dangling.
     1000 |     +0.0% |       0 |       0 |             0 |      4711
[WARNING RSZ-0104] Net _3768_ only has one pin. Check if it is intended to be dangling.
[WARNING RSZ-0104] Net _3765_ only has one pin. Check if it is intended to be dangling.
[WARNING RSZ-0104] Net _3764_ only has one pin. Check if it is intended to be dangling.
[WARNING RSZ-0104] Net _3762_ only has one pin. Check if it is intended to be dangling.
[WARNING RSZ-0104] Net _3761_ only has one pin. Check if it is intended to be dangling.
[WARNING RSZ-0104] Net _3760_ only has one pin. Check if it is intended to be dangling.
[WARNING RSZ-0104] Net _3759_ only has one pin. Check if it is intended to be dangling.
[WARNING RSZ-0104] Net _3754_ only has one pin. Check if it is intended to be dangling.
[WARNING RSZ-0104] Net _3751_ only has one pin. Check if it is intended to be dangling.
[WARNING RSZ-0104] Net _3749_ only has one pin. Check if it is intended to be dangling.
[WARNING RSZ-0104] Net _3747_ only has one pin. Check if it is intended to be dangling.
[WARNING RSZ-0104] Net _3746_ only has one pin. Check if it is intended to be dangling.
[WARNING RSZ-0104] Net _3745_ only has one pin. Check if it is intended to be dangling.
[WARNING RSZ-0104] Net _3744_ only has one pin. Check if it is intended to be dangling.
[WARNING RSZ-0104] Net _3743_ only has one pin. Check if it is intended to be dangling.
[WARNING RSZ-0104] Net _3742_ only has one pin. Check if it is intended to be dangling.
[WARNING RSZ-0104] Net _3741_ only has one pin. Check if it is intended to be dangling.
[WARNING RSZ-0104] Net _3738_ only has one pin. Check if it is intended to be dangling.
[WARNING RSZ-0104] Net _3773_ only has one pin. Check if it is intended to be dangling.
[WARNING RSZ-0104] Net _3766_ only has one pin. Check if it is intended to be dangling.
[WARNING RSZ-0104] Net _3758_ only has one pin. Check if it is intended to be dangling.
[WARNING RSZ-0104] Net _3756_ only has one pin. Check if it is intended to be dangling.
[WARNING RSZ-0104] Net _3755_ only has one pin. Check if it is intended to be dangling.
[WARNING RSZ-0104] Net _3748_ only has one pin. Check if it is intended to be dangling.
[WARNING RSZ-0104] Net _3740_ only has one pin. Check if it is intended to be dangling.
[WARNING RSZ-0104] Net _3739_ only has one pin. Check if it is intended to be dangling.
[WARNING RSZ-0104] Net _3772_ only has one pin. Check if it is intended to be dangling.
[WARNING RSZ-0104] Net _3771_ only has one pin. Check if it is intended to be dangling.
[WARNING RSZ-0104] Net _3770_ only has one pin. Check if it is intended to be dangling.
[WARNING RSZ-0104] Net _3769_ only has one pin. Check if it is intended to be dangling.
     2000 |     +0.0% |       0 |       0 |             0 |      3711
[WARNING RSZ-0104] Net _3777_ only has one pin. Check if it is intended to be dangling.
[WARNING RSZ-0104] Net _3776_ only has one pin. Check if it is intended to be dangling.
     3000 |     +0.0% |       0 |       0 |             0 |      2711
[WARNING RSZ-0104] Net _3775_ only has one pin. Check if it is intended to be dangling.
[WARNING RSZ-0104] Net _3774_ only has one pin. Check if it is intended to be dangling.
     4000 |     +0.0% |       0 |       0 |             0 |      1711
     5000 |     +0.0% |       0 |       0 |             0 |       711
    final |     +0.0% |       0 |       0 |             0 |         0
---------------------------------------------------------------------
[INFO RSZ-0504] Runtime: 0.44s
global_route -start_incremental
detailed_placement
[INFO DPL-0006] Core area: 139359.91 um^2
[INFO DPL-0007] Movable instances area: 70973.07 um^2
[INFO DPL-0008] Fixed instances area within core: 2347.25 um^2
[INFO DPL-0009] Utilization: 52.6%
[INFO DPL-0005] Diamond search max displacement: +/- 500 sites horizontally, +/- 100 rows vertically.
[INFO DPL-1102] Legalizing using negotiation legalizer.
[INFO DPL-1103] Negotiation base search window: +/-20 sites horizontally, +/-5 rows vertically 
	Automatic search window extension enabled.
	Search window extendable up to the max displacement cap of +/-500 sites, +/-100 rows near walls.
[INFO DPL-1104] NegotiationLegalizer DRC penalty: 5.
[INFO DPL-0392] Negotiation cell height distribution (1 unique row-count(s)):
[INFO DPL-0393]   height 1 row(s): 7382 cells
[INFO DPL-0500] Runtime: 0.03s
Placement Analysis
---------------------------------
total displacement          0.0 u
average displacement        0.0 u
max displacement            0.0 u
original HPWL          188141.1 u
legalized HPWL         188141.1 u
delta HPWL                    0 %

global_route -end_incremental -congestion_report_file ./reports/sky130hd/riscv32i/base/congestion_post_repair_design.rpt
Repair setup and hold violations...
estimate_parasitics -global_routing
repair_timing -setup_margin 0 -hold_margin 0 -repair_tns 100 -verbose
[INFO RSZ-0100] Repair move sequence: UnbufferMove SizeUpMove SwapPinsMove BufferMove CloneMove SplitLoadMove 
[INFO RSZ-0094] Found 49 endpoints with setup violations.
[INFO RSZ-0099] Repairing 49 out of 49 (100.00%) violating endpoints...
   Iter   | Removed | Resized | Inserted | Cloned |  Pin  |   Area   |    WNS   |   StTNS    |   EnTNS    |  Viol  |  Worst  
          | Buffers |  Gates  | Buffers  |  Gates | Swaps |          |          |            |            | Endpts | St/EnPt 
------------------------------------------------------------------------------------------------------------------------------
       0* |       0 |       0 |        0 |      0 |     0 |    +0.0% |   -0.360 |      -52.8 |       -6.8 |     49 | aluout[0]
      10* |       0 |       2 |        2 |      0 |     5 |    +0.0% |   -0.356 |      -51.6 |       -6.2 |     49 | aluout[0]
      20* |       0 |       5 |        4 |      0 |    10 |    +0.1% |   -0.257 |      -30.7 |       -5.2 |     49 | aluout[20]
      30* |       0 |       9 |        6 |      0 |    14 |    +0.1% |   -0.208 |      -23.1 |       -4.9 |     49 | aluout[20]
      40* |       0 |      13 |        8 |      0 |    18 |    +0.2% |   -0.168 |      -18.3 |       -4.4 |     49 | aluout[0]
      50* |       0 |      18 |        9 |      0 |    22 |    +0.2% |   -0.190 |      -16.8 |       -4.4 |     49 | aluout[0]
      59* |       0 |      23 |       10 |      0 |    25 |    +0.3% |   -0.140 |      -10.7 |       -4.0 |     49 | aluout[0]
      60* |       0 |      23 |       10 |      0 |    25 |    +0.3% |   -0.140 |      -10.7 |       -4.0 |     49 | aluout[0]
      68* |       0 |      26 |       12 |      0 |    28 |    +0.3% |   -0.140 |       -7.9 |       -3.7 |     49 | aluout[0]
      69* |       0 |      26 |       12 |      0 |    28 |    +0.3% |   -0.140 |       -7.9 |       -3.7 |     49 | aluout[0]
      70* |       0 |      26 |       12 |      0 |    28 |    +0.3% |   -0.140 |       -7.9 |       -3.7 |     49 | aluout[0]
      71* |       0 |      27 |       12 |      0 |    28 |    +0.3% |   -0.140 |       -7.7 |       -3.7 |     49 | aluout[0]
      75* |       0 |      27 |       12 |      0 |    28 |    +0.3% |   -0.140 |       -7.7 |       -3.7 |     49 | aluout[0]
      80* |       0 |      28 |       13 |      0 |    30 |    +0.3% |   -0.147 |       -8.1 |       -3.6 |     49 | aluout[0]
      81* |       0 |      27 |       13 |      0 |    30 |    +0.3% |   -0.140 |       -7.7 |       -3.6 |     49 | aluout[0]
      88* |       0 |      29 |       14 |      0 |    33 |    +0.3% |   -0.140 |       -7.7 |       -3.4 |     49 | aluout[0]
      89* |       0 |      29 |       14 |      0 |    33 |    +0.3% |   -0.140 |       -7.7 |       -3.4 |     49 | aluout[0]
      90* |       0 |      29 |       14 |      0 |    33 |    +0.3% |   -0.140 |       -7.7 |       -3.4 |     49 | aluout[0]
      91* |       0 |      29 |       14 |      0 |    34 |    +0.3% |   -0.140 |       -7.7 |       -3.4 |     49 | aluout[0]
      92* |       0 |      29 |       14 |      0 |    34 |    +0.3% |   -0.140 |       -7.7 |       -3.4 |     49 | aluout[0]
      93* |       0 |      29 |       14 |      0 |    34 |    +0.3% |   -0.140 |       -7.7 |       -3.4 |     49 | aluout[0]
      94* |       0 |      29 |       14 |      0 |    34 |    +0.3% |   -0.140 |       -7.7 |       -3.4 |     49 | aluout[0]
      95* |       0 |      29 |       14 |      0 |    34 |    +0.3% |   -0.140 |       -7.7 |       -3.4 |     49 | aluout[0]
      98* |       0 |      31 |       14 |      0 |    34 |    +0.4% |   -0.140 |       -7.4 |       -0.4 |     49 | aluout[0]
      99* |       0 |      31 |       14 |      0 |    34 |    +0.4% |   -0.140 |       -7.4 |       -0.4 |     49 | aluout[0]
     100* |       0 |      31 |       14 |      0 |    34 |    +0.4% |   -0.140 |       -7.4 |       -0.4 |     49 | aluout[0]
     100* |       0 |      31 |       14 |      0 |    34 |    +0.4% |   -0.140 |       -7.4 |       -0.4 |     49 | aluout[0]
     101* |       0 |      31 |       14 |      0 |    34 |    +0.4% |   -0.140 |       -7.4 |       -0.4 |     49 | aluout[0]
     102* |       0 |      31 |       14 |      0 |    34 |    +0.4% |   -0.140 |       -7.4 |       -0.4 |     49 | aluout[0]
     103* |       0 |      31 |       14 |      0 |    34 |    +0.4% |   -0.140 |       -7.4 |       -0.4 |     49 | aluout[0]
     104* |       0 |      31 |       14 |      0 |    34 |    +0.4% |   -0.140 |       -7.4 |       -0.4 |     49 | aluout[0]
     105* |       0 |      31 |       14 |      0 |    34 |    +0.4% |   -0.140 |       -7.4 |       -0.4 |     49 | aluout[0]
     106* |       0 |      31 |       14 |      0 |    34 |    +0.4% |   -0.140 |       -7.4 |       -0.4 |     49 | aluout[0]
     107* |       0 |      31 |       14 |      0 |    34 |    +0.4% |   -0.140 |       -7.4 |       -0.4 |     49 | aluout[0]
     108* |       0 |      31 |       14 |      0 |    34 |    +0.4% |   -0.140 |       -7.4 |       -0.4 |     49 | aluout[0]
     110* |       0 |      32 |       14 |      0 |    34 |    +0.4% |   -0.140 |       -7.4 |       -0.3 |     49 | aluout[0]
     110* |       0 |      32 |       14 |      0 |    34 |    +0.4% |   -0.140 |       -7.4 |       -0.3 |     49 | aluout[0]
     111* |       0 |      32 |       14 |      0 |    34 |    +0.4% |   -0.140 |       -7.4 |       -0.3 |     49 | aluout[0]
     112* |       0 |      32 |       14 |      0 |    34 |    +0.4% |   -0.140 |       -7.4 |       -0.3 |     49 | aluout[0]
     113* |       0 |      32 |       14 |      0 |    34 |    +0.4% |   -0.140 |       -7.4 |       -0.3 |     49 | aluout[0]
     114* |       0 |      32 |       14 |      0 |    34 |    +0.4% |   -0.140 |       -7.4 |       -0.3 |     49 | aluout[0]
     115* |       0 |      32 |       14 |      0 |    34 |    +0.4% |   -0.140 |       -7.4 |       -0.3 |     49 | aluout[0]
     116* |       0 |      32 |       14 |      0 |    34 |    +0.4% |   -0.140 |       -7.4 |       -0.3 |     49 | aluout[0]
     117* |       0 |      32 |       14 |      0 |    34 |    +0.4% |   -0.140 |       -7.4 |       -0.3 |     49 | aluout[0]
     118* |       0 |      32 |       14 |      0 |    34 |    +0.4% |   -0.140 |       -7.4 |       -0.3 |     49 | aluout[0]
     119* |       0 |      32 |       14 |      0 |    34 |    +0.4% |   -0.140 |       -7.4 |       -0.3 |     49 | aluout[0]
     120* |       0 |      32 |       14 |      0 |    34 |    +0.4% |   -0.140 |       -7.4 |       -0.3 |     49 | aluout[0]
     120* |       0 |      32 |       14 |      0 |    34 |    +0.4% |   -0.140 |       -7.4 |       -0.3 |     49 | aluout[0]
     121* |       0 |      32 |       14 |      0 |    34 |    +0.4% |   -0.140 |       -7.4 |       -0.3 |     49 | aluout[0]
     122* |       0 |      32 |       14 |      0 |    34 |    +0.4% |   -0.140 |       -7.4 |       -0.3 |     49 | aluout[0]
     123* |       0 |      32 |       14 |      0 |    34 |    +0.4% |   -0.140 |       -7.4 |       -0.3 |     49 | aluout[0]
     124* |       0 |      32 |       14 |      0 |    34 |    +0.4% |   -0.140 |       -7.4 |       -0.3 |     49 | aluout[0]
     125* |       0 |      32 |       14 |      0 |    34 |    +0.4% |   -0.140 |       -7.4 |       -0.3 |     49 | aluout[0]
     126* |       0 |      32 |       14 |      0 |    34 |    +0.4% |   -0.140 |       -7.4 |       -0.3 |     49 | aluout[0]
     127* |       0 |      32 |       14 |      0 |    34 |    +0.4% |   -0.140 |       -7.4 |       -0.3 |     49 | aluout[0]
     128* |       0 |      32 |       14 |      0 |    34 |    +0.4% |   -0.140 |       -7.4 |       -0.3 |     49 | aluout[0]
     129* |       0 |      32 |       14 |      0 |    34 |    +0.4% |   -0.140 |       -7.4 |       -0.3 |     49 | aluout[0]
     130* |       0 |      32 |       14 |      0 |    34 |    +0.4% |   -0.140 |       -7.4 |       -0.3 |     49 | aluout[0]
     130* |       0 |      32 |       14 |      0 |    34 |    +0.4% |   -0.140 |       -7.4 |       -0.3 |     49 | aluout[0]
     131* |       0 |      32 |       14 |      0 |    34 |    +0.4% |   -0.140 |       -7.4 |       -0.3 |     49 | aluout[0]
     133* |       0 |      33 |       14 |      0 |    34 |    +0.4% |   -0.140 |       -7.6 |       -0.3 |     49 | aluout[0]
     134* |       0 |      33 |       14 |      0 |    34 |    +0.4% |   -0.140 |       -7.6 |       -0.3 |     49 | aluout[0]
     135* |       0 |      33 |       14 |      0 |    34 |    +0.4% |   -0.140 |       -7.6 |       -0.3 |     49 | aluout[0]
     135* |       0 |      33 |       14 |      0 |    34 |    +0.4% |   -0.140 |       -7.6 |       -0.3 |     49 | aluout[0]
     136+ |       0 |      33 |       14 |      0 |    34 |    +0.4% |   -0.140 |       -7.6 |       -0.3 |      3 | aluout[0]
     137+ |       0 |      33 |       14 |      0 |    34 |    +0.4% |   -0.140 |       -7.6 |       -0.3 |      3 | aluout[0]
     138+ |       0 |      33 |       14 |      0 |    34 |    +0.4% |   -0.140 |       -7.6 |       -0.3 |      3 | aluout[0]
    final |       0 |      33 |       14 |      0 |    34 |    +0.4% |   -0.140 |       -7.6 |       -0.3 |      3 | aluout[0]
------------------------------------------------------------------------------------------------------------------------------
[INFO RSZ-0040] Inserted 14 buffers.
[INFO RSZ-0051] Resized 33 instances: 33 up, 0 up match, 0 down, 0 VT
[INFO RSZ-0043] Swapped pins on 34 instances.
[WARNING RSZ-0062] Unable to repair all setup violations.
[INFO RSZ-0505] Runtime: 6.92s
[INFO RSZ-0033] No hold violations found.
[INFO RSZ-0506] Runtime: 0.04s
Took 7 seconds: repair_timing -setup_margin 0 -hold_margin 0 -repair_tns 100 -verbose
global_route -start_incremental
detailed_placement
[INFO DPL-0006] Core area: 139359.91 um^2
[INFO DPL-0007] Movable instances area: 71242.08 um^2
[INFO DPL-0008] Fixed instances area within core: 2347.25 um^2
[INFO DPL-0009] Utilization: 52.8%
[INFO DPL-0005] Diamond search max displacement: +/- 500 sites horizontally, +/- 100 rows vertically.
[INFO DPL-1102] Legalizing using negotiation legalizer.
[INFO DPL-1103] Negotiation base search window: +/-20 sites horizontally, +/-5 rows vertically 
	Automatic search window extension enabled.
	Search window extendable up to the max displacement cap of +/-500 sites, +/-100 rows near walls.
[INFO DPL-1104] NegotiationLegalizer DRC penalty: 5.
[INFO DPL-0392] Negotiation cell height distribution (1 unique row-count(s)):
[INFO DPL-0393]   height 1 row(s): 7396 cells
          |      Total |  Illegal |  Illegal
Iteration | Violations |    Cells |    Sites
---------------------------------------------
        0 |         92 |        20 |        72
        1 |         15 |         3 |        12
        2 |          0 |         0 |         0
Negotiation phase 1 converged at iteration 2.
[INFO DPL-0500] Runtime: 0.05s
Placement Analysis
---------------------------------
total displacement        114.7 u
average displacement        0.0 u
max displacement            6.8 u
original HPWL          188194.1 u
legalized HPWL         188345.3 u
delta HPWL                    0 %

check_placement -verbose
global_route -end_incremental -congestion_report_file ./reports/sky130hd/riscv32i/base/congestion_post_repair_timing.rpt
Took 7 seconds: global_route -end_incremental -congestion_report_file ./reports/sky130hd/riscv32i/base/congestion_post_repair_timing.rpt
estimate_parasitics -global_routing
global_route -start_incremental
global_route -end_incremental -congestion_report_file ./reports/sky130hd/riscv32i/base/congestion_post_recover_power.rpt
Repair antennas...
[INFO GRT-0012] Found 15 antenna violations.
[INFO GRT-0302] Inserted 17 jumpers for 15 nets.
[INFO GRT-0012] Found 0 antenna violations.
[INFO ANT-0002] Found 0 net violations.
[INFO ANT-0001] Found 0 pin violations.
Estimate parasitics...
estimate_parasitics -global_routing
Report metrics stage 5, global route...

==========================================================================
global route report_design_area
--------------------------------------------------------------------------
Design area 73589 um^2 53% utilization.
[INFO FLW-0007] clock clk period 7.000000
[WARNING FLW-0010] more than one clock found. Skipping sdc update.
[INFO FLW-0011] Path endpoint path count 2311
write_db ./results/sky130hd/riscv32i/base/5_1_grt.odb
write_sdc -no_timestamp ./results/sky130hd/riscv32i/base/5_1_grt.sdc
Elapsed time: 0:46.23[h:]min:sec. CPU time: user 371.05 sys 3.99 (811%). Peak memory: 388288KB.
Log                       Ext     Elapsed/s Peak Memory/MB sha1sum result [0:20)
5_1_grt                   .odb           46            379 0d11e0646aca31e5928b
5_1_grt                   .sdc                             e327f92bf4aca9105c8e
/home/lunarch/orfs-clean/flow/scripts/flow.sh 5_2_route detail_route
Running detail_route.tcl, stage 5_2_route
read_liberty /home/lunarch/orfs-clean/flow/platforms/sky130hd/lib/sky130_fd_sc_hd__tt_025C_1v80.lib
read_db ./results/sky130hd/riscv32i/base/5_1_grt.odb
read_sdc ./results/sky130hd/riscv32i/base/5_1_grt.sdc
source /home/lunarch/orfs-clean/flow/platforms/sky130hd/setRC.tcl
[WARNING STA-0450] virtual clock vclk_clk can not be propagated.
detailed_route -output_drc ./reports/sky130hd/riscv32i/base/5_route_drc.rpt -output_maze ./results/sky130hd/riscv32i/base/maze.log -droute_end_iter 64 -verbose 1 -drc_report_iter_step 5
[INFO DRT-0149] Reading tech and libs.
[WARNING DRT-0349] LEF58_ENCLOSURE with no CUTCLASS is not supported. Skipping for layer mcon
[WARNING DRT-0349] LEF58_ENCLOSURE with no CUTCLASS is not supported. Skipping for layer mcon
[WARNING DRT-0349] LEF58_ENCLOSURE with no CUTCLASS is not supported. Skipping for layer via
[WARNING DRT-0349] LEF58_ENCLOSURE with no CUTCLASS is not supported. Skipping for layer via
[WARNING DRT-0349] LEF58_ENCLOSURE with no CUTCLASS is not supported. Skipping for layer via2
[WARNING DRT-0349] LEF58_ENCLOSURE with no CUTCLASS is not supported. Skipping for layer via2
[WARNING DRT-0349] LEF58_ENCLOSURE with no CUTCLASS is not supported. Skipping for layer via3
[WARNING DRT-0349] LEF58_ENCLOSURE with no CUTCLASS is not supported. Skipping for layer via3
[WARNING DRT-0349] LEF58_ENCLOSURE with no CUTCLASS is not supported. Skipping for layer via4
[WARNING DRT-0349] LEF58_ENCLOSURE with no CUTCLASS is not supported. Skipping for layer via4

Units:                1000
Number of layers:     13
Number of macros:     441
Number of vias:       29
Number of viarulegen: 25

[INFO DRT-0150] Reading design.

Design:                   riscv
Die area:                 ( 0 0 ) ( 376625 376625 )
Number of track patterns: 12
Number of DEF vias:       0
Number of components:     7396
Number of terminals:      167
Number of snets:          2
Number of nets:           5601

[INFO DRT-0167] List of default vias:
  Layer via
    default via: M1M2_PR
  Layer via2
    default via: M2M3_PR
  Layer via3
    default via: M3M4_PR
  Layer via4
    default via: M4M5_PR
[INFO DRT-0162] Library cell analysis.
[INFO DRT-0163] Instance analysis.
[INFO DRT-0164] Number of unique instances = 235.
[INFO DRT-0168] Init region query.
[INFO DRT-0024]   Complete FR_MASTERSLICE.
[INFO DRT-0024]   Complete Fr_VIA.
[INFO DRT-0024]   Complete li1.
[INFO DRT-0024]   Complete mcon.
[INFO DRT-0024]   Complete met1.
[INFO DRT-0024]   Complete via.
[INFO DRT-0024]   Complete met2.
[INFO DRT-0024]   Complete via2.
[INFO DRT-0024]   Complete met3.
[INFO DRT-0024]   Complete via3.
[INFO DRT-0024]   Complete met4.
[INFO DRT-0024]   Complete via4.
[INFO DRT-0024]   Complete met5.
[INFO DRT-0033] FR_MASTERSLICE shape region query size = 0.
[INFO DRT-0033] FR_VIA shape region query size = 0.
[INFO DRT-0033] li1 shape region query size = 207481.
[INFO DRT-0033] mcon shape region query size = 130742.
[INFO DRT-0033] met1 shape region query size = 36166.
[INFO DRT-0033] via shape region query size = 9315.
[INFO DRT-0033] met2 shape region query size = 5643.
[INFO DRT-0033] via2 shape region query size = 7452.
[INFO DRT-0033] met3 shape region query size = 5700.
[INFO DRT-0033] via3 shape region query size = 7452.
[INFO DRT-0033] met4 shape region query size = 2255.
[INFO DRT-0033] via4 shape region query size = 365.
[INFO DRT-0033] met5 shape region query size = 419.
[INFO DRT-0165] Start pin access.
[INFO DRT-0076]   Complete 1000 pins.
[INFO DRT-0078]   Complete 1921 pins.
[INFO DRT-0079]   Complete 100 unique inst patterns.
[INFO DRT-0079]   Complete 200 unique inst patterns.
[INFO DRT-0081]   Complete 235 unique inst patterns.
[INFO DRT-0084]   Complete 3789 groups.
#scanned instances     = 7396
#unique  instances     = 235
#stdCellGenAp          = 8111
#stdCellValidPlanarAp  = 113
#stdCellValidViaAp     = 5603
#stdCellPinNoAp        = 7
#stdCellPinCnt         = 21044
#instTermValidViaApCnt = 0
#macroGenAp            = 0
#macroValidPlanarAp    = 0
#macroValidViaAp       = 0
#macroNoAp             = 0
[INFO DRT-0166] Complete pin access.
[INFO DRT-0267] cpu time = 00:04:40, elapsed time = 00:00:24, memory = 293.54 (MB), peak = 292.01 (MB)

[INFO DRT-0157] Number of guides:     52289

[INFO DRT-0169] Post process guides.
[INFO DRT-0176] GCELLGRID X 0 DO 54 STEP 6900 ;
[INFO DRT-0177] GCELLGRID Y 0 DO 54 STEP 6900 ;
[INFO DRT-0028]   Complete FR_MASTERSLICE.
[INFO DRT-0028]   Complete Fr_VIA.
[INFO DRT-0028]   Complete li1.
[INFO DRT-0028]   Complete mcon.
[INFO DRT-0028]   Complete met1.
[INFO DRT-0028]   Complete via.
[INFO DRT-0028]   Complete met2.
[INFO DRT-0028]   Complete via2.
[INFO DRT-0028]   Complete met3.
[INFO DRT-0028]   Complete via3.
[INFO DRT-0028]   Complete met4.
[INFO DRT-0028]   Complete via4.
[INFO DRT-0028]   Complete met5.
[INFO DRT-0178] Init guide query.
[INFO DRT-0035]   Complete FR_MASTERSLICE (guide).
[INFO DRT-0035]   Complete Fr_VIA (guide).
[INFO DRT-0035]   Complete li1 (guide).
[INFO DRT-0035]   Complete mcon (guide).
[INFO DRT-0035]   Complete met1 (guide).
[INFO DRT-0035]   Complete via (guide).
[INFO DRT-0035]   Complete met2 (guide).
[INFO DRT-0035]   Complete via2 (guide).
[INFO DRT-0035]   Complete met3 (guide).
[INFO DRT-0035]   Complete via3 (guide).
[INFO DRT-0035]   Complete met4 (guide).
[INFO DRT-0035]   Complete via4 (guide).
[INFO DRT-0035]   Complete met5 (guide).
[INFO DRT-0036] FR_MASTERSLICE guide region query size = 0.
[INFO DRT-0036] FR_VIA guide region query size = 0.
[INFO DRT-0036] li1 guide region query size = 17037.
[INFO DRT-0036] mcon guide region query size = 0.
[INFO DRT-0036] met1 guide region query size = 15631.
[INFO DRT-0036] via guide region query size = 0.
[INFO DRT-0036] met2 guide region query size = 8485.
[INFO DRT-0036] via2 guide region query size = 0.
[INFO DRT-0036] met3 guide region query size = 966.
[INFO DRT-0036] via3 guide region query size = 0.
[INFO DRT-0036] met4 guide region query size = 419.
[INFO DRT-0036] via4 guide region query size = 0.
[INFO DRT-0036] met5 guide region query size = 12.
[INFO DRT-0179] Init gr pin query.
[INFO DRT-0267] cpu time = 00:00:00, elapsed time = 00:00:00, memory = 309.15 (MB), peak = 307.82 (MB)
[INFO DRT-0245] skipped writing guide updates to database.
[INFO DRT-0181] Start track assignment.
[INFO DRT-0184] Done with 25941 vertical wires in 2 frboxes and 16609 horizontal wires in 2 frboxes.
[INFO DRT-0186] Done with 3436 vertical wires in 2 frboxes and 6374 horizontal wires in 2 frboxes.
[INFO DRT-0182] Complete track assignment.
[INFO DRT-0267] cpu time = 00:00:03, elapsed time = 00:00:02, memory = 470.13 (MB), peak = 468.69 (MB)
[INFO DRT-0187] Start routing data preparation.
[INFO DRT-0267] cpu time = 00:00:00, elapsed time = 00:00:00, memory = 474.20 (MB), peak = 472.69 (MB)
[INFO DRT-0194] Start detail routing.
[INFO DRT-0195] Start 0th optimization iteration.
    Completing 10% with 0 violations.
    elapsed time = 00:00:08, memory = 941.81 (MB).
    Completing 20% with 0 violations.
    elapsed time = 00:00:11, memory = 829.88 (MB).
    Completing 30% with 1699 violations.
    elapsed time = 00:00:18, memory = 1106.93 (MB).
    Completing 40% with 1699 violations.
    elapsed time = 00:00:22, memory = 1105.48 (MB).
    Completing 50% with 1699 violations.
    elapsed time = 00:00:30, memory = 1066.21 (MB).
    Completing 60% with 3233 violations.
    elapsed time = 00:00:39, memory = 1236.85 (MB).
    Completing 70% with 3233 violations.
    elapsed time = 00:00:48, memory = 1234.20 (MB).
    Completing 80% with 5062 violations.
    elapsed time = 00:00:58, memory = 1471.13 (MB).
    Completing 90% with 5062 violations.
    elapsed time = 00:01:06, memory = 1415.06 (MB).
    Completing 100% with 6647 violations.
    elapsed time = 00:01:14, memory = 1244.48 (MB).
[INFO DRT-0199]   Number of violations = 7249.
Viol/Layer         li1   mcon   met1    via   met2   met3   met4   met5
Cut Spacing          0      4      0      2      0      0      0      0
Metal Spacing        0      0   1411      0    298      6      7      0
Min Hole             0      0      2      0      0      0      0      0
Recheck              7      0    395      0    177     10     13      0
Short                0      0   4254      6    638     15      3      1
[INFO DRT-0267] cpu time = 00:09:52, elapsed time = 00:01:14, memory = 1549.17 (MB), peak = 1547.91 (MB)
Total wire length = 279842 um.
Total wire length on LAYER li1 = 0 um.
Total wire length on LAYER met1 = 121363 um.
Total wire length on LAYER met2 = 120663 um.
Total wire length on LAYER met3 = 20628 um.
Total wire length on LAYER met4 = 16848 um.
Total wire length on LAYER met5 = 338 um.
Total number of vias = 50839.
Up-via summary (total 50839):

------------------------
 FR_MASTERSLICE        0
            li1    20890
           met1    26985
           met2     2199
           met3      741
           met4       24
------------------------
               50839


[INFO DRT-0195] Start 1st optimization iteration.
    Completing 10% with 7249 violations.
    elapsed time = 00:00:06, memory = 1720.30 (MB).
    Completing 20% with 7249 violations.
    elapsed time = 00:00:12, memory = 1613.47 (MB).
    Completing 30% with 6557 violations.
    elapsed time = 00:00:17, memory = 1803.80 (MB).
    Completing 40% with 6557 violations.
    elapsed time = 00:00:25, memory = 1630.76 (MB).
    Completing 50% with 6557 violations.
    elapsed time = 00:00:31, memory = 1563.16 (MB).
    Completing 60% with 6059 violations.
    elapsed time = 00:00:37, memory = 1778.46 (MB).
    Completing 70% with 6059 violations.
    elapsed time = 00:00:43, memory = 1629.11 (MB).
    Completing 80% with 5387 violations.
    elapsed time = 00:00:55, memory = 1775.47 (MB).
    Completing 90% with 5387 violations.
    elapsed time = 00:00:59, memory = 1704.47 (MB).
    Completing 100% with 4577 violations.
    elapsed time = 00:01:05, memory = 1564.12 (MB).
[INFO DRT-0199]   Number of violations = 4577.
Viol/Layer        mcon   met1   met2   met3
Cut Spacing          3      0      0      0
Metal Spacing        0   1264    130      4
Short                0   2949    227      0
[INFO DRT-0267] cpu time = 00:08:53, elapsed time = 00:01:05, memory = 1564.67 (MB), peak = 1810.84 (MB)
Total wire length = 277543 um.
Total wire length on LAYER li1 = 0 um.
Total wire length on LAYER met1 = 119202 um.
Total wire length on LAYER met2 = 119465 um.
Total wire length on LAYER met3 = 21790 um.
Total wire length on LAYER met4 = 16739 um.
Total wire length on LAYER met5 = 345 um.
Total number of vias = 49965.
Up-via summary (total 49965):

------------------------
 FR_MASTERSLICE        0
            li1    20871
           met1    26164
           met2     2196
           met3      712
           met4       22
------------------------
               49965


[INFO DRT-0195] Start 2nd optimization iteration.
    Completing 10% with 4577 violations.
    elapsed time = 00:00:00, memory = 1839.64 (MB).
    Completing 20% with 4577 violations.
    elapsed time = 00:00:05, memory = 1805.30 (MB).
    Completing 30% with 4577 violations.
    elapsed time = 00:00:14, memory = 1564.67 (MB).
    Completing 40% with 4399 violations.
    elapsed time = 00:00:16, memory = 1815.17 (MB).
    Completing 50% with 4399 violations.
    elapsed time = 00:00:26, memory = 1718.77 (MB).
    Completing 60% with 4351 violations.
    elapsed time = 00:00:29, memory = 1720.34 (MB).
    Completing 70% with 4351 violations.
    elapsed time = 00:00:34, memory = 1755.55 (MB).
    Completing 80% with 4351 violations.
    elapsed time = 00:00:42, memory = 1587.41 (MB).
    Completing 90% with 4231 violations.
    elapsed time = 00:00:51, memory = 1645.11 (MB).
    Completing 100% with 4281 violations.
    elapsed time = 00:00:58, memory = 1578.76 (MB).
[INFO DRT-0199]   Number of violations = 4281.
Viol/Layer        mcon   met1   met2   met3
Cut Spacing          3      0      0      0
Metal Spacing        0   1079    132      3
Min Hole             0      0      1      0
Short                0   2846    217      0
[INFO DRT-0267] cpu time = 00:07:56, elapsed time = 00:00:58, memory = 1581.67 (MB), peak = 1838.09 (MB)
Total wire length = 276903 um.
Total wire length on LAYER li1 = 0 um.
Total wire length on LAYER met1 = 118994 um.
Total wire length on LAYER met2 = 119327 um.
Total wire length on LAYER met3 = 21572 um.
Total wire length on LAYER met4 = 16668 um.
Total wire length on LAYER met5 = 340 um.
Total number of vias = 49820.
Up-via summary (total 49820):

------------------------
 FR_MASTERSLICE        0
            li1    20861
           met1    26105
           met2     2113
           met3      719
           met4       22
------------------------
               49820


[INFO DRT-0195] Start 3rd optimization iteration.
    Completing 10% with 4281 violations.
    elapsed time = 00:00:04, memory = 1729.56 (MB).
    Completing 20% with 4281 violations.
    elapsed time = 00:00:11, memory = 1624.15 (MB).
    Completing 30% with 3306 violations.
    elapsed time = 00:00:17, memory = 1695.67 (MB).
    Completing 40% with 3306 violations.
    elapsed time = 00:00:22, memory = 1662.67 (MB).
    Completing 50% with 3306 violations.
    elapsed time = 00:00:32, memory = 1590.59 (MB).
    Completing 60% with 2496 violations.
    elapsed time = 00:00:37, memory = 1741.25 (MB).
    Completing 70% with 2496 violations.
    elapsed time = 00:00:44, memory = 1668.52 (MB).
    Completing 80% with 1496 violations.
    elapsed time = 00:00:50, memory = 1807.22 (MB).
    Completing 90% with 1496 violations.
    elapsed time = 00:00:54, memory = 1754.80 (MB).
    Completing 100% with 581 violations.
    elapsed time = 00:01:01, memory = 1598.69 (MB).
[INFO DRT-0199]   Number of violations = 581.
Viol/Layer        met1   met2
Metal Spacing      218     56
Short              295     12
[INFO DRT-0267] cpu time = 00:06:41, elapsed time = 00:01:01, memory = 1598.69 (MB), peak = 1838.09 (MB)
Total wire length = 276064 um.
Total wire length on LAYER li1 = 0 um.
Total wire length on LAYER met1 = 105823 um.
Total wire length on LAYER met2 = 118409 um.
Total wire length on LAYER met3 = 33875 um.
Total wire length on LAYER met4 = 17615 um.
Total wire length on LAYER met5 = 340 um.
Total number of vias = 51013.
Up-via summary (total 51013):

------------------------
 FR_MASTERSLICE        0
            li1    20873
           met1    25742
           met2     3573
           met3      803
           met4       22
------------------------
               51013


[INFO DRT-0195] Start 4th optimization iteration.
    Completing 10% with 581 violations.
    elapsed time = 00:00:00, memory = 1598.69 (MB).
    Completing 20% with 581 violations.
    elapsed time = 00:00:01, memory = 1677.75 (MB).
    Completing 30% with 402 violations.
    elapsed time = 00:00:03, memory = 1598.69 (MB).
    Completing 40% with 402 violations.
    elapsed time = 00:00:03, memory = 1598.69 (MB).
    Completing 50% with 402 violations.
    elapsed time = 00:00:07, memory = 1602.91 (MB).
    Completing 60% with 340 violations.
    elapsed time = 00:00:07, memory = 1602.91 (MB).
    Completing 70% with 340 violations.
    elapsed time = 00:00:09, memory = 1704.91 (MB).
    Completing 80% with 217 violations.
    elapsed time = 00:00:09, memory = 1602.91 (MB).
    Completing 90% with 217 violations.
    elapsed time = 00:00:10, memory = 1712.83 (MB).
    Completing 100% with 38 violations.
    elapsed time = 00:00:11, memory = 1602.91 (MB).
[INFO DRT-0199]   Number of violations = 38.
Viol/Layer        met1   met2
Metal Spacing       10      2
Short               26      0
[INFO DRT-0267] cpu time = 00:00:43, elapsed time = 00:00:12, memory = 1602.91 (MB), peak = 1838.09 (MB)
Total wire length = 276019 um.
Total wire length on LAYER li1 = 0 um.
Total wire length on LAYER met1 = 105321 um.
Total wire length on LAYER met2 = 118315 um.
Total wire length on LAYER met3 = 34378 um.
Total wire length on LAYER met4 = 17663 um.
Total wire length on LAYER met5 = 340 um.
Total number of vias = 51009.
Up-via summary (total 51009):

------------------------
 FR_MASTERSLICE        0
            li1    20871
           met1    25693
           met2     3616
           met3      807
           met4       22
------------------------
               51009


[INFO DRT-0195] Start 5th guides tiles iteration.
    Completing 20% with 38 violations.
    elapsed time = 00:00:00, memory = 1602.91 (MB).
    Completing 40% with 38 violations.
    elapsed time = 00:00:00, memory = 1602.91 (MB).
    Completing 60% with 38 violations.
    elapsed time = 00:00:00, memory = 1602.91 (MB).
    Completing 80% with 5 violations.
    elapsed time = 00:00:00, memory = 1602.91 (MB).
    Completing 100% with 1 violations.
    elapsed time = 00:00:00, memory = 1602.91 (MB).
[INFO DRT-0199]   Number of violations = 1.
Viol/Layer        met1
Short                1
[INFO DRT-0267] cpu time = 00:00:01, elapsed time = 00:00:00, memory = 1602.91 (MB), peak = 1838.09 (MB)
Total wire length = 276012 um.
Total wire length on LAYER li1 = 0 um.
Total wire length on LAYER met1 = 105324 um.
Total wire length on LAYER met2 = 118319 um.
Total wire length on LAYER met3 = 34364 um.
Total wire length on LAYER met4 = 17663 um.
Total wire length on LAYER met5 = 340 um.
Total number of vias = 51017.
Up-via summary (total 51017):

------------------------
 FR_MASTERSLICE        0
            li1    20872
           met1    25702
           met2     3614
           met3      807
           met4       22
------------------------
               51017


[INFO DRT-0195] Start 6th guides tiles iteration.
    Completing 50% with 1 violations.
    elapsed time = 00:00:00, memory = 1602.91 (MB).
    Completing 100% with 1 violations.
    elapsed time = 00:00:00, memory = 1602.91 (MB).
[INFO DRT-0199]   Number of violations = 1.
Viol/Layer        met1
Short                1
[INFO DRT-0267] cpu time = 00:00:00, elapsed time = 00:00:00, memory = 1602.91 (MB), peak = 1838.09 (MB)
Total wire length = 276012 um.
Total wire length on LAYER li1 = 0 um.
Total wire length on LAYER met1 = 105324 um.
Total wire length on LAYER met2 = 118319 um.
Total wire length on LAYER met3 = 34364 um.
Total wire length on LAYER met4 = 17663 um.
Total wire length on LAYER met5 = 340 um.
Total number of vias = 51017.
Up-via summary (total 51017):

------------------------
 FR_MASTERSLICE        0
            li1    20872
           met1    25702
           met2     3614
           met3      807
           met4       22
------------------------
               51017


[INFO DRT-0195] Start 7th stubborn tiles iteration.
    Completing 10% with 1 violations.
    elapsed time = 00:00:02, memory = 1907.66 (MB).
    Completing 20% with 1 violations.
    elapsed time = 00:00:02, memory = 1957.79 (MB).
    Completing 30% with 1 violations.
    elapsed time = 00:00:03, memory = 2143.92 (MB).
    Completing 40% with 1 violations.
    elapsed time = 00:00:03, memory = 2192.47 (MB).
    Completing 50% with 1 violations.
    elapsed time = 00:00:04, memory = 2137.23 (MB).
    Completing 60% with 1 violations.
    elapsed time = 00:00:04, memory = 2200.04 (MB).
    Completing 70% with 1 violations.
    elapsed time = 00:00:05, memory = 2221.95 (MB).
    Completing 80% with 1 violations.
    elapsed time = 00:00:06, memory = 2091.32 (MB).
    Completing 90% with 1 violations.
    elapsed time = 00:00:06, memory = 1935.89 (MB).
    Completing 100% with 0 violations.
    elapsed time = 00:00:08, memory = 1811.80 (MB).
[INFO DRT-0199]   Number of violations = 0.
[INFO DRT-0267] cpu time = 00:01:44, elapsed time = 00:00:09, memory = 1811.80 (MB), peak = 2312.73 (MB)
Total wire length = 276011 um.
Total wire length on LAYER li1 = 0 um.
Total wire length on LAYER met1 = 105313 um.
Total wire length on LAYER met2 = 118295 um.
Total wire length on LAYER met3 = 34373 um.
Total wire length on LAYER met4 = 17687 um.
Total wire length on LAYER met5 = 340 um.
Total number of vias = 51019.
Up-via summary (total 51019):

------------------------
 FR_MASTERSLICE        0
            li1    20872
           met1    25702
           met2     3614
           met3      809
           met4       22
------------------------
               51019


[INFO DRT-0198] Complete detail routing.
Total wire length = 276011 um.
Total wire length on LAYER li1 = 0 um.
Total wire length on LAYER met1 = 105313 um.
Total wire length on LAYER met2 = 118295 um.
Total wire length on LAYER met3 = 34373 um.
Total wire length on LAYER met4 = 17687 um.
Total wire length on LAYER met5 = 340 um.
Total number of vias = 51019.
Up-via summary (total 51019):

------------------------
 FR_MASTERSLICE        0
            li1    20872
           met1    25702
           met2     3614
           met3      809
           met4       22
------------------------
               51019


[INFO DRT-0267] cpu time = 00:35:54, elapsed time = 00:04:42, memory = 1811.86 (MB), peak = 2312.73 (MB)

[INFO DRT-0180] Post processing.
[INFO DRT-0501] Runtime: 309.77s
Took 310 seconds: detailed_route -output_drc ./reports/sky130hd/riscv32i/base/5_route_drc.rpt -output_maze ./results/sky130hd/riscv32i/base/maze.log -droute_end_iter 64 -verbose 1 -drc_report_iter_step 5
[INFO GRT-0012] Found 2 antenna violations.
[INFO DPL-0006] Core area: 139359.91 um^2
[INFO DPL-0007] Movable instances area: 0.00 um^2
[INFO DPL-0008] Fixed instances area within core: 73594.33 um^2
[INFO DPL-0009] Utilization: 52.8%
[INFO DPL-0005] Diamond search max displacement: +/- 500 sites horizontally, +/- 100 rows vertically.
[INFO DPL-1102] Legalizing using negotiation legalizer.
[INFO DPL-1103] Negotiation base search window: +/-20 sites horizontally, +/-5 rows vertically 
	Automatic search window extension enabled.
	Search window extendable up to the max displacement cap of +/-500 sites, +/-100 rows near walls.
[INFO DPL-1104] NegotiationLegalizer DRC penalty: 5.
[INFO DPL-0392] Negotiation cell height distribution (1 unique row-count(s)):
[INFO DPL-0393]   height 1 row(s): 7398 cells
[INFO DPL-0500] Runtime: 0.03s
[INFO GRT-0015] Inserted 2 diodes.
[INFO DRT-0024]   Complete FR_MASTERSLICE.
[INFO DRT-0024]   Complete Fr_VIA.
[INFO DRT-0024]   Complete li1.
[INFO DRT-0024]   Complete mcon.
[INFO DRT-0024]   Complete met1.
[INFO DRT-0024]   Complete via.
[INFO DRT-0024]   Complete met2.
[INFO DRT-0024]   Complete via2.
[INFO DRT-0024]   Complete met3.
[INFO DRT-0024]   Complete via3.
[INFO DRT-0024]   Complete met4.
[INFO DRT-0024]   Complete via4.
[INFO DRT-0024]   Complete met5.
[INFO DRT-0165] Start pin access.
[INFO DRT-0076]   Complete 1000 pins.
[INFO DRT-0078]   Complete 1931 pins.
[INFO DRT-0079]   Complete 100 unique inst patterns.
[INFO DRT-0079]   Complete 200 unique inst patterns.
[INFO DRT-0081]   Complete 237 unique inst patterns.
[INFO DRT-0084]   Complete 3789 groups.
#scanned instances     = 7398
#unique  instances     = 237
#stdCellGenAp          = 8135
#stdCellValidPlanarAp  = 113
#stdCellValidViaAp     = 5627
#stdCellPinNoAp        = 7
#stdCellPinCnt         = 21044
#instTermValidViaApCnt = 0
#macroGenAp            = 0
#macroValidPlanarAp    = 0
#macroValidViaAp       = 0
#macroNoAp             = 0
[INFO DRT-0166] Complete pin access.
[INFO DRT-0267] cpu time = 00:04:47, elapsed time = 00:00:24, memory = 1626.82 (MB), peak = 2312.73 (MB)

[INFO DRT-0157] Number of guides:     52250

[INFO DRT-0169] Post process guides.
[INFO DRT-0176] GCELLGRID X 0 DO 54 STEP 6900 ;
[INFO DRT-0177] GCELLGRID Y 0 DO 54 STEP 6900 ;
[INFO DRT-0028]   Complete FR_MASTERSLICE.
[INFO DRT-0028]   Complete Fr_VIA.
[INFO DRT-0028]   Complete li1.
[INFO DRT-0028]   Complete mcon.
[INFO DRT-0028]   Complete met1.
[INFO DRT-0028]   Complete via.
[INFO DRT-0028]   Complete met2.
[INFO DRT-0028]   Complete via2.
[INFO DRT-0028]   Complete met3.
[INFO DRT-0028]   Complete via3.
[INFO DRT-0028]   Complete met4.
[INFO DRT-0028]   Complete via4.
[INFO DRT-0028]   Complete met5.
[INFO DRT-0178] Init guide query.
[INFO DRT-0035]   Complete FR_MASTERSLICE (guide).
[INFO DRT-0035]   Complete Fr_VIA (guide).
[INFO DRT-0035]   Complete li1 (guide).
[INFO DRT-0035]   Complete mcon (guide).
[INFO DRT-0035]   Complete met1 (guide).
[INFO DRT-0035]   Complete via (guide).
[INFO DRT-0035]   Complete met2 (guide).
[INFO DRT-0035]   Complete via2 (guide).
[INFO DRT-0035]   Complete met3 (guide).
[INFO DRT-0035]   Complete via3 (guide).
[INFO DRT-0035]   Complete met4 (guide).
[INFO DRT-0035]   Complete via4 (guide).
[INFO DRT-0035]   Complete met5 (guide).
[INFO DRT-0036] FR_MASTERSLICE guide region query size = 0.
[INFO DRT-0036] FR_VIA guide region query size = 0.
[INFO DRT-0036] li1 guide region query size = 17038.
[INFO DRT-0036] mcon guide region query size = 0.
[INFO DRT-0036] met1 guide region query size = 15628.
[INFO DRT-0036] via guide region query size = 0.
[INFO DRT-0036] met2 guide region query size = 8474.
[INFO DRT-0036] via2 guide region query size = 0.
[INFO DRT-0036] met3 guide region query size = 953.
[INFO DRT-0036] via3 guide region query size = 0.
[INFO DRT-0036] met4 guide region query size = 416.
[INFO DRT-0036] via4 guide region query size = 0.
[INFO DRT-0036] met5 guide region query size = 12.
[INFO DRT-0179] Init gr pin query.
[INFO DRT-0267] cpu time = 00:00:00, elapsed time = 00:00:00, memory = 1626.82 (MB), peak = 2312.73 (MB)
[INFO DRT-0245] skipped writing guide updates to database.
[INFO DRT-0181] Start track assignment.
[INFO DRT-0184] Done with 25928 vertical wires in 2 frboxes and 16593 horizontal wires in 2 frboxes.
[INFO DRT-0186] Done with 3430 vertical wires in 2 frboxes and 6381 horizontal wires in 2 frboxes.
[INFO DRT-0182] Complete track assignment.
[INFO DRT-0267] cpu time = 00:00:02, elapsed time = 00:00:02, memory = 1626.78 (MB), peak = 2312.73 (MB)
[INFO DRT-0187] Start routing data preparation.
[INFO DRT-0267] cpu time = 00:00:00, elapsed time = 00:00:00, memory = 1626.78 (MB), peak = 2312.73 (MB)
[INFO DRT-0194] Start detail routing.
[INFO DRT-0195] Start 0th optimization iteration.
    Completing 10% with 0 violations.
    elapsed time = 00:00:00, memory = 1700.00 (MB).
    Completing 20% with 0 violations.
    elapsed time = 00:00:01, memory = 1626.87 (MB).
    Completing 30% with 37 violations.
    elapsed time = 00:00:02, memory = 1766.24 (MB).
    Completing 40% with 37 violations.
    elapsed time = 00:00:02, memory = 1732.30 (MB).
    Completing 50% with 37 violations.
    elapsed time = 00:00:04, memory = 1626.87 (MB).
    Completing 60% with 82 violations.
    elapsed time = 00:00:05, memory = 1719.59 (MB).
    Completing 70% with 82 violations.
    elapsed time = 00:00:06, memory = 1683.70 (MB).
    Completing 80% with 115 violations.
    elapsed time = 00:00:07, memory = 1823.70 (MB).
    Completing 90% with 115 violations.
    elapsed time = 00:00:08, memory = 1717.61 (MB).
    Completing 100% with 154 violations.
    elapsed time = 00:00:08, memory = 1647.35 (MB).
[INFO DRT-0199]   Number of violations = 170.
Viol/Layer        met1   met2
Metal Spacing       21     23
Recheck              5     11
Short               68     42
[INFO DRT-0267] cpu time = 00:01:06, elapsed time = 00:00:09, memory = 1691.46 (MB), peak = 2312.73 (MB)
Total wire length = 276091 um.
Total wire length on LAYER li1 = 0 um.
Total wire length on LAYER met1 = 105722 um.
Total wire length on LAYER met2 = 118541 um.
Total wire length on LAYER met3 = 33947 um.
Total wire length on LAYER met4 = 17538 um.
Total wire length on LAYER met5 = 340 um.
Total number of vias = 51052.
Up-via summary (total 51052):

------------------------
 FR_MASTERSLICE        0
            li1    20875
           met1    25762
           met2     3596
           met3      797
           met4       22
------------------------
               51052


[INFO DRT-0195] Start 1st optimization iteration.
    Completing 10% with 170 violations.
    elapsed time = 00:00:00, memory = 1873.25 (MB).
    Completing 20% with 170 violations.
    elapsed time = 00:00:01, memory = 1734.24 (MB).
    Completing 30% with 126 violations.
    elapsed time = 00:00:02, memory = 1877.00 (MB).
    Completing 40% with 126 violations.
    elapsed time = 00:00:03, memory = 1745.66 (MB).
    Completing 50% with 126 violations.
    elapsed time = 00:00:04, memory = 1697.66 (MB).
    Completing 60% with 78 violations.
    elapsed time = 00:00:05, memory = 1867.27 (MB).
    Completing 70% with 78 violations.
    elapsed time = 00:00:05, memory = 1768.29 (MB).
    Completing 80% with 70 violations.
    elapsed time = 00:00:06, memory = 1909.62 (MB).
    Completing 90% with 70 violations.
    elapsed time = 00:00:07, memory = 1769.98 (MB).
    Completing 100% with 53 violations.
    elapsed time = 00:00:07, memory = 1704.91 (MB).
[INFO DRT-0199]   Number of violations = 53.
Viol/Layer        met1   met2
Metal Spacing       24      4
Short               19      6
[INFO DRT-0267] cpu time = 00:00:59, elapsed time = 00:00:08, memory = 1704.91 (MB), peak = 2312.73 (MB)
Total wire length = 276072 um.
Total wire length on LAYER li1 = 0 um.
Total wire length on LAYER met1 = 105647 um.
Total wire length on LAYER met2 = 118490 um.
Total wire length on LAYER met3 = 34042 um.
Total wire length on LAYER met4 = 17551 um.
Total wire length on LAYER met5 = 340 um.
Total number of vias = 51042.
Up-via summary (total 51042):

------------------------
 FR_MASTERSLICE        0
            li1    20875
           met1    25737
           met2     3609
           met3      799
           met4       22
------------------------
               51042


[INFO DRT-0195] Start 2nd optimization iteration.
    Completing 10% with 53 violations.
    elapsed time = 00:00:00, memory = 1704.91 (MB).
    Completing 20% with 53 violations.
    elapsed time = 00:00:00, memory = 1704.91 (MB).
    Completing 30% with 53 violations.
    elapsed time = 00:00:02, memory = 1704.91 (MB).
    Completing 40% with 55 violations.
    elapsed time = 00:00:02, memory = 1704.91 (MB).
    Completing 50% with 55 violations.
    elapsed time = 00:00:02, memory = 1704.91 (MB).
    Completing 60% with 52 violations.
    elapsed time = 00:00:03, memory = 1704.91 (MB).
    Completing 70% with 52 violations.
    elapsed time = 00:00:03, memory = 1704.91 (MB).
    Completing 80% with 52 violations.
    elapsed time = 00:00:05, memory = 1697.66 (MB).
    Completing 90% with 38 violations.
    elapsed time = 00:00:05, memory = 1697.66 (MB).
    Completing 100% with 19 violations.
    elapsed time = 00:00:06, memory = 1712.07 (MB).
[INFO DRT-0199]   Number of violations = 19.
Viol/Layer        met1   met2
Metal Spacing        5      2
Short                7      5
[INFO DRT-0267] cpu time = 00:00:12, elapsed time = 00:00:06, memory = 1712.07 (MB), peak = 2312.73 (MB)
Total wire length = 276077 um.
Total wire length on LAYER li1 = 0 um.
Total wire length on LAYER met1 = 105634 um.
Total wire length on LAYER met2 = 118486 um.
Total wire length on LAYER met3 = 34065 um.
Total wire length on LAYER met4 = 17551 um.
Total wire length on LAYER met5 = 340 um.
Total number of vias = 51038.
Up-via summary (total 51038):

------------------------
 FR_MASTERSLICE        0
            li1    20875
           met1    25733
           met2     3609
           met3      799
           met4       22
------------------------
               51038


[INFO DRT-0195] Start 3rd guides tiles iteration.
    Completing 10% with 19 violations.
    elapsed time = 00:00:00, memory = 1712.07 (MB).
    Completing 20% with 19 violations.
    elapsed time = 00:00:00, memory = 1712.07 (MB).
    Completing 30% with 19 violations.
    elapsed time = 00:00:00, memory = 1712.07 (MB).
    Completing 40% with 19 violations.
    elapsed time = 00:00:00, memory = 1712.07 (MB).
    Completing 50% with 19 violations.
    elapsed time = 00:00:00, memory = 1712.07 (MB).
    Completing 60% with 3 violations.
    elapsed time = 00:00:00, memory = 1712.07 (MB).
    Completing 70% with 3 violations.
    elapsed time = 00:00:00, memory = 1712.07 (MB).
    Completing 80% with 3 violations.
    elapsed time = 00:00:00, memory = 1712.07 (MB).
    Completing 90% with 3 violations.
    elapsed time = 00:00:01, memory = 1712.07 (MB).
    Completing 100% with 0 violations.
    elapsed time = 00:00:01, memory = 1712.07 (MB).
[INFO DRT-0199]   Number of violations = 0.
[INFO DRT-0267] cpu time = 00:00:02, elapsed time = 00:00:01, memory = 1712.07 (MB), peak = 2312.73 (MB)
Total wire length = 276063 um.
Total wire length on LAYER li1 = 0 um.
Total wire length on LAYER met1 = 105425 um.
Total wire length on LAYER met2 = 118395 um.
Total wire length on LAYER met3 = 34272 um.
Total wire length on LAYER met4 = 17629 um.
Total wire length on LAYER met5 = 340 um.
Total number of vias = 51051.
Up-via summary (total 51051):

------------------------
 FR_MASTERSLICE        0
            li1    20875
           met1    25721
           met2     3628
           met3      805
           met4       22
------------------------
               51051


[INFO DRT-0198] Complete detail routing.
Total wire length = 276063 um.
Total wire length on LAYER li1 = 0 um.
Total wire length on LAYER met1 = 105425 um.
Total wire length on LAYER met2 = 118395 um.
Total wire length on LAYER met3 = 34272 um.
Total wire length on LAYER met4 = 17629 um.
Total wire length on LAYER met5 = 340 um.
Total number of vias = 51051.
Up-via summary (total 51051):

------------------------
 FR_MASTERSLICE        0
            li1    20875
           met1    25721
           met2     3628
           met3      805
           met4       22
------------------------
               51051


[INFO DRT-0267] cpu time = 00:02:21, elapsed time = 00:00:24, memory = 1712.07 (MB), peak = 2312.73 (MB)

[INFO DRT-0180] Post processing.
[INFO DRT-0501] Runtime: 51.94s
[INFO ANT-0002] Found 0 net violations.
[INFO ANT-0001] Found 0 pin violations.
[INFO ANT-0002] Found 0 net violations.
[INFO ANT-0001] Found 0 pin violations.
Design area 73594 um^2 53% utilization.
write_db ./results/sky130hd/riscv32i/base/5_2_route.odb
Elapsed time: 6:05.64[h:]min:sec. CPU time: user 2911.38 sys 10.20 (799%). Peak memory: 2368240KB.
Log                       Ext     Elapsed/s Peak Memory/MB sha1sum result [0:20)
5_2_route                 .odb          365           2312 a7bcc8568c2bbd8de4fa
/home/lunarch/orfs-clean/flow/scripts/flow.sh 5_3_fillcell fillcell
Running fillcell.tcl, stage 5_3_fillcell
read_liberty /home/lunarch/orfs-clean/flow/platforms/sky130hd/lib/sky130_fd_sc_hd__tt_025C_1v80.lib
read_db ./results/sky130hd/riscv32i/base/5_2_route.odb
read_sdc ./results/sky130hd/riscv32i/base/5_1_grt.sdc
source /home/lunarch/orfs-clean/flow/platforms/sky130hd/setRC.tcl
[WARNING STA-0450] virtual clock vclk_clk can not be propagated.
filler_placement "sky130_fd_sc_hd__fill_1 sky130_fd_sc_hd__fill_2 sky130_fd_sc_hd__fill_4 sky130_fd_sc_hd__fill_8"
[INFO DPL-0001] Placed 11652 filler instances.
Design area 73594 um^2 53% utilization.
write_db ./results/sky130hd/riscv32i/base/5_3_fillcell.odb
Elapsed time: 0:00.45[h:]min:sec. CPU time: user 0.38 sys 0.07 (99%). Peak memory: 162768KB.
Log                       Ext     Elapsed/s Peak Memory/MB sha1sum result [0:20)
5_3_fillcell              .odb            0            158 b5cb7aad70a5b19fac3b
cp ./results/sky130hd/riscv32i/base/5_3_fillcell.odb ./results/sky130hd/riscv32i/base/5_route.odb
cp ./results/sky130hd/riscv32i/base/5_1_grt.sdc ./results/sky130hd/riscv32i/base/5_route.sdc
/home/lunarch/orfs-clean/flow/scripts/flow.sh 6_1_fill density_fill
Running density_fill.tcl, stage 6_1_fill
read_liberty /home/lunarch/orfs-clean/flow/platforms/sky130hd/lib/sky130_fd_sc_hd__tt_025C_1v80.lib
read_db ./results/sky130hd/riscv32i/base/5_route.odb
read_sdc ./results/sky130hd/riscv32i/base/5_route.sdc
source /home/lunarch/orfs-clean/flow/platforms/sky130hd/setRC.tcl
exec cp ./results/sky130hd/riscv32i/base/5_route.odb ./results/sky130hd/riscv32i/base/6_1_fill.odb
Elapsed time: 0:00.39[h:]min:sec. CPU time: user 0.35 sys 0.03 (98%). Peak memory: 147220KB.
Log                       Ext     Elapsed/s Peak Memory/MB sha1sum result [0:20)
6_1_fill                  .odb            0            143 b5cb7aad70a5b19fac3b
cp ./results/sky130hd/riscv32i/base/5_route.sdc ./results/sky130hd/riscv32i/base/6_1_fill.sdc
/home/lunarch/orfs-clean/flow/scripts/flow.sh 6_report final_report
Running final_report.tcl, stage 6_report
read_liberty /home/lunarch/orfs-clean/flow/platforms/sky130hd/lib/sky130_fd_sc_hd__tt_025C_1v80.lib
read_db ./results/sky130hd/riscv32i/base/6_1_fill.odb
read_sdc ./results/sky130hd/riscv32i/base/6_1_fill.sdc
source /home/lunarch/orfs-clean/flow/platforms/sky130hd/setRC.tcl
[WARNING STA-0450] virtual clock vclk_clk can not be propagated.
write_db ./results/sky130hd/riscv32i/base/6_final.odb
write_sdc -no_timestamp ./results/sky130hd/riscv32i/base/6_final.sdc
Deleted 0 routing obstructions
Warning: master sky130_ef_sc_hd__decap_12 has signal pins but no liberty cell
Warning: master sky130_ef_sc_hd__decap_12 has signal pins but no liberty cell
Global output passed lec test
[INFO RCX-0431] Defined process_corner X with ext_model_index 0
[INFO RCX-0029] Defined extraction corner X
[INFO RCX-0435] Reading extraction model file /home/lunarch/orfs-clean/flow/platforms/sky130hd/rcx_patterns.rules ...
[INFO RCX-0436] RC segment generation riscv (max_merge_res 50.0) ...
[INFO RCX-0040] Final 28220 rc segments
[INFO RCX-0439] Coupling Cap extraction riscv ...
[INFO RCX-0440] Coupling threshhold is 0.1000 fF, coupling capacitance less than 0.1000 fF will be grounded.
[INFO RCX-0442] 54% of 60577 wires extracted
[INFO RCX-0442] 100% of 60577 wires extracted
[INFO RCX-0045] Extract 5601 nets, 33779 rsegs, 33779 caps, 70841 ccs
[INFO RCX-0443] 5601 nets finished
[INFO PSM-0040] All shapes on net VDD are connected.
########## IR report #################
Net              : VDD
Corner           : default
Total power      : 1.97e-02 W
Supply voltage   : 1.80e+00 V
Worstcase voltage: 1.80e+00 V
Average voltage  : 1.80e+00 V
Average IR drop  : 2.94e-05 V
Worstcase IR drop: 2.54e-04 V
Percentage drop  : 0.01 %
######################################
[INFO PSM-0040] All shapes on net VSS are connected.
########## IR report #################
Net              : VSS
Corner           : default
Total power      : 1.97e-02 W
Supply voltage   : 0.00e+00 V
Worstcase voltage: 3.13e-04 V
Average voltage  : 2.64e-05 V
Average IR drop  : 2.64e-05 V
Worstcase IR drop: 3.13e-04 V
Percentage drop  : 0.02 %
######################################
Cell type report:                       Count        Area
  Fill cell                             11652    65765.57
  Tap cell                               1876     2347.25
  Antenna cell                              2        5.00
  Clock buffer                            135     2867.75
  Timing Repair Buffer                    680     5756.77
  Inverter                                123      461.69
  Clock inverter                           68      634.36
  Sequential cell                        1056    31550.26
  Multi-Input combinational cell         3458    29971.24
  Total                                 19050   139359.91
Report metrics stage 6, finish...

==========================================================================
finish report_design_area
--------------------------------------------------------------------------
Design area 73594 um^2 53% utilization.
[WARNING GUI-0076] QStandardPaths: wrong permissions on runtime directory /mnt/wslg/runtime-dir, 0777 instead of 0700
Elapsed time: 0:12.16[h:]min:sec. CPU time: user 16.25 sys 1.71 (147%). Peak memory: 391352KB.
Log                       Ext     Elapsed/s Peak Memory/MB sha1sum result [0:20)
6_report                                 12            382                  N/A
/usr/bin/python3 /home/lunarch/orfs-clean/flow/scripts/run_command.py --log /home/lunarch/orfs-clean/flow/logs/sky130hd/riscv32i/base/6_1_merge.log --tee -- \
        /home/lunarch/orfs-clean/flow/scripts/klayout.sh -zz -rd design_name=riscv \
        -rd in_def=./results/sky130hd/riscv32i/base/6_final.def \
        -rd in_files="/home/lunarch/orfs-clean/flow/platforms/sky130hd/gds/sky130_fd_sc_hd.gds  " \
        -rd seal_file="" \
        -rd out_file=./results/sky130hd/riscv32i/base/6_1_merged.gds \
        -rd tech_file=./objects/sky130hd/riscv32i/base/klayout.lyt \
        -rd layer_map= \
        -r /home/lunarch/orfs-clean/flow/util/def2stream.py
KLayout 0.28.16
[INFO] Reporting cells prior to loading DEF ...
	/home/lunarch/orfs-clean/flow/platforms/sky130hd/gds/sky130_fd_sc_hd.gds
[INFO] All LEF cells have matching GDS/OAS cells
[INFO] No orphan cells in the final layout
Elapsed time: 0:01.59[h:]min:sec. CPU time: user 1.39 sys 0.16 (97%). Peak memory: 434456KB.
cp results/sky130hd/riscv32i/base/6_1_merged.gds results/sky130hd/riscv32i/base/6_final.gds
No elapsed time found in logs/sky130hd/riscv32i/base/6_final_lec_check.log
No elapsed time found in logs/sky130hd/riscv32i/base/6_final_sec_check.log
./logs/sky130hd/riscv32i/base
Log                       Ext     Elapsed/s Peak Memory/MB sha1sum result [0:20)
1_1_yosys_canonicalize    .rtlil          0             57 34be139bbb8b29975e29
1_2_yosys                 .v              8             68 b499dbb27e1f20f520da
1_2_yosys                 .sdc                             a8b072784e3add07e789
1_synth                   .odb            0            136 926bb328feb867b42cb7
1_synth                   .sdc                             d1ca8e863f8d513e7ce0
2_1_floorplan             .odb            1            143 b6bf937440947eddd5b9
2_1_floorplan             .sdc                             d1ca8e863f8d513e7ce0
2_2_floorplan_macro       .odb            0            126 b6bf937440947eddd5b9
2_3_floorplan_tapcell     .odb            0            127 e6e4fb11f89be8416c44
2_4_floorplan_pdn         .odb            0            134 528bc4b0f160b05e48bf
3_1_place_gp_skip_io      .odb            0            139 cfe77ee2cb77c3f7929d
3_2_place_iop             .odb            0            130 9f539a2a5a4844428e1a
3_3_place_gp              .odb            6            293 52793ce790c999fae6ab
3_4_place_resized         .odb            2            164 52793ce790c999fae6ab
3_5_place_dp              .odb            2            167 7ed5d1af4284f3c29e13
4_1_cts                   .odb           11            187 0ab42b69a0c29affe963
5_1_grt                   .odb           46            379 0d11e0646aca31e5928b
5_1_grt                   .sdc                             e327f92bf4aca9105c8e
5_2_route                 .odb          365           2312 a7bcc8568c2bbd8de4fa
5_3_fillcell              .odb            0            158 b5cb7aad70a5b19fac3b
6_1_fill                  .odb            0            143 b5cb7aad70a5b19fac3b
6_1_fill                  .sdc                             e327f92bf4aca9105c8e
6_1_merge                                 1            424                  N/A
6_cdl                                     0            146                  N/A
6_drc                                    50            881                  N/A
6_lvs                                    17            517                  N/A
6_report                                 12            382                  N/A
Total                                   521           2312                     
p7_delay exit=0
