mkdir -p ./results/sky130hd/riscv32i/base/
echo 5.0 > ./results/sky130hd/riscv32i/base/clock_period.txt
/home/lunarch/orfs-clean/flow/scripts/synth.sh /home/lunarch/orfs-clean/flow/scripts/synth_canonicalize.tcl ./logs/sky130hd/riscv32i/base/1_1_yosys_canonicalize.log
Using ABC speed script.
Extracting clock period from SDC file: ./results/sky130hd/riscv32i/base/clock_period.txt
Setting clock period to 5.0
1. Executing Liberty frontend: /home/lunarch/orfs-clean/flow/platforms/sky130hd/lib/sky130_fd_sc_hd__tt_025C_1v80.lib
2. Executing Liberty frontend: /home/lunarch/orfs-clean/flow/platforms/sky130hd/lib/sky130_fd_sc_hd__tt_025C_1v80.lib
3. Executing Verilog-2005 frontend: /home/lunarch/orfs-clean/flow/designs/src/riscv32i/adder.v
4. Executing Verilog-2005 frontend: /home/lunarch/orfs-clean/flow/designs/src/riscv32i/alu.v
5. Executing Verilog-2005 frontend: /home/lunarch/orfs-clean/flow/designs/src/riscv32i/aludec.v
6. Executing Verilog-2005 frontend: /home/lunarch/orfs-clean/flow/designs/src/riscv32i/controller.v
7. Executing Verilog-2005 frontend: /home/lunarch/orfs-clean/flow/designs/src/riscv32i/datapath.v
8. Executing Verilog-2005 frontend: /home/lunarch/orfs-clean/flow/designs/src/riscv32i/dmem.v
9. Executing Verilog-2005 frontend: /home/lunarch/orfs-clean/flow/designs/src/riscv32i/flopenr.v
10. Executing Verilog-2005 frontend: /home/lunarch/orfs-clean/flow/designs/src/riscv32i/flopens.v
11. Executing Verilog-2005 frontend: /home/lunarch/orfs-clean/flow/designs/src/riscv32i/flopr.v
12. Executing Verilog-2005 frontend: /home/lunarch/orfs-clean/flow/designs/src/riscv32i/ks_adder.v
13. Executing Verilog-2005 frontend: /home/lunarch/orfs-clean/flow/designs/src/riscv32i/magcompare2b.v
14. Executing Verilog-2005 frontend: /home/lunarch/orfs-clean/flow/designs/src/riscv32i/magcompare2c.v
15. Executing Verilog-2005 frontend: /home/lunarch/orfs-clean/flow/designs/src/riscv32i/magcompare32.v
16. Executing Verilog-2005 frontend: /home/lunarch/orfs-clean/flow/designs/src/riscv32i/maindec.v
17. Executing Verilog-2005 frontend: /home/lunarch/orfs-clean/flow/designs/src/riscv32i/mux2.v
18. Executing Verilog-2005 frontend: /home/lunarch/orfs-clean/flow/designs/src/riscv32i/mux3.v
19. Executing Verilog-2005 frontend: /home/lunarch/orfs-clean/flow/designs/src/riscv32i/mux4.v
20. Executing Verilog-2005 frontend: /home/lunarch/orfs-clean/flow/designs/src/riscv32i/mux5.v
21. Executing Verilog-2005 frontend: /home/lunarch/orfs-clean/flow/designs/src/riscv32i/mux8.v
22. Executing Verilog-2005 frontend: /home/lunarch/orfs-clean/flow/designs/src/riscv32i/regfile.v
23. Executing Verilog-2005 frontend: /home/lunarch/orfs-clean/flow/designs/src/riscv32i/riscv.v
24. Executing Verilog-2005 frontend: /home/lunarch/orfs-clean/flow/designs/src/riscv32i/rom.v
25. Executing Verilog-2005 frontend: /home/lunarch/orfs-clean/flow/designs/src/riscv32i/shifter.v
26. Executing Verilog-2005 frontend: /home/lunarch/orfs-clean/flow/designs/src/riscv32i/signext.v
27. Executing Verilog-2005 frontend: /home/lunarch/orfs-clean/flow/designs/src/riscv32i/top.v
28. Executing Verilog-2005 frontend: /home/lunarch/orfs-clean/flow/platforms/sky130hd/cells_clkgate_hd.v
29. Executing HIERARCHY pass (managing design hierarchy).
30. Executing AST frontend in derive mode using pre-parsed AST for module `\riscv'.
30.1. Analyzing design hierarchy..
30.2. Executing AST frontend in derive mode using pre-parsed AST for module `\datapath'.
30.3. Executing AST frontend in derive mode using pre-parsed AST for module `\controller'.
30.4. Analyzing design hierarchy..
30.5. Executing AST frontend in derive mode using pre-parsed AST for module `\mux2'.
30.6. Executing AST frontend in derive mode using pre-parsed AST for module `\mux2'.
30.7. Executing AST frontend in derive mode using pre-parsed AST for module `\aludec'.
30.8. Executing AST frontend in derive mode using pre-parsed AST for module `\maindec'.
30.9. Executing AST frontend in derive mode using pre-parsed AST for module `\mux2'.
30.10. Executing AST frontend in derive mode using pre-parsed AST for module `\mux3'.
30.11. Executing AST frontend in derive mode using pre-parsed AST for module `\shifter'.
30.12. Executing AST frontend in derive mode using pre-parsed AST for module `\alu'.
30.13. Executing AST frontend in derive mode using pre-parsed AST for module `\magcompare32'.
30.14. Executing AST frontend in derive mode using pre-parsed AST for module `\adder'.
30.15. Executing AST frontend in derive mode using pre-parsed AST for module `\signext'.
30.16. Executing AST frontend in derive mode using pre-parsed AST for module `\regfile'.
30.17. Executing AST frontend in derive mode using pre-parsed AST for module `\mux2'.
30.18. Executing AST frontend in derive mode using pre-parsed AST for module `\flopr'.
30.19. Executing AST frontend in derive mode using pre-parsed AST for module `\flopenr'.
30.20. Analyzing design hierarchy..
30.21. Executing AST frontend in derive mode using pre-parsed AST for module `\ks_adder'.
30.22. Executing AST frontend in derive mode using pre-parsed AST for module `\mux5'.
30.23. Executing AST frontend in derive mode using pre-parsed AST for module `\magcompare2c'.
30.24. Executing AST frontend in derive mode using pre-parsed AST for module `\magcompare2b'.
30.25. Executing AST frontend in derive mode using pre-parsed AST for module `\ks_adder'.
30.26. Analyzing design hierarchy..
30.27. Analyzing design hierarchy..
31. Executing OPT_CLEAN pass (remove unused cells and wires).
Warning: Ignoring module $paramod\mux5\WIDTH=s32'00000000000000000000000000100000 because it contains processes (run 'proc' command first).
Warning: Ignoring module $paramod\ks_adder\W=s32'00000000000000000000000000100000 because it contains processes (run 'proc' command first).
Warning: Ignoring module $paramod\flopenr\WIDTH=s32'00000000000000000000000000100000 because it contains processes (run 'proc' command first).
Warning: Ignoring module $paramod\flopr\WIDTH=s32'00000000000000000000000000100000 because it contains processes (run 'proc' command first).
Warning: Ignoring module regfile because it contains processes (run 'proc' command first).
Warning: Ignoring module alu because it contains processes (run 'proc' command first).
Warning: Ignoring module shifter because it contains processes (run 'proc' command first).
Warning: Ignoring module maindec because it contains processes (run 'proc' command first).
Warning: Ignoring module aludec because it contains processes (run 'proc' command first).
Warning: Ignoring module $paramod\ks_adder\W=s32'00000000000000000000000000100001 because it contains processes (run 'proc' command first).
32. Executing RTLIL backend.
Warnings: 10 unique messages, 10 total
End of script. Logfile hash: 23713fbc8c, time: 0.26s, user: 0.19s, system: 0.05s, MEM: 54.89 MB peak
Yosys 0.69+post (git sha1 143eb14f9cc55d6f8927e68523b0c9d2166ed02c, Release, GNU /usr/bin/c++ 13.3.0)
Time spent: 52% 4x read_liberty (0 sec), 26% 1x hierarchy (0 sec), ...
Elapsed time: 0:00.27[h:]min:sec. CPU time: user 0.21 sys 0.06 (97%). Peak memory: 59192KB.
Log                       Ext     Elapsed/s Peak Memory/MB sha1sum result [0:20)
1_1_yosys_canonicalize    .rtlil          0             57 6e6942edd48d38b51141
/home/lunarch/orfs-clean/flow/scripts/synth.sh /home/lunarch/orfs-clean/flow/scripts/synth.tcl ./logs/sky130hd/riscv32i/base/1_2_yosys.log
Using ABC speed script.
Extracting clock period from SDC file: ./results/sky130hd/riscv32i/base/clock_period.txt
Setting clock period to 5.0
1. Executing RTLIL frontend.
2. Executing HIERARCHY pass (managing design hierarchy).
2.1. Analyzing design hierarchy..
2.2. Analyzing design hierarchy..
3. Executing SYNTH pass.
3.1. Executing HIERARCHY pass (managing design hierarchy).
3.1.1. Analyzing design hierarchy..
3.1.2. Analyzing design hierarchy..
3.2. Executing PROC pass (convert processes to netlists).
3.2.1. Executing PROC_CLEAN pass (remove empty switches from decision trees).
3.2.2. Executing PROC_RMDEAD pass (remove dead branches from decision trees).
3.2.3. Executing PROC_PRUNE pass (remove redundant assignments in processes).
3.2.4. Executing PROC_INIT pass (extract init attributes).
3.2.5. Executing PROC_ARST pass (detect async resets in processes).
3.2.6. Executing PROC_ROM pass (convert switches to ROMs).
3.2.7. Executing PROC_MUX pass (convert decision trees to multiplexers).
3.2.8. Executing PROC_DLATCH pass (convert process syncs to latches).
3.2.9. Executing PROC_DFF pass (convert process syncs to FFs).
3.2.10. Executing PROC_MEMWR pass (convert process memory writes to cells).
3.2.11. Executing PROC_CLEAN pass (remove empty switches from decision trees).
3.2.12. Executing OPT_EXPR pass (perform const folding).
3.3. Executing CHECK pass (checking for obvious problems).
3.4. Executing FLATTEN pass (flatten design).
3.5. Executing OPT_EXPR pass (perform const folding).
3.6. Executing OPT_CLEAN pass (remove unused cells and wires).
3.7. Executing CHECK pass (checking for obvious problems).
3.8. Executing OPT pass (performing simple optimizations).
3.8.1. Executing OPT_EXPR pass (perform const folding).
3.8.2. Executing OPT_MERGE pass (detect identical cells).
3.8.3. Executing OPT_MUXTREE pass (detect dead branches in mux trees).
3.8.4. Executing OPT_REDUCE pass (consolidate $*mux and $reduce_* inputs).
3.8.5. Executing OPT_MERGE pass (detect identical cells).
3.8.6. Executing OPT_DFF pass (perform DFF optimizations).
3.8.7. Executing OPT_CLEAN pass (remove unused cells and wires).
3.8.8. Executing OPT_EXPR pass (perform const folding).
3.8.9. Rerunning OPT passes. (Maybe there is more to do..)
3.8.10. Executing OPT_MUXTREE pass (detect dead branches in mux trees).
3.8.11. Executing OPT_REDUCE pass (consolidate $*mux and $reduce_* inputs).
3.8.12. Executing OPT_MERGE pass (detect identical cells).
3.8.13. Executing OPT_DFF pass (perform DFF optimizations).
3.8.14. Executing OPT_CLEAN pass (remove unused cells and wires).
3.8.15. Executing OPT_EXPR pass (perform const folding).
3.8.16. Finished fast OPT passes. (There is nothing left to do.)
3.9. Executing FSM pass (extract and optimize FSM).
3.9.1. Executing FSM_DETECT pass (finding FSMs in design).
3.9.2. Executing FSM_EXTRACT pass (extracting FSM from design).
3.9.3. Executing FSM_OPT pass (simple optimizations of FSMs).
3.9.4. Executing OPT_CLEAN pass (remove unused cells and wires).
3.9.5. Executing FSM_OPT pass (simple optimizations of FSMs).
3.9.6. Executing FSM_RECODE pass (re-assigning FSM state encoding).
3.9.7. Executing FSM_INFO pass (dumping all available information on FSM cells).
3.9.8. Executing FSM_MAP pass (mapping FSMs to basic logic).
3.10. Executing OPT pass (performing simple optimizations).
3.10.1. Executing OPT_EXPR pass (perform const folding).
3.10.2. Executing OPT_MERGE pass (detect identical cells).
3.10.3. Executing OPT_MUXTREE pass (detect dead branches in mux trees).
3.10.4. Executing OPT_REDUCE pass (consolidate $*mux and $reduce_* inputs).
3.10.5. Executing OPT_MERGE pass (detect identical cells).
3.10.6. Executing OPT_DFF pass (perform DFF optimizations).
3.10.7. Executing OPT_CLEAN pass (remove unused cells and wires).
3.10.8. Executing OPT_EXPR pass (perform const folding).
3.10.9. Finished fast OPT passes. (There is nothing left to do.)
3.11. Executing WREDUCE pass (reducing word size of cells).
3.12. Executing PEEPOPT pass (run peephole optimizers).
3.13. Executing OPT_CLEAN pass (remove unused cells and wires).
3.14. Executing ALUMACC pass (create $alu and $macc cells).
3.15. Executing SHARE pass (SAT-based resource sharing).
3.16. Executing OPT pass (performing simple optimizations).
3.16.1. Executing OPT_EXPR pass (perform const folding).
3.16.2. Executing OPT_MERGE pass (detect identical cells).
3.16.3. Executing OPT_MUXTREE pass (detect dead branches in mux trees).
3.16.4. Executing OPT_REDUCE pass (consolidate $*mux and $reduce_* inputs).
3.16.5. Executing OPT_MERGE pass (detect identical cells).
3.16.6. Executing OPT_DFF pass (perform DFF optimizations).
3.16.7. Executing OPT_CLEAN pass (remove unused cells and wires).
3.16.8. Executing OPT_EXPR pass (perform const folding).
3.16.9. Finished fast OPT passes. (There is nothing left to do.)
3.17. Executing MEMORY pass.
3.17.1. Executing OPT_MEM pass (optimize memories).
3.17.2. Executing OPT_MEM_PRIORITY pass (removing unnecessary memory write priority relations).
3.17.3. Executing OPT_MEM_FEEDBACK pass (finding memory read-to-write feedback paths).
3.17.4. Executing MEMORY_BMUX2ROM pass (converting muxes to ROMs).
3.17.5. Executing MEMORY_DFF pass (merging $dff cells to $memrd).
3.17.6. Executing OPT_CLEAN pass (remove unused cells and wires).
3.17.7. Executing MEMORY_SHARE pass (consolidating $memrd/$memwr cells).
3.17.8. Executing OPT_MEM_WIDEN pass (optimize memories where all ports are wide).
3.17.9. Executing OPT_CLEAN pass (remove unused cells and wires).
3.17.10. Executing MEMORY_COLLECT pass (generating $mem cells).
3.18. Executing OPT_CLEAN pass (remove unused cells and wires).
4. Executing SYNTH pass.
4.1. Executing OPT pass (performing simple optimizations).
4.1.1. Executing OPT_EXPR pass (perform const folding).
4.1.2. Executing OPT_MERGE pass (detect identical cells).
4.1.3. Executing OPT_DFF pass (perform DFF optimizations).
4.1.4. Executing OPT_CLEAN pass (remove unused cells and wires).
4.1.5. Rerunning OPT passes. (Removed registers in this run.)
4.1.6. Executing OPT_EXPR pass (perform const folding).
4.1.7. Executing OPT_MERGE pass (detect identical cells).
4.1.8. Executing OPT_DFF pass (perform DFF optimizations).
4.1.9. Executing OPT_CLEAN pass (remove unused cells and wires).
4.1.10. Finished fast OPT passes.
4.2. Executing MEMORY_MAP pass (converting memories to logic and flip-flops).
4.3. Executing OPT pass (performing simple optimizations).
4.3.1. Executing OPT_EXPR pass (perform const folding).
4.3.2. Executing OPT_MERGE pass (detect identical cells).
4.3.3. Executing OPT_MUXTREE pass (detect dead branches in mux trees).
4.3.4. Executing OPT_REDUCE pass (consolidate $*mux and $reduce_* inputs).
4.3.5. Executing OPT_MERGE pass (detect identical cells).
4.3.6. Executing OPT_SHARE pass.
4.3.7. Executing OPT_DFF pass (perform DFF optimizations).
4.3.8. Executing OPT_CLEAN pass (remove unused cells and wires).
4.3.9. Executing OPT_EXPR pass (perform const folding).
4.3.10. Rerunning OPT passes. (Maybe there is more to do..)
4.3.11. Executing OPT_MUXTREE pass (detect dead branches in mux trees).
4.3.12. Executing OPT_REDUCE pass (consolidate $*mux and $reduce_* inputs).
4.3.13. Executing OPT_MERGE pass (detect identical cells).
4.3.14. Executing OPT_SHARE pass.
4.3.15. Executing OPT_DFF pass (perform DFF optimizations).
4.3.16. Executing OPT_CLEAN pass (remove unused cells and wires).
4.3.17. Executing OPT_EXPR pass (perform const folding).
4.3.18. Rerunning OPT passes. (Maybe there is more to do..)
4.3.19. Executing OPT_MUXTREE pass (detect dead branches in mux trees).
4.3.20. Executing OPT_REDUCE pass (consolidate $*mux and $reduce_* inputs).
4.3.21. Executing OPT_MERGE pass (detect identical cells).
4.3.22. Executing OPT_SHARE pass.
4.3.23. Executing OPT_DFF pass (perform DFF optimizations).
4.3.24. Executing OPT_CLEAN pass (remove unused cells and wires).
4.3.25. Executing OPT_EXPR pass (perform const folding).
4.3.26. Finished fast OPT passes. (There is nothing left to do.)
4.4. Executing TECHMAP pass (map to technology primitives).
4.4.1. Executing Verilog-2005 frontend: /usr/local/bin/../share/yosys/techmap.v
4.4.2. Executing Verilog-2005 frontend: /home/lunarch/orfs-clean/flow/platforms/common/lcu_kogge_stone.v
4.4.3. Continuing TECHMAP pass.
4.5. Executing OPT pass (performing simple optimizations).
4.5.1. Executing OPT_EXPR pass (perform const folding).
4.5.2. Executing OPT_MERGE pass (detect identical cells).
4.5.3. Executing OPT_DFF pass (perform DFF optimizations).
4.5.4. Executing OPT_CLEAN pass (remove unused cells and wires).
4.5.5. Finished fast OPT passes.
4.6. Executing HIERARCHY pass (managing design hierarchy).
4.6.1. Analyzing design hierarchy..
4.6.2. Analyzing design hierarchy..
4.7. Printing statistics.
4.8. Executing CHECK pass (checking for obvious problems).
5. Executing OPT pass (performing simple optimizations).
5.1. Executing OPT_EXPR pass (perform const folding).
5.2. Executing OPT_MERGE pass (detect identical cells).
5.3. Executing OPT_MUXTREE pass (detect dead branches in mux trees).
5.4. Executing OPT_REDUCE pass (consolidate $*mux and $reduce_* inputs).
5.5. Executing OPT_MERGE pass (detect identical cells).
5.6. Executing OPT_DFF pass (perform DFF optimizations).
5.7. Executing OPT_CLEAN pass (remove unused cells and wires).
5.8. Executing OPT_EXPR pass (perform const folding).
5.9. Rerunning OPT passes. (Maybe there is more to do..)
5.10. Executing OPT_MUXTREE pass (detect dead branches in mux trees).
5.11. Executing OPT_REDUCE pass (consolidate $*mux and $reduce_* inputs).
5.12. Executing OPT_MERGE pass (detect identical cells).
5.13. Executing OPT_DFF pass (perform DFF optimizations).
5.14. Executing OPT_CLEAN pass (remove unused cells and wires).
5.15. Executing OPT_EXPR pass (perform const folding).
5.16. Finished fast OPT passes. (There is nothing left to do.)
6. Executing EXTRACT_FA pass (find and extract full/half adders).
7. Executing TECHMAP pass (map to technology primitives).
7.1. Executing Verilog-2005 frontend: /home/lunarch/orfs-clean/flow/platforms/sky130hd/cells_adders_hd.v
7.2. Continuing TECHMAP pass.
8. Executing TECHMAP pass (map to technology primitives).
8.1. Executing Verilog-2005 frontend: /usr/local/bin/../share/yosys/techmap.v
8.2. Continuing TECHMAP pass.
9. Executing OPT pass (performing simple optimizations).
9.1. Executing OPT_EXPR pass (perform const folding).
9.2. Executing OPT_MERGE pass (detect identical cells).
9.3. Executing OPT_DFF pass (perform DFF optimizations).
9.4. Executing OPT_CLEAN pass (remove unused cells and wires).
9.5. Finished fast OPT passes.
10. Executing DFFLEGALIZE pass (convert FFs and LATCHes to types supported by the target).
11. Executing TECHMAP pass (map to technology primitives).
11.1. Executing Verilog-2005 frontend: /home/lunarch/orfs-clean/flow/platforms/sky130hd/cells_latch_hd.v
11.2. Continuing TECHMAP pass.
12. Executing DFFLIBMAP pass (mapping DFF/DLATCH cells to sequential cells from liberty file).
12.1. Executing DFFLEGALIZE pass (convert FFs and LATCHes to types supported by the target).
13. Executing OPT pass (performing simple optimizations).
13.1. Executing OPT_EXPR pass (perform const folding).
13.2. Executing OPT_MERGE pass (detect identical cells).
13.3. Executing OPT_MUXTREE pass (detect dead branches in mux trees).
13.4. Executing OPT_REDUCE pass (consolidate $*mux and $reduce_* inputs).
13.5. Executing OPT_MERGE pass (detect identical cells).
13.6. Executing OPT_DFF pass (perform DFF optimizations).
13.7. Executing OPT_CLEAN pass (remove unused cells and wires).
13.8. Executing OPT_EXPR pass (perform const folding).
13.9. Rerunning OPT passes. (Maybe there is more to do..)
13.10. Executing OPT_MUXTREE pass (detect dead branches in mux trees).
13.11. Executing OPT_REDUCE pass (consolidate $*mux and $reduce_* inputs).
13.12. Executing OPT_MERGE pass (detect identical cells).
13.13. Executing OPT_DFF pass (perform DFF optimizations).
13.14. Executing OPT_CLEAN pass (remove unused cells and wires).
13.15. Executing OPT_EXPR pass (perform const folding).
13.16. Finished fast OPT passes. (There is nothing left to do.)
14. Executing SETUNDEF pass (replace undef values with defined constants).
abc -script /home/lunarch/orfs-clean/flow/scripts/abc_speed.script -liberty /home/lunarch/orfs-clean/flow/platforms/sky130hd/lib/sky130_fd_sc_hd__tt_025C_1v80.lib -dont_use sky130_fd_sc_hd__probe_p_8 -dont_use sky130_fd_sc_hd__probec_p_8 -dont_use sky130_fd_sc_hd__lpflow_bleeder_1 -dont_use sky130_fd_sc_hd__lpflow_clkbufkapwr_1 -dont_use sky130_fd_sc_hd__lpflow_clkbufkapwr_16 -dont_use sky130_fd_sc_hd__lpflow_clkbufkapwr_2 -dont_use sky130_fd_sc_hd__lpflow_clkbufkapwr_4 -dont_use sky130_fd_sc_hd__lpflow_clkbufkapwr_8 -dont_use sky130_fd_sc_hd__lpflow_clkinvkapwr_1 -dont_use sky130_fd_sc_hd__lpflow_clkinvkapwr_16 -dont_use sky130_fd_sc_hd__lpflow_clkinvkapwr_2 -dont_use sky130_fd_sc_hd__lpflow_clkinvkapwr_4 -dont_use sky130_fd_sc_hd__lpflow_clkinvkapwr_8 -dont_use sky130_fd_sc_hd__lpflow_decapkapwr_12 -dont_use sky130_fd_sc_hd__lpflow_decapkapwr_3 -dont_use sky130_fd_sc_hd__lpflow_decapkapwr_4 -dont_use sky130_fd_sc_hd__lpflow_decapkapwr_6 -dont_use sky130_fd_sc_hd__lpflow_decapkapwr_8 -dont_use sky130_fd_sc_hd__lpflow_inputiso0n_1 -dont_use sky130_fd_sc_hd__lpflow_inputiso0p_1 -dont_use sky130_fd_sc_hd__lpflow_inputiso1n_1 -dont_use sky130_fd_sc_hd__lpflow_inputiso1p_1 -dont_use sky130_fd_sc_hd__lpflow_inputisolatch_1 -dont_use sky130_fd_sc_hd__lpflow_isobufsrc_1 -dont_use sky130_fd_sc_hd__lpflow_isobufsrc_16 -dont_use sky130_fd_sc_hd__lpflow_isobufsrc_2 -dont_use sky130_fd_sc_hd__lpflow_isobufsrc_4 -dont_use sky130_fd_sc_hd__lpflow_isobufsrc_8 -dont_use sky130_fd_sc_hd__lpflow_isobufsrckapwr_16 -dont_use sky130_fd_sc_hd__lpflow_lsbuf_lh_hl_isowell_tap_1 -dont_use sky130_fd_sc_hd__lpflow_lsbuf_lh_hl_isowell_tap_2 -dont_use sky130_fd_sc_hd__lpflow_lsbuf_lh_hl_isowell_tap_4 -dont_use sky130_fd_sc_hd__lpflow_lsbuf_lh_isowell_4 -dont_use sky130_fd_sc_hd__lpflow_lsbuf_lh_isowell_tap_1 -dont_use sky130_fd_sc_hd__lpflow_lsbuf_lh_isowell_tap_2 -dont_use sky130_fd_sc_hd__lpflow_lsbuf_lh_isowell_tap_4 -constr ./objects/sky130hd/riscv32i/base/abc.constr -D 5.0
15. Executing ABC pass (technology mapping using ABC).
15.1. Extracting gate netlist of module `\riscv' to `<abc-temp-dir>/input.blif'..
15.1.1. Executed ABC.
15.1.2. Re-integrating ABC results.
Took 6 seconds: abc -script /home/lunarch/orfs-clean/flow/scripts/abc_speed.script -liberty /home/lunarch/orfs-clean/flow/platforms/sky130hd/lib/sky130_fd_sc_hd__tt_025C_1v80.lib -dont_use sky130_fd_sc_hd__probe_p_8 -dont_use sky130_fd_sc_hd__probec_p_8 -dont_use sky130_fd_sc_hd__lpflow_bleeder_1 -dont_use sky130_fd_sc_hd__lpflow_clkbufkapwr_1 -dont_use sky130_fd_sc_hd__lpflow_clkbufkapwr_16 -dont_use sky130_fd_sc_hd__lpflow_clkbufkapwr_2 -dont_use sky130_fd_sc_hd__lpflow_clkbufkapwr_4 -dont_use sky130_fd_sc_hd__lpflow_clkbufkapwr_8 -dont_use sky130_fd_sc_hd__lpflow_clkinvkapwr_1 -dont_use sky130_fd_sc_hd__lpflow_clkinvkapwr_16 -dont_use sky130_fd_sc_hd__lpflow_clkinvkapwr_2 -dont_use sky130_fd_sc_hd__lpflow_clkinvkapwr_4 -dont_use sky130_fd_sc_hd__lpflow_clkinvkapwr_8 -dont_use sky130_fd_sc_hd__lpflow_decapkapwr_12 -dont_use sky130_fd_sc_hd__lpflow_decapkapwr_3 -dont_use sky130_fd_sc_hd__lpflow_decapkapwr_4 -dont_use sky130_fd_sc_hd__lpflow_decapkapwr_6 -dont_use sky130_fd_sc_hd__lpflow_decapkapwr_8 -dont_use sky130_fd_sc_hd__lpflow_inputiso0n_1 -dont_use sky130_fd_sc_hd__lpflow_inputiso0p_1 -dont_use sky130_fd_sc_hd__lpflow_inputiso1n_1 -dont_use sky130_fd_sc_hd__lpflow_inputiso1p_1 -dont_use sky130_fd_sc_hd__lpflow_inputisolatch_1 -dont_use sky130_fd_sc_hd__lpflow_isobufsrc_1 -dont_use sky130_fd_sc_hd__lpflow_isobufsrc_16 -dont_use sky130_fd_sc_hd__lpflow_isobufsrc_2 -dont_use sky130_fd_sc_hd__lpflow_isobufsrc_4 -dont_use sky130_fd_sc_hd__lpflow_isobufsrc_8 -dont_use sky130_fd_sc_hd__lpflow_isobufsrckapwr_16 -dont_use sky130_fd_sc_hd__lpflow_lsbuf_lh_hl_isowell_tap_1 -dont_use sky130_fd_sc_hd__lpflow_lsbuf_lh_hl_isowell_tap_2 -dont_use sky130_fd_sc_hd__lpflow_lsbuf_lh_hl_isowell_tap_4 -dont_use sky130_fd_sc_hd__lpflow_lsbuf_lh_isowell_4 -dont_use sky130_fd_sc_hd__lpflow_lsbuf_lh_isowell_tap_1 -dont_use sky130_fd_sc_hd__lpflow_lsbuf_lh_isowell_tap_2 -dont_use sky130_fd_sc_hd__lpflow_lsbuf_lh_isowell_tap_4 -constr ./objects/sky130hd/riscv32i/base/abc.constr -D 5.0
16. Executing SPLITNETS pass (splitting up multi-bit signals).
17. Executing OPT_CLEAN pass (remove unused cells and wires).
18. Executing HILOMAP pass (mapping to constant drivers).
19. Executing INSBUF pass (insert buffer cells for connected wires).
20. Executing CHECK pass (checking for obvious problems).
21. Printing statistics.
22. Executing CHECK pass (checking for obvious problems).
23. Executing Verilog backend.
23.1. Executing BMUXMAP pass.
23.2. Executing DEMUXMAP pass.
End of script. Logfile hash: a0210f3a5b, time: 9.69s, user: 3.18s, system: 0.20s, MEM: 68.09 MB peak
Yosys 0.69+post (git sha1 143eb14f9cc55d6f8927e68523b0c9d2166ed02c, Release, GNU /usr/bin/c++ 13.3.0)
Time spent: 65% 1x abc (6 sec), 20% 1x extract_fa (1 sec), ...
Elapsed time: 0:09.71[h:]min:sec. CPU time: user 9.54 sys 0.24 (100%). Peak memory: 71624KB.
Log                       Ext     Elapsed/s Peak Memory/MB sha1sum result [0:20)
1_2_yosys                 .v              9             69 c2fb146460ba21cffe3c
cp /home/lunarch/orfs-clean/flow/designs/sky130hd/riscv32i/constraint.sdc results/sky130hd/riscv32i/base/1_2_yosys.sdc
touch -r /home/lunarch/orfs-clean/flow/designs/sky130hd/riscv32i/constraint.sdc results/sky130hd/riscv32i/base/1_2_yosys.sdc
/home/lunarch/orfs-clean/flow/scripts/flow.sh 1_synth synth_odb
Running synth_odb.tcl, stage 1_synth
read_liberty /home/lunarch/orfs-clean/flow/platforms/sky130hd/lib/sky130_fd_sc_hd__tt_025C_1v80.lib
[INFO ODB-0227] LEF file: /home/lunarch/orfs-clean/flow/platforms/sky130hd/lef/sky130_fd_sc_hd.tlef, created 13 layers, 25 vias
[INFO ODB-0227] LEF file: /home/lunarch/orfs-clean/flow/platforms/sky130hd/lef/sky130_fd_sc_hd_merged.lef, created 441 library cells
link_design riscv
read_sdc ./results/sky130hd/riscv32i/base/1_2_yosys.sdc
source /home/lunarch/orfs-clean/flow/platforms/sky130hd/setRC.tcl
eliminate_dead_logic
Removed 0 unused instances and 0 unused nets.
Design area 62420 um^2 100% utilization.
write_db ./results/sky130hd/riscv32i/base/1_synth.odb
write_sdc -no_timestamp ./results/sky130hd/riscv32i/base/1_synth.sdc
Warning: master sky130_ef_sc_hd__decap_12 has signal pins but no liberty cell
Elapsed time: 0:00.49[h:]min:sec. CPU time: user 0.42 sys 0.07 (98%). Peak memory: 138812KB.
Log                       Ext     Elapsed/s Peak Memory/MB sha1sum result [0:20)
1_synth                   .odb            0            135 d84e7197cbf32f1f055a
1_synth                   .sdc                             3c6062743410f94b69fd
/home/lunarch/orfs-clean/flow/scripts/flow.sh 2_1_floorplan floorplan
Running floorplan.tcl, stage 2_1_floorplan
read_liberty /home/lunarch/orfs-clean/flow/platforms/sky130hd/lib/sky130_fd_sc_hd__tt_025C_1v80.lib
read_db ./results/sky130hd/riscv32i/base/1_synth.odb
read_sdc ./results/sky130hd/riscv32i/base/1_synth.sdc
source /home/lunarch/orfs-clean/flow/platforms/sky130hd/setRC.tcl
Master sky130_ef_sc_hd__decap_12 is loaded but not used in the design

==========================================================================
Floorplan check_setup
--------------------------------------------------------------------------
Warning: There are 65 input ports missing set_input_delay.
Warning: There are 995 unconstrained endpoints.
number instances in verilog is 4797
[INFO IFP-0001] Added 137 rows of 813 site unithd.
[INFO IFP-0100] Die BBox:  (  0.000  0.000 ) ( 376.625 376.625 ) um
[INFO IFP-0101] Core BBox: (  1.380  2.720 ) ( 375.360 375.360 ) um
[INFO IFP-0102] Core area:                       139359.907 um^2
[INFO IFP-0103] Total instances area:             62419.866 um^2
[INFO IFP-0104] Effective utilization:                0.448
[INFO IFP-0105] Number of instances:                   4797
source /home/lunarch/orfs-clean/flow/platforms/sky130hd/make_tracks.tcl
source /home/lunarch/orfs-clean/flow/platforms/sky130hd/fastroute.tcl
set_dont_use "sky130_fd_sc_hd__probe_p_8 sky130_fd_sc_hd__probec_p_8 sky130_fd_sc_hd__lpflow_bleeder_1 sky130_fd_sc_hd__lpflow_clkbufkapwr_1 sky130_fd_sc_hd__lpflow_clkbufkapwr_16 sky130_fd_sc_hd__lpflow_clkbufkapwr_2 sky130_fd_sc_hd__lpflow_clkbufkapwr_4 sky130_fd_sc_hd__lpflow_clkbufkapwr_8 sky130_fd_sc_hd__lpflow_clkinvkapwr_1 sky130_fd_sc_hd__lpflow_clkinvkapwr_16 sky130_fd_sc_hd__lpflow_clkinvkapwr_2 sky130_fd_sc_hd__lpflow_clkinvkapwr_4 sky130_fd_sc_hd__lpflow_clkinvkapwr_8 sky130_fd_sc_hd__lpflow_decapkapwr_12 sky130_fd_sc_hd__lpflow_decapkapwr_3 sky130_fd_sc_hd__lpflow_decapkapwr_4 sky130_fd_sc_hd__lpflow_decapkapwr_6 sky130_fd_sc_hd__lpflow_decapkapwr_8 sky130_fd_sc_hd__lpflow_inputiso0n_1 sky130_fd_sc_hd__lpflow_inputiso0p_1 sky130_fd_sc_hd__lpflow_inputiso1n_1 sky130_fd_sc_hd__lpflow_inputiso1p_1 sky130_fd_sc_hd__lpflow_inputisolatch_1 sky130_fd_sc_hd__lpflow_isobufsrc_1 sky130_fd_sc_hd__lpflow_isobufsrc_16 sky130_fd_sc_hd__lpflow_isobufsrc_2 sky130_fd_sc_hd__lpflow_isobufsrc_4 sky130_fd_sc_hd__lpflow_isobufsrc_8 sky130_fd_sc_hd__lpflow_isobufsrckapwr_16 sky130_fd_sc_hd__lpflow_lsbuf_lh_hl_isowell_tap_1 sky130_fd_sc_hd__lpflow_lsbuf_lh_hl_isowell_tap_2 sky130_fd_sc_hd__lpflow_lsbuf_lh_hl_isowell_tap_4 sky130_fd_sc_hd__lpflow_lsbuf_lh_isowell_4 sky130_fd_sc_hd__lpflow_lsbuf_lh_isowell_tap_1 sky130_fd_sc_hd__lpflow_lsbuf_lh_isowell_tap_2 sky130_fd_sc_hd__lpflow_lsbuf_lh_isowell_tap_4"
repair_tie_fanout -separation 0 sky130_fd_sc_hd__tt_025C_1v80/sky130_fd_sc_hd__conb_1/LO
[INFO RSZ-0042] Inserted 32 tie sky130_fd_sc_hd__conb_1 instances.
repair_tie_fanout -separation 0 sky130_fd_sc_hd__tt_025C_1v80/sky130_fd_sc_hd__conb_1/HI
remove_buffers
[INFO RSZ-0026] Removed 428 buffers.
Default units for flow
 time 1ns
 capacitance 1pF
 resistance 1kohm
 voltage 1v
 current 1mA
 power 1nW
 distance 1um
   Layer   | Unit Resistance | Unit Capacitance 
           |       (kohm/um) |          (pF/um)
------------------------------------------------
       li1 |        7.18e-02 |         1.50e-04
      met1 |        1.21e-03 |         1.72e-04
      met2 |        1.22e-03 |         1.36e-04
      met3 |        1.66e-04 |         2.15e-04
      met4 |        1.68e-04 |         1.48e-04
      met5 |        1.84e-05 |         1.54e-04
------------------------------------------------

   Layer   | Via Resistance 
           |         (kohm) 
----------------------------
      mcon |       9.25e-03 
       via |       4.50e-03 
      via2 |       3.37e-03 
      via3 |       3.77e-04 
      via4 |       5.80e-06 
----------------------------
Report metrics stage 2, floorplan final...

==========================================================================
floorplan final report_design_area
--------------------------------------------------------------------------
Design area 60038 um^2 43% utilization.
write_db ./results/sky130hd/riscv32i/base/2_1_floorplan.odb
write_sdc -no_timestamp ./results/sky130hd/riscv32i/base/2_1_floorplan.sdc
Elapsed time: 0:01.22[h:]min:sec. CPU time: user 1.24 sys 0.51 (142%). Peak memory: 146188KB.
Log                       Ext     Elapsed/s Peak Memory/MB sha1sum result [0:20)
2_1_floorplan             .odb            1            142 20a52bbafed2cf122566
2_1_floorplan             .sdc                             3c6062743410f94b69fd
/home/lunarch/orfs-clean/flow/scripts/flow.sh 2_2_floorplan_macro macro_place
Running macro_place.tcl, stage 2_2_floorplan_macro
read_liberty /home/lunarch/orfs-clean/flow/platforms/sky130hd/lib/sky130_fd_sc_hd__tt_025C_1v80.lib
read_db ./results/sky130hd/riscv32i/base/2_1_floorplan.odb
read_sdc ./results/sky130hd/riscv32i/base/2_1_floorplan.sdc
source /home/lunarch/orfs-clean/flow/platforms/sky130hd/setRC.tcl
No macros found: Skipping macro_placement
Design area 60038 um^2 43% utilization.
write_db ./results/sky130hd/riscv32i/base/2_2_floorplan_macro.odb
Elapsed time: 0:00.35[h:]min:sec. CPU time: user 0.31 sys 0.03 (97%). Peak memory: 129296KB.
Log                       Ext     Elapsed/s Peak Memory/MB sha1sum result [0:20)
2_2_floorplan_macro       .odb            0            126 20a52bbafed2cf122566
/home/lunarch/orfs-clean/flow/scripts/flow.sh 2_3_floorplan_tapcell tapcell
Running tapcell.tcl, stage 2_3_floorplan_tapcell
read_liberty /home/lunarch/orfs-clean/flow/platforms/sky130hd/lib/sky130_fd_sc_hd__tt_025C_1v80.lib
read_db ./results/sky130hd/riscv32i/base/2_2_floorplan_macro.odb
read_sdc ./results/sky130hd/riscv32i/base/2_1_floorplan.sdc
source /home/lunarch/orfs-clean/flow/platforms/sky130hd/setRC.tcl
[INFO TAP-0005] Inserted 1876 tapcells.
Design area 62385 um^2 45% utilization.
write_db ./results/sky130hd/riscv32i/base/2_3_floorplan_tapcell.odb
Elapsed time: 0:00.37[h:]min:sec. CPU time: user 0.29 sys 0.08 (99%). Peak memory: 130812KB.
Log                       Ext     Elapsed/s Peak Memory/MB sha1sum result [0:20)
2_3_floorplan_tapcell     .odb            0            127 e086ddb2c0ddf1901f0b
/home/lunarch/orfs-clean/flow/scripts/flow.sh 2_4_floorplan_pdn pdn
Running pdn.tcl, stage 2_4_floorplan_pdn
read_liberty /home/lunarch/orfs-clean/flow/platforms/sky130hd/lib/sky130_fd_sc_hd__tt_025C_1v80.lib
read_db ./results/sky130hd/riscv32i/base/2_3_floorplan_tapcell.odb
read_sdc ./results/sky130hd/riscv32i/base/2_1_floorplan.sdc
source /home/lunarch/orfs-clean/flow/platforms/sky130hd/setRC.tcl
[WARNING PDN-1051] No instances found for grid (CORE_macro_grid_1).
[WARNING PDN-1051] No instances found for grid (CORE_macro_grid_2).
[INFO PDN-0001] Inserting grid: grid
[INFO PDN-0500] Runtime: 0.05s
Design area 62385 um^2 45% utilization.
write_db ./results/sky130hd/riscv32i/base/2_4_floorplan_pdn.odb
Elapsed time: 0:00.46[h:]min:sec. CPU time: user 0.41 sys 0.04 (98%). Peak memory: 138332KB.
Log                       Ext     Elapsed/s Peak Memory/MB sha1sum result [0:20)
2_4_floorplan_pdn         .odb            0            135 ac0699568c9694c0c5fb
cp ./results/sky130hd/riscv32i/base/2_4_floorplan_pdn.odb ./results/sky130hd/riscv32i/base/2_floorplan.odb
cp ./results/sky130hd/riscv32i/base/2_1_floorplan.sdc ./results/sky130hd/riscv32i/base/2_floorplan.sdc
/home/lunarch/orfs-clean/flow/scripts/flow.sh 3_1_place_gp_skip_io global_place_skip_io
Running global_place_skip_io.tcl, stage 3_1_place_gp_skip_io
read_liberty /home/lunarch/orfs-clean/flow/platforms/sky130hd/lib/sky130_fd_sc_hd__tt_025C_1v80.lib
read_db ./results/sky130hd/riscv32i/base/2_floorplan.odb
read_sdc ./results/sky130hd/riscv32i/base/2_floorplan.sdc
source /home/lunarch/orfs-clean/flow/platforms/sky130hd/setRC.tcl
[INFO GPL-0190] Using 8 of 16 threads for placement: one per core, SMT siblings idle.
[INFO GPL-0022] Initialize gpl and calculate uniform density.
Placement density is 0.5859999990463257, computed from PLACE_DENSITY_LB_ADDON  0.2 and lower bound 0.4699999988079071
global_placement -skip_io -density 0.5859999990463257 -pad_left 0 -pad_right 0
[INFO GPL-0001] ---- Initialize GPL Main Data Structures
[INFO GPL-0002] DBU: 1000
[INFO GPL-0003] SiteSize: (  0.460  2.720 ) um
[INFO GPL-0004] CoreBBox: (  1.380  2.720 ) ( 375.360 375.360 ) um
[INFO GPL-0016] Core area:                  139359.907 um^2
[INFO GPL-0036] Movable instances area:      60037.581 um^2
[INFO GPL-0037] Total instances area:        62384.832 um^2
[INFO GPL-0035] Pin density area adjust:      4119.840 um^2
[INFO GPL-0032] ---- Initialize Region: Top-level
[INFO GPL-0006] Number of instances:              6276
[INFO GPL-0007] Movable instances:                4400
[INFO GPL-0008] Fixed instances:                  1876
[INFO GPL-0009] Dummy instances:                     0
[INFO GPL-0010] Number of nets:                   4572
[INFO GPL-0011] Number of pins:                  18580
[INFO GPL-0012] Die BBox:       (  0.000  0.000 ) ( 376.625 376.625 ) um
[INFO GPL-0013] Placement BBox: (  1.380  2.720 ) ( 375.360 375.360 ) um
[INFO GPL-0014] Region name: top-level.
[INFO GPL-0015] Region area:                139359.907 um^2
[INFO GPL-0017] Fixed instances area:         2347.251 um^2
[INFO GPL-0018] Movable instances area:      64157.421 um^2
[INFO GPL-0019] Utilization:                    46.826 %
[INFO GPL-0020] Standard cells area:         64157.421 um^2
[INFO GPL-0021] Large instances area:            0.000 um^2
[INFO GPL-0005] ---- Execute Conjugate Gradient Initial Placement.
[INFO GPL-0051] Source of initial instance position counters:
	Odb location = 0	Core center = 4400	Region center = 0
[INFO GPL-0033] ---- Initialize Nesterov Region: Top-level
[INFO GPL-0023] Placement target density:       0.5860
[INFO GPL-0024] Movable insts average area:     14.581 um^2
[INFO GPL-0025] Ideal bin area:                 24.883 um^2
[INFO GPL-0026] Ideal bin count:                  5600
[INFO GPL-0027] Total bin area:             139359.907 um^2
[INFO GPL-0028] Bin count (X, Y):          64 ,     64
[INFO GPL-0029] Bin size (W * H):       5.843 *  5.822 um
[INFO GPL-0030] Number of bins:                   4096
[INFO GPL-0084] ---- Execute Nesterov Global Placement.
[INFO GPL-0031] HPWL: Half-Perimeter Wirelength
Iteration | Overflow |     HPWL (um) |  HPWL(%) |   Penalty | Group
---------------------------------------------------------------
        0 |   0.9980 |  1.100352e+04 |   +0.00% |  3.87e-15 |      
       10 |   0.9968 |  5.847612e+03 |  -46.86% |  6.30e-15 |      
       20 |   0.9968 |  5.773145e+03 |   -1.27% |  1.03e-14 |      
       30 |   0.9968 |  5.762678e+03 |   -0.18% |  1.67e-14 |      
       40 |   0.9968 |  5.766177e+03 |   +0.06% |  2.72e-14 |      
       50 |   0.9968 |  5.770268e+03 |   +0.07% |  4.44e-14 |      
       60 |   0.9968 |  5.779145e+03 |   +0.15% |  7.23e-14 |      
       70 |   0.9968 |  5.801445e+03 |   +0.39% |  1.18e-13 |      
       80 |   0.9968 |  5.863178e+03 |   +1.06% |  1.92e-13 |      
       90 |   0.9968 |  6.054275e+03 |   +3.26% |  3.12e-13 |      
      100 |   0.9966 |  6.626137e+03 |   +9.45% |  5.09e-13 |      
      110 |   0.9943 |  7.911674e+03 |  +19.40% |  8.29e-13 |      
      120 |   0.9922 |  9.871820e+03 |  +24.78% |  1.35e-12 |      
      130 |   0.9885 |  1.307513e+04 |  +32.45% |  2.20e-12 |      
      140 |   0.9798 |  1.791556e+04 |  +37.02% |  3.58e-12 |      
      150 |   0.9710 |  2.176947e+04 |  +21.51% |  5.83e-12 |      
      160 |   0.9629 |  2.599843e+04 |  +19.43% |  9.48e-12 |      
      170 |   0.9462 |  3.184610e+04 |  +22.49% |  1.54e-11 |      
      180 |   0.9253 |  3.822682e+04 |  +20.04% |  2.51e-11 |      
      190 |   0.9023 |  4.524962e+04 |  +18.37% |  4.09e-11 |      
      200 |   0.8708 |  5.267054e+04 |  +16.40% |  6.66e-11 |      
      210 |   0.8372 |  5.961443e+04 |  +13.18% |  1.08e-10 |      
      220 |   0.7988 |  6.693428e+04 |  +12.28% |  1.76e-10 |      
      230 |   0.7547 |  7.429211e+04 |  +10.99% |  2.87e-10 |      
      240 |   0.7087 |  8.160659e+04 |   +9.85% |  4.67e-10 |      
      250 |   0.6592 |  8.868512e+04 |   +8.67% |  7.60e-10 |      
      260 |   0.6043 |  9.525078e+04 |   +7.40% |  1.24e-09 |      
      270 |   0.5625 |  1.021214e+05 |   +7.21% |  2.01e-09 |      
      280 |   0.5122 |  1.061536e+05 |   +3.95% |  3.28e-09 |      
      290 |   0.4673 |  1.105673e+05 |   +4.16% |  5.34e-09 |      
      300 |   0.4210 |  1.137465e+05 |   +2.88% |  8.70e-09 |      
      310 |   0.3753 |  1.158978e+05 |   +1.89% |  1.42e-08 |      
      320 |   0.3368 |  1.167968e+05 |   +0.78% |  2.24e-08 |      
      330 |   0.3053 |  1.175563e+05 |   +0.65% |  3.30e-08 |      
      340 |   0.2740 |  1.182289e+05 |   +0.57% |  4.86e-08 |      
      350 |   0.2446 |  1.188780e+05 |   +0.55% |  7.15e-08 |      
      360 |   0.2192 |  1.195085e+05 |   +0.53% |  1.05e-07 |      
      370 |   0.1915 |  1.201940e+05 |   +0.57% |  1.55e-07 |      
      380 |   0.1654 |  1.206917e+05 |   +0.41% |  2.29e-07 |      
      390 |   0.1432 |  1.212144e+05 |   +0.43% |  3.37e-07 |      
      400 |   0.1206 |  1.217608e+05 |   +0.45% |  4.96e-07 |      
      410 |   0.1028 |  1.223491e+05 |   +0.48% |  7.31e-07 |      
      412 |   0.0992 |  1.224593e+05 |          |  8.21e-07 |      
---------------------------------------------------------------
[INFO GPL-1001] Global placement finished at iteration 412
[INFO GPL-1002] Placed Cell Area            64157.4211
[INFO GPL-1003] Available Free Area         137012.6560
[INFO GPL-1004] Minimum Feasible Density        0.4700 (cell_area / free_area)
[INFO GPL-1006]   Suggested Target Densities:
[INFO GPL-1007]     - For 90% usage of free space: 0.5203
[INFO GPL-1008]     - For 80% usage of free space: 0.5853
[INFO GPL-1009]     - For 50% usage of free space: 0.9365
[INFO GPL-1014] Final placement area: 64157.42 (+0.00%)
[INFO GPL-1018] Final HPWL (um): 122299.08
Design area 62385 um^2 45% utilization.
write_db ./results/sky130hd/riscv32i/base/3_1_place_gp_skip_io.odb
Elapsed time: 0:00.78[h:]min:sec. CPU time: user 3.49 sys 0.09 (456%). Peak memory: 142592KB.
Log                       Ext     Elapsed/s Peak Memory/MB sha1sum result [0:20)
3_1_place_gp_skip_io      .odb            0            139 86283d4f28d2e6e7586c
/home/lunarch/orfs-clean/flow/scripts/flow.sh 3_2_place_iop io_placement
Running io_placement.tcl, stage 3_2_place_iop
read_liberty /home/lunarch/orfs-clean/flow/platforms/sky130hd/lib/sky130_fd_sc_hd__tt_025C_1v80.lib
read_db ./results/sky130hd/riscv32i/base/3_1_place_gp_skip_io.odb
read_sdc ./results/sky130hd/riscv32i/base/2_floorplan.sdc
source /home/lunarch/orfs-clean/flow/platforms/sky130hd/setRC.tcl
place_pins -hor_layers met3 -ver_layers met2
Found 0 macro blocks.
Using 2 tracks default min distance between IO pins.
[INFO PPL-0001] Number of available slots 1362
[INFO PPL-0002] Number of I/O             165
[INFO PPL-0003] Number of I/O w/sink      165
[INFO PPL-0004] Number of I/O w/o sink    0
[INFO PPL-0005] Slots per section         200
[INFO PPL-0008] Successfully assigned pins to sections.
[INFO PPL-0012] I/O nets HPWL: 30977.83 um.
Design area 62385 um^2 45% utilization.
write_db ./results/sky130hd/riscv32i/base/3_2_place_iop.odb
Elapsed time: 0:00.36[h:]min:sec. CPU time: user 0.30 sys 0.05 (99%). Peak memory: 132364KB.
Log                       Ext     Elapsed/s Peak Memory/MB sha1sum result [0:20)
3_2_place_iop             .odb            0            129 77e088499749c5c8b144
/home/lunarch/orfs-clean/flow/scripts/flow.sh 3_3_place_gp global_place
Running global_place.tcl, stage 3_3_place_gp
read_liberty /home/lunarch/orfs-clean/flow/platforms/sky130hd/lib/sky130_fd_sc_hd__tt_025C_1v80.lib
read_db ./results/sky130hd/riscv32i/base/3_2_place_iop.odb
read_sdc ./results/sky130hd/riscv32i/base/2_floorplan.sdc
source /home/lunarch/orfs-clean/flow/platforms/sky130hd/setRC.tcl
[INFO RSZ-0026] Removed 0 buffers.
Perform port buffering...
[INFO RSZ-0027] Inserted 65 sky130_fd_sc_hd__clkdlybuf4s50_1 input buffers.
[INFO RSZ-0028] Inserted 99 sky130_fd_sc_hd__clkdlybuf4s50_1 output buffers.
[INFO GPL-0190] Using 8 of 16 threads for placement: one per core, SMT siblings idle.
[INFO GPL-0022] Initialize gpl and calculate uniform density.
Placement density is 0.6020000076293945, computed from PLACE_DENSITY_LB_ADDON  0.2 and lower bound 0.49000000953674316
global_placement -density 0.6020000076293945 -pad_left 0 -pad_right 0 -routability_driven -timing_driven -force_center_initial_place -min_phi_coef 0.95 -max_phi_coef 1.05
[INFO GPL-0001] ---- Initialize GPL Main Data Structures
[INFO GPL-0002] DBU: 1000
[INFO GPL-0003] SiteSize: (  0.460  2.720 ) um
[INFO GPL-0004] CoreBBox: (  1.380  2.720 ) ( 375.360 375.360 ) um
[INFO GPL-0016] Core area:                  139359.907 um^2
[INFO GPL-0036] Movable instances area:      61679.155 um^2
[INFO GPL-0037] Total instances area:        64026.406 um^2
[INFO GPL-0035] Pin density area adjust:      4282.091 um^2
[INFO GPL-0032] ---- Initialize Region: Top-level
[INFO GPL-0006] Number of instances:              6440
[INFO GPL-0007] Movable instances:                4564
[INFO GPL-0008] Fixed instances:                  1876
[INFO GPL-0009] Dummy instances:                     0
[INFO GPL-0010] Number of nets:                   4736
[INFO GPL-0011] Number of pins:                  19073
[INFO GPL-0012] Die BBox:       (  0.000  0.000 ) ( 376.625 376.625 ) um
[INFO GPL-0013] Placement BBox: (  1.380  2.720 ) ( 375.360 375.360 ) um
[INFO GPL-0014] Region name: top-level.
[INFO GPL-0015] Region area:                139359.907 um^2
[INFO GPL-0017] Fixed instances area:         2347.251 um^2
[INFO GPL-0018] Movable instances area:      65961.247 um^2
[INFO GPL-0019] Utilization:                    48.142 %
[INFO GPL-0020] Standard cells area:         65961.247 um^2
[INFO GPL-0021] Large instances area:            0.000 um^2
[INFO GPL-0005] ---- Execute Conjugate Gradient Initial Placement.
[INFO GPL-0051] Source of initial instance position counters:
	Odb location = 0	Core center = 4564	Region center = 0
[InitialPlace]  Iter: 1 conjugate gradient residual: 0.00003949 HPWL: 183423696
[InitialPlace]  Iter: 2 conjugate gradient residual: 0.00000011 HPWL: 82154304
[InitialPlace]  Iter: 3 conjugate gradient residual: 0.00000010 HPWL: 81474470
[InitialPlace]  Iter: 4 conjugate gradient residual: 0.00000011 HPWL: 81142556
[InitialPlace]  Iter: 5 conjugate gradient residual: 0.00000012 HPWL: 81039230
[INFO GPL-0033] ---- Initialize Nesterov Region: Top-level
[INFO GPL-0023] Placement target density:       0.6020
[INFO GPL-0024] Movable insts average area:     14.453 um^2
[INFO GPL-0025] Ideal bin area:                 24.007 um^2
[INFO GPL-0026] Ideal bin count:                  5804
[INFO GPL-0027] Total bin area:             139359.907 um^2
[INFO GPL-0028] Bin count (X, Y):          64 ,     64
[INFO GPL-0029] Bin size (W * H):       5.843 *  5.822 um
[INFO GPL-0030] Number of bins:                   4096
[INFO GPL-0084] ---- Execute Nesterov Global Placement.
[INFO GPL-0031] HPWL: Half-Perimeter Wirelength
Iteration | Overflow |     HPWL (um) |  HPWL(%) |   Penalty | Group
---------------------------------------------------------------
        0 |   0.9746 |  4.111195e+04 |   +0.00% |  1.08e-15 |      
       10 |   0.9210 |  5.935671e+04 |  +44.38% |  1.76e-15 |      
       20 |   0.9129 |  6.176158e+04 |   +4.05% |  2.87e-15 |      
       30 |   0.9126 |  6.185234e+04 |   +0.15% |  4.67e-15 |      
       40 |   0.9136 |  6.153772e+04 |   -0.51% |  7.61e-15 |      
       50 |   0.9139 |  6.156275e+04 |   +0.04% |  1.24e-14 |      
       60 |   0.9134 |  6.172862e+04 |   +0.27% |  2.02e-14 |      
       70 |   0.9136 |  6.167549e+04 |   -0.09% |  3.29e-14 |      
       80 |   0.9138 |  6.160839e+04 |   -0.11% |  5.36e-14 |      
       90 |   0.9137 |  6.169311e+04 |   +0.14% |  8.73e-14 |      
      100 |   0.9134 |  6.181405e+04 |   +0.20% |  1.42e-13 |      
      110 |   0.9133 |  6.190245e+04 |   +0.14% |  2.32e-13 |      
      120 |   0.9131 |  6.202723e+04 |   +0.20% |  3.77e-13 |      
      130 |   0.9126 |  6.223514e+04 |   +0.34% |  6.14e-13 |      
      140 |   0.9115 |  6.258321e+04 |   +0.56% |  1.00e-12 |      
      150 |   0.9101 |  6.319672e+04 |   +0.98% |  1.63e-12 |      
      160 |   0.9079 |  6.418826e+04 |   +1.57% |  2.65e-12 |      
      170 |   0.9043 |  6.570655e+04 |   +2.37% |  4.32e-12 |      
      180 |   0.8993 |  6.783889e+04 |   +3.25% |  7.04e-12 |      
      190 |   0.8906 |  7.075861e+04 |   +4.30% |  1.15e-11 |      
      200 |   0.8783 |  7.439103e+04 |   +5.13% |  1.87e-11 |      
      210 |   0.8607 |  7.879106e+04 |   +5.91% |  3.04e-11 |      
      220 |   0.8381 |  8.375662e+04 |   +6.30% |  4.95e-11 |      
      230 |   0.8117 |  8.875166e+04 |   +5.96% |  8.06e-11 |      
      240 |   0.7813 |  9.364163e+04 |   +5.51% |  1.31e-10 |      
      250 |   0.7455 |  9.892622e+04 |   +5.64% |  2.14e-10 |      
      260 |   0.7037 |  1.039693e+05 |   +5.10% |  3.48e-10 |      
      270 |   0.6575 |  1.091283e+05 |   +4.96% |  5.66e-10 |      
[INFO GPL-0100] Timing-driven iteration 1/2, virtual: false.
[INFO GPL-0101]    Iter: 276, overflow: 0.635, keep resizer changes at: 1, HPWL: 111857631
Iteration |   Area    | Resized | Buffers | Nets repaired | Remaining
---------------------------------------------------------------------
        0 |     +0.0% |       0 |       0 |             0 |      4768
    final |     +4.1% |     124 |     136 |           104 |         0
---------------------------------------------------------------------
[INFO RSZ-0034] Found 104 slew violations.
[INFO RSZ-0035] Found 19 fanout violations.
[INFO RSZ-0036] Found 36 capacitance violations.
[INFO RSZ-0039] Resized 124 instances.
[INFO RSZ-0038] Inserted 136 buffers in 104 nets.
   Iter   |    Area   | Removed | Inserted |   Pins
          |           | Buffers | Buffers  | Remaining
-------------------------------------------------------
        0 |     +0.0% |       0 |        0 |      4638
      460 |     +1.3% |      23 |      118 |      4178
      920 |     +2.2% |      23 |      191 |      3718
     1380 |     +3.1% |      24 |      281 |      3258
     1840 |     +5.1% |      42 |      473 |      2798
     2300 |     +4.9% |      72 |      549 |      2338
     2760 |     +5.0% |      74 |      555 |      1878
     3220 |     +5.0% |      75 |      558 |      1418
     3680 |     +5.5% |      96 |      653 |       958
     4140 |     +7.0% |      96 |      782 |       498
     4600 |     +7.5% |     108 |      854 |        38
    final |     +7.6% |     136 |      885 |         0
-------------------------------------------------------
[INFO GPL-0106] Timing-driven: worst slack -2.15561e-09
[INFO GPL-0107] Timing-driven: repair_design delta area: 7464.059 um^2 (+11.32%)
[INFO GPL-0108] Timing-driven: repair_design, gpl delta gcells: 885 (+19.39%)
[INFO GPL-0109] Timing-driven: repair_design, gcells created: 1021, deleted: 136
[INFO GPL-0110] Timing-driven: new target density: 0.65647715
Iteration | Overflow |     HPWL (um) |  HPWL(%) |   Penalty | Group
---------------------------------------------------------------
      280 |   0.6033 |  1.332596e+05 |  +22.11% |  9.19e-10 |      
[INFO GPL-0038] Routability snapshot saved at iter = 282
      281 |   0.5955 |  1.352156e+05 |          |           |      
      290 |   0.5489 |  1.421489e+05 |   +6.67% |  1.50e-09 |      
      300 |   0.5127 |  1.454872e+05 |   +2.35% |  2.44e-09 |      
      310 |   0.4723 |  1.509606e+05 |   +3.76% |  3.97e-09 |      
      320 |   0.4392 |  1.540380e+05 |   +2.04% |  6.46e-09 |      
      330 |   0.3924 |  1.564986e+05 |   +1.60% |  1.05e-08 |      
      340 |   0.3503 |  1.578624e+05 |   +0.87% |  1.71e-08 |      
      350 |   0.3158 |  1.593798e+05 |   +0.96% |  2.57e-08 |      
[INFO GPL-0040] Routability iteration: 1
[WARNING GRT-0281] Net clk has a large fanout of 1057 terminals.
[INFO GPL-0041] Total routing overflow: 7.4602
[INFO GPL-0042] Number of overflowed tiles: 75 (2.57%)
[INFO GPL-0043] Average top 0.5% routing congestion: 1.2346
[INFO GPL-0044] Average top 1.0% routing congestion: 1.1817
[INFO GPL-0045] Average top 2.0% routing congestion: 1.1213
[INFO GPL-0046] Average top 5.0% routing congestion: 1.0287
[INFO GPL-0047] Routability iteration weighted routing congestion: 1.2081
[INFO GPL-0048] Routing congestion (1.2081) lower than previous minimum (1e+30). Updating minimum.
[INFO GPL-0086] Inflated area:                1858.322 um^2 (+2.53%)
[INFO GPL-0052] Placement target density:       0.6565
[INFO GPL-0076] Removing fillers, count: Before: 1100, After: 977 (-11.18%)
[INFO GPL-0077] Filler area (um^2)     : Before: 16520.372, After: 14659.768 (-11.26%)
[INFO GPL-0078] Removed fillers count: 123, area removed: 1845.600 um^2. Remaining area to be compensated by modifying density: 12.722 um^2
[INFO GPL-0058] White space area:           137012.656 um^2 (+0.00%)
[INFO GPL-0059] Movable instances area:      89945.678 um^2 (+0.00%)
[INFO GPL-0060] Total filler area:           14659.768 um^2 (-11.26%)
[INFO GPL-0061] Total non-inflated area:     89943.395 um^2 (-0.00%)
[INFO GPL-0062] Total inflated area:         91801.717 um^2 (-0.00%)
[INFO GPL-0063] New Target Density:             0.6565
[INFO GPL-0087] Routability end iteration: increase inflation and revert back to snapshot.
Iteration | Overflow |     HPWL (um) |  HPWL(%) |   Penalty | Group
---------------------------------------------------------------
      360 |   0.5856 |  1.401334e+05 |  -12.08% |  1.09e-09 |      
      370 |   0.5431 |  1.449187e+05 |   +3.41% |  1.61e-09 |      
      380 |   0.5131 |  1.488853e+05 |   +2.74% |  2.37e-09 |      
      390 |   0.4845 |  1.523507e+05 |   +2.33% |  3.50e-09 |      
      400 |   0.4590 |  1.536497e+05 |   +0.85% |  5.15e-09 |      
      410 |   0.4210 |  1.560765e+05 |   +1.58% |  7.58e-09 |      
      420 |   0.3818 |  1.584577e+05 |   +1.53% |  1.12e-08 |      
      430 |   0.3543 |  1.603816e+05 |   +1.21% |  1.65e-08 |      
      440 |   0.3238 |  1.616837e+05 |   +0.81% |  2.42e-08 |      
[INFO GPL-0040] Routability iteration: 2
[INFO GPL-0041] Total routing overflow: 5.2077
[INFO GPL-0042] Number of overflowed tiles: 71 (2.43%)
[INFO GPL-0043] Average top 0.5% routing congestion: 1.1744
[INFO GPL-0044] Average top 1.0% routing congestion: 1.1292
[INFO GPL-0045] Average top 2.0% routing congestion: 1.0864
[INFO GPL-0046] Average top 5.0% routing congestion: 1.0112
[INFO GPL-0047] Routability iteration weighted routing congestion: 1.1518
[INFO GPL-0048] Routing congestion (1.1518) lower than previous minimum (1.208). Updating minimum.
[INFO GPL-0086] Inflated area:                1331.135 um^2 (+1.77%)
[INFO GPL-0052] Placement target density:       0.6565
[INFO GPL-0076] Removing fillers, count: Before: 977, After: 889 (-9.01%)
[INFO GPL-0077] Filler area (um^2)     : Before: 14659.768, After: 13339.338 (-9.01%)
[INFO GPL-0078] Removed fillers count: 88, area removed: 1320.429 um^2. Remaining area to be compensated by modifying density: 10.706 um^2
[INFO GPL-0058] White space area:           137012.656 um^2 (+0.00%)
[INFO GPL-0059] Movable instances area:      89945.678 um^2 (+0.00%)
[INFO GPL-0060] Total filler area:           13339.338 um^2 (-9.01%)
[INFO GPL-0061] Total non-inflated area:     89954.101 um^2 (+0.01%)
[INFO GPL-0062] Total inflated area:         91285.236 um^2 (+0.01%)
[INFO GPL-0063] New Target Density:             0.6565
[INFO GPL-0087] Routability end iteration: increase inflation and revert back to snapshot.
Iteration | Overflow |     HPWL (um) |  HPWL(%) |   Penalty | Group
---------------------------------------------------------------
      450 |   0.5913 |  1.404215e+05 |  -13.15% |  1.09e-09 |      
      460 |   0.5404 |  1.471815e+05 |   +4.81% |  1.61e-09 |      
      470 |   0.5123 |  1.511820e+05 |   +2.72% |  2.37e-09 |      
      480 |   0.4857 |  1.547373e+05 |   +2.35% |  3.49e-09 |      
      490 |   0.4590 |  1.557051e+05 |   +0.63% |  5.15e-09 |      
      500 |   0.4199 |  1.578903e+05 |   +1.40% |  7.58e-09 |      
      510 |   0.3779 |  1.608366e+05 |   +1.87% |  1.12e-08 |      
      520 |   0.3522 |  1.627400e+05 |   +1.18% |  1.64e-08 |      
      530 |   0.3230 |  1.642571e+05 |   +0.93% |  2.42e-08 |      
[INFO GPL-0040] Routability iteration: 3
[INFO GPL-0041] Total routing overflow: 3.6293
[INFO GPL-0042] Number of overflowed tiles: 53 (1.82%)
[INFO GPL-0043] Average top 0.5% routing congestion: 1.1412
[INFO GPL-0044] Average top 1.0% routing congestion: 1.1068
[INFO GPL-0045] Average top 2.0% routing congestion: 1.0610
[INFO GPL-0046] Average top 5.0% routing congestion: 0.9924
[INFO GPL-0047] Routability iteration weighted routing congestion: 1.1240
[INFO GPL-0048] Routing congestion (1.1240) lower than previous minimum (1.152). Updating minimum.
[INFO GPL-0086] Inflated area:                 910.722 um^2 (+1.19%)
[INFO GPL-0052] Placement target density:       0.6565
[INFO GPL-0076] Removing fillers, count: Before: 889, After: 829 (-6.75%)
[INFO GPL-0077] Filler area (um^2)     : Before: 13339.338, After: 12439.046 (-6.75%)
[INFO GPL-0078] Removed fillers count: 60, area removed: 900.293 um^2. Remaining area to be compensated by modifying density: 10.429 um^2
[INFO GPL-0058] White space area:           137012.656 um^2 (+0.00%)
[INFO GPL-0059] Movable instances area:      89945.678 um^2 (+0.00%)
[INFO GPL-0060] Total filler area:           12439.046 um^2 (-6.75%)
[INFO GPL-0061] Total non-inflated area:     89964.530 um^2 (+0.01%)
[INFO GPL-0062] Total inflated area:         90875.252 um^2 (+0.01%)
[INFO GPL-0063] New Target Density:             0.6565
[INFO GPL-0087] Routability end iteration: increase inflation and revert back to snapshot.
Iteration | Overflow |     HPWL (um) |  HPWL(%) |   Penalty | Group
---------------------------------------------------------------
      540 |   0.5949 |  1.406445e+05 |  -14.38% |  1.09e-09 |      
      550 |   0.5384 |  1.488328e+05 |   +5.82% |  1.61e-09 |      
      560 |   0.5146 |  1.528079e+05 |   +2.67% |  2.37e-09 |      
      570 |   0.4867 |  1.565016e+05 |   +2.42% |  3.49e-09 |      
      580 |   0.4595 |  1.570907e+05 |   +0.38% |  5.15e-09 |      
      590 |   0.4194 |  1.592894e+05 |   +1.40% |  7.58e-09 |      
      600 |   0.3797 |  1.622779e+05 |   +1.88% |  1.12e-08 |      
      610 |   0.3525 |  1.647083e+05 |   +1.50% |  1.64e-08 |      
      620 |   0.3227 |  1.658998e+05 |   +0.72% |  2.42e-08 |      
[INFO GPL-0040] Routability iteration: 4
[INFO GPL-0041] Total routing overflow: 2.2065
[INFO GPL-0042] Number of overflowed tiles: 40 (1.37%)
[INFO GPL-0043] Average top 0.5% routing congestion: 1.0930
[INFO GPL-0044] Average top 1.0% routing congestion: 1.0694
[INFO GPL-0045] Average top 2.0% routing congestion: 1.0304
[INFO GPL-0046] Average top 5.0% routing congestion: 0.9705
[INFO GPL-0047] Routability iteration weighted routing congestion: 1.0812
[INFO GPL-0048] Routing congestion (1.0812) lower than previous minimum (1.124). Updating minimum.
[INFO GPL-0086] Inflated area:                 656.124 um^2 (+0.85%)
[INFO GPL-0052] Placement target density:       0.6565
[INFO GPL-0076] Removing fillers, count: Before: 829, After: 786 (-5.19%)
[INFO GPL-0077] Filler area (um^2)     : Before: 12439.046, After: 11793.836 (-5.19%)
[INFO GPL-0078] Removed fillers count: 43, area removed: 645.210 um^2. Remaining area to be compensated by modifying density: 10.914 um^2
[INFO GPL-0058] White space area:           137012.656 um^2 (+0.00%)
[INFO GPL-0059] Movable instances area:      89945.678 um^2 (+0.00%)
[INFO GPL-0060] Total filler area:           11793.836 um^2 (-5.19%)
[INFO GPL-0061] Total non-inflated area:     89975.444 um^2 (+0.01%)
[INFO GPL-0062] Total inflated area:         90631.567 um^2 (+0.01%)
[INFO GPL-0063] New Target Density:             0.6565
[INFO GPL-0087] Routability end iteration: increase inflation and revert back to snapshot.
Iteration | Overflow |     HPWL (um) |  HPWL(%) |   Penalty | Group
---------------------------------------------------------------
      630 |   0.5885 |  1.427448e+05 |  -13.96% |  1.14e-09 |      
      640 |   0.5353 |  1.503491e+05 |   +5.33% |  1.67e-09 |      
      650 |   0.5122 |  1.545243e+05 |   +2.78% |  2.47e-09 |      
      660 |   0.4841 |  1.577049e+05 |   +2.06% |  3.63e-09 |      
      670 |   0.4573 |  1.581224e+05 |   +0.26% |  5.35e-09 |      
      680 |   0.4156 |  1.605748e+05 |   +1.55% |  7.88e-09 |      
      690 |   0.3778 |  1.634448e+05 |   +1.79% |  1.16e-08 |      
      700 |   0.3542 |  1.658572e+05 |   +1.48% |  1.71e-08 |      
      710 |   0.3193 |  1.670583e+05 |   +0.72% |  2.52e-08 |      
[INFO GPL-0040] Routability iteration: 5
[INFO GPL-0041] Total routing overflow: 1.4318
[INFO GPL-0042] Number of overflowed tiles: 38 (1.30%)
[INFO GPL-0043] Average top 0.5% routing congestion: 1.0671
[INFO GPL-0044] Average top 1.0% routing congestion: 1.0454
[INFO GPL-0045] Average top 2.0% routing congestion: 1.0176
[INFO GPL-0046] Average top 5.0% routing congestion: 0.9597
[INFO GPL-0047] Routability iteration weighted routing congestion: 1.0563
[INFO GPL-0048] Routing congestion (1.0563) lower than previous minimum (1.081). Updating minimum.
[INFO GPL-0086] Inflated area:                 510.679 um^2 (+0.65%)
[INFO GPL-0052] Placement target density:       0.6565
[INFO GPL-0076] Removing fillers, count: Before: 786, After: 752 (-4.33%)
[INFO GPL-0077] Filler area (um^2)     : Before: 11793.836, After: 11283.670 (-4.33%)
[INFO GPL-0078] Removed fillers count: 34, area removed: 510.166 um^2. Remaining area to be compensated by modifying density: 0.513 um^2
[INFO GPL-0058] White space area:           137012.656 um^2 (+0.00%)
[INFO GPL-0059] Movable instances area:      89945.678 um^2 (+0.00%)
[INFO GPL-0060] Total filler area:           11283.670 um^2 (-4.33%)
[INFO GPL-0061] Total non-inflated area:     89975.957 um^2 (+0.00%)
[INFO GPL-0062] Total inflated area:         90486.637 um^2 (+0.00%)
[INFO GPL-0063] New Target Density:             0.6565
[INFO GPL-0087] Routability end iteration: increase inflation and revert back to snapshot.
Iteration | Overflow |     HPWL (um) |  HPWL(%) |   Penalty | Group
---------------------------------------------------------------
      720 |   0.5899 |  1.430113e+05 |  -14.39% |  1.14e-09 |      
      730 |   0.5342 |  1.511995e+05 |   +5.73% |  1.67e-09 |      
      740 |   0.5129 |  1.554287e+05 |   +2.80% |  2.47e-09 |      
      750 |   0.4841 |  1.586059e+05 |   +2.04% |  3.63e-09 |      
      760 |   0.4556 |  1.589238e+05 |   +0.20% |  5.35e-09 |      
      770 |   0.4146 |  1.613797e+05 |   +1.55% |  7.88e-09 |      
      780 |   0.3775 |  1.643107e+05 |   +1.82% |  1.16e-08 |      
      790 |   0.3513 |  1.667747e+05 |   +1.50% |  1.71e-08 |      
      800 |   0.3189 |  1.678115e+05 |   +0.62% |  2.52e-08 |      
[INFO GPL-0040] Routability iteration: 6
[INFO GPL-0041] Total routing overflow: 1.4733
[INFO GPL-0042] Number of overflowed tiles: 27 (0.93%)
[INFO GPL-0043] Average top 0.5% routing congestion: 1.0860
[INFO GPL-0044] Average top 1.0% routing congestion: 1.0486
[INFO GPL-0045] Average top 2.0% routing congestion: 1.0112
[INFO GPL-0046] Average top 5.0% routing congestion: 0.9574
[INFO GPL-0047] Routability iteration weighted routing congestion: 1.0673
[INFO GPL-0049] Routing congestion (1.0673) higher than minimum (1.0563). Consecutive non-improvement count: 1.
[INFO GPL-0086] Inflated area:                 463.855 um^2 (+0.59%)
[INFO GPL-0052] Placement target density:       0.6565
[INFO GPL-0076] Removing fillers, count: Before: 752, After: 722 (-3.99%)
[INFO GPL-0077] Filler area (um^2)     : Before: 11283.670, After: 10833.523 (-3.99%)
[INFO GPL-0078] Removed fillers count: 30, area removed: 450.146 um^2. Remaining area to be compensated by modifying density: 13.708 um^2
[INFO GPL-0058] White space area:           137012.656 um^2 (+0.00%)
[INFO GPL-0059] Movable instances area:      89945.678 um^2 (+0.00%)
[INFO GPL-0060] Total filler area:           10833.523 um^2 (-3.99%)
[INFO GPL-0061] Total non-inflated area:     89989.666 um^2 (+0.02%)
[INFO GPL-0062] Total inflated area:         90453.521 um^2 (+0.02%)
[INFO GPL-0063] New Target Density:             0.6565
[INFO GPL-0087] Routability end iteration: increase inflation and revert back to snapshot.
Iteration | Overflow |     HPWL (um) |  HPWL(%) |   Penalty | Group
---------------------------------------------------------------
      810 |   0.5912 |  1.432626e+05 |  -14.63% |  1.14e-09 |      
      820 |   0.5331 |  1.520510e+05 |   +6.13% |  1.67e-09 |      
      830 |   0.5134 |  1.561641e+05 |   +2.71% |  2.47e-09 |      
      840 |   0.4856 |  1.594564e+05 |   +2.11% |  3.63e-09 |      
      850 |   0.4542 |  1.596940e+05 |   +0.15% |  5.35e-09 |      
      860 |   0.4144 |  1.621415e+05 |   +1.53% |  7.88e-09 |      
      870 |   0.3777 |  1.651407e+05 |   +1.85% |  1.16e-08 |      
      880 |   0.3534 |  1.676056e+05 |   +1.49% |  1.71e-08 |      
      890 |   0.3212 |  1.685293e+05 |   +0.55% |  2.52e-08 |      
[INFO GPL-0040] Routability iteration: 7
[INFO GPL-0041] Total routing overflow: 0.6723
[INFO GPL-0042] Number of overflowed tiles: 19 (0.65%)
[INFO GPL-0043] Average top 0.5% routing congestion: 1.0447
[INFO GPL-0044] Average top 1.0% routing congestion: 1.0179
[INFO GPL-0045] Average top 2.0% routing congestion: 0.9887
[INFO GPL-0046] Average top 5.0% routing congestion: 0.9459
[INFO GPL-0047] Routability iteration weighted routing congestion: 1.0313
[INFO GPL-0048] Routing congestion (1.0313) lower than previous minimum (1.056). Updating minimum.
[INFO GPL-0086] Inflated area:                 288.020 um^2 (+0.36%)
[INFO GPL-0052] Placement target density:       0.6565
[INFO GPL-0076] Removing fillers, count: Before: 722, After: 703 (-2.63%)
[INFO GPL-0077] Filler area (um^2)     : Before: 10833.523, After: 10548.431 (-2.63%)
[INFO GPL-0078] Removed fillers count: 19, area removed: 285.093 um^2. Remaining area to be compensated by modifying density: 2.927 um^2
[INFO GPL-0058] White space area:           137012.656 um^2 (+0.00%)
[INFO GPL-0059] Movable instances area:      89945.678 um^2 (+0.00%)
[INFO GPL-0060] Total filler area:           10548.431 um^2 (-2.63%)
[INFO GPL-0061] Total non-inflated area:     89992.593 um^2 (+0.00%)
[INFO GPL-0062] Total inflated area:         90280.612 um^2 (+0.00%)
[INFO GPL-0063] New Target Density:             0.6565
[INFO GPL-0087] Routability end iteration: increase inflation and revert back to snapshot.
Iteration | Overflow |     HPWL (um) |  HPWL(%) |   Penalty | Group
---------------------------------------------------------------
      900 |   0.5919 |  1.434345e+05 |  -14.89% |  1.14e-09 |      
      910 |   0.5328 |  1.525838e+05 |   +6.38% |  1.67e-09 |      
      920 |   0.5131 |  1.566739e+05 |   +2.68% |  2.47e-09 |      
      930 |   0.4858 |  1.600197e+05 |   +2.14% |  3.63e-09 |      
      940 |   0.4544 |  1.601386e+05 |   +0.07% |  5.35e-09 |      
      950 |   0.4140 |  1.626896e+05 |   +1.59% |  7.88e-09 |      
      960 |   0.3758 |  1.656791e+05 |   +1.84% |  1.16e-08 |      
      970 |   0.3544 |  1.680601e+05 |   +1.44% |  1.71e-08 |      
      980 |   0.3205 |  1.689445e+05 |   +0.53% |  2.52e-08 |      
[INFO GPL-0040] Routability iteration: 8
[INFO GPL-0041] Total routing overflow: 1.1974
[INFO GPL-0042] Number of overflowed tiles: 23 (0.79%)
[INFO GPL-0043] Average top 0.5% routing congestion: 1.0754
[INFO GPL-0044] Average top 1.0% routing congestion: 1.0385
[INFO GPL-0045] Average top 2.0% routing congestion: 1.0023
[INFO GPL-0046] Average top 5.0% routing congestion: 0.9510
[INFO GPL-0047] Routability iteration weighted routing congestion: 1.0570
[INFO GPL-0049] Routing congestion (1.0570) higher than minimum (1.0313). Consecutive non-improvement count: 1.
[INFO GPL-0086] Inflated area:                 388.729 um^2 (+0.49%)
[INFO GPL-0052] Placement target density:       0.6565
[INFO GPL-0076] Removing fillers, count: Before: 703, After: 678 (-3.56%)
[INFO GPL-0077] Filler area (um^2)     : Before: 10548.431, After: 10173.309 (-3.56%)
[INFO GPL-0078] Removed fillers count: 25, area removed: 375.122 um^2. Remaining area to be compensated by modifying density: 13.607 um^2
[INFO GPL-0058] White space area:           137012.656 um^2 (+0.00%)
[INFO GPL-0059] Movable instances area:      89945.678 um^2 (+0.00%)
[INFO GPL-0060] Total filler area:           10173.309 um^2 (-3.56%)
[INFO GPL-0061] Total non-inflated area:     90006.199 um^2 (+0.02%)
[INFO GPL-0062] Total inflated area:         90394.928 um^2 (+0.02%)
[INFO GPL-0063] New Target Density:             0.6565
[INFO GPL-0087] Routability end iteration: increase inflation and revert back to snapshot.
Iteration | Overflow |     HPWL (um) |  HPWL(%) |   Penalty | Group
---------------------------------------------------------------
      990 |   0.5929 |  1.436466e+05 |  -14.97% |  1.14e-09 |      
     1000 |   0.5320 |  1.532638e+05 |   +6.70% |  1.67e-09 |      
     1010 |   0.5125 |  1.572617e+05 |   +2.61% |  2.47e-09 |      
     1020 |   0.4858 |  1.607113e+05 |   +2.19% |  3.63e-09 |      
     1030 |   0.4550 |  1.606790e+05 |   -0.02% |  5.35e-09 |      
     1040 |   0.4127 |  1.632097e+05 |   +1.57% |  7.88e-09 |      
     1050 |   0.3750 |  1.664235e+05 |   +1.97% |  1.16e-08 |      
     1060 |   0.3513 |  1.688515e+05 |   +1.46% |  1.71e-08 |      
     1070 |   0.3220 |  1.694967e+05 |   +0.38% |  2.52e-08 |      
[INFO GPL-0040] Routability iteration: 9
[INFO GPL-0041] Total routing overflow: 0.6359
[INFO GPL-0042] Number of overflowed tiles: 17 (0.58%)
[INFO GPL-0043] Average top 0.5% routing congestion: 1.0419
[INFO GPL-0044] Average top 1.0% routing congestion: 1.0164
[INFO GPL-0045] Average top 2.0% routing congestion: 0.9896
[INFO GPL-0046] Average top 5.0% routing congestion: 0.9455
[INFO GPL-0047] Routability iteration weighted routing congestion: 1.0292
[INFO GPL-0048] Routing congestion (1.0292) lower than previous minimum (1.031). Updating minimum.
[INFO GPL-0086] Inflated area:                 310.557 um^2 (+0.39%)
[INFO GPL-0052] Placement target density:       0.6565
[INFO GPL-0076] Removing fillers, count: Before: 678, After: 658 (-2.95%)
[INFO GPL-0077] Filler area (um^2)     : Before: 10173.309, After: 9873.211 (-2.95%)
[INFO GPL-0078] Removed fillers count: 20, area removed: 300.098 um^2. Remaining area to be compensated by modifying density: 10.459 um^2
[INFO GPL-0058] White space area:           137012.656 um^2 (+0.00%)
[INFO GPL-0059] Movable instances area:      89945.678 um^2 (+0.00%)
[INFO GPL-0060] Total filler area:            9873.211 um^2 (-2.95%)
[INFO GPL-0061] Total non-inflated area:     90016.658 um^2 (+0.01%)
[INFO GPL-0062] Total inflated area:         90327.215 um^2 (+0.01%)
[INFO GPL-0063] New Target Density:             0.6565
[INFO GPL-0087] Routability end iteration: increase inflation and revert back to snapshot.
Iteration | Overflow |     HPWL (um) |  HPWL(%) |   Penalty | Group
---------------------------------------------------------------
     1080 |   0.5936 |  1.438381e+05 |  -15.14% |  1.14e-09 |      
     1090 |   0.5320 |  1.538370e+05 |   +6.95% |  1.67e-09 |      
     1100 |   0.5121 |  1.578464e+05 |   +2.61% |  2.47e-09 |      
     1110 |   0.4862 |  1.612451e+05 |   +2.15% |  3.63e-09 |      
     1120 |   0.4556 |  1.611969e+05 |   -0.03% |  5.35e-09 |      
     1130 |   0.4129 |  1.637291e+05 |   +1.57% |  7.88e-09 |      
     1140 |   0.3759 |  1.670162e+05 |   +2.01% |  1.16e-08 |      
     1150 |   0.3547 |  1.693476e+05 |   +1.40% |  1.71e-08 |      
     1160 |   0.3209 |  1.700849e+05 |   +0.44% |  2.52e-08 |      
[INFO GPL-0040] Routability iteration: 10
[INFO GPL-0041] Total routing overflow: 1.9466
[INFO GPL-0042] Number of overflowed tiles: 30 (1.03%)
[INFO GPL-0043] Average top 0.5% routing congestion: 1.0983
[INFO GPL-0044] Average top 1.0% routing congestion: 1.0649
[INFO GPL-0045] Average top 2.0% routing congestion: 1.0178
[INFO GPL-0046] Average top 5.0% routing congestion: 0.9569
[INFO GPL-0047] Routability iteration weighted routing congestion: 1.0816
[INFO GPL-0049] Routing congestion (1.0816) higher than minimum (1.0292). Consecutive non-improvement count: 1.
[INFO GPL-0086] Inflated area:                 521.064 um^2 (+0.65%)
[INFO GPL-0052] Placement target density:       0.6565
[INFO GPL-0076] Removing fillers, count: Before: 658, After: 624 (-5.17%)
[INFO GPL-0077] Filler area (um^2)     : Before: 9873.211, After: 9363.045 (-5.17%)
[INFO GPL-0078] Removed fillers count: 34, area removed: 510.166 um^2. Remaining area to be compensated by modifying density: 10.898 um^2
[INFO GPL-0058] White space area:           137012.656 um^2 (+0.00%)
[INFO GPL-0059] Movable instances area:      89945.678 um^2 (+0.00%)
[INFO GPL-0060] Total filler area:            9363.045 um^2 (-5.17%)
[INFO GPL-0061] Total non-inflated area:     90027.557 um^2 (+0.01%)
[INFO GPL-0062] Total inflated area:         90548.621 um^2 (+0.01%)
[INFO GPL-0063] New Target Density:             0.6565
[INFO GPL-0087] Routability end iteration: increase inflation and revert back to snapshot.
Iteration | Overflow |     HPWL (um) |  HPWL(%) |   Penalty | Group
---------------------------------------------------------------
     1170 |   0.5948 |  1.441556e+05 |  -15.24% |  1.14e-09 |      
     1180 |   0.5314 |  1.546968e+05 |   +7.31% |  1.67e-09 |      
     1190 |   0.5116 |  1.587308e+05 |   +2.61% |  2.47e-09 |      
     1200 |   0.4860 |  1.620861e+05 |   +2.11% |  3.63e-09 |      
     1210 |   0.4560 |  1.620032e+05 |   -0.05% |  5.35e-09 |      
     1220 |   0.4104 |  1.644535e+05 |   +1.51% |  7.88e-09 |      
     1230 |   0.3729 |  1.678977e+05 |   +2.09% |  1.16e-08 |      
     1240 |   0.3542 |  1.705386e+05 |   +1.57% |  1.71e-08 |      
     1250 |   0.3196 |  1.712601e+05 |   +0.42% |  2.52e-08 |      
[INFO GPL-0040] Routability iteration: 11
[INFO GPL-0041] Total routing overflow: 1.0026
[INFO GPL-0042] Number of overflowed tiles: 30 (1.03%)
[INFO GPL-0043] Average top 0.5% routing congestion: 1.0546
[INFO GPL-0044] Average top 1.0% routing congestion: 1.0334
[INFO GPL-0045] Average top 2.0% routing congestion: 1.0055
[INFO GPL-0046] Average top 5.0% routing congestion: 0.9564
[INFO GPL-0047] Routability iteration weighted routing congestion: 1.0440
[INFO GPL-0049] Routing congestion (1.0440) higher than minimum (1.0292). Consecutive non-improvement count: 2.
[INFO GPL-0086] Inflated area:                 365.119 um^2 (+0.45%)
[INFO GPL-0052] Placement target density:       0.6565
[INFO GPL-0076] Removing fillers, count: Before: 624, After: 600 (-3.85%)
[INFO GPL-0077] Filler area (um^2)     : Before: 9363.045, After: 9002.928 (-3.85%)
[INFO GPL-0078] Removed fillers count: 24, area removed: 360.117 um^2. Remaining area to be compensated by modifying density: 5.002 um^2
[INFO GPL-0058] White space area:           137012.656 um^2 (+0.00%)
[INFO GPL-0059] Movable instances area:      89945.678 um^2 (+0.00%)
[INFO GPL-0060] Total filler area:            9002.928 um^2 (-3.85%)
[INFO GPL-0061] Total non-inflated area:     90032.559 um^2 (+0.01%)
[INFO GPL-0062] Total inflated area:         90397.678 um^2 (+0.01%)
[INFO GPL-0063] New Target Density:             0.6565
[INFO GPL-0087] Routability end iteration: increase inflation and revert back to snapshot.
Iteration | Overflow |     HPWL (um) |  HPWL(%) |   Penalty | Group
---------------------------------------------------------------
     1260 |   0.5860 |  1.466928e+05 |  -14.35% |  1.18e-09 |      
     1270 |   0.5294 |  1.552612e+05 |   +5.84% |  1.74e-09 |      
     1280 |   0.5097 |  1.599763e+05 |   +3.04% |  2.56e-09 |      
     1290 |   0.4842 |  1.627751e+05 |   +1.75% |  3.77e-09 |      
     1300 |   0.4526 |  1.626387e+05 |   -0.08% |  5.56e-09 |      
     1310 |   0.4065 |  1.653058e+05 |   +1.64% |  8.19e-09 |      
     1320 |   0.3684 |  1.690135e+05 |   +2.24% |  1.21e-08 |      
     1330 |   0.3484 |  1.717383e+05 |   +1.61% |  1.78e-08 |      
     1340 |   0.3141 |  1.718110e+05 |   +0.04% |  2.62e-08 |      
[INFO GPL-0040] Routability iteration: 12
[INFO GPL-0041] Total routing overflow: 1.3857
[INFO GPL-0042] Number of overflowed tiles: 28 (0.96%)
[INFO GPL-0043] Average top 0.5% routing congestion: 1.0809
[INFO GPL-0044] Average top 1.0% routing congestion: 1.0460
[INFO GPL-0045] Average top 2.0% routing congestion: 1.0090
[INFO GPL-0046] Average top 5.0% routing congestion: 0.9550
[INFO GPL-0047] Routability iteration weighted routing congestion: 1.0635
[INFO GPL-0049] Routing congestion (1.0635) higher than minimum (1.0292). Consecutive non-improvement count: 3.
[INFO GPL-0086] Inflated area:                 436.919 um^2 (+0.54%)
[INFO GPL-0052] Placement target density:       0.6565
[INFO GPL-0076] Removing fillers, count: Before: 600, After: 571 (-4.83%)
[INFO GPL-0077] Filler area (um^2)     : Before: 9002.928, After: 8567.786 (-4.83%)
[INFO GPL-0078] Removed fillers count: 29, area removed: 435.142 um^2. Remaining area to be compensated by modifying density: 1.778 um^2
[INFO GPL-0054] No improvement in routing congestion for 3 consecutive iterations (limit is 3).
[INFO GPL-0055] Reverting inflation values and target density from the iteration with minimum observed routing congestion.
[INFO GPL-0056] Minimum observed routing congestion: 1.0292
[INFO GPL-0057] Target density at minimum routing congestion: 0.6565
[INFO GPL-0080] Restoring 107 previously removed fillers.
[INFO GPL-0081] Number of fillers before restoration 571 and after 678 . Relative change: +18.74%%
[INFO GPL-0082] Total filler area before restoration 8567.79 and after 10173.31 (um^2). Relative change: +18.74%%
[INFO GPL-0089] Routability finished. Reverting to minimal observed routing congestion, could not reach target.
Iteration | Overflow |     HPWL (um) |  HPWL(%) |   Penalty | Group
---------------------------------------------------------------
     1350 |   0.5668 |  1.471697e+05 |  -14.34% |  1.23e-09 |      
     1360 |   0.5238 |  1.527502e+05 |   +3.79% |  1.81e-09 |      
     1370 |   0.5035 |  1.579043e+05 |   +3.37% |  2.66e-09 |      
     1380 |   0.4771 |  1.603856e+05 |   +1.57% |  3.92e-09 |      
     1390 |   0.4443 |  1.606794e+05 |   +0.18% |  5.78e-09 |      
     1400 |   0.4010 |  1.634722e+05 |   +1.74% |  8.51e-09 |      
     1410 |   0.3647 |  1.665951e+05 |   +1.91% |  1.25e-08 |      
     1420 |   0.3440 |  1.689295e+05 |   +1.40% |  1.85e-08 |      
     1430 |   0.3112 |  1.693280e+05 |   +0.24% |  2.72e-08 |      
     1440 |   0.2748 |  1.703908e+05 |   +0.63% |  4.01e-08 |      
     1450 |   0.2596 |  1.709767e+05 |   +0.34% |  5.90e-08 |      
     1460 |   0.2203 |  1.715429e+05 |   +0.33% |  8.69e-08 |      
     1470 |   0.1991 |  1.720404e+05 |   +0.29% |  1.28e-07 |      
[INFO GPL-0100] Timing-driven iteration 2/2, virtual: false.
[INFO GPL-0101]    Iter: 1473, overflow: 0.195, keep resizer changes at: 1, HPWL: 172167797
Iteration |   Area    | Resized | Buffers | Nets repaired | Remaining
---------------------------------------------------------------------
        0 |     +0.0% |       0 |       0 |             0 |      5653
    final |     +0.3% |      13 |      10 |            15 |         0
---------------------------------------------------------------------
[INFO RSZ-0034] Found 14 slew violations.
[INFO RSZ-0036] Found 2 capacitance violations.
[INFO RSZ-0039] Resized 13 instances.
[INFO RSZ-0038] Inserted 10 buffers in 15 nets.
   Iter   |    Area   | Removed | Inserted |   Pins
          |           | Buffers | Buffers  | Remaining
-------------------------------------------------------
        0 |     +0.0% |       0 |        0 |      4638
      460 |     +0.1% |     118 |      122 |      4178
      920 |     +0.2% |     192 |      213 |      3718
     1380 |     +0.4% |     282 |      320 |      3258
     1840 |     +0.6% |     477 |      530 |      2798
     2300 |     +0.8% |     554 |      624 |      2338
     2760 |     +0.8% |     562 |      632 |      1878
     3220 |     +0.8% |     565 |      635 |      1418
     3680 |     +0.4% |     661 |      697 |       958
     4140 |     -0.1% |     790 |      774 |       498
     4600 |     -0.4% |     864 |      823 |        38
    final |     -0.5% |     895 |      852 |         0
-------------------------------------------------------
[INFO GPL-0106] Timing-driven: worst slack -2.5570106e-09
[INFO GPL-0107] Timing-driven: repair_design delta area: -1151.562 um^2 (-1.42%)
[INFO GPL-0108] Timing-driven: repair_design, gpl delta gcells: -33 (-0.61%)
[INFO GPL-0109] Timing-driven: repair_design, gcells created: 862, deleted: 895
[INFO GPL-0110] Timing-driven: new target density: 0.6572486
Iteration | Overflow |     HPWL (um) |  HPWL(%) |   Penalty | Group
---------------------------------------------------------------
     1480 |   0.1763 |  1.729633e+05 |   +0.54% |  1.89e-07 |      
     1490 |   0.1482 |  1.721985e+05 |   -0.44% |  2.78e-07 |      
     1500 |   0.1314 |  1.725080e+05 |   +0.18% |  4.09e-07 |      
     1510 |   0.1091 |  1.728429e+05 |   +0.19% |  6.03e-07 |      
     1516 |   0.0990 |  1.729453e+05 |          |  7.91e-07 |      
---------------------------------------------------------------
[INFO GPL-1001] Global placement finished at iteration 1516
[INFO GPL-1017] Routability mode iteration count: 1139
[INFO GPL-1005] Routability final weighted congestion: 1.0062
[INFO GPL-1002] Placed Cell Area            78681.3286
[INFO GPL-1003] Available Free Area         137012.6560
[INFO GPL-1004] Minimum Feasible Density        0.4900 (cell_area / free_area)
[INFO GPL-1006]   Suggested Target Densities:
[INFO GPL-1007]     - For 90% usage of free space: 0.6381
[INFO GPL-1008]     - For 80% usage of free space: 0.7178
[INFO GPL-1011] Original area (um^2): 65961.25
[INFO GPL-1012] Total routability artificial inflation: 6407.59 (+9.71%)
[INFO GPL-1013] Total timing-driven delta area: 6312.50 (+9.57%)
[INFO GPL-1014] Final placement area: 78681.33 (+19.28%)
[INFO GPL-1018] Final HPWL (um): 172855.85
Took 6 seconds: global_placement -density 0.6020000076293945 -pad_left 0 -pad_right 0 -routability_driven -timing_driven -force_center_initial_place -min_phi_coef 0.95 -max_phi_coef 1.05
estimate_parasitics -placement
Report metrics stage 3, global place...

==========================================================================
global place report_design_area
--------------------------------------------------------------------------
Design area 71585 um^2 51% utilization.
write_db ./results/sky130hd/riscv32i/base/3_3_place_gp.odb
Elapsed time: 0:07.82[h:]min:sec. CPU time: user 21.14 sys 2.28 (299%). Peak memory: 391436KB.
Log                       Ext     Elapsed/s Peak Memory/MB sha1sum result [0:20)
3_3_place_gp              .odb            7            382 17237255c243be615637
/home/lunarch/orfs-clean/flow/scripts/flow.sh 3_4_place_resized resize
Running resize.tcl, stage 3_4_place_resized
read_liberty /home/lunarch/orfs-clean/flow/platforms/sky130hd/lib/sky130_fd_sc_hd__tt_025C_1v80.lib
read_db ./results/sky130hd/riscv32i/base/3_3_place_gp.odb
read_sdc ./results/sky130hd/riscv32i/base/2_floorplan.sdc
source /home/lunarch/orfs-clean/flow/platforms/sky130hd/setRC.tcl
estimate_parasitics -placement
Perform buffer insertion and gate resizing...
repair_design -verbose -match_cell_footprint
Iteration |   Area    | Resized | Buffers | Nets repaired | Remaining
---------------------------------------------------------------------
        0 |     +0.0% |       0 |       0 |             0 |      5620
     1000 |     +0.0% |       0 |       0 |             0 |      4620
     2000 |     +0.0% |       0 |       0 |             0 |      3620
     3000 |     +0.0% |       0 |       0 |             0 |      2620
     4000 |     +0.0% |       0 |       0 |             0 |      1620
     5000 |     +0.0% |       0 |       0 |             0 |       620
    final |     +0.0% |       0 |       0 |             0 |         0
---------------------------------------------------------------------
[INFO RSZ-0504] Runtime: 0.35s
Floating nets: 
Report metrics stage 3, resizer...

==========================================================================
resizer report_design_area
--------------------------------------------------------------------------
Design area 71585 um^2 51% utilization.
Instance count before 7292, after 7292
Pin count before 20644, after 20644
write_db ./results/sky130hd/riscv32i/base/3_4_place_resized.odb
Elapsed time: 0:02.51[h:]min:sec. CPU time: user 3.01 sys 1.15 (165%). Peak memory: 168236KB.
Log                       Ext     Elapsed/s Peak Memory/MB sha1sum result [0:20)
3_4_place_resized         .odb            2            164 17237255c243be615637
/home/lunarch/orfs-clean/flow/scripts/flow.sh 3_5_place_dp detail_place
Running detail_place.tcl, stage 3_5_place_dp
read_liberty /home/lunarch/orfs-clean/flow/platforms/sky130hd/lib/sky130_fd_sc_hd__tt_025C_1v80.lib
read_db ./results/sky130hd/riscv32i/base/3_4_place_resized.odb
read_sdc ./results/sky130hd/riscv32i/base/2_floorplan.sdc
source /home/lunarch/orfs-clean/flow/platforms/sky130hd/setRC.tcl
detailed_placement
[INFO DPL-0006] Core area: 139359.91 um^2
[INFO DPL-0007] Movable instances area: 69237.65 um^2
[INFO DPL-0008] Fixed instances area within core: 2347.25 um^2
[INFO DPL-0009] Utilization: 51.4%
[INFO DPL-0005] Diamond search max displacement: +/- 500 sites horizontally, +/- 100 rows vertically.
[INFO DPL-1102] Legalizing using negotiation legalizer.
[INFO DPL-1103] Negotiation base search window: +/-20 sites horizontally, +/-5 rows vertically 
	Automatic search window extension enabled.
	Search window extendable up to the max displacement cap of +/-500 sites, +/-100 rows near walls.
[INFO DPL-1104] NegotiationLegalizer DRC penalty: 5.
[INFO DPL-0392] Negotiation cell height distribution (1 unique row-count(s)):
[INFO DPL-0393]   height 1 row(s): 7292 cells
          |      Total |  Illegal |  Illegal
Iteration | Violations |    Cells |    Sites
---------------------------------------------
        0 |       1614 |       362 |      1252
        1 |        129 |        13 |       116
        2 |          0 |         0 |         0
Negotiation phase 1 converged at iteration 2.
[INFO DPL-0500] Runtime: 0.08s
Placement Analysis
---------------------------------
total displacement      15617.0 u
average displacement        2.1 u
max displacement           16.0 u
original HPWL          172855.9 u
legalized HPWL         182578.7 u
delta HPWL                    6 %

improve_placement -max_displacement "5 1"
Detailed placement improvement.
[INFO DPL-0401] Setting random seed to 1.
[INFO DPL-0402] Setting maximum displacement 5 1 to 13600 2720 units.
[INFO DPL-0320] Collected 2041 fixed cells.
[INFO DPL-0318] Collected 5416 single height cells.
[INFO DPL-0321] Collected 0 wide cells.
[INFO DPL-0322] Image (1380, 2720) - (375360, 375360)
[INFO DPL-0310] Assigned 5416 cells into segments.  Movement in X-direction is 0.000000, movement in Y-direction is 0.000000.
[INFO DPL-0313] Found 0 cells in wrong regions.
[INFO DPL-0315] Found 0 row alignment problems.
[INFO DPL-0314] Found 0 site alignment problems.
[INFO DPL-0311] Found 0 overlaps between adjacent cells.
[INFO DPL-0312] Found 0 edge spacing violations and 0 padding violations.
[INFO DPL-0303] Running algorithm for independent set matching.
[INFO DPL-0300] Set matching objective is wirelength.
[INFO DPL-0301] Pass   1 of matching; objective is 1.826356e+08.
[INFO DPL-0302] End of matching; objective is 1.825537e+08, improvement is 0.04 percent.
[INFO DPL-0303] Running algorithm for global swaps.
[INFO DPL-0306] Pass   1 of global swaps; hpwl is 1.807719e+08.
[INFO DPL-0307] End of global swaps; objective is 1.807719e+08, improvement is 0.98 percent.
[INFO DPL-0303] Running algorithm for vertical swaps.
[INFO DPL-0308] Pass   1 of vertical swaps; hpwl is 1.801802e+08.
[INFO DPL-0309] End of vertical swaps; objective is 1.801802e+08, improvement is 0.33 percent.
[INFO DPL-0303] Running algorithm for reordering.
[INFO DPL-0304] Pass   1 of reordering; objective is 1.800975e+08.
[INFO DPL-0305] End of reordering; objective is 1.800975e+08, improvement is 0.05 percent.
[INFO DPL-0303] Running algorithm for random improvement.
[INFO DPL-0324] Random improver is using random generator.
[INFO DPL-0325] Random improver is using hpwl objective.
[INFO DPL-0326] Random improver cost string is (a).
[INFO DPL-0332] End of pass, Generator random called 108320 times.
[INFO DPL-0335] Generator random, Cumulative attempts 108320, swaps 15344, moves 28159 since last reset.
[INFO DPL-0333] End of pass, Objective hpwl, Initial cost 1.793620e+08, Scratch cost 1.775338e+08, Incremental cost 1.775338e+08, Mismatch? N
[INFO DPL-0338] End of pass, Total cost is 1.775338e+08.
[INFO DPL-0327] Pass   1 of random improver; improvement in cost is 1.02 percent.
[INFO DPL-0332] End of pass, Generator random called 108320 times.
[INFO DPL-0335] Generator random, Cumulative attempts 216640, swaps 29775, moves 56309 since last reset.
[INFO DPL-0333] End of pass, Objective hpwl, Initial cost 1.775338e+08, Scratch cost 1.769777e+08, Incremental cost 1.769777e+08, Mismatch? N
[INFO DPL-0338] End of pass, Total cost is 1.769777e+08.
[INFO DPL-0327] Pass   2 of random improver; improvement in cost is 0.31 percent.
[INFO DPL-0328] End of random improver; improvement is 1.329358 percent.
[INFO DPL-0380] Cell flipping.
[INFO DPL-0382] Changed 0 cell orientations for row compatibility.
[INFO DPL-0383] Performed 1357 cell flips.
[INFO DPL-0384] End of flipping; objective is 1.749657e+08, improvement is 1.55 percent.
[INFO DPL-0313] Found 0 cells in wrong regions.
[INFO DPL-0315] Found 0 row alignment problems.
[INFO DPL-0314] Found 0 site alignment problems.
[INFO DPL-0311] Found 0 overlaps between adjacent cells.
[INFO DPL-0312] Found 0 edge spacing violations and 0 padding violations.
Detailed Improvement Results
------------------------------------------
Original HPWL           182578.7 u (   89436.6,    93142.0)
Final HPWL              174959.0 u (   84124.8,    90834.2)
Delta HPWL                  -4.2 % (      -5.9,       -2.5)

optimize_mirroring
[INFO DPL-0020] Mirrored 222 instances
[INFO DPL-0021] HPWL before          174959.0 u
[INFO DPL-0022] HPWL after           174893.2 u
[INFO DPL-0023] HPWL delta               -0.0 %
[INFO FLW-0012] Placement violations .
estimate_parasitics -placement
Report metrics stage 3, detailed place...

==========================================================================
detailed place report_design_area
--------------------------------------------------------------------------
Design area 71585 um^2 51% utilization.
write_db ./results/sky130hd/riscv32i/base/3_5_place_dp.odb
write_sdc -no_timestamp ./results/sky130hd/riscv32i/base/3_place.sdc
Elapsed time: 0:03.37[h:]min:sec. CPU time: user 3.90 sys 1.12 (149%). Peak memory: 171368KB.
Log                       Ext     Elapsed/s Peak Memory/MB sha1sum result [0:20)
3_5_place_dp              .odb            3            167 50a9baa0a2e9d90105fb
cp ./results/sky130hd/riscv32i/base/3_5_place_dp.odb ./results/sky130hd/riscv32i/base/3_place.odb
/home/lunarch/orfs-clean/flow/scripts/flow.sh 4_1_cts cts
Running cts.tcl, stage 4_1_cts
read_liberty /home/lunarch/orfs-clean/flow/platforms/sky130hd/lib/sky130_fd_sc_hd__tt_025C_1v80.lib
read_db ./results/sky130hd/riscv32i/base/3_place.odb
read_sdc ./results/sky130hd/riscv32i/base/3_place.sdc
source /home/lunarch/orfs-clean/flow/platforms/sky130hd/setRC.tcl
clock_tree_synthesis -sink_clustering_enable -repair_clock_nets
[INFO CTS-0050] Root buffer is sky130_fd_sc_hd__clkbuf_16.
[INFO CTS-0051] Sink buffer is sky130_fd_sc_hd__clkbuf_16.
[INFO CTS-0052] The following clock buffers will be used for CTS:
                    sky130_fd_sc_hd__clkbuf_16
[INFO CTS-0049] Characterization buffer is sky130_fd_sc_hd__clkbuf_16.
[INFO CTS-0007] Net "clk" found for clock "clk".
[INFO CTS-0010]  Clock net "clk" has 1056 sinks.
[INFO CTS-0008] TritonCTS found 1 clock nets.
[INFO CTS-0097] Characterization used 1 buffer(s) types.
[INFO CTS-0201] 0 blockages from hard placement blockages and placed macros will be used.
[INFO CTS-0027] Generating H-Tree topology for net clk.
[INFO CTS-0028]  Total number of sinks: 1056.
[INFO CTS-0090]  Sinks will be clustered based on buffer max cap.
[INFO CTS-0030]  Number of static layers: 0.
[INFO CTS-0020]  Wire segment unit: 13600  dbu (13 um).
[INFO CTS-0206] Best clustering solution was found from max clustering size of 13 and max clustering diameter of 184.
[INFO CTS-0019]  Total number of sinks after clustering: 101.
[INFO CTS-0024]  Normalized sink region: [(1.2826, 0.982598), (26.5439, 26.6814)].
[INFO CTS-0025]     Width:  25.2613.
[INFO CTS-0026]     Height: 25.6988.
 Level 1
    Direction: Vertical
    Sinks per sub-region: 51
    Sub-region size: 25.2613 X 12.8494
[INFO CTS-0034]     Segment length (rounded): 6.
 Level 2
    Direction: Horizontal
    Sinks per sub-region: 26
    Sub-region size: 12.6306 X 12.8494
[INFO CTS-0034]     Segment length (rounded): 6.
 Level 3
    Direction: Vertical
    Sinks per sub-region: 13
    Sub-region size: 12.6306 X 6.4247
[INFO CTS-0034]     Segment length (rounded): 4.
[INFO CTS-0038]  Stop criterion found. Sink region hpwl is smaller than max wirelength (1911.535 um) and max number of sinks is 15.
[INFO CTS-0035]  Number of sinks covered: 101.
[INFO CTS-0018]     Created 110 clock buffers.
[INFO CTS-0012]     Minimum number of buffers in the clock path: 3.
[INFO CTS-0013]     Maximum number of buffers in the clock path: 3.
[INFO CTS-0015]     Created 110 clock nets.
[INFO CTS-0016]     Fanout distribution for the current clock = 4:1, 5:1, 6:1, 7:4, 8:5, 9:11, 10:18, 11:39, 12:16, 13:11, 15:1, 16:1..
[INFO CTS-0017]     Max level of the clock tree: 3.
[INFO CTS-0098] Clock net "clk"
[INFO CTS-0099]  Sinks 1154
[INFO CTS-0100]  Leaf buffers 101
[INFO CTS-0101]  Average sink wire length 600.59 um
[INFO CTS-0102]  Path depth 2 - 3
[INFO CTS-0207]  Dummy loads inserted 98
[INFO CTS-0500] Runtime: 0.99s
estimate_parasitics -placement
detailed_placement
[INFO DPL-0006] Core area: 139359.91 um^2
[INFO DPL-0007] Movable instances area: 72797.32 um^2
[INFO DPL-0008] Fixed instances area within core: 2347.25 um^2
[INFO DPL-0009] Utilization: 53.9%
[INFO DPL-0005] Diamond search max displacement: +/- 500 sites horizontally, +/- 100 rows vertically.
[INFO DPL-1102] Legalizing using negotiation legalizer.
[INFO DPL-1103] Negotiation base search window: +/-20 sites horizontally, +/-5 rows vertically 
	Automatic search window extension enabled.
	Search window extendable up to the max displacement cap of +/-500 sites, +/-100 rows near walls.
[INFO DPL-1104] NegotiationLegalizer DRC penalty: 5.
[INFO DPL-0392] Negotiation cell height distribution (1 unique row-count(s)):
[INFO DPL-0393]   height 1 row(s): 7500 cells
          |      Total |  Illegal |  Illegal
Iteration | Violations |    Cells |    Sites
---------------------------------------------
        0 |       1278 |       158 |      1108
        1 |        360 |        33 |       327
        2 |         76 |         6 |        70
        3 |         16 |         2 |        14
        4 |         25 |         3 |        22
        5 |          0 |         0 |         0
Negotiation phase 1 converged at iteration 5.
[INFO DPL-0500] Runtime: 0.07s
Placement Analysis
---------------------------------
total displacement       6050.3 u
average displacement        0.8 u
max displacement           16.5 u
original HPWL          182260.4 u
legalized HPWL         186039.3 u
delta HPWL                    2 %

estimate_parasitics -placement
Warning: master sky130_ef_sc_hd__decap_12 has signal pins but no liberty cell
repair_timing -setup_margin 0 -hold_margin 0 -repair_tns 100 -match_cell_footprint -verbose
[INFO RSZ-0100] Repair move sequence: UnbufferMove SizeUpMove SwapPinsMove BufferMove CloneMove SplitLoadMove 
[INFO RSZ-0094] Found 1067 endpoints with setup violations.
[INFO RSZ-0099] Repairing 1067 out of 1067 (100.00%) violating endpoints...
   Iter   | Removed | Resized | Inserted | Cloned |  Pin  |   Area   |    WNS   |   StTNS    |   EnTNS    |  Viol  |  Worst  
          | Buffers |  Gates  | Buffers  |  Gates | Swaps |          |          |            |            | Endpts | St/EnPt 
------------------------------------------------------------------------------------------------------------------------------
       0* |       0 |       0 |        0 |      0 |     0 |    +0.0% |   -2.606 |    -1275.1 |    -1271.2 |   1067 | aluout[31]
      10* |       0 |       7 |        0 |      0 |     2 |    +0.0% |   -2.353 |    -1135.7 |    -1159.5 |   1067 | aluout[0]
      20* |       0 |      16 |        0 |      0 |     3 |    +0.1% |   -2.150 |    -1064.9 |    -1033.5 |   1067 | aluout[31]
      30* |       0 |      22 |        1 |      0 |     6 |    +0.2% |   -2.074 |    -1011.8 |    -1029.0 |   1067 | aluout[31]
      40* |       0 |      29 |        1 |      0 |     9 |    +0.2% |   -1.992 |     -969.4 |     -984.6 |   1067 | aluout[31]
      50* |       0 |      33 |        1 |      0 |    15 |    +0.2% |   -1.953 |     -933.0 |     -965.1 |   1067 | aluout[20]
      60* |       0 |      39 |        3 |      0 |    17 |    +0.3% |   -1.884 |     -885.0 |     -954.6 |   1067 | aluout[29]
      70* |       0 |      43 |        6 |      0 |    20 |    +0.3% |   -1.853 |     -841.7 |     -962.5 |   1067 | aluout[20]
      80* |       0 |      46 |        8 |      0 |    25 |    +0.3% |   -1.802 |     -811.2 |     -964.2 |   1067 | aluout[27]
      90* |       0 |      48 |       12 |      0 |    29 |    +0.4% |   -1.816 |     -817.6 |     -979.2 |   1067 | aluout[29]
     100* |       0 |      55 |       13 |      0 |    31 |    +0.4% |   -1.780 |     -790.6 |     -982.6 |   1067 | aluout[27]
     110* |       0 |      61 |       15 |      0 |    33 |    +0.4% |   -1.734 |     -765.2 |     -984.3 |   1067 | aluout[29]
     120* |       0 |      66 |       18 |      1 |    34 |    +0.5% |   -1.828 |     -806.6 |     -994.1 |   1067 | dp.rf.rf\[10\]\[20\]$_DFFE_PP_/D
     124* |       0 |      65 |       18 |      0 |    34 |    +0.5% |   -1.689 |     -728.1 |     -991.3 |   1067 | dp.rf.rf\[21\]\[20\]$_DFFE_PP_/D
     125* |       0 |      65 |       18 |      0 |    34 |    +0.5% |   -1.689 |     -728.1 |     -991.3 |   1067 | dp.rf.rf\[21\]\[20\]$_DFFE_PP_/D
     130* |       0 |      67 |       18 |      0 |    36 |    +0.4% |   -1.689 |     -728.1 |     -991.1 |   1067 | dp.rf.rf\[21\]\[20\]$_DFFE_PP_/D
     130* |       0 |      67 |       18 |      0 |    35 |    +0.4% |   -1.689 |     -728.1 |     -990.6 |   1067 | dp.rf.rf\[21\]\[20\]$_DFFE_PP_/D
     135* |       0 |      68 |       18 |      0 |    35 |    +0.4% |   -1.689 |     -728.1 |     -990.5 |   1067 | dp.rf.rf\[21\]\[20\]$_DFFE_PP_/D
     140* |       0 |      71 |       19 |      0 |    35 |    +0.5% |   -1.689 |     -728.1 |     -993.3 |   1067 | dp.rf.rf\[21\]\[20\]$_DFFE_PP_/D
     144* |       0 |      70 |       18 |      0 |    35 |    +0.4% |   -1.689 |     -728.1 |     -990.4 |   1067 | dp.rf.rf\[21\]\[20\]$_DFFE_PP_/D
     149* |       0 |      71 |       18 |      0 |    35 |    +0.4% |   -1.689 |     -728.1 |     -990.3 |   1067 | dp.rf.rf\[21\]\[20\]$_DFFE_PP_/D
     150* |       0 |      71 |       18 |      0 |    35 |    +0.4% |   -1.689 |     -728.1 |     -990.3 |   1067 | dp.rf.rf\[21\]\[20\]$_DFFE_PP_/D
     154* |       0 |      74 |       18 |      0 |    35 |    +0.4% |   -1.689 |     -728.1 |     -990.3 |   1067 | dp.rf.rf\[21\]\[20\]$_DFFE_PP_/D
     160* |       0 |      76 |       19 |      0 |    37 |    +0.4% |   -1.717 |     -743.2 |     -995.0 |   1067 | dp.rf.rf\[21\]\[20\]$_DFFE_PP_/D
     160* |       0 |      74 |       19 |      0 |    35 |    +0.4% |   -1.687 |     -727.1 |     -994.0 |   1067 | aluout[21]
     161* |       0 |      74 |       19 |      0 |    35 |    +0.4% |   -1.687 |     -727.1 |     -994.0 |   1067 | aluout[21]
     165* |       0 |      77 |       19 |      0 |    35 |    +0.5% |   -1.687 |     -727.1 |     -994.8 |   1067 | aluout[21]
     170* |       0 |      80 |       19 |      0 |    36 |    +0.4% |   -1.686 |     -724.8 |     -993.8 |   1067 | dp.rf.rf\[21\]\[20\]$_DFFE_PP_/D
     176* |       0 |      82 |       21 |      0 |    36 |    +0.5% |   -1.682 |     -722.9 |    -1011.5 |   1067 | dp.rf.rf\[21\]\[20\]$_DFFE_PP_/D
     179* |       0 |      84 |       21 |      0 |    36 |    +0.5% |   -1.682 |     -722.9 |    -1011.4 |   1067 | dp.rf.rf\[21\]\[20\]$_DFFE_PP_/D
     180* |       0 |      84 |       21 |      0 |    36 |    +0.5% |   -1.682 |     -722.9 |    -1011.4 |   1067 | dp.rf.rf\[21\]\[20\]$_DFFE_PP_/D
     188* |       0 |      87 |       21 |      0 |    38 |    +0.5% |   -1.682 |     -727.9 |    -1009.7 |   1067 | dp.rf.rf\[21\]\[20\]$_DFFE_PP_/D
     190* |       0 |      88 |       21 |      0 |    38 |    +0.5% |   -1.684 |     -729.3 |    -1011.7 |   1067 | dp.rf.rf\[21\]\[20\]$_DFFE_PP_/D
     200* |       0 |      95 |       22 |      0 |    40 |    +0.5% |   -1.681 |     -728.1 |    -1013.5 |   1067 | aluout[31]
     203* |       0 |      95 |       22 |      0 |    40 |    +0.5% |   -1.681 |     -728.1 |    -1013.5 |   1067 | aluout[31]
     210* |       0 |      96 |       25 |      1 |    41 |    +0.6% |   -1.729 |     -768.2 |    -1017.8 |   1067 | dp.rf.rf\[13\]\[31\]$_DFFE_PP_/D
     214* |       0 |      95 |       22 |      0 |    40 |    +0.5% |   -1.681 |     -728.1 |    -1013.5 |   1067 | aluout[31]
     220* |       0 |      98 |       23 |      1 |    40 |    +0.6% |   -1.693 |     -737.9 |    -1014.5 |   1067 | aluout[31]
     224* |       0 |      95 |       22 |      0 |    40 |    +0.5% |   -1.681 |     -728.1 |    -1013.5 |   1067 | aluout[31]
     230* |       0 |      98 |       23 |      1 |    40 |    +0.6% |   -1.693 |     -737.9 |    -1014.5 |   1067 | aluout[31]
     234* |       0 |      95 |       22 |      0 |    40 |    +0.5% |   -1.681 |     -728.1 |    -1013.5 |   1067 | aluout[31]
     240* |       0 |      98 |       23 |      1 |    40 |    +0.6% |   -1.693 |     -737.9 |    -1014.5 |   1067 | aluout[31]
     244* |       0 |      95 |       22 |      0 |    40 |    +0.5% |   -1.681 |     -728.1 |    -1013.5 |   1067 | aluout[31]
     250* |       0 |      98 |       23 |      1 |    40 |    +0.6% |   -1.693 |     -737.9 |    -1014.5 |   1067 | aluout[31]
     254* |       0 |      95 |       22 |      0 |    40 |    +0.5% |   -1.681 |     -728.1 |    -1013.5 |   1067 | aluout[31]
     260* |       0 |      98 |       23 |      1 |    40 |    +0.6% |   -1.693 |     -737.9 |    -1014.5 |   1067 | aluout[31]
     264* |       0 |      95 |       22 |      0 |    40 |    +0.5% |   -1.681 |     -728.1 |    -1013.5 |   1067 | aluout[31]
     270* |       0 |      98 |       23 |      1 |    40 |    +0.6% |   -1.693 |     -737.9 |    -1014.5 |   1067 | aluout[31]
     276* |       0 |      95 |       22 |      0 |    40 |    +0.5% |   -1.681 |     -728.1 |    -1013.5 |   1067 | aluout[31]
     280* |       0 |      96 |       23 |      1 |    40 |    +0.6% |   -1.707 |     -748.5 |    -1017.0 |   1067 | dp.rf.rf\[13\]\[31\]$_DFFE_PP_/D
     288* |       0 |      95 |       22 |      0 |    40 |    +0.5% |   -1.681 |     -728.1 |    -1013.5 |   1067 | aluout[31]
     290* |       0 |      96 |       22 |      0 |    40 |    +0.5% |   -1.693 |     -737.2 |    -1012.9 |   1067 | aluout[31]
     300* |       1 |      99 |       26 |      2 |    40 |    +0.7% |   -1.693 |     -741.8 |    -1011.9 |   1067 | aluout[31]
     300* |       0 |      95 |       22 |      0 |    40 |    +0.5% |   -1.681 |     -728.1 |    -1013.5 |   1067 | aluout[31]
     310* |       1 |      98 |       25 |      2 |    40 |    +0.6% |   -1.693 |     -741.8 |    -1012.0 |   1067 | aluout[31]
     310* |       0 |      95 |       22 |      0 |    40 |    +0.5% |   -1.681 |     -728.1 |    -1013.5 |   1067 | aluout[31]
     320* |       1 |      98 |       25 |      2 |    40 |    +0.6% |   -1.693 |     -741.8 |    -1012.0 |   1067 | aluout[31]
     320* |       0 |      95 |       22 |      0 |    40 |    +0.5% |   -1.681 |     -728.1 |    -1013.5 |   1067 | aluout[31]
     330* |       0 |      99 |       25 |      2 |    40 |    +0.6% |   -1.693 |     -742.0 |    -1015.6 |   1067 | aluout[31]
     332* |       0 |      95 |       22 |      0 |    40 |    +0.5% |   -1.681 |     -728.1 |    -1013.5 |   1067 | aluout[31]
     340* |       0 |      98 |       25 |      1 |    40 |    +0.6% |   -1.693 |     -741.6 |    -1014.5 |   1067 | aluout[31]
     344* |       0 |      95 |       22 |      0 |    40 |    +0.5% |   -1.681 |     -728.1 |    -1013.5 |   1067 | aluout[31]
     350* |       0 |      98 |       23 |      1 |    40 |    +0.6% |   -1.693 |     -737.9 |    -1014.5 |   1067 | aluout[31]
     356* |       0 |      95 |       22 |      0 |    40 |    +0.5% |   -1.681 |     -728.1 |    -1013.5 |   1067 | aluout[31]
     360* |       0 |      96 |       23 |      1 |    40 |    +0.6% |   -1.707 |     -748.5 |    -1017.0 |   1067 | dp.rf.rf\[13\]\[31\]$_DFFE_PP_/D
     368* |       0 |      95 |       22 |      0 |    40 |    +0.5% |   -1.681 |     -728.1 |    -1013.5 |   1067 | aluout[31]
     370* |       0 |      96 |       22 |      0 |    40 |    +0.5% |   -1.693 |     -737.2 |    -1012.9 |   1067 | aluout[31]
     380* |       1 |      99 |       26 |      2 |    40 |    +0.7% |   -1.693 |     -741.8 |    -1011.9 |   1067 | aluout[31]
     380* |       0 |      95 |       22 |      0 |    40 |    +0.5% |   -1.681 |     -728.1 |    -1013.5 |   1067 | aluout[31]
     390* |       0 |      99 |       25 |      2 |    40 |    +0.6% |   -1.693 |     -741.8 |    -1014.5 |   1067 | aluout[31]
     391* |       0 |      95 |       22 |      0 |    40 |    +0.5% |   -1.681 |     -728.1 |    -1013.5 |   1067 | aluout[31]
     400* |       0 |      99 |       25 |      1 |    40 |    +0.6% |   -1.693 |     -741.0 |    -1013.2 |   1067 | aluout[31]
     403* |       0 |      95 |       22 |      0 |    40 |    +0.5% |   -1.681 |     -728.1 |    -1013.5 |   1067 | aluout[31]
     410* |       0 |      98 |       24 |      1 |    40 |    +0.6% |   -1.693 |     -737.9 |    -1014.5 |   1067 | aluout[31]
     415* |       0 |      95 |       22 |      0 |    40 |    +0.5% |   -1.681 |     -728.1 |    -1013.5 |   1067 | aluout[31]
     420* |       0 |      97 |       23 |      1 |    40 |    +0.6% |   -1.693 |     -738.2 |    -1015.9 |   1067 | aluout[31]
     427* |       0 |      95 |       22 |      0 |    40 |    +0.5% |   -1.681 |     -728.1 |    -1013.5 |   1067 | aluout[31]
     430* |       0 |      96 |       23 |      0 |    40 |    +0.5% |   -1.693 |     -737.2 |    -1012.7 |   1067 | aluout[31]
     439* |       0 |      95 |       22 |      0 |    40 |    +0.5% |   -1.681 |     -728.1 |    -1013.5 |   1067 | aluout[31]
     440* |       0 |      95 |       22 |      0 |    40 |    +0.5% |   -1.681 |     -728.1 |    -1013.5 |   1067 | aluout[31]
     450* |       1 |      99 |       25 |      2 |    40 |    +0.6% |   -1.693 |     -741.8 |    -1010.6 |   1067 | aluout[31]
     450* |       0 |      95 |       22 |      0 |    40 |    +0.5% |   -1.681 |     -728.1 |    -1013.5 |   1067 | aluout[31]
     460* |       0 |      99 |       25 |      2 |    40 |    +0.6% |   -1.693 |     -741.8 |    -1014.5 |   1067 | aluout[31]
     462* |       0 |      95 |       22 |      0 |    40 |    +0.5% |   -1.681 |     -728.1 |    -1013.5 |   1067 | aluout[31]
     470* |       0 |      98 |       25 |      1 |    40 |    +0.6% |   -1.693 |     -741.6 |    -1014.5 |   1067 | aluout[31]
     473* |       0 |      95 |       22 |      0 |    40 |    +0.5% |   -1.681 |     -728.1 |    -1013.5 |   1067 | aluout[31]
     480* |       0 |      98 |       24 |      1 |    40 |    +0.6% |   -1.693 |     -737.9 |    -1014.5 |   1067 | aluout[31]
     484* |       0 |      95 |       22 |      0 |    40 |    +0.5% |   -1.681 |     -728.1 |    -1013.5 |   1067 | aluout[31]
     490* |       0 |      98 |       23 |      1 |    40 |    +0.6% |   -1.693 |     -737.9 |    -1014.5 |   1067 | aluout[31]
     495* |       0 |      95 |       22 |      0 |    40 |    +0.5% |   -1.681 |     -728.1 |    -1013.5 |   1067 | aluout[31]
     500* |       0 |      97 |       23 |      1 |    40 |    +0.6% |   -1.693 |     -738.2 |    -1015.9 |   1067 | aluout[31]
     506* |       0 |      95 |       22 |      0 |    40 |    +0.5% |   -1.681 |     -728.1 |    -1013.5 |   1067 | aluout[31]
     510* |       0 |      96 |       23 |      1 |    40 |    +0.6% |   -1.707 |     -748.5 |    -1017.0 |   1067 | dp.rf.rf\[13\]\[31\]$_DFFE_PP_/D
     518* |       0 |      95 |       22 |      0 |    40 |    +0.5% |   -1.681 |     -728.1 |    -1013.5 |   1067 | aluout[31]
     520* |       0 |      96 |       22 |      0 |    40 |    +0.5% |   -1.693 |     -737.2 |    -1012.9 |   1067 | aluout[31]
     529* |       0 |      95 |       22 |      0 |    40 |    +0.5% |   -1.681 |     -728.1 |    -1013.5 |   1067 | aluout[31]
     530* |       0 |      95 |       22 |      0 |    40 |    +0.5% |   -1.681 |     -728.1 |    -1013.5 |   1067 | aluout[31]
     540* |       1 |      99 |       25 |      2 |    40 |    +0.6% |   -1.693 |     -741.8 |    -1010.6 |   1067 | aluout[31]
     540* |       0 |      95 |       22 |      0 |    40 |    +0.5% |   -1.681 |     -728.1 |    -1013.5 |   1067 | aluout[31]
     550* |       0 |      99 |       25 |      2 |    40 |    +0.6% |   -1.693 |     -741.8 |    -1014.5 |   1067 | aluout[31]
     552* |       0 |      95 |       22 |      0 |    40 |    +0.5% |   -1.681 |     -728.1 |    -1013.5 |   1067 | aluout[31]
     560* |       0 |      98 |       25 |      1 |    40 |    +0.6% |   -1.693 |     -741.6 |    -1014.5 |   1067 | aluout[31]
     564* |       0 |      95 |       22 |      0 |    40 |    +0.5% |   -1.681 |     -728.1 |    -1013.5 |   1067 | aluout[31]
     570* |       0 |      97 |       23 |      2 |    40 |    +0.6% |   -1.738 |     -760.7 |    -1017.4 |   1067 | dp.rf.rf\[0\]\[25\]$_DFFE_PP_/D
     571* |       0 |      96 |       22 |      0 |    40 |    +0.5% |   -1.681 |     -728.1 |    -1011.4 |   1067 | aluout[31]
     577* |       0 |      96 |       22 |      0 |    40 |    +0.5% |   -1.681 |     -728.1 |    -1011.4 |   1067 | aluout[31]
     580* |       0 |      97 |       22 |      1 |    40 |    +0.6% |   -1.734 |     -758.2 |    -1016.5 |   1067 | dp.rf.rf\[0\]\[25\]$_DFFE_PP_/D
     583* |       0 |      96 |       22 |      0 |    40 |    +0.5% |   -1.681 |     -728.1 |    -1011.4 |   1067 | aluout[31]
     590* |       0 |      99 |       23 |      2 |    40 |    +0.6% |   -1.689 |     -741.6 |    -1014.0 |   1067 | aluout[31]
     592* |       0 |      96 |       22 |      0 |    40 |    +0.5% |   -1.681 |     -728.1 |    -1011.4 |   1067 | aluout[31]
     600* |       1 |      98 |       24 |      2 |    40 |    +0.6% |   -1.681 |     -728.3 |    -1014.3 |   1067 | dp.rf.rf\[21\]\[20\]$_DFFE_PP_/D
     600* |       0 |      96 |       22 |      0 |    40 |    +0.5% |   -1.681 |     -728.1 |    -1011.4 |   1067 | aluout[31]
     606* |       0 |      96 |       22 |      0 |    40 |    +0.5% |   -1.681 |     -728.1 |    -1011.4 |   1067 | aluout[31]
     610* |       0 |      97 |       22 |      2 |    40 |    +0.6% |   -1.745 |     -764.3 |    -1017.5 |   1067 | dp.rf.rf\[0\]\[25\]$_DFFE_PP_/D
     612* |       0 |      96 |       22 |      0 |    40 |    +0.5% |   -1.681 |     -728.1 |    -1011.4 |   1067 | aluout[31]
     620* |       1 |      98 |       24 |      2 |    40 |    +0.6% |   -1.681 |     -728.3 |    -1014.3 |   1067 | dp.rf.rf\[21\]\[20\]$_DFFE_PP_/D
     620* |       0 |      96 |       22 |      0 |    40 |    +0.5% |   -1.681 |     -728.1 |    -1011.4 |   1067 | aluout[31]
     628* |       0 |      96 |       22 |      0 |    40 |    +0.5% |   -1.681 |     -728.1 |    -1011.4 |   1067 | aluout[31]
     630* |       0 |      96 |       22 |      1 |    40 |    +0.6% |   -1.798 |     -795.0 |    -1018.2 |   1067 | dp.rf.rf\[0\]\[25\]$_DFFE_PP_/D
     636* |       0 |      96 |       22 |      0 |    40 |    +0.5% |   -1.681 |     -728.1 |    -1011.4 |   1067 | aluout[31]
     640* |       0 |      97 |       22 |      2 |    40 |    +0.6% |   -1.745 |     -764.3 |    -1017.5 |   1067 | dp.rf.rf\[0\]\[25\]$_DFFE_PP_/D
     642* |       0 |      96 |       22 |      0 |    40 |    +0.5% |   -1.681 |     -728.1 |    -1011.4 |   1067 | aluout[31]
     648* |       0 |      96 |       22 |      0 |    40 |    +0.5% |   -1.681 |     -728.1 |    -1011.4 |   1067 | aluout[31]
     650* |       0 |      96 |       22 |      1 |    40 |    +0.6% |   -1.798 |     -795.0 |    -1018.2 |   1067 | dp.rf.rf\[0\]\[25\]$_DFFE_PP_/D
     656* |       0 |      96 |       22 |      0 |    40 |    +0.5% |   -1.681 |     -728.1 |    -1011.4 |   1067 | aluout[31]
     660* |       0 |      97 |       22 |      2 |    40 |    +0.6% |   -1.745 |     -764.3 |    -1017.5 |   1067 | dp.rf.rf\[0\]\[25\]$_DFFE_PP_/D
     664* |       0 |      96 |       22 |      0 |    40 |    +0.5% |   -1.681 |     -728.1 |    -1011.4 |   1067 | aluout[31]
     670* |       0 |      98 |       23 |      2 |    40 |    +0.6% |   -1.767 |     -777.2 |    -1018.1 |   1067 | dp.rf.rf\[0\]\[25\]$_DFFE_PP_/D
     672* |       0 |      96 |       22 |      0 |    40 |    +0.5% |   -1.681 |     -728.1 |    -1011.4 |   1067 | aluout[31]
     680* |       1 |      98 |       24 |      2 |    40 |    +0.6% |   -1.681 |     -728.3 |    -1014.3 |   1067 | dp.rf.rf\[21\]\[20\]$_DFFE_PP_/D
     680* |       0 |      96 |       22 |      0 |    40 |    +0.5% |   -1.681 |     -728.1 |    -1011.4 |   1067 | aluout[31]
     686* |       0 |      96 |       22 |      0 |    40 |    +0.5% |   -1.681 |     -728.1 |    -1011.4 |   1067 | aluout[31]
     690* |       0 |      98 |       22 |      1 |    40 |    +0.6% |   -1.681 |     -728.3 |    -1015.7 |   1067 | dp.rf.rf\[21\]\[20\]$_DFFE_PP_/D
     693* |       0 |      96 |       22 |      0 |    40 |    +0.5% |   -1.681 |     -728.1 |    -1011.4 |   1067 | aluout[31]
     700* |       1 |      98 |       23 |      2 |    40 |    +0.6% |   -1.681 |     -728.3 |    -1013.4 |   1067 | dp.rf.rf\[21\]\[20\]$_DFFE_PP_/D
     700* |       0 |      96 |       22 |      0 |    40 |    +0.5% |   -1.681 |     -728.1 |    -1011.4 |   1067 | aluout[31]
     708* |       0 |      96 |       22 |      0 |    40 |    +0.5% |   -1.681 |     -728.1 |    -1011.4 |   1067 | aluout[31]
     710* |       0 |      96 |       22 |      1 |    40 |    +0.6% |   -1.798 |     -795.0 |    -1018.2 |   1067 | dp.rf.rf\[0\]\[25\]$_DFFE_PP_/D
     715* |       0 |      96 |       22 |      0 |    40 |    +0.5% |   -1.681 |     -728.1 |    -1011.4 |   1067 | aluout[31]
     720* |       0 |      98 |       22 |      2 |    40 |    +0.6% |   -1.781 |     -785.0 |    -1017.2 |   1067 | dp.rf.rf\[21\]\[25\]$_DFFE_PP_/D
     723* |       0 |      96 |       22 |      0 |    40 |    +0.5% |   -1.681 |     -728.1 |    -1011.4 |   1067 | aluout[31]
     730* |       1 |      98 |       23 |      2 |    40 |    +0.6% |   -1.681 |     -728.3 |    -1013.4 |   1067 | dp.rf.rf\[21\]\[20\]$_DFFE_PP_/D
     730* |       0 |      96 |       22 |      0 |    40 |    +0.5% |   -1.681 |     -728.1 |    -1011.4 |   1067 | aluout[31]
     737* |       0 |      96 |       22 |      0 |    40 |    +0.5% |   -1.681 |     -728.1 |    -1011.4 |   1067 | aluout[31]
     740* |       0 |      97 |       22 |      1 |    40 |    +0.6% |   -1.734 |     -758.2 |    -1016.5 |   1067 | dp.rf.rf\[0\]\[25\]$_DFFE_PP_/D
     745* |       0 |      96 |       22 |      0 |    40 |    +0.5% |   -1.681 |     -728.1 |    -1011.4 |   1067 | aluout[31]
     750* |       0 |      98 |       22 |      2 |    40 |    +0.6% |   -1.781 |     -785.0 |    -1017.2 |   1067 | dp.rf.rf\[21\]\[25\]$_DFFE_PP_/D
     752* |       0 |      96 |       22 |      0 |    40 |    +0.5% |   -1.681 |     -728.1 |    -1011.4 |   1067 | aluout[31]
     759* |       0 |      96 |       22 |      0 |    40 |    +0.5% |   -1.681 |     -728.1 |    -1011.4 |   1067 | aluout[31]
     760* |       0 |      96 |       22 |      0 |    40 |    +0.5% |   -1.681 |     -728.1 |    -1011.4 |   1067 | aluout[31]
     766* |       0 |      96 |       22 |      0 |    40 |    +0.5% |   -1.681 |     -728.1 |    -1011.4 |   1067 | aluout[31]
     770* |       0 |      98 |       22 |      1 |    40 |    +0.6% |   -1.681 |     -728.3 |    -1015.7 |   1067 | dp.rf.rf\[21\]\[20\]$_DFFE_PP_/D
     774* |       0 |      96 |       22 |      0 |    40 |    +0.5% |   -1.681 |     -728.1 |    -1011.4 |   1067 | aluout[31]
     780* |       0 |      99 |       22 |      2 |    40 |    +0.6% |   -1.728 |     -754.8 |    -1017.3 |   1067 | dp.rf.rf\[3\]\[25\]$_DFFE_PP_/D
     782* |       0 |      96 |       22 |      0 |    40 |    +0.5% |   -1.681 |     -728.1 |    -1011.4 |   1067 | aluout[31]
     790* |       1 |      99 |       23 |      2 |    40 |    +0.6% |   -1.681 |     -728.3 |    -1013.5 |   1067 | dp.rf.rf\[21\]\[20\]$_DFFE_PP_/D
     790* |       0 |      96 |       22 |      0 |    40 |    +0.5% |   -1.681 |     -728.1 |    -1011.4 |   1067 | aluout[31]
     798* |       0 |      96 |       22 |      0 |    40 |    +0.5% |   -1.681 |     -728.1 |    -1011.4 |   1067 | aluout[31]
     800* |       0 |      96 |       22 |      1 |    40 |    +0.6% |   -1.798 |     -795.0 |    -1018.2 |   1067 | dp.rf.rf\[0\]\[25\]$_DFFE_PP_/D
     806* |       0 |      96 |       22 |      0 |    40 |    +0.5% |   -1.681 |     -728.1 |    -1011.4 |   1067 | aluout[31]
     810* |       0 |      96 |       23 |      2 |    40 |    +0.6% |   -1.725 |     -766.2 |    -1015.3 |   1067 | dp.rf.rf\[11\]\[30\]$_DFFE_PP_/D
     815* |       0 |      96 |       22 |      0 |    40 |    +0.5% |   -1.681 |     -728.1 |    -1011.4 |   1067 | aluout[31]
     820* |       0 |      97 |       23 |      2 |    40 |    +0.6% |   -1.695 |     -745.9 |    -1014.3 |   1067 | aluout[30]
     824* |       0 |      96 |       22 |      0 |    40 |    +0.5% |   -1.681 |     -728.1 |    -1011.4 |   1067 | aluout[31]
     830* |       0 |      98 |       23 |      2 |    40 |    +0.6% |   -1.689 |     -741.6 |    -1014.4 |   1067 | aluout[31]
     833* |       0 |      96 |       22 |      0 |    40 |    +0.5% |   -1.681 |     -728.1 |    -1011.4 |   1067 | aluout[31]
     840* |       0 |      99 |       23 |      2 |    40 |    +0.6% |   -1.689 |     -741.6 |    -1014.0 |   1067 | aluout[31]
     842* |       0 |      96 |       22 |      0 |    40 |    +0.5% |   -1.681 |     -728.1 |    -1011.4 |   1067 | aluout[31]
     850* |       0 |     100 |       23 |      2 |    40 |    +0.7% |   -1.689 |     -739.5 |    -1013.1 |   1067 | aluout[31]
     851* |       0 |      96 |       22 |      0 |    40 |    +0.5% |   -1.681 |     -728.1 |    -1011.4 |   1067 | aluout[31]
     860* |       0 |     100 |       24 |      2 |    40 |    +0.7% |   -1.689 |     -739.5 |    -1012.8 |   1067 | aluout[31]
     860* |       0 |      96 |       22 |      0 |    40 |    +0.5% |   -1.681 |     -728.1 |    -1011.4 |   1067 | aluout[31]
     870* |       0 |     101 |       24 |      2 |    40 |    +0.7% |   -1.689 |     -740.4 |    -1013.4 |   1067 | aluout[31]
     871* |       0 |      96 |       22 |      0 |    40 |    +0.5% |   -1.681 |     -728.1 |    -1011.4 |   1067 | aluout[31]
     880* |       0 |     100 |       24 |      2 |    40 |    +0.7% |   -1.689 |     -739.5 |    -1012.8 |   1067 | aluout[31]
     880* |       0 |      96 |       22 |      0 |    40 |    +0.5% |   -1.681 |     -728.1 |    -1011.4 |   1067 | aluout[31]
     890* |       0 |     101 |       24 |      2 |    40 |    +0.7% |   -1.689 |     -740.4 |    -1013.4 |   1067 | aluout[31]
     891* |       0 |      96 |       22 |      0 |    40 |    +0.5% |   -1.681 |     -728.1 |    -1011.4 |   1067 | aluout[31]
     900* |       0 |     100 |       24 |      2 |    40 |    +0.7% |   -1.689 |     -742.6 |    -1014.3 |   1067 | aluout[31]
     902* |       0 |      96 |       22 |      0 |    40 |    +0.5% |   -1.681 |     -728.1 |    -1011.4 |   1067 | aluout[31]
     910* |       0 |      99 |       24 |      2 |    40 |    +0.7% |   -1.689 |     -742.6 |    -1014.7 |   1067 | aluout[31]
     913* |       0 |      96 |       22 |      0 |    40 |    +0.5% |   -1.681 |     -728.1 |    -1011.4 |   1067 | aluout[31]
     920* |       0 |      98 |       24 |      2 |    40 |    +0.7% |   -1.699 |     -749.3 |    -1014.6 |   1067 | dp.rf.rf\[11\]\[30\]$_DFFE_PP_/D
     924* |       0 |      96 |       22 |      0 |    40 |    +0.5% |   -1.681 |     -728.1 |    -1011.4 |   1067 | aluout[31]
     930* |       0 |      98 |       23 |      2 |    40 |    +0.6% |   -1.724 |     -769.1 |    -1014.5 |   1067 | dp.rf.rf\[11\]\[30\]$_DFFE_PP_/D
     935* |       0 |      96 |       22 |      0 |    40 |    +0.5% |   -1.681 |     -728.1 |    -1011.4 |   1067 | aluout[31]
     940* |       0 |      97 |       23 |      2 |    40 |    +0.6% |   -1.695 |     -745.9 |    -1014.3 |   1067 | aluout[30]
     946* |       0 |      96 |       22 |      0 |    40 |    +0.5% |   -1.681 |     -728.1 |    -1011.4 |   1067 | aluout[31]
     950* |       0 |      96 |       23 |      2 |    40 |    +0.6% |   -1.725 |     -766.2 |    -1015.3 |   1067 | dp.rf.rf\[11\]\[30\]$_DFFE_PP_/D
     957* |       0 |      96 |       22 |      0 |    40 |    +0.5% |   -1.681 |     -728.1 |    -1011.4 |   1067 | aluout[31]
     960* |       0 |      96 |       23 |      1 |    40 |    +0.6% |   -1.695 |     -742.9 |    -1013.6 |   1067 | aluout[30]
     967* |       0 |      96 |       22 |      0 |    40 |    +0.5% |   -1.681 |     -728.1 |    -1011.4 |   1067 | aluout[31]
     970* |       0 |      96 |       23 |      1 |    40 |    +0.6% |   -1.695 |     -742.9 |    -1013.6 |   1067 | aluout[30]
     977* |       0 |      96 |       22 |      0 |    40 |    +0.5% |   -1.681 |     -728.1 |    -1011.4 |   1067 | aluout[31]
     980* |       0 |      96 |       23 |      1 |    40 |    +0.6% |   -1.695 |     -742.9 |    -1013.6 |   1067 | aluout[30]
     987* |       0 |      96 |       22 |      0 |    40 |    +0.5% |   -1.681 |     -728.1 |    -1011.4 |   1067 | aluout[31]
     990* |       0 |      96 |       23 |      1 |    40 |    +0.6% |   -1.695 |     -742.9 |    -1013.6 |   1067 | aluout[30]
     997* |       0 |      96 |       22 |      0 |    40 |    +0.5% |   -1.681 |     -728.1 |    -1011.4 |   1067 | aluout[31]
    1000* |       0 |      96 |       23 |      1 |    40 |    +0.6% |   -1.695 |     -742.9 |    -1013.6 |   1067 | aluout[30]
    1007* |       0 |      96 |       22 |      0 |    40 |    +0.5% |   -1.681 |     -728.1 |    -1011.4 |   1067 | aluout[31]
    1010* |       0 |      96 |       23 |      1 |    40 |    +0.6% |   -1.695 |     -742.9 |    -1013.6 |   1067 | aluout[30]
    1017* |       0 |      96 |       22 |      0 |    40 |    +0.5% |   -1.681 |     -728.1 |    -1011.4 |   1067 | aluout[31]
    1020* |       0 |      96 |       23 |      1 |    40 |    +0.6% |   -1.695 |     -742.9 |    -1013.6 |   1067 | aluout[30]
    1027* |       0 |      96 |       22 |      0 |    40 |    +0.5% |   -1.681 |     -728.1 |    -1011.4 |   1067 | aluout[31]
    1030* |       0 |      96 |       23 |      1 |    40 |    +0.6% |   -1.695 |     -742.9 |    -1013.6 |   1067 | aluout[30]
    1037* |       0 |      96 |       22 |      0 |    40 |    +0.5% |   -1.681 |     -728.1 |    -1011.4 |   1067 | aluout[31]
    1040* |       0 |      96 |       23 |      1 |    40 |    +0.6% |   -1.695 |     -742.9 |    -1013.6 |   1067 | aluout[30]
    1046* |       0 |      96 |       22 |      0 |    40 |    +0.5% |   -1.681 |     -728.1 |    -1011.4 |   1067 | aluout[31]
    1050* |       0 |      96 |       23 |      2 |    40 |    +0.6% |   -1.709 |     -753.5 |    -1013.3 |   1067 | dp.rf.rf\[11\]\[30\]$_DFFE_PP_/D
    1055* |       0 |      96 |       22 |      0 |    40 |    +0.5% |   -1.681 |     -728.1 |    -1011.4 |   1067 | aluout[31]
    1060* |       0 |      97 |       23 |      2 |    40 |    +0.6% |   -1.695 |     -744.8 |    -1012.2 |   1067 | aluout[30]
    1064* |       0 |      96 |       22 |      0 |    40 |    +0.5% |   -1.681 |     -728.1 |    -1011.4 |   1067 | aluout[31]
    1070* |       0 |      98 |       23 |      2 |    40 |    +0.6% |   -1.689 |     -740.5 |    -1012.3 |   1067 | aluout[31]
    1073* |       0 |      96 |       22 |      0 |    40 |    +0.5% |   -1.681 |     -728.1 |    -1011.4 |   1067 | aluout[31]
    1080* |       0 |      99 |       23 |      2 |    40 |    +0.6% |   -1.689 |     -740.5 |    -1011.9 |   1067 | aluout[31]
    1082* |       0 |      96 |       22 |      0 |    40 |    +0.5% |   -1.681 |     -728.1 |    -1011.4 |   1067 | aluout[31]
    1090* |       0 |     100 |       23 |      2 |    40 |    +0.6% |   -1.689 |     -738.6 |    -1011.0 |   1067 | aluout[31]
    1091* |       0 |      96 |       22 |      0 |    40 |    +0.5% |   -1.681 |     -728.1 |    -1011.4 |   1067 | aluout[31]
    1100* |       0 |     100 |       24 |      2 |    40 |    +0.6% |   -1.689 |     -738.6 |    -1010.8 |   1067 | aluout[31]
    1100* |       0 |      96 |       22 |      0 |    40 |    +0.5% |   -1.681 |     -728.1 |    -1011.4 |   1067 | aluout[31]
    1109* |       0 |      96 |       22 |      0 |    40 |    +0.5% |   -1.681 |     -728.1 |    -1011.4 |   1067 | aluout[31]
    1110* |       0 |      96 |       22 |      0 |    40 |    +0.5% |   -1.681 |     -728.1 |    -1011.4 |   1067 | aluout[31]
    1120* |       1 |     102 |       22 |      2 |    41 |    +0.7% |   -1.681 |     -730.2 |    -1008.3 |   1067 | dp.rf.rf\[21\]\[20\]$_DFFE_PP_/D
    1130* |       1 |     105 |       25 |      2 |    45 |    +0.7% |   -1.681 |     -735.5 |    -1007.4 |   1067 | dp.rf.rf\[21\]\[20\]$_DFFE_PP_/D
    1139* |       0 |      99 |       22 |      0 |    40 |    +0.6% |   -1.681 |     -727.9 |    -1002.0 |   1067 | aluout[31]
    1140* |       0 |      99 |       22 |      0 |    40 |    +0.6% |   -1.681 |     -727.9 |    -1002.0 |   1067 | aluout[31]
    1150* |       1 |     103 |       25 |      2 |    40 |    +0.7% |   -1.681 |     -729.5 |    -1006.6 |   1067 | dp.rf.rf\[21\]\[20\]$_DFFE_PP_/D
    1160* |       1 |     110 |       28 |      2 |    40 |    +0.8% |   -1.681 |     -735.1 |    -1011.7 |   1067 | dp.rf.rf\[21\]\[20\]$_DFFE_PP_/D
    1160* |       0 |      99 |       22 |      0 |    40 |    +0.6% |   -1.681 |     -727.9 |    -1002.0 |   1067 | aluout[31]
    1170* |       1 |     103 |       24 |      2 |    40 |    +0.7% |   -1.681 |     -730.8 |    -1008.4 |   1067 | dp.rf.rf\[21\]\[20\]$_DFFE_PP_/D
    1180* |       1 |     109 |       28 |      2 |    40 |    +0.8% |   -1.681 |     -735.6 |    -1008.8 |   1067 | dp.rf.rf\[21\]\[20\]$_DFFE_PP_/D
    1183* |       0 |      99 |       22 |      0 |    40 |    +0.6% |   -1.681 |     -727.9 |    -1002.0 |   1067 | aluout[31]
    1190* |       0 |     102 |       23 |      2 |    40 |    +0.7% |   -1.681 |     -730.9 |    -1010.6 |   1067 | dp.rf.rf\[21\]\[20\]$_DFFE_PP_/D
    1200* |       1 |     107 |       27 |      2 |    40 |    +0.7% |   -1.681 |     -735.6 |    -1005.6 |   1067 | dp.rf.rf\[21\]\[20\]$_DFFE_PP_/D
    1206* |       0 |      99 |       22 |      0 |    40 |    +0.6% |   -1.681 |     -727.9 |    -1002.0 |   1067 | aluout[31]
    1210* |       0 |     101 |       22 |      1 |    40 |    +0.6% |   -1.681 |     -729.1 |    -1009.2 |   1067 | dp.rf.rf\[21\]\[20\]$_DFFE_PP_/D
    1220* |       1 |     105 |       26 |      2 |    40 |    +0.7% |   -1.681 |     -729.9 |    -1006.1 |   1067 | dp.rf.rf\[21\]\[20\]$_DFFE_PP_/D
    1229* |       0 |      99 |       22 |      0 |    40 |    +0.6% |   -1.681 |     -727.9 |    -1002.0 |   1067 | aluout[31]
    1230* |       0 |      99 |       22 |      0 |    40 |    +0.6% |   -1.681 |     -727.9 |    -1002.0 |   1067 | aluout[31]
    1240* |       1 |     103 |       25 |      2 |    40 |    +0.7% |   -1.681 |     -729.5 |    -1006.6 |   1067 | dp.rf.rf\[21\]\[20\]$_DFFE_PP_/D
    1250* |       1 |     110 |       28 |      2 |    40 |    +0.8% |   -1.681 |     -735.1 |    -1011.7 |   1067 | dp.rf.rf\[21\]\[20\]$_DFFE_PP_/D
    1250* |       0 |      99 |       22 |      0 |    40 |    +0.6% |   -1.681 |     -727.9 |    -1002.0 |   1067 | aluout[31]
    1260* |       1 |     103 |       24 |      2 |    40 |    +0.7% |   -1.681 |     -730.8 |    -1008.4 |   1067 | dp.rf.rf\[21\]\[20\]$_DFFE_PP_/D
    1270* |       1 |     109 |       28 |      2 |    40 |    +0.8% |   -1.681 |     -735.6 |    -1008.8 |   1067 | dp.rf.rf\[21\]\[20\]$_DFFE_PP_/D
    1273* |       0 |      99 |       22 |      0 |    40 |    +0.6% |   -1.681 |     -727.9 |    -1002.0 |   1067 | aluout[31]
    1280* |       1 |     102 |       22 |      2 |    40 |    +0.7% |   -1.681 |     -730.2 |    -1008.3 |   1067 | dp.rf.rf\[21\]\[20\]$_DFFE_PP_/D
    1290* |       1 |     108 |       26 |      2 |    40 |    +0.7% |   -1.681 |     -735.1 |    -1005.3 |   1067 | dp.rf.rf\[21\]\[20\]$_DFFE_PP_/D
    1294* |       0 |      99 |       22 |      0 |    40 |    +0.6% |   -1.681 |     -727.9 |    -1002.0 |   1067 | aluout[31]
    1300* |       0 |     102 |       22 |      2 |    40 |    +0.7% |   -1.681 |     -730.2 |    -1009.6 |   1067 | dp.rf.rf\[21\]\[20\]$_DFFE_PP_/D
    1300* |       0 |      99 |       22 |      0 |    40 |    +0.6% |   -1.681 |     -727.9 |    -1002.0 |   1067 | aluout[31]
    1310* |       1 |     103 |       24 |      2 |    40 |    +0.7% |   -1.681 |     -730.1 |    -1007.6 |   1067 | dp.rf.rf\[21\]\[20\]$_DFFE_PP_/D
    1320* |       1 |     109 |       28 |      2 |    40 |    +0.8% |   -1.681 |     -735.1 |    -1011.9 |   1067 | dp.rf.rf\[21\]\[20\]$_DFFE_PP_/D
    1321* |       0 |      99 |       22 |      0 |    40 |    +0.6% |   -1.681 |     -727.9 |    -1002.0 |   1067 | aluout[31]
    1330* |       1 |     102 |       24 |      2 |    40 |    +0.7% |   -1.681 |     -730.2 |    -1008.0 |   1067 | dp.rf.rf\[21\]\[20\]$_DFFE_PP_/D
    1340* |       1 |     109 |       27 |      2 |    40 |    +0.8% |   -1.681 |     -735.1 |    -1008.5 |   1067 | dp.rf.rf\[21\]\[20\]$_DFFE_PP_/D
    1342* |       0 |      99 |       22 |      0 |    40 |    +0.6% |   -1.681 |     -727.9 |    -1002.0 |   1067 | aluout[31]
    1350* |       1 |     102 |       23 |      2 |    40 |    +0.7% |   -1.681 |     -730.2 |    -1008.2 |   1067 | dp.rf.rf\[21\]\[20\]$_DFFE_PP_/D
    1360* |       1 |     108 |       27 |      2 |    40 |    +0.8% |   -1.681 |     -735.1 |    -1008.6 |   1067 | dp.rf.rf\[21\]\[20\]$_DFFE_PP_/D
    1363* |       0 |      99 |       22 |      0 |    40 |    +0.6% |   -1.681 |     -727.9 |    -1002.0 |   1067 | aluout[31]
    1370* |       0 |     102 |       23 |      2 |    40 |    +0.7% |   -1.681 |     -730.9 |    -1010.6 |   1067 | dp.rf.rf\[21\]\[20\]$_DFFE_PP_/D
    1380* |       1 |     107 |       27 |      2 |    40 |    +0.7% |   -1.681 |     -735.6 |    -1005.6 |   1067 | dp.rf.rf\[21\]\[20\]$_DFFE_PP_/D
    1386* |       0 |      99 |       22 |      0 |    40 |    +0.6% |   -1.681 |     -727.9 |    -1002.0 |   1067 | aluout[31]
    1390* |       0 |     101 |       22 |      1 |    40 |    +0.6% |   -1.681 |     -729.1 |    -1009.2 |   1067 | dp.rf.rf\[21\]\[20\]$_DFFE_PP_/D
    1400* |       1 |     105 |       26 |      2 |    40 |    +0.7% |   -1.681 |     -729.9 |    -1006.1 |   1067 | dp.rf.rf\[21\]\[20\]$_DFFE_PP_/D
    1409* |       0 |      99 |       22 |      0 |    40 |    +0.6% |   -1.681 |     -727.9 |    -1002.0 |   1067 | aluout[31]
    1410* |       0 |      99 |       22 |      0 |    40 |    +0.6% |   -1.681 |     -727.9 |    -1002.0 |   1067 | aluout[31]
    1420* |       1 |     103 |       25 |      2 |    40 |    +0.7% |   -1.681 |     -730.8 |    -1008.2 |   1067 | dp.rf.rf\[21\]\[20\]$_DFFE_PP_/D
    1430* |       1 |     110 |       28 |      2 |    40 |    +0.8% |   -1.681 |     -735.6 |    -1008.6 |   1067 | dp.rf.rf\[21\]\[20\]$_DFFE_PP_/D
    1432* |       0 |      99 |       22 |      0 |    40 |    +0.6% |   -1.681 |     -727.9 |    -1002.0 |   1067 | aluout[31]
    1440* |       0 |     103 |       23 |      2 |    40 |    +0.7% |   -1.681 |     -730.9 |    -1009.8 |   1067 | dp.rf.rf\[21\]\[20\]$_DFFE_PP_/D
    1450* |       1 |     108 |       27 |      2 |    40 |    +0.8% |   -1.681 |     -735.6 |    -1005.4 |   1067 | dp.rf.rf\[21\]\[20\]$_DFFE_PP_/D
    1455* |       0 |      99 |       22 |      0 |    40 |    +0.6% |   -1.681 |     -727.9 |    -1002.0 |   1067 | aluout[31]
    1460* |       0 |     102 |       22 |      1 |    40 |    +0.6% |   -1.681 |     -728.5 |    -1008.4 |   1067 | dp.rf.rf\[21\]\[20\]$_DFFE_PP_/D
    1470* |       1 |     105 |       27 |      2 |    40 |    +0.7% |   -1.681 |     -728.3 |    -1002.0 |   1067 | dp.rf.rf\[21\]\[20\]$_DFFE_PP_/D
    1478* |       0 |      99 |       22 |      0 |    40 |    +0.6% |   -1.681 |     -727.9 |    -1002.0 |   1067 | aluout[31]
    1480* |       0 |      99 |       22 |      1 |    40 |    +0.6% |   -1.681 |     -741.6 |    -1012.7 |   1067 | aluout[31]
    1490* |       1 |     104 |       25 |      2 |    40 |    +0.7% |   -1.681 |     -728.4 |    -1003.3 |   1067 | dp.rf.rf\[21\]\[20\]$_DFFE_PP_/D
    1500* |       1 |     110 |       29 |      2 |    40 |    +0.8% |   -1.681 |     -734.0 |    -1007.9 |   1067 | dp.rf.rf\[21\]\[20\]$_DFFE_PP_/D
    1500* |       0 |      99 |       22 |      0 |    40 |    +0.6% |   -1.681 |     -727.9 |    -1002.0 |   1067 | aluout[31]
    1510* |       1 |     103 |       24 |      2 |    40 |    +0.7% |   -1.681 |     -728.4 |    -1003.9 |   1067 | dp.rf.rf\[21\]\[20\]$_DFFE_PP_/D
    1520* |       1 |     109 |       28 |      2 |    40 |    +0.8% |   -1.681 |     -734.0 |    -1004.8 |   1067 | dp.rf.rf\[21\]\[20\]$_DFFE_PP_/D
    1523* |       0 |      99 |       22 |      0 |    40 |    +0.6% |   -1.681 |     -727.9 |    -1002.0 |   1067 | aluout[31]
    1530* |       0 |     102 |       23 |      2 |    40 |    +0.7% |   -1.681 |     -728.4 |    -1006.3 |   1067 | dp.rf.rf\[21\]\[20\]$_DFFE_PP_/D
    1540* |       1 |     107 |       27 |      2 |    40 |    +0.7% |   -1.681 |     -734.0 |    -1001.4 |   1067 | dp.rf.rf\[21\]\[20\]$_DFFE_PP_/D
    1546* |       0 |      99 |       22 |      0 |    40 |    +0.6% |   -1.681 |     -727.9 |    -1002.0 |   1067 | aluout[31]
    1550* |       0 |     101 |       22 |      1 |    40 |    +0.6% |   -1.681 |     -729.1 |    -1009.2 |   1067 | dp.rf.rf\[21\]\[20\]$_DFFE_PP_/D
    1560* |       1 |     104 |       27 |      2 |    40 |    +0.7% |   -1.681 |     -728.3 |    -1002.3 |   1067 | dp.rf.rf\[21\]\[20\]$_DFFE_PP_/D
    1569* |       0 |      99 |       22 |      0 |    40 |    +0.6% |   -1.681 |     -727.9 |    -1002.0 |   1067 | aluout[31]
    1570* |       0 |      99 |       22 |      0 |    40 |    +0.6% |   -1.681 |     -727.9 |    -1002.0 |   1067 | aluout[31]
    1580* |       1 |     103 |       25 |      2 |    40 |    +0.7% |   -1.681 |     -728.4 |    -1003.7 |   1067 | dp.rf.rf\[21\]\[20\]$_DFFE_PP_/D
    1590* |       1 |     110 |       28 |      2 |    40 |    +0.8% |   -1.681 |     -734.0 |    -1004.6 |   1067 | dp.rf.rf\[21\]\[20\]$_DFFE_PP_/D
    1592* |       0 |      99 |       22 |      0 |    40 |    +0.6% |   -1.681 |     -727.9 |    -1002.0 |   1067 | aluout[31]
    1600* |       0 |     103 |       23 |      2 |    40 |    +0.7% |   -1.681 |     -728.4 |    -1005.6 |   1067 | dp.rf.rf\[21\]\[20\]$_DFFE_PP_/D
    1610* |       1 |     108 |       27 |      2 |    40 |    +0.8% |   -1.681 |     -734.0 |    -1001.3 |   1067 | dp.rf.rf\[21\]\[20\]$_DFFE_PP_/D
    1615* |       0 |      99 |       22 |      0 |    40 |    +0.6% |   -1.681 |     -727.9 |    -1002.0 |   1067 | aluout[31]
    1620* |       0 |     102 |       22 |      1 |    40 |    +0.6% |   -1.681 |     -728.5 |    -1008.4 |   1067 | dp.rf.rf\[21\]\[20\]$_DFFE_PP_/D
    1630* |       1 |     105 |       27 |      2 |    40 |    +0.7% |   -1.681 |     -728.3 |    -1002.0 |   1067 | dp.rf.rf\[21\]\[20\]$_DFFE_PP_/D
    1640* |       1 |     112 |       30 |      2 |    40 |    +0.8% |   -1.681 |     -733.8 |    -1010.4 |   1067 | dp.rf.rf\[21\]\[20\]$_DFFE_PP_/D
    1641* |       0 |      99 |       22 |      0 |    40 |    +0.6% |   -1.681 |     -727.9 |    -1002.0 |   1067 | aluout[31]
    1650* |       1 |     103 |       23 |      2 |    40 |    +0.7% |   -1.681 |     -728.4 |    -1004.1 |   1067 | dp.rf.rf\[21\]\[20\]$_DFFE_PP_/D
    1660* |       1 |     109 |       27 |      2 |    40 |    +0.8% |   -1.681 |     -734.0 |    -1001.4 |   1067 | dp.rf.rf\[21\]\[20\]$_DFFE_PP_/D
    1667* |       0 |      99 |       22 |      0 |    40 |    +0.6% |   -1.681 |     -727.9 |    -1002.0 |   1067 | aluout[31]
    1670* |       0 |     100 |       22 |      1 |    40 |    +0.6% |   -1.681 |     -732.5 |    -1010.0 |   1067 | dp.rf.rf\[21\]\[20\]$_DFFE_PP_/D
    1680* |       1 |     104 |       26 |      2 |    40 |    +0.7% |   -1.681 |     -728.3 |    -1003.3 |   1067 | dp.rf.rf\[21\]\[20\]$_DFFE_PP_/D
    1690* |       1 |     111 |       29 |      2 |    40 |    +0.8% |   -1.681 |     -733.8 |    -1007.1 |   1067 | dp.rf.rf\[21\]\[20\]$_DFFE_PP_/D
    1693* |       0 |      99 |       22 |      0 |    40 |    +0.6% |   -1.681 |     -727.9 |    -1002.0 |   1067 | aluout[31]
    1700* |       0 |     102 |       23 |      2 |    40 |    +0.7% |   -1.681 |     -728.4 |    -1006.3 |   1067 | dp.rf.rf\[21\]\[20\]$_DFFE_PP_/D
    1700* |       0 |      99 |       22 |      0 |    40 |    +0.6% |   -1.681 |     -727.9 |    -1002.0 |   1067 | aluout[31]
    1710* |       1 |     103 |       24 |      2 |    40 |    +0.7% |   -1.681 |     -728.4 |    -1003.9 |   1067 | dp.rf.rf\[21\]\[20\]$_DFFE_PP_/D
    1720* |       1 |     110 |       27 |      2 |    40 |    +0.8% |   -1.681 |     -733.8 |    -1000.5 |   1067 | dp.rf.rf\[21\]\[20\]$_DFFE_PP_/D
    1726* |       0 |      99 |       22 |      0 |    40 |    +0.6% |   -1.681 |     -727.9 |    -1002.0 |   1067 | aluout[31]
    1730* |       0 |     101 |       22 |      1 |    40 |    +0.6% |   -1.681 |     -729.1 |    -1009.2 |   1067 | dp.rf.rf\[21\]\[20\]$_DFFE_PP_/D
    1740* |       1 |     104 |       27 |      2 |    40 |    +0.7% |   -1.681 |     -728.3 |    -1002.3 |   1067 | dp.rf.rf\[21\]\[20\]$_DFFE_PP_/D
    1750* |       1 |     112 |       29 |      2 |    40 |    +0.8% |   -1.681 |     -733.8 |    -1006.9 |   1067 | dp.rf.rf\[21\]\[20\]$_DFFE_PP_/D
    1752* |       0 |      99 |       22 |      0 |    40 |    +0.6% |   -1.681 |     -727.9 |    -1002.0 |   1067 | aluout[31]
    1760* |       0 |     103 |       23 |      2 |    40 |    +0.7% |   -1.681 |     -728.4 |    -1005.6 |   1067 | dp.rf.rf\[21\]\[20\]$_DFFE_PP_/D
    1770* |       1 |     108 |       27 |      2 |    40 |    +0.8% |   -1.681 |     -734.0 |    -1001.3 |   1067 | dp.rf.rf\[21\]\[20\]$_DFFE_PP_/D
    1778* |       0 |      99 |       22 |      0 |    40 |    +0.6% |   -1.681 |     -727.9 |    -1002.0 |   1067 | aluout[31]
    1780* |       0 |      99 |       22 |      1 |    40 |    +0.6% |   -1.681 |     -741.6 |    -1012.7 |   1067 | aluout[31]
    1790* |       1 |     104 |       25 |      2 |    40 |    +0.7% |   -1.681 |     -728.4 |    -1003.3 |   1067 | dp.rf.rf\[21\]\[20\]$_DFFE_PP_/D
    1800* |       1 |     111 |       28 |      2 |    40 |    +0.8% |   -1.681 |     -733.8 |    -1003.7 |   1067 | dp.rf.rf\[21\]\[20\]$_DFFE_PP_/D
    1804* |       0 |      99 |       22 |      0 |    40 |    +0.6% |   -1.681 |     -727.9 |    -1002.0 |   1067 | aluout[31]
    1810* |       0 |     102 |       22 |      2 |    40 |    +0.7% |   -1.681 |     -731.0 |    -1009.4 |   1067 | dp.rf.rf\[21\]\[20\]$_DFFE_PP_/D
    1820* |       1 |     106 |       27 |      2 |    40 |    +0.7% |   -1.681 |     -728.3 |    -1002.1 |   1067 | dp.rf.rf\[21\]\[20\]$_DFFE_PP_/D
    1830* |       1 |     113 |       30 |      2 |    40 |    +0.8% |   -1.681 |     -733.8 |    -1010.1 |   1067 | dp.rf.rf\[21\]\[20\]$_DFFE_PP_/D
    1830* |       0 |      99 |       22 |      0 |    40 |    +0.6% |   -1.681 |     -727.9 |    -1002.0 |   1067 | aluout[31]
    1840* |       0 |     102 |       23 |      0 |    45 |    +0.6% |   -1.683 |     -729.2 |    -1008.1 |   1067 | dp.rf.rf\[21\]\[20\]$_DFFE_PP_/D
    1843* |       0 |     100 |       23 |      0 |    44 |    +0.6% |   -1.681 |     -727.9 |    -1006.9 |   1067 | aluout[31]
    1850* |       0 |     103 |       23 |      2 |    45 |    +0.7% |   -1.681 |     -727.9 |    -1010.0 |   1067 | aluout[31]
    1852* |       0 |     104 |       23 |      2 |    45 |    +0.7% |   -1.681 |     -727.9 |    -1009.9 |   1067 | aluout[31]
    1853* |       0 |     104 |       23 |      2 |    45 |    +0.7% |   -1.681 |     -727.9 |    -1009.9 |   1067 | aluout[31]
    1854* |       0 |     104 |       23 |      2 |    45 |    +0.7% |   -1.681 |     -727.9 |    -1009.9 |   1067 | aluout[31]
    1855* |       0 |     104 |       23 |      2 |    45 |    +0.7% |   -1.681 |     -727.9 |    -1009.9 |   1067 | aluout[31]
    1856* |       0 |     104 |       23 |      2 |    45 |    +0.7% |   -1.681 |     -727.9 |    -1009.9 |   1067 | aluout[31]
    1857* |       0 |     104 |       23 |      2 |    45 |    +0.7% |   -1.681 |     -727.9 |    -1009.9 |   1067 | aluout[31]
    1860* |       0 |     104 |       23 |      4 |    45 |    +0.8% |   -1.735 |     -758.5 |    -1015.0 |   1067 | dp.rf.rf\[18\]\[27\]$_DFFE_PP_/D
    1866* |       0 |     104 |       23 |      2 |    45 |    +0.7% |   -1.681 |     -727.9 |    -1009.9 |   1067 | aluout[31]
    1870* |       0 |     105 |       23 |      4 |    45 |    +0.8% |   -1.696 |     -736.1 |    -1014.1 |   1067 | dp.rf.rf\[18\]\[27\]$_DFFE_PP_/D
    1875* |       0 |     104 |       23 |      2 |    45 |    +0.7% |   -1.681 |     -727.9 |    -1009.9 |   1067 | aluout[31]
    1880* |       0 |     105 |       24 |      4 |    45 |    +0.8% |   -1.690 |     -732.7 |    -1014.1 |   1067 | dp.rf.rf\[18\]\[27\]$_DFFE_PP_/D
    1884* |       0 |     104 |       23 |      2 |    45 |    +0.7% |   -1.681 |     -727.9 |    -1009.9 |   1067 | aluout[31]
    1890* |       0 |     106 |       24 |      4 |    45 |    +0.8% |   -1.703 |     -740.3 |    -1014.3 |   1067 | dp.rf.rf\[18\]\[27\]$_DFFE_PP_/D
    1895* |       0 |     104 |       23 |      2 |    45 |    +0.7% |   -1.681 |     -727.9 |    -1009.9 |   1067 | aluout[31]
    1900* |       0 |     106 |       23 |      4 |    45 |    +0.8% |   -1.734 |     -757.8 |    -1014.3 |   1067 | dp.rf.rf\[18\]\[27\]$_DFFE_PP_/D
    1900* |       0 |     104 |       23 |      2 |    45 |    +0.7% |   -1.681 |     -727.9 |    -1009.9 |   1067 | aluout[31]
    1909* |       0 |     104 |       23 |      2 |    45 |    +0.7% |   -1.681 |     -727.9 |    -1009.9 |   1067 | aluout[31]
    1910* |       0 |     104 |       23 |      2 |    45 |    +0.7% |   -1.681 |     -727.9 |    -1009.9 |   1067 | aluout[31]
    1920* |       1 |     107 |       27 |      4 |    45 |    +0.8% |   -1.681 |     -728.2 |    -1015.9 |   1067 | dp.rf.rf\[21\]\[20\]$_DFFE_PP_/D
    1920* |       0 |     104 |       23 |      2 |    45 |    +0.7% |   -1.681 |     -727.9 |    -1009.9 |   1067 | aluout[31]
    1929* |       0 |     104 |       23 |      2 |    45 |    +0.7% |   -1.681 |     -727.9 |    -1009.9 |   1067 | aluout[31]
    1930* |       0 |     104 |       23 |      2 |    45 |    +0.7% |   -1.681 |     -727.9 |    -1009.9 |   1067 | aluout[31]
    1940* |       1 |     107 |       27 |      4 |    45 |    +0.8% |   -1.681 |     -728.2 |    -1015.9 |   1067 | dp.rf.rf\[21\]\[20\]$_DFFE_PP_/D
    1940* |       0 |     104 |       23 |      2 |    45 |    +0.7% |   -1.681 |     -727.9 |    -1009.9 |   1067 | aluout[31]
    1949* |       0 |     104 |       23 |      2 |    45 |    +0.7% |   -1.681 |     -727.9 |    -1009.9 |   1067 | aluout[31]
    1950* |       0 |     104 |       23 |      2 |    45 |    +0.7% |   -1.681 |     -727.9 |    -1009.9 |   1067 | aluout[31]
    1958* |       0 |     104 |       23 |      2 |    45 |    +0.7% |   -1.681 |     -727.9 |    -1009.9 |   1067 | aluout[31]
    1960* |       0 |     104 |       23 |      3 |    45 |    +0.7% |   -1.695 |     -735.8 |    -1013.0 |   1067 | dp.rf.rf\[18\]\[27\]$_DFFE_PP_/D
    1967* |       0 |     104 |       23 |      2 |    45 |    +0.7% |   -1.681 |     -727.9 |    -1009.9 |   1067 | aluout[31]
    1970* |       0 |     104 |       23 |      4 |    45 |    +0.8% |   -1.735 |     -758.5 |    -1015.0 |   1067 | dp.rf.rf\[18\]\[27\]$_DFFE_PP_/D
    1978* |       0 |     104 |       23 |      2 |    45 |    +0.7% |   -1.681 |     -727.9 |    -1009.9 |   1067 | aluout[31]
    1980* |       0 |     104 |       23 |      3 |    45 |    +0.7% |   -1.695 |     -735.8 |    -1013.0 |   1067 | dp.rf.rf\[18\]\[27\]$_DFFE_PP_/D
    1989* |       0 |     104 |       23 |      2 |    45 |    +0.7% |   -1.681 |     -727.9 |    -1009.9 |   1067 | aluout[31]
    1990* |       0 |     104 |       23 |      2 |    45 |    +0.7% |   -1.681 |     -727.9 |    -1009.9 |   1067 | aluout[31]
    2000* |       1 |     107 |       27 |      4 |    45 |    +0.8% |   -1.681 |     -728.2 |    -1015.9 |   1067 | dp.rf.rf\[21\]\[20\]$_DFFE_PP_/D
    2000* |       0 |     104 |       23 |      2 |    45 |    +0.7% |   -1.681 |     -727.9 |    -1009.9 |   1067 | aluout[31]
    2000* |       0 |     104 |       23 |      2 |    45 |    +0.7% |   -1.681 |     -727.9 |    -1009.9 |   1067 | aluout[31]
    2000+ |       0 |     104 |       23 |      2 |    45 |    +0.7% |   -1.681 |     -727.9 |    -1009.9 |   1067 | aluout[31]
    2001+ |       0 |     104 |       23 |      2 |    45 |    +0.7% |   -1.681 |     -727.9 |    -1009.9 |   1067 | aluout[31]
    2002+ |       0 |     104 |       23 |      2 |    45 |    +0.7% |   -1.681 |     -727.9 |    -1009.9 |   1067 | aluout[31]
    2003+ |       0 |     104 |       23 |      2 |    45 |    +0.7% |   -1.681 |     -727.9 |    -1009.9 |   1067 | aluout[31]
    2004+ |       0 |     104 |       23 |      2 |    45 |    +0.7% |   -1.681 |     -727.9 |    -1009.9 |   1067 | aluout[31]
    2005+ |       0 |     104 |       23 |      2 |    45 |    +0.7% |   -1.681 |     -727.9 |    -1009.9 |   1067 | aluout[31]
    2006+ |       0 |     104 |       23 |      2 |    45 |    +0.7% |   -1.681 |     -727.9 |    -1009.9 |   1067 | aluout[31]
    2007+ |       0 |     104 |       23 |      2 |    45 |    +0.7% |   -1.681 |     -727.9 |    -1009.9 |   1067 | aluout[31]
    2008+ |       0 |     104 |       23 |      2 |    45 |    +0.7% |   -1.681 |     -727.9 |    -1009.9 |   1067 | aluout[31]
    2009+ |       0 |     104 |       23 |      2 |    45 |    +0.7% |   -1.681 |     -727.9 |    -1009.9 |   1067 | aluout[31]
    2010+ |       0 |     104 |       23 |      2 |    45 |    +0.7% |   -1.681 |     -727.9 |    -1009.9 |   1067 | aluout[31]
    2010+ |       0 |     104 |       23 |      2 |    45 |    +0.7% |   -1.681 |     -727.9 |    -1009.9 |   1067 | aluout[31]
    2011+ |       0 |     104 |       23 |      2 |    45 |    +0.7% |   -1.681 |     -727.9 |    -1009.9 |   1067 | aluout[31]
    2012+ |       0 |     104 |       23 |      2 |    45 |    +0.7% |   -1.681 |     -727.9 |    -1009.9 |   1067 | aluout[31]
    2013+ |       0 |     104 |       23 |      2 |    45 |    +0.7% |   -1.681 |     -727.9 |    -1009.9 |   1067 | aluout[31]
    2014+ |       0 |     104 |       23 |      2 |    45 |    +0.7% |   -1.681 |     -727.9 |    -1009.9 |   1067 | aluout[31]
    2015+ |       0 |     104 |       23 |      2 |    45 |    +0.7% |   -1.681 |     -727.9 |    -1009.9 |   1067 | aluout[31]
    2016+ |       0 |     104 |       23 |      2 |    45 |    +0.7% |   -1.681 |     -727.9 |    -1009.9 |   1067 | aluout[31]
    2017+ |       0 |     104 |       23 |      2 |    45 |    +0.7% |   -1.681 |     -727.9 |    -1009.9 |   1067 | aluout[31]
    2018+ |       0 |     104 |       23 |      2 |    45 |    +0.7% |   -1.681 |     -727.9 |    -1009.9 |   1067 | aluout[31]
    2019+ |       0 |     104 |       23 |      2 |    45 |    +0.7% |   -1.681 |     -727.9 |    -1009.9 |   1067 | aluout[31]
    2020+ |       0 |     104 |       23 |      2 |    45 |    +0.7% |   -1.681 |     -727.9 |    -1009.9 |   1067 | aluout[31]
    2020+ |       0 |     104 |       23 |      2 |    45 |    +0.7% |   -1.681 |     -727.9 |    -1009.9 |   1067 | aluout[31]
    2021+ |       0 |     104 |       23 |      2 |    45 |    +0.7% |   -1.681 |     -727.9 |    -1009.9 |   1067 | aluout[31]
    2022+ |       0 |     104 |       23 |      2 |    45 |    +0.7% |   -1.681 |     -727.9 |    -1009.9 |   1067 | aluout[31]
    2023+ |       0 |     104 |       23 |      2 |    45 |    +0.7% |   -1.681 |     -727.9 |    -1009.9 |   1067 | aluout[31]
    2024+ |       0 |     104 |       23 |      2 |    45 |    +0.7% |   -1.681 |     -727.9 |    -1009.9 |   1067 | aluout[31]
    2025+ |       0 |     104 |       23 |      2 |    45 |    +0.7% |   -1.681 |     -727.9 |    -1009.9 |   1067 | aluout[31]
    2026+ |       0 |     104 |       23 |      2 |    45 |    +0.7% |   -1.681 |     -727.9 |    -1009.9 |   1067 | aluout[31]
    2027+ |       0 |     104 |       23 |      2 |    45 |    +0.7% |   -1.681 |     -727.9 |    -1009.9 |   1067 | aluout[31]
    2028+ |       0 |     104 |       23 |      2 |    45 |    +0.7% |   -1.681 |     -727.9 |    -1009.9 |   1067 | aluout[31]
    2030+ |       0 |     105 |       23 |      2 |    45 |    +0.7% |   -1.681 |     -727.9 |    -1009.8 |   1067 | aluout[31]
    2031+ |       0 |     106 |       23 |      2 |    45 |    +0.7% |   -1.681 |     -727.9 |    -1009.8 |   1067 | aluout[31]
    2032+ |       0 |     106 |       23 |      2 |    45 |    +0.7% |   -1.681 |     -727.9 |    -1009.8 |   1067 | aluout[31]
    2033+ |       0 |     106 |       23 |      2 |    45 |    +0.7% |   -1.681 |     -727.9 |    -1009.8 |   1067 | aluout[31]
    2034+ |       0 |     106 |       23 |      2 |    45 |    +0.7% |   -1.681 |     -727.9 |    -1009.8 |   1067 | aluout[31]
    2035+ |       0 |     106 |       23 |      2 |    45 |    +0.7% |   -1.681 |     -727.9 |    -1009.8 |   1067 | aluout[31]
    2037+ |       0 |     107 |       23 |      2 |    45 |    +0.7% |   -1.681 |     -727.9 |    -1009.7 |   1067 | aluout[31]
    2038+ |       0 |     107 |       23 |      2 |    45 |    +0.7% |   -1.681 |     -727.9 |    -1009.7 |   1067 | aluout[31]
    2040+ |       0 |     108 |       23 |      2 |    45 |    +0.7% |   -1.681 |     -727.9 |    -1007.7 |   1067 | aluout[31]
    2040+ |       0 |     108 |       23 |      2 |    45 |    +0.7% |   -1.681 |     -727.9 |    -1007.7 |   1067 | aluout[31]
    2041+ |       0 |     108 |       23 |      2 |    45 |    +0.7% |   -1.681 |     -727.9 |    -1007.7 |   1067 | aluout[31]
    2042+ |       0 |     108 |       23 |      2 |    45 |    +0.7% |   -1.681 |     -727.9 |    -1007.7 |   1067 | aluout[31]
    2043+ |       0 |     108 |       23 |      2 |    45 |    +0.7% |   -1.681 |     -727.9 |    -1007.7 |   1067 | aluout[31]
    2044+ |       0 |     108 |       23 |      2 |    45 |    +0.7% |   -1.681 |     -727.9 |    -1007.7 |   1067 | aluout[31]
    2045+ |       0 |     108 |       23 |      2 |    45 |    +0.7% |   -1.681 |     -727.9 |    -1007.7 |   1067 | aluout[31]
    2046+ |       0 |     108 |       23 |      2 |    45 |    +0.7% |   -1.681 |     -727.9 |    -1007.7 |   1067 | aluout[31]
    2047+ |       0 |     108 |       23 |      2 |    45 |    +0.7% |   -1.681 |     -727.9 |    -1007.7 |   1067 | aluout[31]
    2048+ |       0 |     108 |       23 |      2 |    45 |    +0.7% |   -1.681 |     -727.9 |    -1007.7 |   1067 | aluout[31]
    2049+ |       0 |     108 |       23 |      2 |    45 |    +0.7% |   -1.681 |     -727.9 |    -1007.7 |   1067 | aluout[31]
    2050+ |       0 |     108 |       23 |      2 |    45 |    +0.7% |   -1.681 |     -727.9 |    -1007.7 |   1067 | aluout[31]
    2050+ |       0 |     108 |       23 |      2 |    45 |    +0.7% |   -1.681 |     -727.9 |    -1007.7 |   1067 | aluout[31]
    2051+ |       0 |     108 |       23 |      2 |    45 |    +0.7% |   -1.681 |     -727.9 |    -1007.7 |   1067 | aluout[31]
    2052+ |       0 |     108 |       23 |      2 |    45 |    +0.7% |   -1.681 |     -727.9 |    -1007.7 |   1067 | aluout[31]
    2053+ |       0 |     108 |       23 |      2 |    45 |    +0.7% |   -1.681 |     -727.9 |    -1007.7 |   1067 | aluout[31]
    2054+ |       0 |     108 |       23 |      2 |    45 |    +0.7% |   -1.681 |     -727.9 |    -1007.7 |   1067 | aluout[31]
    2055+ |       0 |     108 |       23 |      2 |    45 |    +0.7% |   -1.681 |     -727.9 |    -1007.7 |   1067 | aluout[31]
    2056+ |       0 |     108 |       23 |      2 |    45 |    +0.7% |   -1.681 |     -727.9 |    -1007.7 |   1067 | aluout[31]
    2057+ |       0 |     108 |       23 |      2 |    45 |    +0.7% |   -1.681 |     -727.9 |    -1007.7 |   1067 | aluout[31]
    2058+ |       0 |     108 |       23 |      2 |    45 |    +0.7% |   -1.681 |     -727.9 |    -1007.7 |   1067 | aluout[31]
    2059+ |       0 |     108 |       23 |      2 |    45 |    +0.7% |   -1.681 |     -727.9 |    -1007.7 |   1067 | aluout[31]
    2060+ |       0 |     108 |       23 |      2 |    45 |    +0.7% |   -1.681 |     -727.9 |    -1007.7 |   1067 | aluout[31]
    2060+ |       0 |     108 |       23 |      2 |    45 |    +0.7% |   -1.681 |     -727.9 |    -1007.7 |   1067 | aluout[31]
    2061+ |       0 |     108 |       23 |      2 |    45 |    +0.7% |   -1.681 |     -727.9 |    -1007.7 |   1067 | aluout[31]
    2062+ |       0 |     108 |       23 |      2 |    45 |    +0.7% |   -1.681 |     -727.9 |    -1007.7 |   1067 | aluout[31]
    2063+ |       0 |     108 |       23 |      2 |    45 |    +0.7% |   -1.681 |     -727.9 |    -1007.7 |   1067 | aluout[31]
    2064+ |       0 |     108 |       23 |      2 |    45 |    +0.7% |   -1.681 |     -727.9 |    -1007.7 |   1067 | aluout[31]
    2065+ |       0 |     108 |       23 |      2 |    45 |    +0.7% |   -1.681 |     -727.9 |    -1007.7 |   1067 | aluout[31]
    2066+ |       0 |     108 |       23 |      2 |    45 |    +0.7% |   -1.681 |     -727.9 |    -1007.7 |   1067 | aluout[31]
    2067+ |       0 |     108 |       23 |      2 |    45 |    +0.7% |   -1.681 |     -727.9 |    -1007.7 |   1067 | aluout[31]
    2068+ |       0 |     108 |       23 |      2 |    45 |    +0.7% |   -1.681 |     -727.9 |    -1007.7 |   1067 | aluout[31]
    2069+ |       0 |     108 |       23 |      2 |    45 |    +0.7% |   -1.681 |     -727.9 |    -1007.7 |   1067 | aluout[31]
    2070+ |       0 |     108 |       23 |      2 |    45 |    +0.7% |   -1.681 |     -727.9 |    -1007.7 |   1067 | aluout[31]
    2070+ |       0 |     108 |       23 |      2 |    45 |    +0.7% |   -1.681 |     -727.9 |    -1007.7 |   1067 | aluout[31]
    2071+ |       0 |     108 |       23 |      2 |    45 |    +0.7% |   -1.681 |     -727.9 |    -1007.7 |   1067 | aluout[31]
    2072+ |       0 |     108 |       23 |      2 |    45 |    +0.7% |   -1.681 |     -727.9 |    -1007.7 |   1067 | aluout[31]
    2073+ |       0 |     108 |       23 |      2 |    45 |    +0.7% |   -1.681 |     -727.9 |    -1007.7 |   1067 | aluout[31]
    2075+ |       0 |     109 |       23 |      2 |    45 |    +0.7% |   -1.681 |     -727.9 |    -1006.4 |   1067 | aluout[31]
    2076+ |       0 |     109 |       23 |      2 |    45 |    +0.7% |   -1.681 |     -727.9 |    -1006.4 |   1067 | aluout[31]
    2077+ |       0 |     109 |       23 |      2 |    45 |    +0.7% |   -1.681 |     -727.9 |    -1006.4 |   1067 | aluout[31]
    2078+ |       0 |     109 |       23 |      2 |    45 |    +0.7% |   -1.681 |     -727.9 |    -1006.4 |   1067 | aluout[31]
    2079+ |       0 |     109 |       23 |      2 |    45 |    +0.7% |   -1.681 |     -727.9 |    -1006.4 |   1067 | aluout[31]
    2080+ |       0 |     109 |       23 |      2 |    45 |    +0.7% |   -1.681 |     -727.9 |    -1006.4 |   1067 | aluout[31]
    2080+ |       0 |     109 |       23 |      2 |    45 |    +0.7% |   -1.681 |     -727.9 |    -1006.4 |   1067 | aluout[31]
    2081+ |       0 |     109 |       23 |      2 |    45 |    +0.7% |   -1.681 |     -727.9 |    -1006.4 |   1067 | aluout[31]
    2082+ |       0 |     109 |       23 |      2 |    45 |    +0.7% |   -1.681 |     -727.9 |    -1006.4 |   1067 | aluout[31]
    2083+ |       0 |     109 |       23 |      2 |    45 |    +0.7% |   -1.681 |     -727.9 |    -1006.4 |   1067 | aluout[31]
    2084+ |       0 |     109 |       23 |      2 |    45 |    +0.7% |   -1.681 |     -727.9 |    -1006.4 |   1067 | aluout[31]
    2085+ |       0 |     109 |       23 |      2 |    45 |    +0.7% |   -1.681 |     -727.9 |    -1006.4 |   1067 | aluout[31]
    2086+ |       0 |     109 |       23 |      2 |    45 |    +0.7% |   -1.681 |     -727.9 |    -1006.4 |   1067 | aluout[31]
    2087+ |       0 |     109 |       23 |      2 |    45 |    +0.7% |   -1.681 |     -727.9 |    -1006.4 |   1067 | aluout[31]
    2088+ |       0 |     109 |       23 |      2 |    45 |    +0.7% |   -1.681 |     -727.9 |    -1006.4 |   1067 | aluout[31]
    2089+ |       0 |     109 |       23 |      2 |    45 |    +0.7% |   -1.681 |     -727.9 |    -1006.4 |   1067 | aluout[31]
    2090+ |       0 |     109 |       23 |      2 |    45 |    +0.7% |   -1.681 |     -727.9 |    -1006.4 |   1067 | aluout[31]
    2090+ |       0 |     109 |       23 |      2 |    45 |    +0.7% |   -1.681 |     -727.9 |    -1006.4 |   1067 | aluout[31]
    2091+ |       0 |     109 |       23 |      2 |    45 |    +0.7% |   -1.681 |     -727.9 |    -1006.4 |   1067 | aluout[31]
    2092+ |       0 |     109 |       23 |      2 |    45 |    +0.7% |   -1.681 |     -727.9 |    -1006.4 |   1067 | aluout[31]
    2093+ |       0 |     109 |       23 |      2 |    45 |    +0.7% |   -1.681 |     -727.9 |    -1006.4 |   1067 | aluout[31]
    2094+ |       0 |     109 |       23 |      2 |    45 |    +0.7% |   -1.681 |     -727.9 |    -1006.4 |   1067 | aluout[31]
    2095+ |       0 |     109 |       23 |      2 |    45 |    +0.7% |   -1.681 |     -727.9 |    -1006.4 |   1067 | aluout[31]
    2096+ |       0 |     109 |       23 |      2 |    45 |    +0.7% |   -1.681 |     -727.9 |    -1006.4 |   1067 | aluout[31]
    2097+ |       0 |     109 |       23 |      2 |    45 |    +0.7% |   -1.681 |     -727.9 |    -1006.4 |   1067 | aluout[31]
    2098+ |       0 |     109 |       23 |      2 |    45 |    +0.7% |   -1.681 |     -727.9 |    -1006.4 |   1067 | aluout[31]
    2099+ |       0 |     109 |       23 |      2 |    45 |    +0.7% |   -1.681 |     -727.9 |    -1006.4 |   1067 | aluout[31]
    2100+ |       0 |     109 |       23 |      2 |    45 |    +0.7% |   -1.681 |     -727.9 |    -1006.4 |   1067 | aluout[31]
    2101+ |       0 |     109 |       23 |      2 |    45 |    +0.7% |   -1.681 |     -727.9 |    -1006.4 |   1067 | aluout[31]
    2102+ |       0 |     109 |       23 |      2 |    45 |    +0.7% |   -1.681 |     -727.9 |    -1006.4 |   1067 | aluout[31]
    2103+ |       0 |     109 |       23 |      2 |    45 |    +0.7% |   -1.681 |     -727.9 |    -1006.4 |   1067 | aluout[31]
    2104+ |       0 |     109 |       23 |      2 |    45 |    +0.7% |   -1.681 |     -727.9 |    -1006.4 |   1067 | aluout[31]
    2105+ |       0 |     109 |       23 |      2 |    45 |    +0.7% |   -1.681 |     -727.9 |    -1006.4 |   1067 | aluout[31]
    2106+ |       0 |     109 |       23 |      2 |    45 |    +0.7% |   -1.681 |     -727.9 |    -1006.4 |   1067 | aluout[31]
    2107+ |       0 |     109 |       23 |      2 |    45 |    +0.7% |   -1.681 |     -727.9 |    -1006.4 |   1067 | aluout[31]
    2109+ |       0 |     110 |       23 |      2 |    45 |    +0.7% |   -1.681 |     -727.9 |    -1004.8 |   1067 | aluout[31]
    2110+ |       0 |     110 |       23 |      2 |    45 |    +0.7% |   -1.681 |     -727.9 |    -1004.8 |   1067 | aluout[31]
    2110+ |       0 |     110 |       23 |      2 |    45 |    +0.7% |   -1.681 |     -727.9 |    -1004.8 |   1067 | aluout[31]
    2111+ |       0 |     110 |       23 |      2 |    45 |    +0.7% |   -1.681 |     -727.9 |    -1004.8 |   1067 | aluout[31]
    2112+ |       0 |     110 |       23 |      2 |    45 |    +0.7% |   -1.681 |     -727.9 |    -1004.8 |   1067 | aluout[31]
    2113+ |       0 |     110 |       23 |      2 |    45 |    +0.7% |   -1.681 |     -727.9 |    -1004.8 |   1067 | aluout[31]
    2114+ |       0 |     110 |       23 |      2 |    45 |    +0.7% |   -1.681 |     -727.9 |    -1004.8 |   1067 | aluout[31]
    2115+ |       0 |     110 |       23 |      2 |    45 |    +0.7% |   -1.681 |     -727.9 |    -1004.8 |   1067 | aluout[31]
    2116+ |       0 |     110 |       23 |      2 |    45 |    +0.7% |   -1.681 |     -727.9 |    -1004.8 |   1067 | aluout[31]
    2117+ |       0 |     110 |       23 |      2 |    45 |    +0.7% |   -1.681 |     -727.9 |    -1004.8 |   1067 | aluout[31]
    2118+ |       0 |     110 |       23 |      2 |    45 |    +0.7% |   -1.681 |     -727.9 |    -1004.8 |   1067 | aluout[31]
    2119+ |       0 |     110 |       23 |      2 |    45 |    +0.7% |   -1.681 |     -727.9 |    -1004.8 |   1067 | aluout[31]
    2120+ |       0 |     110 |       23 |      2 |    45 |    +0.7% |   -1.681 |     -727.9 |    -1004.8 |   1067 | aluout[31]
    2120+ |       0 |     110 |       23 |      2 |    45 |    +0.7% |   -1.681 |     -727.9 |    -1004.8 |   1067 | aluout[31]
    2121+ |       0 |     110 |       23 |      2 |    45 |    +0.7% |   -1.681 |     -727.9 |    -1004.8 |   1067 | aluout[31]
    2122+ |       0 |     110 |       23 |      2 |    45 |    +0.7% |   -1.681 |     -727.9 |    -1004.8 |   1067 | aluout[31]
    2123+ |       0 |     110 |       23 |      2 |    45 |    +0.7% |   -1.681 |     -727.9 |    -1004.8 |   1067 | aluout[31]
    2124+ |       0 |     110 |       23 |      2 |    45 |    +0.7% |   -1.681 |     -727.9 |    -1004.8 |   1067 | aluout[31]
    2125+ |       0 |     110 |       23 |      2 |    45 |    +0.7% |   -1.681 |     -727.9 |    -1004.8 |   1067 | aluout[31]
    2126+ |       0 |     110 |       23 |      2 |    45 |    +0.7% |   -1.681 |     -727.9 |    -1004.8 |   1067 | aluout[31]
    2127+ |       0 |     110 |       23 |      2 |    45 |    +0.7% |   -1.681 |     -727.9 |    -1004.8 |   1067 | aluout[31]
    2128+ |       0 |     110 |       23 |      2 |    45 |    +0.7% |   -1.681 |     -727.9 |    -1004.8 |   1067 | aluout[31]
    2129+ |       0 |     110 |       23 |      2 |    45 |    +0.7% |   -1.681 |     -727.9 |    -1004.8 |   1067 | aluout[31]
    2130+ |       0 |     110 |       23 |      2 |    45 |    +0.7% |   -1.681 |     -727.9 |    -1004.8 |   1067 | aluout[31]
    2130+ |       0 |     110 |       23 |      2 |    45 |    +0.7% |   -1.681 |     -727.9 |    -1004.8 |   1067 | aluout[31]
    2131+ |       0 |     110 |       23 |      2 |    45 |    +0.7% |   -1.681 |     -727.9 |    -1004.8 |   1067 | aluout[31]
    2132+ |       0 |     110 |       23 |      2 |    45 |    +0.7% |   -1.681 |     -727.9 |    -1004.8 |   1067 | aluout[31]
    2133+ |       0 |     110 |       23 |      2 |    45 |    +0.7% |   -1.681 |     -727.9 |    -1004.8 |   1067 | aluout[31]
    2134+ |       0 |     110 |       23 |      2 |    45 |    +0.7% |   -1.681 |     -727.9 |    -1004.8 |   1067 | aluout[31]
    2135+ |       0 |     110 |       23 |      2 |    45 |    +0.7% |   -1.681 |     -727.9 |    -1004.8 |   1067 | aluout[31]
    2136+ |       0 |     110 |       23 |      2 |    45 |    +0.7% |   -1.681 |     -727.9 |    -1004.8 |   1067 | aluout[31]
    2137+ |       0 |     110 |       23 |      2 |    45 |    +0.7% |   -1.681 |     -727.9 |    -1004.8 |   1067 | aluout[31]
    2138+ |       0 |     110 |       23 |      2 |    45 |    +0.7% |   -1.681 |     -727.9 |    -1004.8 |   1067 | aluout[31]
    2139+ |       0 |     110 |       23 |      2 |    45 |    +0.7% |   -1.681 |     -727.9 |    -1004.8 |   1067 | aluout[31]
    2140+ |       0 |     110 |       23 |      2 |    45 |    +0.7% |   -1.681 |     -727.9 |    -1004.8 |   1067 | aluout[31]
    2140+ |       0 |     110 |       23 |      2 |    45 |    +0.7% |   -1.681 |     -727.9 |    -1004.8 |   1067 | aluout[31]
    2141+ |       0 |     110 |       23 |      2 |    45 |    +0.7% |   -1.681 |     -727.9 |    -1004.8 |   1067 | aluout[31]
    2142+ |       0 |     110 |       23 |      2 |    45 |    +0.7% |   -1.681 |     -727.9 |    -1004.8 |   1067 | aluout[31]
    2143+ |       0 |     110 |       23 |      2 |    45 |    +0.7% |   -1.681 |     -727.9 |    -1004.8 |   1067 | aluout[31]
    2144+ |       0 |     110 |       23 |      2 |    45 |    +0.7% |   -1.681 |     -727.9 |    -1004.8 |   1067 | aluout[31]
    2145+ |       0 |     110 |       23 |      2 |    45 |    +0.7% |   -1.681 |     -727.9 |    -1004.8 |   1067 | aluout[31]
    2146+ |       0 |     110 |       23 |      2 |    45 |    +0.7% |   -1.681 |     -727.9 |    -1004.8 |   1067 | aluout[31]
    2147+ |       0 |     110 |       23 |      2 |    45 |    +0.7% |   -1.681 |     -727.9 |    -1004.8 |   1067 | aluout[31]
    2148+ |       0 |     110 |       23 |      2 |    45 |    +0.7% |   -1.681 |     -727.9 |    -1004.8 |   1067 | aluout[31]
    2149+ |       0 |     110 |       23 |      2 |    45 |    +0.7% |   -1.681 |     -727.9 |    -1004.8 |   1067 | aluout[31]
    2150+ |       0 |     110 |       23 |      2 |    45 |    +0.7% |   -1.681 |     -727.9 |    -1004.8 |   1067 | aluout[31]
    2150+ |       0 |     110 |       23 |      2 |    45 |    +0.7% |   -1.681 |     -727.9 |    -1004.8 |   1067 | aluout[31]
    2151+ |       0 |     110 |       23 |      2 |    45 |    +0.7% |   -1.681 |     -727.9 |    -1004.8 |   1067 | aluout[31]
    2152+ |       0 |     110 |       23 |      2 |    45 |    +0.7% |   -1.681 |     -727.9 |    -1004.8 |   1067 | aluout[31]
    2153+ |       0 |     110 |       23 |      2 |    45 |    +0.7% |   -1.681 |     -727.9 |    -1004.8 |   1067 | aluout[31]
    2154+ |       0 |     110 |       23 |      2 |    45 |    +0.7% |   -1.681 |     -727.9 |    -1004.8 |   1067 | aluout[31]
    2155+ |       0 |     110 |       23 |      2 |    45 |    +0.7% |   -1.681 |     -727.9 |    -1004.8 |   1067 | aluout[31]
    2156+ |       0 |     110 |       23 |      2 |    45 |    +0.7% |   -1.681 |     -727.9 |    -1004.8 |   1067 | aluout[31]
    2157+ |       0 |     110 |       23 |      2 |    45 |    +0.7% |   -1.681 |     -727.9 |    -1004.8 |   1067 | aluout[31]
    2158+ |       0 |     110 |       23 |      2 |    45 |    +0.7% |   -1.681 |     -727.9 |    -1004.8 |   1067 | aluout[31]
    2159+ |       0 |     110 |       23 |      2 |    45 |    +0.7% |   -1.681 |     -727.9 |    -1004.8 |   1067 | aluout[31]
    2160+ |       0 |     110 |       23 |      2 |    45 |    +0.7% |   -1.681 |     -727.9 |    -1004.8 |   1067 | aluout[31]
    2160+ |       0 |     110 |       23 |      2 |    45 |    +0.7% |   -1.681 |     -727.9 |    -1004.8 |   1067 | aluout[31]
    2161+ |       0 |     110 |       23 |      2 |    45 |    +0.7% |   -1.681 |     -727.9 |    -1004.8 |   1067 | aluout[31]
    2162+ |       0 |     110 |       23 |      2 |    45 |    +0.7% |   -1.681 |     -727.9 |    -1004.8 |   1067 | aluout[31]
    2163+ |       0 |     110 |       23 |      2 |    45 |    +0.7% |   -1.681 |     -727.9 |    -1004.8 |   1067 | aluout[31]
    2164+ |       0 |     110 |       23 |      2 |    45 |    +0.7% |   -1.681 |     -727.9 |    -1004.8 |   1067 | aluout[31]
    2165+ |       0 |     110 |       23 |      2 |    45 |    +0.7% |   -1.681 |     -727.9 |    -1004.8 |   1067 | aluout[31]
    2166+ |       0 |     110 |       23 |      2 |    45 |    +0.7% |   -1.681 |     -727.9 |    -1004.8 |   1067 | aluout[31]
    2167+ |       0 |     110 |       23 |      2 |    45 |    +0.7% |   -1.681 |     -727.9 |    -1004.8 |   1067 | aluout[31]
    2168+ |       0 |     110 |       23 |      2 |    45 |    +0.7% |   -1.681 |     -727.9 |    -1004.8 |   1067 | aluout[31]
    2169+ |       0 |     110 |       23 |      2 |    45 |    +0.7% |   -1.681 |     -727.9 |    -1004.8 |   1067 | aluout[31]
    2170+ |       0 |     110 |       23 |      2 |    45 |    +0.7% |   -1.681 |     -727.9 |    -1004.8 |   1067 | aluout[31]
    2170+ |       0 |     110 |       23 |      2 |    45 |    +0.7% |   -1.681 |     -727.9 |    -1004.8 |   1067 | aluout[31]
    2171+ |       0 |     110 |       23 |      2 |    45 |    +0.7% |   -1.681 |     -727.9 |    -1004.8 |   1067 | aluout[31]
    2172+ |       0 |     110 |       23 |      2 |    45 |    +0.7% |   -1.681 |     -727.9 |    -1004.8 |   1067 | aluout[31]
    2173+ |       0 |     110 |       23 |      2 |    45 |    +0.7% |   -1.681 |     -727.9 |    -1004.8 |   1067 | aluout[31]
    2174+ |       0 |     110 |       23 |      2 |    45 |    +0.7% |   -1.681 |     -727.9 |    -1004.8 |   1067 | aluout[31]
    2175+ |       0 |     110 |       23 |      2 |    45 |    +0.7% |   -1.681 |     -727.9 |    -1004.8 |   1067 | aluout[31]
    2176+ |       0 |     110 |       23 |      2 |    45 |    +0.7% |   -1.681 |     -727.9 |    -1004.8 |   1067 | aluout[31]
    2177+ |       0 |     110 |       23 |      2 |    45 |    +0.7% |   -1.681 |     -727.9 |    -1004.8 |   1067 | aluout[31]
    2178+ |       0 |     110 |       23 |      2 |    45 |    +0.7% |   -1.681 |     -727.9 |    -1004.8 |   1067 | aluout[31]
    2179+ |       0 |     110 |       23 |      2 |    45 |    +0.7% |   -1.681 |     -727.9 |    -1004.8 |   1067 | aluout[31]
    2180+ |       0 |     110 |       23 |      2 |    45 |    +0.7% |   -1.681 |     -727.9 |    -1004.8 |   1067 | aluout[31]
    2180+ |       0 |     110 |       23 |      2 |    45 |    +0.7% |   -1.681 |     -727.9 |    -1004.8 |   1067 | aluout[31]
    2181+ |       0 |     110 |       23 |      2 |    45 |    +0.7% |   -1.681 |     -727.9 |    -1004.8 |   1067 | aluout[31]
    2182+ |       0 |     110 |       23 |      2 |    45 |    +0.7% |   -1.681 |     -727.9 |    -1004.8 |   1067 | aluout[31]
    2183+ |       0 |     110 |       23 |      2 |    45 |    +0.7% |   -1.681 |     -727.9 |    -1004.8 |   1067 | aluout[31]
    2184+ |       0 |     110 |       23 |      2 |    45 |    +0.7% |   -1.681 |     -727.9 |    -1004.8 |   1067 | aluout[31]
    2185+ |       0 |     110 |       23 |      2 |    45 |    +0.7% |   -1.681 |     -727.9 |    -1004.8 |   1067 | aluout[31]
    2186+ |       0 |     110 |       23 |      2 |    45 |    +0.7% |   -1.681 |     -727.9 |    -1004.8 |   1067 | aluout[31]
    2187+ |       0 |     110 |       23 |      2 |    45 |    +0.7% |   -1.681 |     -727.9 |    -1004.8 |   1067 | aluout[31]
    2188+ |       0 |     110 |       23 |      2 |    45 |    +0.7% |   -1.681 |     -727.9 |    -1004.8 |   1067 | aluout[31]
    2189+ |       0 |     110 |       23 |      2 |    45 |    +0.7% |   -1.681 |     -727.9 |    -1004.8 |   1067 | aluout[31]
    2190+ |       0 |     110 |       23 |      2 |    45 |    +0.7% |   -1.681 |     -727.9 |    -1004.8 |   1067 | aluout[31]
    2190+ |       0 |     110 |       23 |      2 |    45 |    +0.7% |   -1.681 |     -727.9 |    -1004.8 |   1067 | aluout[31]
    2191+ |       0 |     110 |       23 |      2 |    45 |    +0.7% |   -1.681 |     -727.9 |    -1004.8 |   1067 | aluout[31]
    2192+ |       0 |     110 |       23 |      2 |    45 |    +0.7% |   -1.681 |     -727.9 |    -1004.8 |   1067 | aluout[31]
    2193+ |       0 |     110 |       23 |      2 |    45 |    +0.7% |   -1.681 |     -727.9 |    -1004.8 |   1067 | aluout[31]
    2194+ |       0 |     110 |       23 |      2 |    45 |    +0.7% |   -1.681 |     -727.9 |    -1004.8 |   1067 | aluout[31]
    2195+ |       0 |     110 |       23 |      2 |    45 |    +0.7% |   -1.681 |     -727.9 |    -1004.8 |   1067 | aluout[31]
    2196+ |       0 |     110 |       23 |      2 |    45 |    +0.7% |   -1.681 |     -727.9 |    -1004.8 |   1067 | aluout[31]
    2197+ |       0 |     110 |       23 |      2 |    45 |    +0.7% |   -1.681 |     -727.9 |    -1004.8 |   1067 | aluout[31]
    2198+ |       0 |     110 |       23 |      2 |    45 |    +0.7% |   -1.681 |     -727.9 |    -1004.8 |   1067 | aluout[31]
    2199+ |       0 |     110 |       23 |      2 |    45 |    +0.7% |   -1.681 |     -727.9 |    -1004.8 |   1067 | aluout[31]
    2200+ |       0 |     110 |       23 |      2 |    45 |    +0.7% |   -1.681 |     -727.9 |    -1004.8 |   1067 | aluout[31]
    final |       0 |     110 |       23 |      2 |    45 |    +0.7% |   -1.681 |     -727.9 |    -1004.8 |   1067 | aluout[31]
------------------------------------------------------------------------------------------------------------------------------
[INFO RSZ-0040] Inserted 23 buffers.
[INFO RSZ-0051] Resized 110 instances: 110 up, 0 up match, 0 down, 0 VT
[INFO RSZ-0043] Swapped pins on 45 instances.
[INFO RSZ-0049] Cloned 2 instances.
[WARNING RSZ-0062] Unable to repair all setup violations.
[INFO RSZ-0505] Runtime: 48.51s
[INFO RSZ-0033] No hold violations found.
[INFO RSZ-0506] Runtime: 0.01s
Took 49 seconds: repair_timing -setup_margin 0 -hold_margin 0 -repair_tns 100 -match_cell_footprint -verbose
Warning: master sky130_ef_sc_hd__decap_12 has signal pins but no liberty cell
Repair timing output passed lec test
detailed_placement
[INFO DPL-0006] Core area: 139359.91 um^2
[INFO DPL-0007] Movable instances area: 73320.32 um^2
[INFO DPL-0008] Fixed instances area within core: 2347.25 um^2
[INFO DPL-0009] Utilization: 54.3%
[INFO DPL-0005] Diamond search max displacement: +/- 500 sites horizontally, +/- 100 rows vertically.
[INFO DPL-1102] Legalizing using negotiation legalizer.
[INFO DPL-1103] Negotiation base search window: +/-20 sites horizontally, +/-5 rows vertically 
	Automatic search window extension enabled.
	Search window extendable up to the max displacement cap of +/-500 sites, +/-100 rows near walls.
[INFO DPL-1104] NegotiationLegalizer DRC penalty: 5.
[INFO DPL-0392] Negotiation cell height distribution (1 unique row-count(s)):
[INFO DPL-0393]   height 1 row(s): 7525 cells
          |      Total |  Illegal |  Illegal
Iteration | Violations |    Cells |    Sites
---------------------------------------------
        0 |        143 |        23 |       120
        1 |          0 |         0 |         0
Negotiation phase 1 converged at iteration 1.
[INFO DPL-0500] Runtime: 0.04s
Placement Analysis
---------------------------------
total displacement        254.0 u
average displacement        0.0 u
max displacement           16.3 u
original HPWL          186368.8 u
legalized HPWL         186604.6 u
delta HPWL                    0 %

estimate_parasitics -placement
Report metrics stage 4, cts final...

==========================================================================
cts final report_design_area
--------------------------------------------------------------------------
Design area 75668 um^2 54% utilization.
write_db ./results/sky130hd/riscv32i/base/4_1_cts.odb
write_sdc -no_timestamp ./results/sky130hd/riscv32i/base/4_cts.sdc
Elapsed time: 0:55.34[h:]min:sec. CPU time: user 99.48 sys 60.29 (288%). Peak memory: 192040KB.
Log                       Ext     Elapsed/s Peak Memory/MB sha1sum result [0:20)
4_1_cts                   .odb           55            187 57a89556ebc52d46fcb5
cp ./results/sky130hd/riscv32i/base/4_1_cts.odb ./results/sky130hd/riscv32i/base/4_cts.odb
/home/lunarch/orfs-clean/flow/scripts/flow.sh 5_1_grt global_route
Running global_route.tcl, stage 5_1_grt
read_liberty /home/lunarch/orfs-clean/flow/platforms/sky130hd/lib/sky130_fd_sc_hd__tt_025C_1v80.lib
read_db ./results/sky130hd/riscv32i/base/4_cts.odb
read_sdc ./results/sky130hd/riscv32i/base/4_cts.sdc
source /home/lunarch/orfs-clean/flow/platforms/sky130hd/setRC.tcl
pin_access
[INFO DRT-0149] Reading tech and libs.
[WARNING DRT-0349] LEF58_ENCLOSURE with no CUTCLASS is not supported. Skipping for layer mcon
[WARNING DRT-0349] LEF58_ENCLOSURE with no CUTCLASS is not supported. Skipping for layer mcon
[WARNING DRT-0349] LEF58_ENCLOSURE with no CUTCLASS is not supported. Skipping for layer via
[WARNING DRT-0349] LEF58_ENCLOSURE with no CUTCLASS is not supported. Skipping for layer via
[WARNING DRT-0349] LEF58_ENCLOSURE with no CUTCLASS is not supported. Skipping for layer via2
[WARNING DRT-0349] LEF58_ENCLOSURE with no CUTCLASS is not supported. Skipping for layer via2
[WARNING DRT-0349] LEF58_ENCLOSURE with no CUTCLASS is not supported. Skipping for layer via3
[WARNING DRT-0349] LEF58_ENCLOSURE with no CUTCLASS is not supported. Skipping for layer via3
[WARNING DRT-0349] LEF58_ENCLOSURE with no CUTCLASS is not supported. Skipping for layer via4
[WARNING DRT-0349] LEF58_ENCLOSURE with no CUTCLASS is not supported. Skipping for layer via4

Units:                1000
Number of layers:     13
Number of macros:     441
Number of vias:       29
Number of viarulegen: 25

[INFO DRT-0150] Reading design.

Design:                   riscv
Die area:                 ( 0 0 ) ( 376625 376625 )
Number of track patterns: 12
Number of DEF vias:       0
Number of components:     7525
Number of terminals:      167
Number of snets:          2
Number of nets:           5723

[INFO DRT-0167] List of default vias:
  Layer via
    default via: M1M2_PR
  Layer via2
    default via: M2M3_PR
  Layer via3
    default via: M3M4_PR
  Layer via4
    default via: M4M5_PR
[INFO DRT-0162] Library cell analysis.
[INFO DRT-0163] Instance analysis.
[INFO DRT-0164] Number of unique instances = 246.
[INFO DRT-0168] Init region query.
[INFO DRT-0024]   Complete FR_MASTERSLICE.
[INFO DRT-0024]   Complete Fr_VIA.
[INFO DRT-0024]   Complete li1.
[INFO DRT-0024]   Complete mcon.
[INFO DRT-0024]   Complete met1.
[INFO DRT-0024]   Complete via.
[INFO DRT-0024]   Complete met2.
[INFO DRT-0024]   Complete via2.
[INFO DRT-0024]   Complete met3.
[INFO DRT-0024]   Complete via3.
[INFO DRT-0024]   Complete met4.
[INFO DRT-0024]   Complete via4.
[INFO DRT-0024]   Complete met5.
[INFO DRT-0033] FR_MASTERSLICE shape region query size = 0.
[INFO DRT-0033] FR_VIA shape region query size = 0.
[INFO DRT-0033] li1 shape region query size = 209843.
[INFO DRT-0033] mcon shape region query size = 134140.
[INFO DRT-0033] met1 shape region query size = 36563.
[INFO DRT-0033] via shape region query size = 9315.
[INFO DRT-0033] met2 shape region query size = 5660.
[INFO DRT-0033] via2 shape region query size = 7452.
[INFO DRT-0033] met3 shape region query size = 5683.
[INFO DRT-0033] via3 shape region query size = 7452.
[INFO DRT-0033] met4 shape region query size = 2255.
[INFO DRT-0033] via4 shape region query size = 365.
[INFO DRT-0033] met5 shape region query size = 419.
[INFO DRT-0165] Start pin access.
[INFO DRT-0076]   Complete 1000 pins.
[INFO DRT-0076]   Complete 2000 pins.
[INFO DRT-0078]   Complete 2017 pins.
[INFO DRT-0079]   Complete 100 unique inst patterns.
[INFO DRT-0079]   Complete 200 unique inst patterns.
[INFO DRT-0081]   Complete 246 unique inst patterns.
[INFO DRT-0084]   Complete 3845 groups.
#scanned instances     = 7525
#unique  instances     = 246
#stdCellGenAp          = 8129
#stdCellValidPlanarAp  = 82
#stdCellValidViaAp     = 6002
#stdCellPinNoAp        = 3
#stdCellPinCnt         = 20980
#instTermValidViaApCnt = 0
#macroGenAp            = 0
#macroValidPlanarAp    = 0
#macroValidViaAp       = 0
#macroNoAp             = 0
[INFO DRT-0166] Complete pin access.
[INFO DRT-0267] cpu time = 00:04:43, elapsed time = 00:00:24, memory = 176.61 (MB), peak = 175.23 (MB)
Took 24 seconds: pin_access
global_route -congestion_report_file ./reports/sky130hd/riscv32i/base/congestion.rpt -congestion_iterations 30 -congestion_report_iter_step 5 -verbose
[INFO GRT-0020] Min routing layer: met1
[INFO GRT-0021] Max routing layer: met5
[INFO GRT-0022] Global adjustment: 0%
[INFO GRT-0023] Grid origin: (0, 0)
[INFO GRT-0088] Layer li1     Track-Pitch = 0.4600  line-2-Via Pitch: 0.3400
[INFO GRT-0088] Layer met1    Track-Pitch = 0.3400  line-2-Via Pitch: 0.3400
[INFO GRT-0088] Layer met2    Track-Pitch = 0.4600  line-2-Via Pitch: 0.3500
[INFO GRT-0088] Layer met3    Track-Pitch = 0.6800  line-2-Via Pitch: 0.6150
[INFO GRT-0088] Layer met4    Track-Pitch = 0.9200  line-2-Via Pitch: 1.0400
[INFO GRT-0088] Layer met5    Track-Pitch = 3.4000  line-2-Via Pitch: 3.1100
[INFO GRT-0003] Macros: 0
[INFO GRT-0004] Blockages: 27385
[INFO GRT-0019] Found 111 clock nets.
[INFO GRT-0001] Minimum degree: 2
[INFO GRT-0002] Maximum degree: 51

[INFO GRT-0053] Routing resources analysis:
          Routing      Original      Derated      Resource
Layer     Direction    Resources     Resources    Reduction (%)
---------------------------------------------------------------
li1        Vertical            0             0          0.00%
met1       Horizontal      42707         32987          22.76%
met2       Vertical        37471         28832          23.06%
met3       Horizontal      27958         21938          21.53%
met4       Vertical        18497         13038          29.51%
met5       Horizontal       4028          2915          27.63%
---------------------------------------------------------------

[INFO GRT-0101] Running extra iterations to remove congestion.
[INFO GRT-0102] Start extra iteration 1/30
[INFO GRT-0102] Start extra iteration 2/30
[INFO GRT-0102] Start extra iteration 3/30
[INFO GRT-0197] Via related to pin nodes: 36606
[INFO GRT-0198] Via related Steiner nodes: 1233
[INFO GRT-0199] Via filling finished.
[INFO GRT-0111] Final number of vias: 47527
[INFO GRT-0112] Final usage 3D: 179769

[INFO GRT-0096] Final congestion report:
Layer         Resource        Demand        Usage (%)    Max H / Max V / Total Congestion
---------------------------------------------------------------------------------------
li1                  0             0            0.00%             0 /  0 /  0
met1             32987         16565           50.22%             0 /  0 /  0
met2             28832         15964           55.37%             0 /  0 /  0
met3             21938          2305           10.51%             0 /  0 /  0
met4             13038          2354           18.05%             0 /  0 /  0
met5              2915             0            0.00%             0 /  0 /  0
---------------------------------------------------------------------------------------
Total            99710         37188           37.30%             0 /  0 /  0

[INFO GRT-0018] Total wirelength: 370343 um
[INFO GRT-0014] Routed nets: 5683
[INFO GRT-0303] Global routing runtime = 00:00:01
[WARNING STA-0450] virtual clock vclk_clk can not be propagated.
estimate_parasitics -global_routing
Perform buffer insertion and gate resizing...
repair_design -verbose
Iteration |   Area    | Resized | Buffers | Nets repaired | Remaining
---------------------------------------------------------------------
        0 |     +0.0% |       0 |       0 |             0 |      5853
     1000 |     +0.0% |       0 |       0 |             0 |      4853
[WARNING RSZ-0104] Net _3398_ only has one pin. Check if it is intended to be dangling.
[WARNING RSZ-0104] Net _3388_ only has one pin. Check if it is intended to be dangling.
[WARNING RSZ-0104] Net _3387_ only has one pin. Check if it is intended to be dangling.
[WARNING RSZ-0104] Net _3385_ only has one pin. Check if it is intended to be dangling.
[WARNING RSZ-0104] Net _3379_ only has one pin. Check if it is intended to be dangling.
[WARNING RSZ-0104] Net _3376_ only has one pin. Check if it is intended to be dangling.
[WARNING RSZ-0104] Net _3375_ only has one pin. Check if it is intended to be dangling.
[WARNING RSZ-0104] Net _3404_ only has one pin. Check if it is intended to be dangling.
[WARNING RSZ-0104] Net _3401_ only has one pin. Check if it is intended to be dangling.
[WARNING RSZ-0104] Net _3399_ only has one pin. Check if it is intended to be dangling.
[WARNING RSZ-0104] Net _3397_ only has one pin. Check if it is intended to be dangling.
[WARNING RSZ-0104] Net _3395_ only has one pin. Check if it is intended to be dangling.
[WARNING RSZ-0104] Net _3393_ only has one pin. Check if it is intended to be dangling.
[WARNING RSZ-0104] Net _3392_ only has one pin. Check if it is intended to be dangling.
[WARNING RSZ-0104] Net _3391_ only has one pin. Check if it is intended to be dangling.
[WARNING RSZ-0104] Net _3390_ only has one pin. Check if it is intended to be dangling.
[WARNING RSZ-0104] Net _3389_ only has one pin. Check if it is intended to be dangling.
[WARNING RSZ-0104] Net _3386_ only has one pin. Check if it is intended to be dangling.
[WARNING RSZ-0104] Net _3384_ only has one pin. Check if it is intended to be dangling.
[WARNING RSZ-0104] Net _3382_ only has one pin. Check if it is intended to be dangling.
[WARNING RSZ-0104] Net _3381_ only has one pin. Check if it is intended to be dangling.
[WARNING RSZ-0104] Net _3378_ only has one pin. Check if it is intended to be dangling.
[WARNING RSZ-0104] Net _3377_ only has one pin. Check if it is intended to be dangling.
[WARNING RSZ-0104] Net _3405_ only has one pin. Check if it is intended to be dangling.
[WARNING RSZ-0104] Net _3403_ only has one pin. Check if it is intended to be dangling.
[WARNING RSZ-0104] Net _3402_ only has one pin. Check if it is intended to be dangling.
[WARNING RSZ-0104] Net _3400_ only has one pin. Check if it is intended to be dangling.
[WARNING RSZ-0104] Net _3396_ only has one pin. Check if it is intended to be dangling.
[WARNING RSZ-0104] Net _3394_ only has one pin. Check if it is intended to be dangling.
[WARNING RSZ-0104] Net _3380_ only has one pin. Check if it is intended to be dangling.
[WARNING RSZ-0104] Net _3374_ only has one pin. Check if it is intended to be dangling.
[WARNING RSZ-0104] Net _3383_ only has one pin. Check if it is intended to be dangling.
     2000 |     +0.0% |       0 |       0 |             0 |      3853
[WARNING RSZ-0104] Net _3409_ only has one pin. Check if it is intended to be dangling.
[WARNING RSZ-0104] Net _3407_ only has one pin. Check if it is intended to be dangling.
[WARNING RSZ-0104] Net _3408_ only has one pin. Check if it is intended to be dangling.
[WARNING RSZ-0104] Net _3406_ only has one pin. Check if it is intended to be dangling.
     3000 |     +0.0% |       0 |       0 |             0 |      2853
[WARNING RSZ-0104] Net _3413_ only has one pin. Check if it is intended to be dangling.
[WARNING RSZ-0104] Net _3412_ only has one pin. Check if it is intended to be dangling.
[WARNING RSZ-0104] Net _3411_ only has one pin. Check if it is intended to be dangling.
[WARNING RSZ-0104] Net _3410_ only has one pin. Check if it is intended to be dangling.
     4000 |     +0.0% |       0 |       0 |             0 |      1853
     5000 |     +0.0% |       0 |       0 |             0 |       853
    final |     +0.0% |       0 |       0 |             0 |         0
---------------------------------------------------------------------
[INFO RSZ-0504] Runtime: 0.44s
global_route -start_incremental
detailed_placement
[INFO DPL-0006] Core area: 139359.91 um^2
[INFO DPL-0007] Movable instances area: 73320.32 um^2
[INFO DPL-0008] Fixed instances area within core: 2347.25 um^2
[INFO DPL-0009] Utilization: 54.3%
[INFO DPL-0005] Diamond search max displacement: +/- 500 sites horizontally, +/- 100 rows vertically.
[INFO DPL-1102] Legalizing using negotiation legalizer.
[INFO DPL-1103] Negotiation base search window: +/-20 sites horizontally, +/-5 rows vertically 
	Automatic search window extension enabled.
	Search window extendable up to the max displacement cap of +/-500 sites, +/-100 rows near walls.
[INFO DPL-1104] NegotiationLegalizer DRC penalty: 5.
[INFO DPL-0392] Negotiation cell height distribution (1 unique row-count(s)):
[INFO DPL-0393]   height 1 row(s): 7525 cells
[INFO DPL-0500] Runtime: 0.04s
Placement Analysis
---------------------------------
total displacement          0.0 u
average displacement        0.0 u
max displacement            0.0 u
original HPWL          186604.6 u
legalized HPWL         186604.6 u
delta HPWL                    0 %

global_route -end_incremental -congestion_report_file ./reports/sky130hd/riscv32i/base/congestion_post_repair_design.rpt
Repair setup and hold violations...
estimate_parasitics -global_routing
repair_timing -setup_margin 0 -hold_margin 0 -repair_tns 100 -verbose
[INFO RSZ-0100] Repair move sequence: UnbufferMove SizeUpMove SwapPinsMove BufferMove CloneMove SplitLoadMove 
[INFO RSZ-0094] Found 1083 endpoints with setup violations.
[INFO RSZ-0099] Repairing 1083 out of 1083 (100.00%) violating endpoints...
   Iter   | Removed | Resized | Inserted | Cloned |  Pin  |   Area   |    WNS   |   StTNS    |   EnTNS    |  Viol  |  Worst  
          | Buffers |  Gates  | Buffers  |  Gates | Swaps |          |          |            |            | Endpts | St/EnPt 
------------------------------------------------------------------------------------------------------------------------------
       0* |       0 |       0 |        0 |      0 |     0 |    +0.0% |   -2.071 |     -982.1 |    -1350.7 |   1083 | dp.rf.rf\[19\]\[20\]$_DFFE_PP_/D
      10* |       0 |       4 |        0 |      2 |     3 |    +0.1% |   -2.038 |    -1008.4 |    -1275.4 |   1083 | dp.rf.rf\[19\]\[20\]$_DFFE_PP_/D
      20* |       0 |       8 |        3 |      3 |     5 |    +0.2% |   -1.944 |     -993.3 |    -1239.9 |   1083 | dp.rf.rf\[11\]\[20\]$_DFFE_PP_/D
      30* |       0 |      11 |        5 |      3 |    10 |    +0.2% |   -2.030 |    -1031.3 |    -1287.8 |   1083 | dp.rf.rf\[11\]\[20\]$_DFFE_PP_/D
      40* |       0 |      16 |        7 |      3 |    13 |    +0.3% |   -2.129 |    -1089.6 |    -1297.3 |   1083 | dp.rf.rf\[11\]\[20\]$_DFFE_PP_/D
      50* |       2 |      17 |        7 |      3 |    20 |    +0.3% |   -1.974 |     -995.1 |    -1273.8 |   1083 | dp.rf.rf\[20\]\[30\]$_DFFE_PP_/D
      60* |       2 |      20 |        8 |      6 |    23 |    +0.4% |   -2.005 |     -994.9 |    -1282.0 |   1083 | dp.rf.rf\[2\]\[29\]$_DFFE_PP_/D
      70* |       2 |      24 |        9 |      9 |    25 |    +0.5% |   -2.043 |    -1032.6 |    -1283.6 |   1083 | dp.rf.rf\[16\]\[30\]$_DFFE_PP_/D
      72* |       0 |       9 |        4 |      3 |     5 |    +0.2% |   -1.927 |     -985.2 |    -1237.4 |   1083 | dp.rf.rf\[11\]\[20\]$_DFFE_PP_/D
      80* |       0 |      14 |        6 |      3 |     5 |    +0.3% |   -1.882 |     -976.4 |    -1238.6 |   1083 | dp.rf.rf\[20\]\[30\]$_DFFE_PP_/D
      85* |       0 |      14 |        6 |      3 |     5 |    +0.3% |   -1.882 |     -976.4 |    -1238.6 |   1083 | dp.rf.rf\[20\]\[30\]$_DFFE_PP_/D
      90* |       1 |      17 |        6 |      3 |     5 |    +0.3% |   -1.909 |     -969.1 |    -1243.9 |   1083 | dp.rf.rf\[20\]\[30\]$_DFFE_PP_/D
      91* |       0 |      14 |        6 |      3 |     5 |    +0.3% |   -1.882 |     -976.4 |    -1238.6 |   1083 | dp.rf.rf\[20\]\[30\]$_DFFE_PP_/D
      97* |       0 |      14 |        6 |      3 |     5 |    +0.3% |   -1.882 |     -976.4 |    -1238.6 |   1083 | dp.rf.rf\[20\]\[30\]$_DFFE_PP_/D
     100* |       0 |      16 |        6 |      3 |     5 |    +0.3% |   -1.909 |     -976.7 |    -1248.1 |   1083 | dp.rf.rf\[20\]\[30\]$_DFFE_PP_/D
     103* |       0 |      14 |        6 |      3 |     5 |    +0.3% |   -1.882 |     -976.4 |    -1238.6 |   1083 | dp.rf.rf\[20\]\[30\]$_DFFE_PP_/D
     109* |       0 |      14 |        6 |      3 |     5 |    +0.3% |   -1.882 |     -976.4 |    -1238.6 |   1083 | dp.rf.rf\[20\]\[30\]$_DFFE_PP_/D
     110* |       0 |      14 |        6 |      3 |     5 |    +0.3% |   -1.882 |     -976.4 |    -1238.6 |   1083 | dp.rf.rf\[20\]\[30\]$_DFFE_PP_/D
     115* |       0 |      14 |        6 |      3 |     5 |    +0.3% |   -1.882 |     -976.4 |    -1238.6 |   1083 | dp.rf.rf\[20\]\[30\]$_DFFE_PP_/D
     120* |       1 |      17 |        6 |      3 |     5 |    +0.3% |   -1.909 |     -969.1 |    -1243.9 |   1083 | dp.rf.rf\[20\]\[30\]$_DFFE_PP_/D
     121* |       0 |      14 |        6 |      3 |     5 |    +0.3% |   -1.882 |     -976.4 |    -1238.6 |   1083 | dp.rf.rf\[20\]\[30\]$_DFFE_PP_/D
     127* |       0 |      14 |        6 |      3 |     5 |    +0.3% |   -1.882 |     -976.4 |    -1238.6 |   1083 | dp.rf.rf\[20\]\[30\]$_DFFE_PP_/D
     130* |       0 |      16 |        6 |      3 |     5 |    +0.3% |   -1.909 |     -976.7 |    -1248.1 |   1083 | dp.rf.rf\[20\]\[30\]$_DFFE_PP_/D
     133* |       0 |      14 |        6 |      3 |     5 |    +0.3% |   -1.882 |     -976.4 |    -1238.6 |   1083 | dp.rf.rf\[20\]\[30\]$_DFFE_PP_/D
     139* |       0 |      14 |        6 |      3 |     5 |    +0.3% |   -1.882 |     -976.4 |    -1238.6 |   1083 | dp.rf.rf\[20\]\[30\]$_DFFE_PP_/D
     140* |       0 |      14 |        6 |      3 |     5 |    +0.3% |   -1.882 |     -976.4 |    -1238.6 |   1083 | dp.rf.rf\[20\]\[30\]$_DFFE_PP_/D
     145* |       0 |      14 |        6 |      3 |     5 |    +0.3% |   -1.882 |     -976.4 |    -1238.6 |   1083 | dp.rf.rf\[20\]\[30\]$_DFFE_PP_/D
     150* |       1 |      17 |        6 |      3 |     5 |    +0.3% |   -1.909 |     -969.1 |    -1243.9 |   1083 | dp.rf.rf\[20\]\[30\]$_DFFE_PP_/D
     151* |       0 |      14 |        6 |      3 |     5 |    +0.3% |   -1.882 |     -976.4 |    -1238.6 |   1083 | dp.rf.rf\[20\]\[30\]$_DFFE_PP_/D
     157* |       0 |      14 |        6 |      3 |     5 |    +0.3% |   -1.882 |     -976.4 |    -1238.6 |   1083 | dp.rf.rf\[20\]\[30\]$_DFFE_PP_/D
     160* |       0 |      16 |        6 |      3 |     5 |    +0.3% |   -1.909 |     -976.7 |    -1248.1 |   1083 | dp.rf.rf\[20\]\[30\]$_DFFE_PP_/D
     163* |       0 |      14 |        6 |      3 |     5 |    +0.3% |   -1.882 |     -976.4 |    -1238.6 |   1083 | dp.rf.rf\[20\]\[30\]$_DFFE_PP_/D
     169* |       0 |      14 |        6 |      3 |     5 |    +0.3% |   -1.882 |     -976.4 |    -1238.6 |   1083 | dp.rf.rf\[20\]\[30\]$_DFFE_PP_/D
     170* |       0 |      14 |        6 |      3 |     5 |    +0.3% |   -1.882 |     -976.4 |    -1238.6 |   1083 | dp.rf.rf\[20\]\[30\]$_DFFE_PP_/D
     175* |       0 |      14 |        6 |      3 |     5 |    +0.3% |   -1.882 |     -976.4 |    -1238.6 |   1083 | dp.rf.rf\[20\]\[30\]$_DFFE_PP_/D
     180* |       1 |      17 |        6 |      3 |     5 |    +0.3% |   -1.909 |     -969.1 |    -1243.9 |   1083 | dp.rf.rf\[20\]\[30\]$_DFFE_PP_/D
     181* |       0 |      14 |        6 |      3 |     5 |    +0.3% |   -1.882 |     -976.4 |    -1238.6 |   1083 | dp.rf.rf\[20\]\[30\]$_DFFE_PP_/D
     187* |       0 |      14 |        6 |      3 |     5 |    +0.3% |   -1.882 |     -976.4 |    -1238.6 |   1083 | dp.rf.rf\[20\]\[30\]$_DFFE_PP_/D
     190* |       0 |      16 |        6 |      3 |     5 |    +0.3% |   -1.909 |     -976.7 |    -1248.1 |   1083 | dp.rf.rf\[20\]\[30\]$_DFFE_PP_/D
     193* |       0 |      14 |        6 |      3 |     5 |    +0.3% |   -1.882 |     -976.4 |    -1238.6 |   1083 | dp.rf.rf\[20\]\[30\]$_DFFE_PP_/D
     199* |       0 |      14 |        6 |      3 |     5 |    +0.3% |   -1.882 |     -976.4 |    -1238.6 |   1083 | dp.rf.rf\[20\]\[30\]$_DFFE_PP_/D
     200* |       0 |      14 |        6 |      3 |     5 |    +0.3% |   -1.882 |     -976.4 |    -1238.6 |   1083 | dp.rf.rf\[20\]\[30\]$_DFFE_PP_/D
     205* |       0 |      14 |        6 |      3 |     5 |    +0.3% |   -1.882 |     -976.4 |    -1238.6 |   1083 | dp.rf.rf\[20\]\[30\]$_DFFE_PP_/D
     210* |       1 |      17 |        6 |      3 |     5 |    +0.3% |   -1.909 |     -969.1 |    -1243.9 |   1083 | dp.rf.rf\[20\]\[30\]$_DFFE_PP_/D
     211* |       0 |      14 |        6 |      3 |     5 |    +0.3% |   -1.882 |     -976.4 |    -1238.6 |   1083 | dp.rf.rf\[20\]\[30\]$_DFFE_PP_/D
     217* |       0 |      14 |        6 |      3 |     5 |    +0.3% |   -1.882 |     -976.4 |    -1238.6 |   1083 | dp.rf.rf\[20\]\[30\]$_DFFE_PP_/D
     220* |       0 |      16 |        6 |      3 |     5 |    +0.3% |   -1.909 |     -976.7 |    -1248.1 |   1083 | dp.rf.rf\[20\]\[30\]$_DFFE_PP_/D
     223* |       0 |      14 |        6 |      3 |     5 |    +0.3% |   -1.882 |     -976.4 |    -1238.6 |   1083 | dp.rf.rf\[20\]\[30\]$_DFFE_PP_/D
     229* |       0 |      14 |        6 |      3 |     5 |    +0.3% |   -1.882 |     -976.4 |    -1238.6 |   1083 | dp.rf.rf\[20\]\[30\]$_DFFE_PP_/D
     230* |       0 |      14 |        6 |      3 |     5 |    +0.3% |   -1.882 |     -976.4 |    -1238.6 |   1083 | dp.rf.rf\[20\]\[30\]$_DFFE_PP_/D
     235* |       0 |      14 |        6 |      3 |     5 |    +0.3% |   -1.882 |     -976.4 |    -1238.6 |   1083 | dp.rf.rf\[20\]\[30\]$_DFFE_PP_/D
     240* |       1 |      17 |        6 |      3 |     5 |    +0.3% |   -1.909 |     -969.1 |    -1243.9 |   1083 | dp.rf.rf\[20\]\[30\]$_DFFE_PP_/D
     241* |       0 |      14 |        6 |      3 |     5 |    +0.3% |   -1.882 |     -976.4 |    -1238.6 |   1083 | dp.rf.rf\[20\]\[30\]$_DFFE_PP_/D
     247* |       0 |      14 |        6 |      3 |     5 |    +0.3% |   -1.882 |     -976.4 |    -1238.6 |   1083 | dp.rf.rf\[20\]\[30\]$_DFFE_PP_/D
     250* |       0 |      16 |        6 |      3 |     5 |    +0.3% |   -1.909 |     -976.7 |    -1248.1 |   1083 | dp.rf.rf\[20\]\[30\]$_DFFE_PP_/D
     253* |       0 |      14 |        6 |      3 |     5 |    +0.3% |   -1.882 |     -976.4 |    -1238.6 |   1083 | dp.rf.rf\[20\]\[30\]$_DFFE_PP_/D
     259* |       0 |      14 |        6 |      3 |     5 |    +0.3% |   -1.882 |     -976.4 |    -1238.6 |   1083 | dp.rf.rf\[20\]\[30\]$_DFFE_PP_/D
     260* |       0 |      14 |        6 |      3 |     5 |    +0.3% |   -1.882 |     -976.4 |    -1238.6 |   1083 | dp.rf.rf\[20\]\[30\]$_DFFE_PP_/D
     265* |       0 |      14 |        6 |      3 |     5 |    +0.3% |   -1.882 |     -976.4 |    -1238.6 |   1083 | dp.rf.rf\[20\]\[30\]$_DFFE_PP_/D
     270* |       0 |      17 |        6 |      4 |     5 |    +0.3% |   -1.883 |     -979.4 |    -1239.0 |   1083 | dp.rf.rf\[11\]\[30\]$_DFFE_PP_/D
     280* |       0 |      22 |        8 |      5 |     7 |    +0.4% |   -1.905 |     -976.4 |    -1248.6 |   1083 | dp.rf.rf\[11\]\[20\]$_DFFE_PP_/D
     280* |       0 |      15 |        6 |      3 |     5 |    +0.3% |   -1.882 |     -960.1 |    -1236.5 |   1083 | aluout[29]
     290* |       0 |      21 |        7 |      3 |     7 |    +0.3% |   -1.904 |     -964.0 |    -1243.0 |   1083 | dp.rf.rf\[11\]\[20\]$_DFFE_PP_/D
     291* |       0 |      16 |        7 |      3 |     5 |    +0.3% |   -1.872 |     -955.4 |    -1235.2 |   1083 | dp.rf.rf\[11\]\[20\]$_DFFE_PP_/D
     300* |       0 |      21 |        8 |      5 |     5 |    +0.4% |   -1.900 |     -963.9 |    -1247.0 |   1083 | dp.rf.rf\[11\]\[20\]$_DFFE_PP_/D
     303* |       0 |      17 |        7 |      3 |     5 |    +0.3% |   -1.872 |     -955.9 |    -1235.6 |   1083 | dp.rf.rf\[11\]\[20\]$_DFFE_PP_/D
     310* |       0 |      20 |        8 |      5 |     5 |    +0.4% |   -1.900 |     -968.4 |    -1246.9 |   1083 | dp.rf.rf\[11\]\[20\]$_DFFE_PP_/D
     314* |       0 |      17 |        7 |      3 |     5 |    +0.3% |   -1.872 |     -955.9 |    -1235.6 |   1083 | dp.rf.rf\[11\]\[20\]$_DFFE_PP_/D
     320* |       0 |      19 |        8 |      5 |     5 |    +0.4% |   -1.873 |     -966.6 |    -1236.8 |   1083 | dp.rf.rf\[11\]\[20\]$_DFFE_PP_/D
     325* |       0 |      17 |        7 |      3 |     5 |    +0.3% |   -1.872 |     -955.9 |    -1235.6 |   1083 | dp.rf.rf\[11\]\[20\]$_DFFE_PP_/D
     330* |       0 |      19 |        7 |      5 |     5 |    +0.4% |   -1.886 |     -970.3 |    -1237.7 |   1083 | dp.rf.rf\[11\]\[30\]$_DFFE_PP_/D
     336* |       0 |      17 |        7 |      3 |     5 |    +0.3% |   -1.872 |     -955.9 |    -1235.6 |   1083 | dp.rf.rf\[11\]\[20\]$_DFFE_PP_/D
     340* |       0 |      18 |        7 |      5 |     5 |    +0.4% |   -1.915 |    -1005.2 |    -1238.6 |   1083 | dp.rf.rf\[11\]\[30\]$_DFFE_PP_/D
     347* |       0 |      17 |        7 |      3 |     5 |    +0.3% |   -1.872 |     -955.9 |    -1235.6 |   1083 | dp.rf.rf\[11\]\[20\]$_DFFE_PP_/D
     350* |       0 |      18 |        7 |      4 |     5 |    +0.4% |   -1.883 |     -979.4 |    -1237.8 |   1083 | dp.rf.rf\[11\]\[30\]$_DFFE_PP_/D
     358* |       0 |      17 |        7 |      3 |     5 |    +0.3% |   -1.872 |     -955.9 |    -1235.6 |   1083 | dp.rf.rf\[11\]\[20\]$_DFFE_PP_/D
     360* |       0 |      17 |        7 |      4 |     5 |    +0.3% |   -1.932 |    -1017.6 |    -1238.9 |   1083 | dp.rf.rf\[11\]\[30\]$_DFFE_PP_/D
     369* |       0 |      17 |        7 |      3 |     5 |    +0.3% |   -1.872 |     -955.9 |    -1235.6 |   1083 | dp.rf.rf\[11\]\[20\]$_DFFE_PP_/D
     370* |       0 |      17 |        7 |      3 |     5 |    +0.3% |   -1.872 |     -955.9 |    -1235.6 |   1083 | dp.rf.rf\[11\]\[20\]$_DFFE_PP_/D
     380* |       0 |      23 |        9 |      5 |     5 |    +0.5% |   -1.905 |     -962.6 |    -1245.5 |   1083 | dp.rf.rf\[11\]\[20\]$_DFFE_PP_/D
     380* |       0 |      17 |        7 |      3 |     5 |    +0.3% |   -1.872 |     -955.9 |    -1235.6 |   1083 | dp.rf.rf\[11\]\[20\]$_DFFE_PP_/D
     390* |       0 |      22 |        9 |      5 |     5 |    +0.4% |   -1.900 |     -960.1 |    -1246.4 |   1083 | dp.rf.rf\[11\]\[20\]$_DFFE_PP_/D
     391* |       0 |      17 |        7 |      3 |     5 |    +0.3% |   -1.872 |     -955.9 |    -1235.6 |   1083 | dp.rf.rf\[11\]\[20\]$_DFFE_PP_/D
     400* |       0 |      21 |        9 |      5 |     5 |    +0.4% |   -1.900 |     -961.7 |    -1246.7 |   1083 | dp.rf.rf\[11\]\[20\]$_DFFE_PP_/D
     402* |       0 |      17 |        7 |      3 |     5 |    +0.3% |   -1.872 |     -955.9 |    -1235.6 |   1083 | dp.rf.rf\[11\]\[20\]$_DFFE_PP_/D
     410* |       0 |      21 |        8 |      5 |     5 |    +0.4% |   -1.900 |     -963.9 |    -1247.0 |   1083 | dp.rf.rf\[11\]\[20\]$_DFFE_PP_/D
     413* |       0 |      17 |        7 |      3 |     5 |    +0.3% |   -1.872 |     -955.9 |    -1235.6 |   1083 | dp.rf.rf\[11\]\[20\]$_DFFE_PP_/D
     420* |       0 |      20 |        8 |      5 |     5 |    +0.4% |   -1.900 |     -968.4 |    -1246.9 |   1083 | dp.rf.rf\[11\]\[20\]$_DFFE_PP_/D
     424* |       0 |      17 |        7 |      3 |     5 |    +0.3% |   -1.872 |     -955.9 |    -1235.6 |   1083 | dp.rf.rf\[11\]\[20\]$_DFFE_PP_/D
     430* |       0 |      19 |        8 |      5 |     5 |    +0.4% |   -1.873 |     -966.6 |    -1236.8 |   1083 | dp.rf.rf\[11\]\[20\]$_DFFE_PP_/D
     435* |       0 |      17 |        7 |      3 |     5 |    +0.3% |   -1.872 |     -955.9 |    -1235.6 |   1083 | dp.rf.rf\[11\]\[20\]$_DFFE_PP_/D
     440* |       0 |      19 |        7 |      5 |     5 |    +0.4% |   -1.886 |     -970.3 |    -1237.7 |   1083 | dp.rf.rf\[11\]\[30\]$_DFFE_PP_/D
     446* |       0 |      17 |        7 |      3 |     5 |    +0.3% |   -1.872 |     -955.9 |    -1235.6 |   1083 | dp.rf.rf\[11\]\[20\]$_DFFE_PP_/D
     450* |       0 |      18 |        7 |      5 |     5 |    +0.4% |   -1.915 |    -1005.2 |    -1238.6 |   1083 | dp.rf.rf\[11\]\[30\]$_DFFE_PP_/D
     457* |       0 |      17 |        7 |      3 |     5 |    +0.3% |   -1.872 |     -955.9 |    -1235.6 |   1083 | dp.rf.rf\[11\]\[20\]$_DFFE_PP_/D
     460* |       0 |      17 |        7 |      5 |     5 |    +0.4% |   -1.955 |    -1035.8 |    -1239.6 |   1083 | dp.rf.rf\[20\]\[30\]$_DFFE_PP_/D
     468* |       0 |      17 |        7 |      3 |     5 |    +0.3% |   -1.872 |     -955.9 |    -1235.6 |   1083 | dp.rf.rf\[11\]\[20\]$_DFFE_PP_/D
     470* |       0 |      17 |        7 |      4 |     5 |    +0.3% |   -1.932 |    -1017.6 |    -1238.9 |   1083 | dp.rf.rf\[11\]\[30\]$_DFFE_PP_/D
     479* |       0 |      17 |        7 |      3 |     5 |    +0.3% |   -1.872 |     -955.9 |    -1235.6 |   1083 | dp.rf.rf\[11\]\[20\]$_DFFE_PP_/D
     480* |       0 |      17 |        7 |      3 |     5 |    +0.3% |   -1.872 |     -955.9 |    -1235.6 |   1083 | dp.rf.rf\[11\]\[20\]$_DFFE_PP_/D
     490* |       0 |      23 |        9 |      5 |     5 |    +0.4% |   -1.905 |     -962.4 |    -1245.0 |   1083 | dp.rf.rf\[11\]\[20\]$_DFFE_PP_/D
     490* |       0 |      17 |        7 |      3 |     5 |    +0.3% |   -1.872 |     -955.9 |    -1235.6 |   1083 | dp.rf.rf\[11\]\[20\]$_DFFE_PP_/D
     500* |       0 |      22 |        9 |      5 |     5 |    +0.4% |   -1.900 |     -960.0 |    -1245.9 |   1083 | dp.rf.rf\[11\]\[20\]$_DFFE_PP_/D
     501* |       0 |      17 |        7 |      3 |     5 |    +0.3% |   -1.872 |     -955.9 |    -1235.6 |   1083 | dp.rf.rf\[11\]\[20\]$_DFFE_PP_/D
     510* |       0 |      21 |        9 |      5 |     5 |    +0.4% |   -1.900 |     -960.0 |    -1246.1 |   1083 | dp.rf.rf\[11\]\[20\]$_DFFE_PP_/D
     512* |       0 |      17 |        7 |      3 |     5 |    +0.3% |   -1.872 |     -955.9 |    -1235.6 |   1083 | dp.rf.rf\[11\]\[20\]$_DFFE_PP_/D
     520* |       0 |      21 |        8 |      5 |     5 |    +0.4% |   -1.900 |     -960.0 |    -1246.4 |   1083 | dp.rf.rf\[11\]\[20\]$_DFFE_PP_/D
     523* |       0 |      17 |        7 |      3 |     5 |    +0.3% |   -1.872 |     -955.9 |    -1235.6 |   1083 | dp.rf.rf\[11\]\[20\]$_DFFE_PP_/D
     530* |       0 |      20 |        8 |      5 |     5 |    +0.4% |   -1.900 |     -962.4 |    -1246.3 |   1083 | dp.rf.rf\[11\]\[20\]$_DFFE_PP_/D
     534* |       0 |      17 |        7 |      3 |     5 |    +0.3% |   -1.872 |     -955.9 |    -1235.6 |   1083 | dp.rf.rf\[11\]\[20\]$_DFFE_PP_/D
     540* |       0 |      19 |        8 |      5 |     5 |    +0.4% |   -1.873 |     -960.6 |    -1236.3 |   1083 | dp.rf.rf\[11\]\[20\]$_DFFE_PP_/D
     545* |       0 |      17 |        7 |      3 |     5 |    +0.3% |   -1.872 |     -955.9 |    -1235.6 |   1083 | dp.rf.rf\[11\]\[20\]$_DFFE_PP_/D
     550* |       0 |      19 |        7 |      5 |     5 |    +0.4% |   -1.873 |     -963.3 |    -1237.1 |   1083 | dp.rf.rf\[11\]\[20\]$_DFFE_PP_/D
     556* |       0 |      17 |        7 |      3 |     5 |    +0.3% |   -1.872 |     -955.9 |    -1235.6 |   1083 | dp.rf.rf\[11\]\[20\]$_DFFE_PP_/D
     560* |       0 |      18 |        7 |      5 |     5 |    +0.4% |   -1.894 |     -987.8 |    -1238.0 |   1083 | dp.rf.rf\[20\]\[30\]$_DFFE_PP_/D
     567* |       0 |      17 |        7 |      3 |     5 |    +0.3% |   -1.872 |     -955.9 |    -1235.6 |   1083 | dp.rf.rf\[11\]\[20\]$_DFFE_PP_/D
     570* |       0 |      17 |        7 |      5 |     5 |    +0.4% |   -1.955 |    -1035.8 |    -1239.6 |   1083 | dp.rf.rf\[20\]\[30\]$_DFFE_PP_/D
     578* |       0 |      17 |        7 |      3 |     5 |    +0.3% |   -1.872 |     -955.9 |    -1235.6 |   1083 | dp.rf.rf\[11\]\[20\]$_DFFE_PP_/D
     580* |       0 |      17 |        7 |      4 |     5 |    +0.3% |   -1.932 |    -1017.6 |    -1238.9 |   1083 | dp.rf.rf\[11\]\[30\]$_DFFE_PP_/D
     589* |       0 |      17 |        7 |      3 |     5 |    +0.3% |   -1.872 |     -955.9 |    -1235.6 |   1083 | dp.rf.rf\[11\]\[20\]$_DFFE_PP_/D
     590* |       0 |      17 |        7 |      3 |     5 |    +0.3% |   -1.872 |     -955.9 |    -1235.6 |   1083 | dp.rf.rf\[11\]\[20\]$_DFFE_PP_/D
     600* |       0 |      23 |        9 |      5 |     5 |    +0.4% |   -1.905 |     -962.4 |    -1245.0 |   1083 | dp.rf.rf\[11\]\[20\]$_DFFE_PP_/D
     600* |       0 |      17 |        7 |      3 |     5 |    +0.3% |   -1.872 |     -955.9 |    -1235.6 |   1083 | dp.rf.rf\[11\]\[20\]$_DFFE_PP_/D
     610* |       0 |      22 |        9 |      5 |     5 |    +0.4% |   -1.900 |     -960.0 |    -1245.9 |   1083 | dp.rf.rf\[11\]\[20\]$_DFFE_PP_/D
     611* |       0 |      17 |        7 |      3 |     5 |    +0.3% |   -1.872 |     -955.9 |    -1235.6 |   1083 | dp.rf.rf\[11\]\[20\]$_DFFE_PP_/D
     620* |       0 |      21 |        9 |      5 |     5 |    +0.4% |   -1.900 |     -960.0 |    -1246.1 |   1083 | dp.rf.rf\[11\]\[20\]$_DFFE_PP_/D
     622* |       0 |      17 |        7 |      3 |     5 |    +0.3% |   -1.872 |     -955.9 |    -1235.6 |   1083 | dp.rf.rf\[11\]\[20\]$_DFFE_PP_/D
     630* |       0 |      21 |        8 |      5 |     5 |    +0.4% |   -1.900 |     -960.0 |    -1246.4 |   1083 | dp.rf.rf\[11\]\[20\]$_DFFE_PP_/D
     633* |       0 |      17 |        7 |      3 |     5 |    +0.3% |   -1.872 |     -955.9 |    -1235.6 |   1083 | dp.rf.rf\[11\]\[20\]$_DFFE_PP_/D
     640* |       0 |      20 |        8 |      5 |     5 |    +0.4% |   -1.900 |     -958.6 |    -1252.3 |   1083 | dp.rf.rf\[20\]\[30\]$_DFFE_PP_/D
     647* |       0 |      17 |        7 |      3 |     5 |    +0.3% |   -1.872 |     -955.9 |    -1235.6 |   1083 | dp.rf.rf\[11\]\[20\]$_DFFE_PP_/D
     650* |       0 |      18 |        7 |      4 |     5 |    +0.4% |   -1.900 |     -970.3 |    -1239.1 |   1083 | dp.rf.rf\[16\]\[29\]$_DFFE_PP_/D
     660* |       3 |      23 |        8 |      5 |     5 |    +0.4% |   -1.905 |     -965.4 |    -1241.0 |   1083 | dp.rf.rf\[11\]\[20\]$_DFFE_PP_/D
     662* |       0 |      17 |        7 |      3 |     5 |    +0.3% |   -1.872 |     -955.9 |    -1235.6 |   1083 | dp.rf.rf\[11\]\[20\]$_DFFE_PP_/D
     668* |       0 |      17 |        7 |      3 |     5 |    +0.3% |   -1.872 |     -955.9 |    -1235.6 |   1083 | dp.rf.rf\[11\]\[20\]$_DFFE_PP_/D
     670* |       0 |      17 |        7 |      4 |     5 |    +0.3% |   -1.978 |    -1013.9 |    -1241.2 |   1083 | dp.rf.rf\[10\]\[29\]$_DFFE_PP_/D
     680* |       3 |      22 |        8 |      5 |     5 |    +0.4% |   -1.905 |     -965.4 |    -1242.6 |   1083 | dp.rf.rf\[11\]\[20\]$_DFFE_PP_/D
     682* |       0 |      17 |        7 |      3 |     5 |    +0.3% |   -1.872 |     -955.9 |    -1235.6 |   1083 | dp.rf.rf\[11\]\[20\]$_DFFE_PP_/D
     690* |       0 |      21 |        8 |      5 |     5 |    +0.4% |   -1.905 |     -961.0 |    -1251.4 |   1083 | dp.rf.rf\[11\]\[20\]$_DFFE_PP_/D
     696* |       0 |      17 |        7 |      3 |     5 |    +0.3% |   -1.872 |     -955.9 |    -1235.6 |   1083 | dp.rf.rf\[11\]\[20\]$_DFFE_PP_/D
     700* |       0 |      18 |        7 |      5 |     5 |    +0.4% |   -1.929 |     -984.8 |    -1239.9 |   1083 | dp.rf.rf\[10\]\[29\]$_DFFE_PP_/D
     710* |       3 |      24 |        8 |      5 |     5 |    +0.4% |   -1.905 |     -965.4 |    -1238.8 |   1083 | dp.rf.rf\[11\]\[20\]$_DFFE_PP_/D
     710* |       0 |      17 |        7 |      3 |     5 |    +0.3% |   -1.872 |     -955.9 |    -1235.6 |   1083 | dp.rf.rf\[11\]\[20\]$_DFFE_PP_/D
     720* |       1 |      22 |        8 |      5 |     5 |    +0.4% |   -1.905 |     -965.4 |    -1247.1 |   1083 | dp.rf.rf\[11\]\[20\]$_DFFE_PP_/D
     724* |       0 |      17 |        7 |      3 |     5 |    +0.3% |   -1.872 |     -955.9 |    -1235.6 |   1083 | dp.rf.rf\[11\]\[20\]$_DFFE_PP_/D
     730* |       0 |      19 |        8 |      5 |     5 |    +0.4% |   -1.900 |     -957.5 |    -1251.9 |   1083 | dp.rf.rf\[11\]\[20\]$_DFFE_PP_/D
     738* |       0 |      17 |        7 |      3 |     5 |    +0.3% |   -1.872 |     -955.9 |    -1235.6 |   1083 | dp.rf.rf\[11\]\[20\]$_DFFE_PP_/D
     740* |       0 |      17 |        7 |      4 |     5 |    +0.3% |   -1.978 |    -1013.9 |    -1241.2 |   1083 | dp.rf.rf\[10\]\[29\]$_DFFE_PP_/D
     750* |       3 |      22 |        8 |      5 |     5 |    +0.4% |   -1.905 |     -965.4 |    -1242.6 |   1083 | dp.rf.rf\[11\]\[20\]$_DFFE_PP_/D
     752* |       0 |      17 |        7 |      3 |     5 |    +0.3% |   -1.872 |     -955.9 |    -1235.6 |   1083 | dp.rf.rf\[11\]\[20\]$_DFFE_PP_/D
     760* |       0 |      21 |        8 |      5 |     5 |    +0.4% |   -1.905 |     -961.0 |    -1251.4 |   1083 | dp.rf.rf\[11\]\[20\]$_DFFE_PP_/D
     766* |       0 |      17 |        7 |      3 |     5 |    +0.3% |   -1.872 |     -955.9 |    -1235.6 |   1083 | dp.rf.rf\[11\]\[20\]$_DFFE_PP_/D
     770* |       0 |      18 |        7 |      5 |     5 |    +0.4% |   -1.929 |     -984.8 |    -1239.9 |   1083 | dp.rf.rf\[10\]\[29\]$_DFFE_PP_/D
     780* |       3 |      24 |        8 |      5 |     5 |    +0.4% |   -1.905 |     -965.4 |    -1238.8 |   1083 | dp.rf.rf\[11\]\[20\]$_DFFE_PP_/D
     780* |       0 |      17 |        7 |      3 |     5 |    +0.3% |   -1.872 |     -955.9 |    -1235.6 |   1083 | dp.rf.rf\[11\]\[20\]$_DFFE_PP_/D
     790* |       1 |      22 |        8 |      5 |     5 |    +0.4% |   -1.905 |     -965.4 |    -1247.1 |   1083 | dp.rf.rf\[11\]\[20\]$_DFFE_PP_/D
     794* |       0 |      17 |        7 |      3 |     5 |    +0.3% |   -1.872 |     -955.9 |    -1235.6 |   1083 | dp.rf.rf\[11\]\[20\]$_DFFE_PP_/D
     800* |       0 |      19 |        8 |      5 |     5 |    +0.4% |   -1.900 |     -957.5 |    -1251.9 |   1083 | dp.rf.rf\[11\]\[20\]$_DFFE_PP_/D
     808* |       0 |      17 |        7 |      3 |     5 |    +0.3% |   -1.872 |     -955.9 |    -1235.6 |   1083 | dp.rf.rf\[11\]\[20\]$_DFFE_PP_/D
     810* |       0 |      17 |        7 |      4 |     5 |    +0.3% |   -1.978 |    -1013.9 |    -1241.2 |   1083 | dp.rf.rf\[10\]\[29\]$_DFFE_PP_/D
     820* |       3 |      22 |        8 |      5 |     5 |    +0.4% |   -1.905 |     -965.4 |    -1242.6 |   1083 | dp.rf.rf\[11\]\[20\]$_DFFE_PP_/D
     822* |       0 |      17 |        7 |      3 |     5 |    +0.3% |   -1.872 |     -955.9 |    -1235.6 |   1083 | dp.rf.rf\[11\]\[20\]$_DFFE_PP_/D
     830* |       0 |      21 |        8 |      5 |     5 |    +0.4% |   -1.905 |     -961.0 |    -1251.4 |   1083 | dp.rf.rf\[11\]\[20\]$_DFFE_PP_/D
     836* |       0 |      17 |        7 |      3 |     5 |    +0.3% |   -1.872 |     -955.9 |    -1235.6 |   1083 | dp.rf.rf\[11\]\[20\]$_DFFE_PP_/D
     840* |       0 |      18 |        7 |      5 |     5 |    +0.4% |   -1.929 |     -984.8 |    -1239.9 |   1083 | dp.rf.rf\[10\]\[29\]$_DFFE_PP_/D
     850* |       3 |      24 |        8 |      5 |     5 |    +0.4% |   -1.905 |     -965.4 |    -1238.8 |   1083 | dp.rf.rf\[11\]\[20\]$_DFFE_PP_/D
     850* |       0 |      17 |        7 |      3 |     5 |    +0.3% |   -1.872 |     -955.9 |    -1235.6 |   1083 | dp.rf.rf\[11\]\[20\]$_DFFE_PP_/D
     860* |       1 |      22 |        8 |      5 |     5 |    +0.4% |   -1.905 |     -965.4 |    -1247.1 |   1083 | dp.rf.rf\[11\]\[20\]$_DFFE_PP_/D
     864* |       0 |      17 |        7 |      3 |     5 |    +0.3% |   -1.872 |     -955.9 |    -1235.6 |   1083 | dp.rf.rf\[11\]\[20\]$_DFFE_PP_/D
     870* |       0 |      19 |        8 |      5 |     5 |    +0.4% |   -1.900 |     -957.5 |    -1251.1 |   1083 | dp.rf.rf\[11\]\[20\]$_DFFE_PP_/D
     878* |       0 |      17 |        7 |      3 |     5 |    +0.3% |   -1.872 |     -955.9 |    -1235.6 |   1083 | dp.rf.rf\[11\]\[20\]$_DFFE_PP_/D
     880* |       0 |      17 |        7 |      4 |     5 |    +0.3% |   -1.978 |    -1013.9 |    -1241.2 |   1083 | dp.rf.rf\[10\]\[29\]$_DFFE_PP_/D
     890* |       3 |      22 |        8 |      5 |     5 |    +0.4% |   -1.905 |     -965.4 |    -1241.9 |   1083 | dp.rf.rf\[11\]\[20\]$_DFFE_PP_/D
     892* |       0 |      17 |        7 |      3 |     5 |    +0.3% |   -1.872 |     -955.9 |    -1235.6 |   1083 | dp.rf.rf\[11\]\[20\]$_DFFE_PP_/D
     900* |       0 |      21 |        8 |      5 |     5 |    +0.4% |   -1.905 |     -961.0 |    -1250.6 |   1083 | dp.rf.rf\[11\]\[20\]$_DFFE_PP_/D
     906* |       0 |      17 |        7 |      3 |     5 |    +0.3% |   -1.872 |     -955.9 |    -1235.6 |   1083 | dp.rf.rf\[11\]\[20\]$_DFFE_PP_/D
     910* |       0 |      18 |        7 |      5 |     5 |    +0.4% |   -1.919 |     -979.7 |    -1239.2 |   1083 | dp.rf.rf\[16\]\[29\]$_DFFE_PP_/D
     920* |       3 |      24 |        8 |      5 |     5 |    +0.4% |   -1.905 |     -965.4 |    -1238.1 |   1083 | dp.rf.rf\[11\]\[20\]$_DFFE_PP_/D
     920* |       0 |      17 |        7 |      3 |     5 |    +0.3% |   -1.872 |     -955.9 |    -1235.6 |   1083 | dp.rf.rf\[11\]\[20\]$_DFFE_PP_/D
     930* |       1 |      22 |        8 |      5 |     5 |    +0.4% |   -1.905 |     -965.4 |    -1246.4 |   1083 | dp.rf.rf\[11\]\[20\]$_DFFE_PP_/D
     934* |       0 |      17 |        7 |      3 |     5 |    +0.3% |   -1.872 |     -955.9 |    -1235.6 |   1083 | dp.rf.rf\[11\]\[20\]$_DFFE_PP_/D
     940* |       0 |      19 |        8 |      5 |     5 |    +0.4% |   -1.900 |     -957.5 |    -1251.1 |   1083 | dp.rf.rf\[11\]\[20\]$_DFFE_PP_/D
     948* |       0 |      17 |        7 |      3 |     5 |    +0.3% |   -1.872 |     -955.9 |    -1235.6 |   1083 | dp.rf.rf\[11\]\[20\]$_DFFE_PP_/D
     950* |       0 |      17 |        7 |      4 |     5 |    +0.3% |   -1.978 |    -1013.9 |    -1241.2 |   1083 | dp.rf.rf\[10\]\[29\]$_DFFE_PP_/D
     960* |       3 |      22 |        8 |      5 |     5 |    +0.4% |   -1.905 |     -965.4 |    -1241.9 |   1083 | dp.rf.rf\[11\]\[20\]$_DFFE_PP_/D
     962* |       0 |      17 |        7 |      3 |     5 |    +0.3% |   -1.872 |     -955.9 |    -1235.6 |   1083 | dp.rf.rf\[11\]\[20\]$_DFFE_PP_/D
     970* |       0 |      21 |        8 |      5 |     5 |    +0.4% |   -1.905 |     -961.0 |    -1250.6 |   1083 | dp.rf.rf\[11\]\[20\]$_DFFE_PP_/D
     976* |       0 |      17 |        7 |      3 |     5 |    +0.3% |   -1.872 |     -955.9 |    -1235.6 |   1083 | dp.rf.rf\[11\]\[20\]$_DFFE_PP_/D
     980* |       0 |      18 |        7 |      5 |     5 |    +0.4% |   -1.919 |     -979.7 |    -1239.2 |   1083 | dp.rf.rf\[16\]\[29\]$_DFFE_PP_/D
     990* |       3 |      24 |        8 |      5 |     5 |    +0.4% |   -1.905 |     -965.4 |    -1238.1 |   1083 | dp.rf.rf\[11\]\[20\]$_DFFE_PP_/D
     990* |       0 |      17 |        7 |      3 |     5 |    +0.3% |   -1.872 |     -955.9 |    -1235.6 |   1083 | dp.rf.rf\[11\]\[20\]$_DFFE_PP_/D
    1000* |       1 |      22 |        8 |      5 |     5 |    +0.4% |   -1.905 |     -965.4 |    -1246.4 |   1083 | dp.rf.rf\[11\]\[20\]$_DFFE_PP_/D
    1004* |       0 |      17 |        7 |      3 |     5 |    +0.3% |   -1.872 |     -955.9 |    -1235.6 |   1083 | dp.rf.rf\[11\]\[20\]$_DFFE_PP_/D
    1010* |       0 |      19 |        8 |      5 |     5 |    +0.4% |   -1.900 |     -957.5 |    -1251.1 |   1083 | dp.rf.rf\[11\]\[20\]$_DFFE_PP_/D
    1018* |       0 |      17 |        7 |      3 |     5 |    +0.3% |   -1.872 |     -955.9 |    -1235.6 |   1083 | dp.rf.rf\[11\]\[20\]$_DFFE_PP_/D
    1020* |       0 |      17 |        7 |      4 |     5 |    +0.3% |   -1.978 |    -1013.9 |    -1241.2 |   1083 | dp.rf.rf\[10\]\[29\]$_DFFE_PP_/D
    1030* |       3 |      22 |        8 |      5 |     5 |    +0.4% |   -1.905 |     -965.4 |    -1241.9 |   1083 | dp.rf.rf\[11\]\[20\]$_DFFE_PP_/D
    1032* |       0 |      17 |        7 |      3 |     5 |    +0.3% |   -1.872 |     -955.9 |    -1235.6 |   1083 | dp.rf.rf\[11\]\[20\]$_DFFE_PP_/D
    1040* |       0 |      21 |        8 |      5 |     5 |    +0.4% |   -1.905 |     -961.0 |    -1250.6 |   1083 | dp.rf.rf\[11\]\[20\]$_DFFE_PP_/D
    1046* |       0 |      17 |        7 |      3 |     5 |    +0.3% |   -1.872 |     -955.9 |    -1235.6 |   1083 | dp.rf.rf\[11\]\[20\]$_DFFE_PP_/D
    1050* |       0 |      18 |        7 |      5 |     5 |    +0.4% |   -1.919 |     -979.7 |    -1239.2 |   1083 | dp.rf.rf\[16\]\[29\]$_DFFE_PP_/D
    1060* |       3 |      24 |        8 |      5 |     5 |    +0.4% |   -1.905 |     -965.4 |    -1238.1 |   1083 | dp.rf.rf\[11\]\[20\]$_DFFE_PP_/D
    1060* |       0 |      17 |        7 |      3 |     5 |    +0.3% |   -1.872 |     -955.9 |    -1235.6 |   1083 | dp.rf.rf\[11\]\[20\]$_DFFE_PP_/D
    1070* |       1 |      22 |        8 |      5 |     5 |    +0.4% |   -1.905 |     -965.4 |    -1246.4 |   1083 | dp.rf.rf\[11\]\[20\]$_DFFE_PP_/D
    1074* |       0 |      17 |        7 |      3 |     5 |    +0.3% |   -1.872 |     -955.9 |    -1235.6 |   1083 | dp.rf.rf\[11\]\[20\]$_DFFE_PP_/D
    1080* |       0 |      19 |        8 |      5 |     5 |    +0.4% |   -1.900 |     -957.5 |    -1251.1 |   1083 | dp.rf.rf\[11\]\[20\]$_DFFE_PP_/D
    1088* |       0 |      17 |        7 |      3 |     5 |    +0.3% |   -1.872 |     -955.9 |    -1235.6 |   1083 | dp.rf.rf\[11\]\[20\]$_DFFE_PP_/D
    1090* |       0 |      18 |        7 |      3 |     5 |    +0.3% |   -1.899 |     -957.7 |    -1245.7 |   1083 | dp.rf.rf\[11\]\[20\]$_DFFE_PP_/D
    1095* |       0 |      17 |        7 |      3 |     5 |    +0.3% |   -1.872 |     -955.9 |    -1235.6 |   1083 | dp.rf.rf\[11\]\[20\]$_DFFE_PP_/D
    1099* |       0 |      17 |        7 |      3 |     5 |    +0.3% |   -1.872 |     -955.9 |    -1235.6 |   1083 | dp.rf.rf\[11\]\[20\]$_DFFE_PP_/D
    1100* |       0 |      17 |        7 |      3 |     5 |    +0.3% |   -1.872 |     -955.9 |    -1235.6 |   1083 | dp.rf.rf\[11\]\[20\]$_DFFE_PP_/D
    1110* |       0 |      21 |        8 |      5 |     8 |    +0.4% |   -1.900 |     -962.0 |    -1247.0 |   1083 | dp.rf.rf\[11\]\[20\]$_DFFE_PP_/D
    1112* |       0 |      17 |        7 |      3 |     5 |    +0.3% |   -1.872 |     -955.9 |    -1235.6 |   1083 | dp.rf.rf\[11\]\[20\]$_DFFE_PP_/D
    1120* |       0 |      21 |        8 |      5 |     5 |    +0.4% |   -1.900 |     -962.0 |    -1245.6 |   1083 | dp.rf.rf\[11\]\[20\]$_DFFE_PP_/D
    1121* |       0 |      17 |        7 |      3 |     5 |    +0.3% |   -1.872 |     -955.9 |    -1235.6 |   1083 | dp.rf.rf\[11\]\[20\]$_DFFE_PP_/D
    1130* |       1 |      21 |        8 |      5 |     5 |    +0.4% |   -1.900 |     -962.0 |    -1241.8 |   1083 | dp.rf.rf\[11\]\[20\]$_DFFE_PP_/D
    1130* |       0 |      17 |        7 |      3 |     5 |    +0.3% |   -1.872 |     -955.9 |    -1235.6 |   1083 | dp.rf.rf\[11\]\[20\]$_DFFE_PP_/D
    1139* |       0 |      17 |        7 |      3 |     5 |    +0.3% |   -1.872 |     -955.9 |    -1235.6 |   1083 | dp.rf.rf\[11\]\[20\]$_DFFE_PP_/D
    1140* |       0 |      17 |        7 |      3 |     5 |    +0.3% |   -1.872 |     -955.9 |    -1235.6 |   1083 | dp.rf.rf\[11\]\[20\]$_DFFE_PP_/D
    1148* |       0 |      17 |        7 |      3 |     5 |    +0.3% |   -1.872 |     -955.9 |    -1235.6 |   1083 | dp.rf.rf\[11\]\[20\]$_DFFE_PP_/D
    1150* |       0 |      17 |        7 |      4 |     5 |    +0.3% |   -1.872 |     -955.9 |    -1237.8 |   1083 | dp.rf.rf\[11\]\[20\]$_DFFE_PP_/D
    1157* |       0 |      17 |        7 |      3 |     5 |    +0.3% |   -1.872 |     -955.9 |    -1235.6 |   1083 | dp.rf.rf\[11\]\[20\]$_DFFE_PP_/D
    1160* |       0 |      17 |        7 |      5 |     5 |    +0.4% |   -1.891 |     -967.2 |    -1239.7 |   1083 | dp.rf.rf\[18\]\[27\]$_DFFE_PP_/D
    1166* |       0 |      17 |        7 |      3 |     5 |    +0.3% |   -1.872 |     -955.9 |    -1235.6 |   1083 | dp.rf.rf\[11\]\[20\]$_DFFE_PP_/D
    1170* |       0 |      18 |        7 |      5 |     5 |    +0.4% |   -1.873 |     -956.3 |    -1238.0 |   1083 | dp.rf.rf\[11\]\[20\]$_DFFE_PP_/D
    1175* |       0 |      17 |        7 |      3 |     5 |    +0.3% |   -1.872 |     -955.9 |    -1235.6 |   1083 | dp.rf.rf\[11\]\[20\]$_DFFE_PP_/D
    1180* |       0 |      18 |        8 |      5 |     5 |    +0.4% |   -1.873 |     -956.3 |    -1237.5 |   1083 | dp.rf.rf\[11\]\[20\]$_DFFE_PP_/D
    1184* |       0 |      17 |        7 |      3 |     5 |    +0.3% |   -1.872 |     -955.9 |    -1235.6 |   1083 | dp.rf.rf\[11\]\[20\]$_DFFE_PP_/D
    1190* |       0 |      19 |        8 |      5 |     5 |    +0.4% |   -1.900 |     -958.1 |    -1247.6 |   1083 | dp.rf.rf\[11\]\[20\]$_DFFE_PP_/D
    1193* |       0 |      17 |        7 |      3 |     5 |    +0.3% |   -1.872 |     -955.9 |    -1235.6 |   1083 | dp.rf.rf\[11\]\[20\]$_DFFE_PP_/D
    1200* |       0 |      20 |        8 |      5 |     5 |    +0.4% |   -1.900 |     -958.1 |    -1246.6 |   1083 | dp.rf.rf\[11\]\[20\]$_DFFE_PP_/D
    1200* |       0 |      17 |        7 |      3 |     5 |    +0.3% |   -1.872 |     -955.9 |    -1235.6 |   1083 | dp.rf.rf\[11\]\[20\]$_DFFE_PP_/D
    1209* |       0 |      17 |        7 |      3 |     5 |    +0.3% |   -1.872 |     -955.9 |    -1235.6 |   1083 | dp.rf.rf\[11\]\[20\]$_DFFE_PP_/D
    1210* |       0 |      17 |        7 |      3 |     5 |    +0.3% |   -1.872 |     -955.9 |    -1235.6 |   1083 | dp.rf.rf\[11\]\[20\]$_DFFE_PP_/D
    1218* |       0 |      17 |        7 |      3 |     5 |    +0.3% |   -1.872 |     -955.9 |    -1235.6 |   1083 | dp.rf.rf\[11\]\[20\]$_DFFE_PP_/D
    1220* |       0 |      17 |        7 |      4 |     5 |    +0.3% |   -1.872 |     -955.9 |    -1237.8 |   1083 | dp.rf.rf\[11\]\[20\]$_DFFE_PP_/D
    1227* |       0 |      17 |        7 |      3 |     5 |    +0.3% |   -1.872 |     -955.9 |    -1235.6 |   1083 | dp.rf.rf\[11\]\[20\]$_DFFE_PP_/D
    1230* |       0 |      17 |        7 |      5 |     5 |    +0.4% |   -1.891 |     -967.2 |    -1239.7 |   1083 | dp.rf.rf\[18\]\[27\]$_DFFE_PP_/D
    1236* |       0 |      17 |        7 |      3 |     5 |    +0.3% |   -1.872 |     -955.9 |    -1235.6 |   1083 | dp.rf.rf\[11\]\[20\]$_DFFE_PP_/D
    1240* |       0 |      18 |        7 |      5 |     5 |    +0.4% |   -1.873 |     -956.3 |    -1238.0 |   1083 | dp.rf.rf\[11\]\[20\]$_DFFE_PP_/D
    1245* |       0 |      17 |        7 |      3 |     5 |    +0.3% |   -1.872 |     -955.9 |    -1235.6 |   1083 | dp.rf.rf\[11\]\[20\]$_DFFE_PP_/D
    1250* |       0 |      18 |        8 |      5 |     5 |    +0.4% |   -1.873 |     -956.3 |    -1236.6 |   1083 | dp.rf.rf\[11\]\[20\]$_DFFE_PP_/D
    1254* |       0 |      17 |        7 |      3 |     5 |    +0.3% |   -1.872 |     -955.9 |    -1235.6 |   1083 | dp.rf.rf\[11\]\[20\]$_DFFE_PP_/D
    1260* |       0 |      19 |        8 |      5 |     5 |    +0.4% |   -1.900 |     -958.1 |    -1246.7 |   1083 | dp.rf.rf\[11\]\[20\]$_DFFE_PP_/D
    1263* |       0 |      17 |        7 |      3 |     5 |    +0.3% |   -1.872 |     -955.9 |    -1235.6 |   1083 | dp.rf.rf\[11\]\[20\]$_DFFE_PP_/D
    1270* |       0 |      20 |        8 |      5 |     5 |    +0.4% |   -1.900 |     -958.1 |    -1245.7 |   1083 | dp.rf.rf\[11\]\[20\]$_DFFE_PP_/D
    1272* |       0 |      17 |        7 |      3 |     5 |    +0.3% |   -1.872 |     -955.9 |    -1235.6 |   1083 | dp.rf.rf\[11\]\[20\]$_DFFE_PP_/D
    1280* |       0 |      21 |        8 |      5 |     5 |    +0.4% |   -1.900 |     -962.0 |    -1244.7 |   1083 | dp.rf.rf\[11\]\[20\]$_DFFE_PP_/D
    1281* |       0 |      17 |        7 |      3 |     5 |    +0.3% |   -1.872 |     -955.9 |    -1235.6 |   1083 | dp.rf.rf\[11\]\[20\]$_DFFE_PP_/D
    1290* |       1 |      21 |        8 |      5 |     5 |    +0.4% |   -1.900 |     -962.0 |    -1240.9 |   1083 | dp.rf.rf\[11\]\[20\]$_DFFE_PP_/D
    1290* |       0 |      17 |        7 |      3 |     5 |    +0.3% |   -1.872 |     -955.9 |    -1235.6 |   1083 | dp.rf.rf\[11\]\[20\]$_DFFE_PP_/D
    1299* |       0 |      17 |        7 |      3 |     5 |    +0.3% |   -1.872 |     -955.9 |    -1235.6 |   1083 | dp.rf.rf\[11\]\[20\]$_DFFE_PP_/D
    1300* |       0 |      17 |        7 |      3 |     5 |    +0.3% |   -1.872 |     -955.9 |    -1235.6 |   1083 | dp.rf.rf\[11\]\[20\]$_DFFE_PP_/D
    1308* |       0 |      17 |        7 |      3 |     5 |    +0.3% |   -1.872 |     -955.9 |    -1235.6 |   1083 | dp.rf.rf\[11\]\[20\]$_DFFE_PP_/D
    1310* |       0 |      17 |        7 |      4 |     5 |    +0.3% |   -1.872 |     -955.9 |    -1237.8 |   1083 | dp.rf.rf\[11\]\[20\]$_DFFE_PP_/D
    1317* |       0 |      17 |        7 |      3 |     5 |    +0.3% |   -1.872 |     -955.9 |    -1235.6 |   1083 | dp.rf.rf\[11\]\[20\]$_DFFE_PP_/D
    1320* |       0 |      17 |        7 |      5 |     5 |    +0.4% |   -1.872 |     -955.9 |    -1238.4 |   1083 | dp.rf.rf\[11\]\[20\]$_DFFE_PP_/D
    1326* |       0 |      17 |        7 |      3 |     5 |    +0.3% |   -1.872 |     -955.9 |    -1235.6 |   1083 | dp.rf.rf\[11\]\[20\]$_DFFE_PP_/D
    1330* |       0 |      18 |        7 |      5 |     5 |    +0.4% |   -1.873 |     -956.3 |    -1237.0 |   1083 | dp.rf.rf\[11\]\[20\]$_DFFE_PP_/D
    1335* |       0 |      17 |        7 |      3 |     5 |    +0.3% |   -1.872 |     -955.9 |    -1235.6 |   1083 | dp.rf.rf\[11\]\[20\]$_DFFE_PP_/D
    1340* |       0 |      18 |        8 |      5 |     5 |    +0.4% |   -1.873 |     -956.3 |    -1236.6 |   1083 | dp.rf.rf\[11\]\[20\]$_DFFE_PP_/D
    1344* |       0 |      17 |        7 |      3 |     5 |    +0.3% |   -1.872 |     -955.9 |    -1235.6 |   1083 | dp.rf.rf\[11\]\[20\]$_DFFE_PP_/D
    1350* |       0 |      19 |        8 |      5 |     5 |    +0.4% |   -1.900 |     -958.1 |    -1246.7 |   1083 | dp.rf.rf\[11\]\[20\]$_DFFE_PP_/D
    1353* |       0 |      17 |        7 |      3 |     5 |    +0.3% |   -1.872 |     -955.9 |    -1235.6 |   1083 | dp.rf.rf\[11\]\[20\]$_DFFE_PP_/D
    1360* |       0 |      20 |        8 |      5 |     5 |    +0.4% |   -1.900 |     -958.1 |    -1245.7 |   1083 | dp.rf.rf\[11\]\[20\]$_DFFE_PP_/D
    1362* |       0 |      17 |        7 |      3 |     5 |    +0.3% |   -1.872 |     -955.9 |    -1235.6 |   1083 | dp.rf.rf\[11\]\[20\]$_DFFE_PP_/D
    1370* |       0 |      21 |        8 |      5 |     5 |    +0.4% |   -1.900 |     -962.0 |    -1244.7 |   1083 | dp.rf.rf\[11\]\[20\]$_DFFE_PP_/D
    1371* |       0 |      17 |        7 |      3 |     5 |    +0.3% |   -1.872 |     -955.9 |    -1235.6 |   1083 | dp.rf.rf\[11\]\[20\]$_DFFE_PP_/D
    1380* |       1 |      21 |        8 |      5 |     5 |    +0.4% |   -1.900 |     -962.0 |    -1240.9 |   1083 | dp.rf.rf\[11\]\[20\]$_DFFE_PP_/D
    1380* |       0 |      17 |        7 |      3 |     5 |    +0.3% |   -1.872 |     -955.9 |    -1235.6 |   1083 | dp.rf.rf\[11\]\[20\]$_DFFE_PP_/D
    1390* |       0 |      21 |        8 |      5 |     7 |    +0.4% |   -1.900 |     -958.2 |    -1254.7 |   1083 | dp.rf.rf\[11\]\[20\]$_DFFE_PP_/D
    1397* |       0 |      17 |        7 |      3 |     5 |    +0.3% |   -1.872 |     -955.9 |    -1235.6 |   1083 | dp.rf.rf\[11\]\[20\]$_DFFE_PP_/D
    1400* |       0 |      18 |        7 |      4 |     5 |    +0.4% |   -1.873 |     -956.4 |    -1238.9 |   1083 | dp.rf.rf\[11\]\[20\]$_DFFE_PP_/D
    1400* |       0 |      17 |        7 |      3 |     5 |    +0.3% |   -1.872 |     -955.9 |    -1235.6 |   1083 | dp.rf.rf\[11\]\[20\]$_DFFE_PP_/D
    1410* |       1 |      22 |        8 |      5 |     5 |    +0.4% |   -1.902 |     -959.6 |    -1242.1 |   1083 | dp.rf.rf\[11\]\[20\]$_DFFE_PP_/D
    1411* |       0 |      17 |        7 |      3 |     5 |    +0.3% |   -1.872 |     -955.9 |    -1235.6 |   1083 | dp.rf.rf\[11\]\[20\]$_DFFE_PP_/D
    1420* |       0 |      22 |        8 |      5 |     5 |    +0.4% |   -1.902 |     -959.6 |    -1245.9 |   1083 | dp.rf.rf\[11\]\[20\]$_DFFE_PP_/D
    1422* |       0 |      17 |        7 |      3 |     5 |    +0.3% |   -1.872 |     -955.9 |    -1235.6 |   1083 | dp.rf.rf\[11\]\[20\]$_DFFE_PP_/D
    1430* |       0 |      21 |        8 |      5 |     5 |    +0.4% |   -1.900 |     -958.2 |    -1248.6 |   1083 | dp.rf.rf\[11\]\[20\]$_DFFE_PP_/D
    1433* |       0 |      17 |        7 |      3 |     5 |    +0.3% |   -1.872 |     -955.9 |    -1235.6 |   1083 | dp.rf.rf\[11\]\[20\]$_DFFE_PP_/D
    1440* |       0 |      21 |        7 |      5 |     5 |    +0.4% |   -1.900 |     -958.1 |    -1249.1 |   1083 | dp.rf.rf\[11\]\[20\]$_DFFE_PP_/D
    1445* |       0 |      17 |        7 |      3 |     5 |    +0.3% |   -1.872 |     -955.9 |    -1235.6 |   1083 | dp.rf.rf\[11\]\[20\]$_DFFE_PP_/D
    1450* |       0 |      19 |        7 |      5 |     5 |    +0.4% |   -1.873 |     -956.3 |    -1239.6 |   1083 | dp.rf.rf\[11\]\[20\]$_DFFE_PP_/D
    1455* |       0 |      17 |        7 |      3 |     5 |    +0.3% |   -1.872 |     -955.9 |    -1235.6 |   1083 | dp.rf.rf\[11\]\[20\]$_DFFE_PP_/D
    1460* |       0 |      19 |        7 |      5 |     5 |    +0.4% |   -1.873 |     -956.3 |    -1239.6 |   1083 | dp.rf.rf\[11\]\[20\]$_DFFE_PP_/D
    1465* |       0 |      17 |        7 |      3 |     5 |    +0.3% |   -1.872 |     -955.9 |    -1235.6 |   1083 | dp.rf.rf\[11\]\[20\]$_DFFE_PP_/D
    1470* |       0 |      19 |        7 |      5 |     5 |    +0.4% |   -1.873 |     -956.3 |    -1239.6 |   1083 | dp.rf.rf\[11\]\[20\]$_DFFE_PP_/D
    1475* |       0 |      17 |        7 |      3 |     5 |    +0.3% |   -1.872 |     -955.9 |    -1235.6 |   1083 | dp.rf.rf\[11\]\[20\]$_DFFE_PP_/D
    1480* |       0 |      19 |        7 |      5 |     5 |    +0.4% |   -1.873 |     -956.3 |    -1239.6 |   1083 | dp.rf.rf\[11\]\[20\]$_DFFE_PP_/D
    1485* |       0 |      17 |        7 |      3 |     5 |    +0.3% |   -1.872 |     -955.9 |    -1235.6 |   1083 | dp.rf.rf\[11\]\[20\]$_DFFE_PP_/D
    1490* |       0 |      19 |        7 |      5 |     5 |    +0.4% |   -1.873 |     -956.3 |    -1239.6 |   1083 | dp.rf.rf\[11\]\[20\]$_DFFE_PP_/D
    1495* |       0 |      17 |        7 |      3 |     5 |    +0.3% |   -1.872 |     -955.9 |    -1235.6 |   1083 | dp.rf.rf\[11\]\[20\]$_DFFE_PP_/D
    1500* |       0 |      19 |        7 |      5 |     5 |    +0.4% |   -1.873 |     -956.3 |    -1239.6 |   1083 | dp.rf.rf\[11\]\[20\]$_DFFE_PP_/D
    1500* |       0 |      17 |        7 |      3 |     5 |    +0.3% |   -1.872 |     -955.9 |    -1235.6 |   1083 | dp.rf.rf\[11\]\[20\]$_DFFE_PP_/D
    1500* |       0 |      17 |        7 |      3 |     5 |    +0.3% |   -1.872 |     -955.9 |    -1235.6 |   1083 | dp.rf.rf\[11\]\[20\]$_DFFE_PP_/D
    1500+ |       0 |      17 |        7 |      3 |     5 |    +0.3% |   -1.872 |     -955.9 |    -1235.6 |   1083 | dp.rf.rf\[11\]\[20\]$_DFFE_PP_/D
    1501+ |       0 |      17 |        7 |      3 |     5 |    +0.3% |   -1.872 |     -955.9 |    -1235.6 |   1083 | dp.rf.rf\[11\]\[20\]$_DFFE_PP_/D
    1502+ |       0 |      17 |        7 |      3 |     5 |    +0.3% |   -1.872 |     -955.9 |    -1235.6 |   1083 | dp.rf.rf\[11\]\[20\]$_DFFE_PP_/D
    1503+ |       0 |      17 |        7 |      3 |     5 |    +0.3% |   -1.872 |     -955.9 |    -1235.6 |   1083 | dp.rf.rf\[11\]\[20\]$_DFFE_PP_/D
    1504+ |       0 |      17 |        7 |      3 |     5 |    +0.3% |   -1.872 |     -955.9 |    -1235.6 |   1083 | dp.rf.rf\[11\]\[20\]$_DFFE_PP_/D
    1505+ |       0 |      17 |        7 |      3 |     5 |    +0.3% |   -1.872 |     -955.9 |    -1235.6 |   1083 | dp.rf.rf\[11\]\[20\]$_DFFE_PP_/D
    1506+ |       0 |      17 |        7 |      3 |     5 |    +0.3% |   -1.872 |     -955.9 |    -1235.6 |   1083 | dp.rf.rf\[11\]\[20\]$_DFFE_PP_/D
    1507+ |       0 |      17 |        7 |      3 |     5 |    +0.3% |   -1.872 |     -955.9 |    -1235.6 |   1083 | dp.rf.rf\[11\]\[20\]$_DFFE_PP_/D
    1508+ |       0 |      17 |        7 |      3 |     5 |    +0.3% |   -1.872 |     -955.9 |    -1235.6 |   1083 | dp.rf.rf\[11\]\[20\]$_DFFE_PP_/D
    1509+ |       0 |      17 |        7 |      3 |     5 |    +0.3% |   -1.872 |     -955.9 |    -1235.6 |   1083 | dp.rf.rf\[11\]\[20\]$_DFFE_PP_/D
    1510+ |       0 |      17 |        7 |      3 |     5 |    +0.3% |   -1.872 |     -955.9 |    -1235.6 |   1083 | dp.rf.rf\[11\]\[20\]$_DFFE_PP_/D
    1510+ |       0 |      17 |        7 |      3 |     5 |    +0.3% |   -1.872 |     -955.9 |    -1235.6 |   1083 | dp.rf.rf\[11\]\[20\]$_DFFE_PP_/D
    1511+ |       0 |      17 |        7 |      3 |     5 |    +0.3% |   -1.872 |     -955.9 |    -1235.6 |   1083 | dp.rf.rf\[11\]\[20\]$_DFFE_PP_/D
    1512+ |       0 |      17 |        7 |      3 |     5 |    +0.3% |   -1.872 |     -955.9 |    -1235.6 |   1083 | dp.rf.rf\[11\]\[20\]$_DFFE_PP_/D
    1513+ |       0 |      17 |        7 |      3 |     5 |    +0.3% |   -1.872 |     -955.9 |    -1235.6 |   1083 | dp.rf.rf\[11\]\[20\]$_DFFE_PP_/D
    1514+ |       0 |      17 |        7 |      3 |     5 |    +0.3% |   -1.872 |     -955.9 |    -1235.6 |   1083 | dp.rf.rf\[11\]\[20\]$_DFFE_PP_/D
    1515+ |       0 |      17 |        7 |      3 |     5 |    +0.3% |   -1.872 |     -955.9 |    -1235.6 |   1083 | dp.rf.rf\[11\]\[20\]$_DFFE_PP_/D
    1516+ |       0 |      17 |        7 |      3 |     5 |    +0.3% |   -1.872 |     -955.9 |    -1235.6 |   1083 | dp.rf.rf\[11\]\[20\]$_DFFE_PP_/D
    1517+ |       0 |      17 |        7 |      3 |     5 |    +0.3% |   -1.872 |     -955.9 |    -1235.6 |   1083 | dp.rf.rf\[11\]\[20\]$_DFFE_PP_/D
    1518+ |       0 |      17 |        7 |      3 |     5 |    +0.3% |   -1.872 |     -955.9 |    -1235.6 |   1083 | dp.rf.rf\[11\]\[20\]$_DFFE_PP_/D
    1519+ |       0 |      17 |        7 |      3 |     5 |    +0.3% |   -1.872 |     -955.9 |    -1235.6 |   1083 | dp.rf.rf\[11\]\[20\]$_DFFE_PP_/D
    1520+ |       0 |      17 |        7 |      3 |     5 |    +0.3% |   -1.872 |     -955.9 |    -1235.6 |   1083 | dp.rf.rf\[11\]\[20\]$_DFFE_PP_/D
    1520+ |       0 |      17 |        7 |      3 |     5 |    +0.3% |   -1.872 |     -955.9 |    -1235.6 |   1083 | dp.rf.rf\[11\]\[20\]$_DFFE_PP_/D
    1521+ |       0 |      17 |        7 |      3 |     5 |    +0.3% |   -1.872 |     -955.9 |    -1235.6 |   1083 | dp.rf.rf\[11\]\[20\]$_DFFE_PP_/D
    1522+ |       0 |      17 |        7 |      3 |     5 |    +0.3% |   -1.872 |     -955.9 |    -1235.6 |   1083 | dp.rf.rf\[11\]\[20\]$_DFFE_PP_/D
    1523+ |       0 |      17 |        7 |      3 |     5 |    +0.3% |   -1.872 |     -955.9 |    -1235.6 |   1083 | dp.rf.rf\[11\]\[20\]$_DFFE_PP_/D
    1524+ |       0 |      17 |        7 |      3 |     5 |    +0.3% |   -1.872 |     -955.9 |    -1235.6 |   1083 | dp.rf.rf\[11\]\[20\]$_DFFE_PP_/D
    1525+ |       0 |      17 |        7 |      3 |     5 |    +0.3% |   -1.872 |     -955.9 |    -1235.6 |   1083 | dp.rf.rf\[11\]\[20\]$_DFFE_PP_/D
    1526+ |       0 |      17 |        7 |      3 |     5 |    +0.3% |   -1.872 |     -955.9 |    -1235.6 |   1083 | dp.rf.rf\[11\]\[20\]$_DFFE_PP_/D
    1527+ |       0 |      17 |        7 |      3 |     5 |    +0.3% |   -1.872 |     -955.9 |    -1235.6 |   1083 | dp.rf.rf\[11\]\[20\]$_DFFE_PP_/D
    1528+ |       0 |      17 |        7 |      3 |     5 |    +0.3% |   -1.872 |     -955.9 |    -1235.6 |   1083 | dp.rf.rf\[11\]\[20\]$_DFFE_PP_/D
    1529+ |       0 |      17 |        7 |      3 |     5 |    +0.3% |   -1.872 |     -955.9 |    -1235.6 |   1083 | dp.rf.rf\[11\]\[20\]$_DFFE_PP_/D
    1530+ |       0 |      17 |        7 |      3 |     5 |    +0.3% |   -1.872 |     -955.9 |    -1235.6 |   1083 | dp.rf.rf\[11\]\[20\]$_DFFE_PP_/D
    1530+ |       0 |      17 |        7 |      3 |     5 |    +0.3% |   -1.872 |     -955.9 |    -1235.6 |   1083 | dp.rf.rf\[11\]\[20\]$_DFFE_PP_/D
    1531+ |       0 |      17 |        7 |      3 |     5 |    +0.3% |   -1.872 |     -955.9 |    -1235.6 |   1083 | dp.rf.rf\[11\]\[20\]$_DFFE_PP_/D
    1532+ |       0 |      17 |        7 |      3 |     5 |    +0.3% |   -1.872 |     -955.9 |    -1235.6 |   1083 | dp.rf.rf\[11\]\[20\]$_DFFE_PP_/D
    1533+ |       0 |      17 |        7 |      3 |     5 |    +0.3% |   -1.872 |     -955.9 |    -1235.6 |   1083 | dp.rf.rf\[11\]\[20\]$_DFFE_PP_/D
    1535+ |       0 |      18 |        7 |      3 |     5 |    +0.3% |   -1.872 |     -955.4 |    -1234.0 |   1083 | dp.rf.rf\[11\]\[20\]$_DFFE_PP_/D
    1536+ |       0 |      18 |        7 |      3 |     5 |    +0.3% |   -1.872 |     -955.4 |    -1234.0 |   1083 | dp.rf.rf\[11\]\[20\]$_DFFE_PP_/D
    1537+ |       0 |      18 |        7 |      3 |     5 |    +0.3% |   -1.872 |     -955.4 |    -1234.0 |   1083 | dp.rf.rf\[11\]\[20\]$_DFFE_PP_/D
    1538+ |       0 |      18 |        7 |      3 |     5 |    +0.3% |   -1.872 |     -955.4 |    -1234.0 |   1083 | dp.rf.rf\[11\]\[20\]$_DFFE_PP_/D
    1539+ |       0 |      18 |        7 |      3 |     5 |    +0.3% |   -1.872 |     -955.4 |    -1234.0 |   1083 | dp.rf.rf\[11\]\[20\]$_DFFE_PP_/D
    1540+ |       0 |      18 |        7 |      3 |     5 |    +0.3% |   -1.872 |     -955.4 |    -1234.0 |   1083 | dp.rf.rf\[11\]\[20\]$_DFFE_PP_/D
    1540+ |       0 |      18 |        7 |      3 |     5 |    +0.3% |   -1.872 |     -955.4 |    -1234.0 |   1083 | dp.rf.rf\[11\]\[20\]$_DFFE_PP_/D
    1541+ |       0 |      18 |        7 |      3 |     5 |    +0.3% |   -1.872 |     -955.4 |    -1234.0 |   1083 | dp.rf.rf\[11\]\[20\]$_DFFE_PP_/D
    1542+ |       0 |      18 |        7 |      3 |     5 |    +0.3% |   -1.872 |     -955.4 |    -1234.0 |   1083 | dp.rf.rf\[11\]\[20\]$_DFFE_PP_/D
    1543+ |       0 |      18 |        7 |      3 |     5 |    +0.3% |   -1.872 |     -955.4 |    -1234.0 |   1083 | dp.rf.rf\[11\]\[20\]$_DFFE_PP_/D
    1544+ |       0 |      18 |        7 |      3 |     5 |    +0.3% |   -1.872 |     -955.4 |    -1234.0 |   1083 | dp.rf.rf\[11\]\[20\]$_DFFE_PP_/D
    1545+ |       0 |      18 |        7 |      3 |     5 |    +0.3% |   -1.872 |     -955.4 |    -1234.0 |   1083 | dp.rf.rf\[11\]\[20\]$_DFFE_PP_/D
    1546+ |       0 |      18 |        7 |      3 |     5 |    +0.3% |   -1.872 |     -955.4 |    -1234.0 |   1083 | dp.rf.rf\[11\]\[20\]$_DFFE_PP_/D
    1547+ |       0 |      18 |        7 |      3 |     5 |    +0.3% |   -1.872 |     -955.4 |    -1234.0 |   1083 | dp.rf.rf\[11\]\[20\]$_DFFE_PP_/D
    1548+ |       0 |      18 |        7 |      3 |     5 |    +0.3% |   -1.872 |     -955.4 |    -1234.0 |   1083 | dp.rf.rf\[11\]\[20\]$_DFFE_PP_/D
    1549+ |       0 |      18 |        7 |      3 |     5 |    +0.3% |   -1.872 |     -955.4 |    -1234.0 |   1083 | dp.rf.rf\[11\]\[20\]$_DFFE_PP_/D
    1550+ |       0 |      18 |        7 |      3 |     5 |    +0.3% |   -1.872 |     -955.4 |    -1234.0 |   1083 | dp.rf.rf\[11\]\[20\]$_DFFE_PP_/D
    1550+ |       0 |      18 |        7 |      3 |     5 |    +0.3% |   -1.872 |     -955.4 |    -1234.0 |   1083 | dp.rf.rf\[11\]\[20\]$_DFFE_PP_/D
    1551+ |       0 |      18 |        7 |      3 |     5 |    +0.3% |   -1.872 |     -955.4 |    -1234.0 |   1083 | dp.rf.rf\[11\]\[20\]$_DFFE_PP_/D
    1552+ |       0 |      18 |        7 |      3 |     5 |    +0.3% |   -1.872 |     -955.4 |    -1234.0 |   1083 | dp.rf.rf\[11\]\[20\]$_DFFE_PP_/D
    1553+ |       0 |      18 |        7 |      3 |     5 |    +0.3% |   -1.872 |     -955.4 |    -1234.0 |   1083 | dp.rf.rf\[11\]\[20\]$_DFFE_PP_/D
    1554+ |       0 |      18 |        7 |      3 |     5 |    +0.3% |   -1.872 |     -955.4 |    -1234.0 |   1083 | dp.rf.rf\[11\]\[20\]$_DFFE_PP_/D
    1555+ |       0 |      18 |        7 |      3 |     5 |    +0.3% |   -1.872 |     -955.4 |    -1234.0 |   1083 | dp.rf.rf\[11\]\[20\]$_DFFE_PP_/D
    1556+ |       0 |      18 |        7 |      3 |     5 |    +0.3% |   -1.872 |     -955.4 |    -1234.0 |   1083 | dp.rf.rf\[11\]\[20\]$_DFFE_PP_/D
    1557+ |       0 |      18 |        7 |      3 |     5 |    +0.3% |   -1.872 |     -955.4 |    -1234.0 |   1083 | dp.rf.rf\[11\]\[20\]$_DFFE_PP_/D
    1558+ |       0 |      18 |        7 |      3 |     5 |    +0.3% |   -1.872 |     -955.4 |    -1234.0 |   1083 | dp.rf.rf\[11\]\[20\]$_DFFE_PP_/D
    1559+ |       0 |      18 |        7 |      3 |     5 |    +0.3% |   -1.872 |     -955.4 |    -1234.0 |   1083 | dp.rf.rf\[11\]\[20\]$_DFFE_PP_/D
    1560+ |       0 |      18 |        7 |      3 |     5 |    +0.3% |   -1.872 |     -955.4 |    -1234.0 |   1083 | dp.rf.rf\[11\]\[20\]$_DFFE_PP_/D
    1560+ |       0 |      18 |        7 |      3 |     5 |    +0.3% |   -1.872 |     -955.4 |    -1234.0 |   1083 | dp.rf.rf\[11\]\[20\]$_DFFE_PP_/D
    1561+ |       0 |      18 |        7 |      3 |     5 |    +0.3% |   -1.872 |     -955.4 |    -1234.0 |   1083 | dp.rf.rf\[11\]\[20\]$_DFFE_PP_/D
    1562+ |       0 |      18 |        7 |      3 |     5 |    +0.3% |   -1.872 |     -955.4 |    -1234.0 |   1083 | dp.rf.rf\[11\]\[20\]$_DFFE_PP_/D
    1563+ |       0 |      18 |        7 |      3 |     5 |    +0.3% |   -1.872 |     -955.4 |    -1234.0 |   1083 | dp.rf.rf\[11\]\[20\]$_DFFE_PP_/D
    1564+ |       0 |      18 |        7 |      3 |     5 |    +0.3% |   -1.872 |     -955.4 |    -1234.0 |   1083 | dp.rf.rf\[11\]\[20\]$_DFFE_PP_/D
    1565+ |       0 |      18 |        7 |      3 |     5 |    +0.3% |   -1.872 |     -955.4 |    -1234.0 |   1083 | dp.rf.rf\[11\]\[20\]$_DFFE_PP_/D
    1566+ |       0 |      18 |        7 |      3 |     5 |    +0.3% |   -1.872 |     -955.4 |    -1234.0 |   1083 | dp.rf.rf\[11\]\[20\]$_DFFE_PP_/D
    1567+ |       0 |      18 |        7 |      3 |     5 |    +0.3% |   -1.872 |     -955.4 |    -1234.0 |   1083 | dp.rf.rf\[11\]\[20\]$_DFFE_PP_/D
    1568+ |       0 |      18 |        7 |      3 |     5 |    +0.3% |   -1.872 |     -955.4 |    -1234.0 |   1083 | dp.rf.rf\[11\]\[20\]$_DFFE_PP_/D
    1569+ |       0 |      18 |        7 |      3 |     5 |    +0.3% |   -1.872 |     -955.4 |    -1234.0 |   1083 | dp.rf.rf\[11\]\[20\]$_DFFE_PP_/D
    1570+ |       0 |      18 |        7 |      3 |     5 |    +0.3% |   -1.872 |     -955.4 |    -1234.0 |   1083 | dp.rf.rf\[11\]\[20\]$_DFFE_PP_/D
    1570+ |       0 |      18 |        7 |      3 |     5 |    +0.3% |   -1.872 |     -955.4 |    -1234.0 |   1083 | dp.rf.rf\[11\]\[20\]$_DFFE_PP_/D
    1571+ |       0 |      18 |        7 |      3 |     5 |    +0.3% |   -1.872 |     -955.4 |    -1234.0 |   1083 | dp.rf.rf\[11\]\[20\]$_DFFE_PP_/D
    1572+ |       0 |      18 |        7 |      3 |     5 |    +0.3% |   -1.872 |     -955.4 |    -1234.0 |   1083 | dp.rf.rf\[11\]\[20\]$_DFFE_PP_/D
    1573+ |       0 |      18 |        7 |      3 |     5 |    +0.3% |   -1.872 |     -955.4 |    -1234.0 |   1083 | dp.rf.rf\[11\]\[20\]$_DFFE_PP_/D
    1574+ |       0 |      18 |        7 |      3 |     5 |    +0.3% |   -1.872 |     -955.4 |    -1234.0 |   1083 | dp.rf.rf\[11\]\[20\]$_DFFE_PP_/D
    1575+ |       0 |      18 |        7 |      3 |     5 |    +0.3% |   -1.872 |     -955.4 |    -1234.0 |   1083 | dp.rf.rf\[11\]\[20\]$_DFFE_PP_/D
    1576+ |       0 |      18 |        7 |      3 |     5 |    +0.3% |   -1.872 |     -955.4 |    -1234.0 |   1083 | dp.rf.rf\[11\]\[20\]$_DFFE_PP_/D
    1577+ |       0 |      18 |        7 |      3 |     5 |    +0.3% |   -1.872 |     -955.4 |    -1234.0 |   1083 | dp.rf.rf\[11\]\[20\]$_DFFE_PP_/D
    1578+ |       0 |      18 |        7 |      3 |     5 |    +0.3% |   -1.872 |     -955.4 |    -1234.0 |   1083 | dp.rf.rf\[11\]\[20\]$_DFFE_PP_/D
    1579+ |       0 |      18 |        7 |      3 |     5 |    +0.3% |   -1.872 |     -955.4 |    -1234.0 |   1083 | dp.rf.rf\[11\]\[20\]$_DFFE_PP_/D
    1580+ |       0 |      18 |        7 |      3 |     5 |    +0.3% |   -1.872 |     -955.4 |    -1234.0 |   1083 | dp.rf.rf\[11\]\[20\]$_DFFE_PP_/D
    1580+ |       0 |      18 |        7 |      3 |     5 |    +0.3% |   -1.872 |     -955.4 |    -1234.0 |   1083 | dp.rf.rf\[11\]\[20\]$_DFFE_PP_/D
    1581+ |       0 |      18 |        7 |      3 |     5 |    +0.3% |   -1.872 |     -955.4 |    -1234.0 |   1083 | dp.rf.rf\[11\]\[20\]$_DFFE_PP_/D
    1582+ |       0 |      18 |        7 |      3 |     5 |    +0.3% |   -1.872 |     -955.4 |    -1234.0 |   1083 | dp.rf.rf\[11\]\[20\]$_DFFE_PP_/D
    1583+ |       0 |      18 |        7 |      3 |     5 |    +0.3% |   -1.872 |     -955.4 |    -1234.0 |   1083 | dp.rf.rf\[11\]\[20\]$_DFFE_PP_/D
    1584+ |       0 |      18 |        7 |      3 |     5 |    +0.3% |   -1.872 |     -955.4 |    -1234.0 |   1083 | dp.rf.rf\[11\]\[20\]$_DFFE_PP_/D
    1585+ |       0 |      18 |        7 |      3 |     5 |    +0.3% |   -1.872 |     -955.4 |    -1234.0 |   1083 | dp.rf.rf\[11\]\[20\]$_DFFE_PP_/D
    1586+ |       0 |      18 |        7 |      3 |     5 |    +0.3% |   -1.872 |     -955.4 |    -1234.0 |   1083 | dp.rf.rf\[11\]\[20\]$_DFFE_PP_/D
    1587+ |       0 |      18 |        7 |      3 |     5 |    +0.3% |   -1.872 |     -955.4 |    -1234.0 |   1083 | dp.rf.rf\[11\]\[20\]$_DFFE_PP_/D
    1588+ |       0 |      18 |        7 |      3 |     5 |    +0.3% |   -1.872 |     -955.4 |    -1234.0 |   1083 | dp.rf.rf\[11\]\[20\]$_DFFE_PP_/D
    1589+ |       0 |      18 |        7 |      3 |     5 |    +0.3% |   -1.872 |     -955.4 |    -1234.0 |   1083 | dp.rf.rf\[11\]\[20\]$_DFFE_PP_/D
    1590+ |       0 |      18 |        7 |      3 |     5 |    +0.3% |   -1.872 |     -955.4 |    -1234.0 |   1083 | dp.rf.rf\[11\]\[20\]$_DFFE_PP_/D
    1590+ |       0 |      18 |        7 |      3 |     5 |    +0.3% |   -1.872 |     -955.4 |    -1234.0 |   1083 | dp.rf.rf\[11\]\[20\]$_DFFE_PP_/D
    1591+ |       0 |      18 |        7 |      3 |     5 |    +0.3% |   -1.872 |     -955.4 |    -1234.0 |   1083 | dp.rf.rf\[11\]\[20\]$_DFFE_PP_/D
    1592+ |       0 |      18 |        7 |      3 |     5 |    +0.3% |   -1.872 |     -955.4 |    -1234.0 |   1083 | dp.rf.rf\[11\]\[20\]$_DFFE_PP_/D
    1593+ |       0 |      18 |        7 |      3 |     5 |    +0.3% |   -1.872 |     -955.4 |    -1234.0 |   1083 | dp.rf.rf\[11\]\[20\]$_DFFE_PP_/D
    1594+ |       0 |      18 |        7 |      3 |     5 |    +0.3% |   -1.872 |     -955.4 |    -1234.0 |   1083 | dp.rf.rf\[11\]\[20\]$_DFFE_PP_/D
    1595+ |       0 |      18 |        7 |      3 |     5 |    +0.3% |   -1.872 |     -955.4 |    -1234.0 |   1083 | dp.rf.rf\[11\]\[20\]$_DFFE_PP_/D
    1596+ |       0 |      18 |        7 |      3 |     5 |    +0.3% |   -1.872 |     -955.4 |    -1234.0 |   1083 | dp.rf.rf\[11\]\[20\]$_DFFE_PP_/D
    1597+ |       0 |      18 |        7 |      3 |     5 |    +0.3% |   -1.872 |     -955.4 |    -1234.0 |   1083 | dp.rf.rf\[11\]\[20\]$_DFFE_PP_/D
    1598+ |       0 |      18 |        7 |      3 |     5 |    +0.3% |   -1.872 |     -955.4 |    -1234.0 |   1083 | dp.rf.rf\[11\]\[20\]$_DFFE_PP_/D
    1599+ |       0 |      18 |        7 |      3 |     5 |    +0.3% |   -1.872 |     -955.4 |    -1234.0 |   1083 | dp.rf.rf\[11\]\[20\]$_DFFE_PP_/D
    1600+ |       0 |      18 |        7 |      3 |     5 |    +0.3% |   -1.872 |     -955.4 |    -1234.0 |   1083 | dp.rf.rf\[11\]\[20\]$_DFFE_PP_/D
    1601+ |       0 |      18 |        7 |      3 |     5 |    +0.3% |   -1.872 |     -955.4 |    -1234.0 |   1083 | dp.rf.rf\[11\]\[20\]$_DFFE_PP_/D
    1602+ |       0 |      18 |        7 |      3 |     5 |    +0.3% |   -1.872 |     -955.4 |    -1234.0 |   1083 | dp.rf.rf\[11\]\[20\]$_DFFE_PP_/D
    1603+ |       0 |      18 |        7 |      3 |     5 |    +0.3% |   -1.872 |     -955.4 |    -1234.0 |   1083 | dp.rf.rf\[11\]\[20\]$_DFFE_PP_/D
    1604+ |       0 |      18 |        7 |      3 |     5 |    +0.3% |   -1.872 |     -955.4 |    -1234.0 |   1083 | dp.rf.rf\[11\]\[20\]$_DFFE_PP_/D
    1605+ |       0 |      18 |        7 |      3 |     5 |    +0.3% |   -1.872 |     -955.4 |    -1234.0 |   1083 | dp.rf.rf\[11\]\[20\]$_DFFE_PP_/D
    1606+ |       0 |      18 |        7 |      3 |     5 |    +0.3% |   -1.872 |     -955.4 |    -1234.0 |   1083 | dp.rf.rf\[11\]\[20\]$_DFFE_PP_/D
    1607+ |       0 |      18 |        7 |      3 |     5 |    +0.3% |   -1.872 |     -955.4 |    -1234.0 |   1083 | dp.rf.rf\[11\]\[20\]$_DFFE_PP_/D
    1608+ |       0 |      18 |        7 |      3 |     5 |    +0.3% |   -1.872 |     -955.4 |    -1234.0 |   1083 | dp.rf.rf\[11\]\[20\]$_DFFE_PP_/D
    1609+ |       0 |      18 |        7 |      3 |     5 |    +0.3% |   -1.872 |     -955.4 |    -1234.0 |   1083 | dp.rf.rf\[11\]\[20\]$_DFFE_PP_/D
    1610+ |       0 |      18 |        7 |      3 |     5 |    +0.3% |   -1.872 |     -955.4 |    -1234.0 |   1083 | dp.rf.rf\[11\]\[20\]$_DFFE_PP_/D
    1610+ |       0 |      18 |        7 |      3 |     5 |    +0.3% |   -1.872 |     -955.4 |    -1234.0 |   1083 | dp.rf.rf\[11\]\[20\]$_DFFE_PP_/D
    1611+ |       0 |      18 |        7 |      3 |     5 |    +0.3% |   -1.872 |     -955.4 |    -1234.0 |   1083 | dp.rf.rf\[11\]\[20\]$_DFFE_PP_/D
    1612+ |       0 |      18 |        7 |      3 |     5 |    +0.3% |   -1.872 |     -955.4 |    -1234.0 |   1083 | dp.rf.rf\[11\]\[20\]$_DFFE_PP_/D
    1613+ |       0 |      18 |        7 |      3 |     5 |    +0.3% |   -1.872 |     -955.4 |    -1234.0 |   1083 | dp.rf.rf\[11\]\[20\]$_DFFE_PP_/D
    1614+ |       0 |      18 |        7 |      3 |     5 |    +0.3% |   -1.872 |     -955.4 |    -1234.0 |   1083 | dp.rf.rf\[11\]\[20\]$_DFFE_PP_/D
    1615+ |       0 |      18 |        7 |      3 |     5 |    +0.3% |   -1.872 |     -955.4 |    -1234.0 |   1083 | dp.rf.rf\[11\]\[20\]$_DFFE_PP_/D
    1616+ |       0 |      18 |        7 |      3 |     5 |    +0.3% |   -1.872 |     -955.4 |    -1234.0 |   1083 | dp.rf.rf\[11\]\[20\]$_DFFE_PP_/D
    1617+ |       0 |      18 |        7 |      3 |     5 |    +0.3% |   -1.872 |     -955.4 |    -1234.0 |   1083 | dp.rf.rf\[11\]\[20\]$_DFFE_PP_/D
    1618+ |       0 |      18 |        7 |      3 |     5 |    +0.3% |   -1.872 |     -955.4 |    -1234.0 |   1083 | dp.rf.rf\[11\]\[20\]$_DFFE_PP_/D
    1619+ |       0 |      18 |        7 |      3 |     5 |    +0.3% |   -1.872 |     -955.4 |    -1234.0 |   1083 | dp.rf.rf\[11\]\[20\]$_DFFE_PP_/D
    1620+ |       0 |      18 |        7 |      3 |     5 |    +0.3% |   -1.872 |     -955.4 |    -1234.0 |   1083 | dp.rf.rf\[11\]\[20\]$_DFFE_PP_/D
    1620+ |       0 |      18 |        7 |      3 |     5 |    +0.3% |   -1.872 |     -955.4 |    -1234.0 |   1083 | dp.rf.rf\[11\]\[20\]$_DFFE_PP_/D
    1621+ |       0 |      18 |        7 |      3 |     5 |    +0.3% |   -1.872 |     -955.4 |    -1234.0 |   1083 | dp.rf.rf\[11\]\[20\]$_DFFE_PP_/D
    1622+ |       0 |      18 |        7 |      3 |     5 |    +0.3% |   -1.872 |     -955.4 |    -1234.0 |   1083 | dp.rf.rf\[11\]\[20\]$_DFFE_PP_/D
    1623+ |       0 |      18 |        7 |      3 |     5 |    +0.3% |   -1.872 |     -955.4 |    -1234.0 |   1083 | dp.rf.rf\[11\]\[20\]$_DFFE_PP_/D
    1624+ |       0 |      18 |        7 |      3 |     5 |    +0.3% |   -1.872 |     -955.4 |    -1234.0 |   1083 | dp.rf.rf\[11\]\[20\]$_DFFE_PP_/D
    1625+ |       0 |      18 |        7 |      3 |     5 |    +0.3% |   -1.872 |     -955.4 |    -1234.0 |   1083 | dp.rf.rf\[11\]\[20\]$_DFFE_PP_/D
    1626+ |       0 |      18 |        7 |      3 |     5 |    +0.3% |   -1.872 |     -955.4 |    -1234.0 |   1083 | dp.rf.rf\[11\]\[20\]$_DFFE_PP_/D
    1627+ |       0 |      18 |        7 |      3 |     5 |    +0.3% |   -1.872 |     -955.4 |    -1234.0 |   1083 | dp.rf.rf\[11\]\[20\]$_DFFE_PP_/D
    1628+ |       0 |      18 |        7 |      3 |     5 |    +0.3% |   -1.872 |     -955.4 |    -1234.0 |   1083 | dp.rf.rf\[11\]\[20\]$_DFFE_PP_/D
    1629+ |       0 |      18 |        7 |      3 |     5 |    +0.3% |   -1.872 |     -955.4 |    -1234.0 |   1083 | dp.rf.rf\[11\]\[20\]$_DFFE_PP_/D
    1630+ |       0 |      18 |        7 |      3 |     5 |    +0.3% |   -1.872 |     -955.4 |    -1234.0 |   1083 | dp.rf.rf\[11\]\[20\]$_DFFE_PP_/D
    1630+ |       0 |      18 |        7 |      3 |     5 |    +0.3% |   -1.872 |     -955.4 |    -1234.0 |   1083 | dp.rf.rf\[11\]\[20\]$_DFFE_PP_/D
    1631+ |       0 |      18 |        7 |      3 |     5 |    +0.3% |   -1.872 |     -955.4 |    -1234.0 |   1083 | dp.rf.rf\[11\]\[20\]$_DFFE_PP_/D
    1632+ |       0 |      18 |        7 |      3 |     5 |    +0.3% |   -1.872 |     -955.4 |    -1234.0 |   1083 | dp.rf.rf\[11\]\[20\]$_DFFE_PP_/D
    1633+ |       0 |      18 |        7 |      3 |     5 |    +0.3% |   -1.872 |     -955.4 |    -1234.0 |   1083 | dp.rf.rf\[11\]\[20\]$_DFFE_PP_/D
    1636+ |       0 |      20 |        7 |      3 |     5 |    +0.3% |   -1.872 |     -962.9 |    -1232.6 |   1083 | dp.rf.rf\[11\]\[20\]$_DFFE_PP_/D
    1637+ |       0 |      20 |        7 |      3 |     5 |    +0.3% |   -1.872 |     -962.9 |    -1232.6 |   1083 | dp.rf.rf\[11\]\[20\]$_DFFE_PP_/D
    1638+ |       0 |      20 |        7 |      3 |     5 |    +0.3% |   -1.872 |     -962.9 |    -1232.6 |   1083 | dp.rf.rf\[11\]\[20\]$_DFFE_PP_/D
    1639+ |       0 |      20 |        7 |      3 |     5 |    +0.3% |   -1.872 |     -962.9 |    -1232.6 |   1083 | dp.rf.rf\[11\]\[20\]$_DFFE_PP_/D
    1640+ |       0 |      20 |        7 |      3 |     5 |    +0.3% |   -1.872 |     -962.9 |    -1232.6 |   1083 | dp.rf.rf\[11\]\[20\]$_DFFE_PP_/D
    1640+ |       0 |      20 |        7 |      3 |     5 |    +0.3% |   -1.872 |     -962.9 |    -1232.6 |   1083 | dp.rf.rf\[11\]\[20\]$_DFFE_PP_/D
    1641+ |       0 |      20 |        7 |      3 |     5 |    +0.3% |   -1.872 |     -962.9 |    -1232.6 |   1083 | dp.rf.rf\[11\]\[20\]$_DFFE_PP_/D
    1642+ |       0 |      20 |        7 |      3 |     5 |    +0.3% |   -1.872 |     -962.9 |    -1232.6 |   1083 | dp.rf.rf\[11\]\[20\]$_DFFE_PP_/D
    1643+ |       0 |      20 |        7 |      3 |     5 |    +0.3% |   -1.872 |     -962.9 |    -1232.6 |   1083 | dp.rf.rf\[11\]\[20\]$_DFFE_PP_/D
    1644+ |       0 |      20 |        7 |      3 |     5 |    +0.3% |   -1.872 |     -962.9 |    -1232.6 |   1083 | dp.rf.rf\[11\]\[20\]$_DFFE_PP_/D
    1645+ |       0 |      20 |        7 |      3 |     5 |    +0.3% |   -1.872 |     -962.9 |    -1232.6 |   1083 | dp.rf.rf\[11\]\[20\]$_DFFE_PP_/D
    1646+ |       0 |      20 |        7 |      3 |     5 |    +0.3% |   -1.872 |     -962.9 |    -1232.6 |   1083 | dp.rf.rf\[11\]\[20\]$_DFFE_PP_/D
    1647+ |       0 |      20 |        7 |      3 |     5 |    +0.3% |   -1.872 |     -962.9 |    -1232.6 |   1083 | dp.rf.rf\[11\]\[20\]$_DFFE_PP_/D
    1650+ |       0 |      22 |        7 |      3 |     5 |    +0.4% |   -1.872 |     -962.9 |    -1232.0 |   1083 | dp.rf.rf\[11\]\[20\]$_DFFE_PP_/D
    1650+ |       0 |      22 |        7 |      3 |     5 |    +0.4% |   -1.872 |     -962.9 |    -1232.0 |   1083 | dp.rf.rf\[11\]\[20\]$_DFFE_PP_/D
    1651+ |       0 |      22 |        7 |      3 |     5 |    +0.4% |   -1.872 |     -962.9 |    -1232.0 |   1083 | dp.rf.rf\[11\]\[20\]$_DFFE_PP_/D
    1652+ |       0 |      22 |        7 |      3 |     5 |    +0.4% |   -1.872 |     -962.9 |    -1232.0 |   1083 | dp.rf.rf\[11\]\[20\]$_DFFE_PP_/D
    1653+ |       0 |      22 |        7 |      3 |     5 |    +0.4% |   -1.872 |     -962.9 |    -1232.0 |   1083 | dp.rf.rf\[11\]\[20\]$_DFFE_PP_/D
    1654+ |       0 |      22 |        7 |      3 |     5 |    +0.4% |   -1.872 |     -962.9 |    -1232.0 |   1083 | dp.rf.rf\[11\]\[20\]$_DFFE_PP_/D
    1655+ |       0 |      22 |        7 |      3 |     5 |    +0.4% |   -1.872 |     -962.9 |    -1232.0 |   1083 | dp.rf.rf\[11\]\[20\]$_DFFE_PP_/D
    1656+ |       0 |      22 |        7 |      3 |     5 |    +0.4% |   -1.872 |     -962.9 |    -1232.0 |   1083 | dp.rf.rf\[11\]\[20\]$_DFFE_PP_/D
    1657+ |       0 |      22 |        7 |      3 |     5 |    +0.4% |   -1.872 |     -962.9 |    -1232.0 |   1083 | dp.rf.rf\[11\]\[20\]$_DFFE_PP_/D
    1658+ |       0 |      22 |        7 |      3 |     5 |    +0.4% |   -1.872 |     -962.9 |    -1232.0 |   1083 | dp.rf.rf\[11\]\[20\]$_DFFE_PP_/D
    1659+ |       0 |      22 |        7 |      3 |     5 |    +0.4% |   -1.872 |     -962.9 |    -1232.0 |   1083 | dp.rf.rf\[11\]\[20\]$_DFFE_PP_/D
    1660+ |       0 |      22 |        7 |      3 |     5 |    +0.4% |   -1.872 |     -962.9 |    -1232.0 |   1083 | dp.rf.rf\[11\]\[20\]$_DFFE_PP_/D
    1660+ |       0 |      22 |        7 |      3 |     5 |    +0.4% |   -1.872 |     -962.9 |    -1232.0 |   1083 | dp.rf.rf\[11\]\[20\]$_DFFE_PP_/D
    1661+ |       0 |      22 |        7 |      3 |     5 |    +0.4% |   -1.872 |     -962.9 |    -1232.0 |   1083 | dp.rf.rf\[11\]\[20\]$_DFFE_PP_/D
    1662+ |       0 |      22 |        7 |      3 |     5 |    +0.4% |   -1.872 |     -962.9 |    -1232.0 |   1083 | dp.rf.rf\[11\]\[20\]$_DFFE_PP_/D
    1663+ |       0 |      22 |        7 |      3 |     5 |    +0.4% |   -1.872 |     -962.9 |    -1232.0 |   1083 | dp.rf.rf\[11\]\[20\]$_DFFE_PP_/D
    1664+ |       0 |      22 |        7 |      3 |     5 |    +0.4% |   -1.872 |     -962.9 |    -1232.0 |   1083 | dp.rf.rf\[11\]\[20\]$_DFFE_PP_/D
    1665+ |       0 |      22 |        7 |      3 |     5 |    +0.4% |   -1.872 |     -962.9 |    -1232.0 |   1083 | dp.rf.rf\[11\]\[20\]$_DFFE_PP_/D
    1666+ |       0 |      22 |        7 |      3 |     5 |    +0.4% |   -1.872 |     -962.9 |    -1232.0 |   1083 | dp.rf.rf\[11\]\[20\]$_DFFE_PP_/D
    1667+ |       0 |      22 |        7 |      3 |     5 |    +0.4% |   -1.872 |     -962.9 |    -1232.0 |   1083 | dp.rf.rf\[11\]\[20\]$_DFFE_PP_/D
    1668+ |       0 |      22 |        7 |      3 |     5 |    +0.4% |   -1.872 |     -962.9 |    -1232.0 |   1083 | dp.rf.rf\[11\]\[20\]$_DFFE_PP_/D
    1669+ |       0 |      22 |        7 |      3 |     5 |    +0.4% |   -1.872 |     -962.9 |    -1232.0 |   1083 | dp.rf.rf\[11\]\[20\]$_DFFE_PP_/D
    1670+ |       0 |      22 |        7 |      3 |     5 |    +0.4% |   -1.872 |     -962.9 |    -1232.0 |   1083 | dp.rf.rf\[11\]\[20\]$_DFFE_PP_/D
    1670+ |       0 |      22 |        7 |      3 |     5 |    +0.4% |   -1.872 |     -962.9 |    -1232.0 |   1083 | dp.rf.rf\[11\]\[20\]$_DFFE_PP_/D
    1671+ |       0 |      22 |        7 |      3 |     5 |    +0.4% |   -1.872 |     -962.9 |    -1232.0 |   1083 | dp.rf.rf\[11\]\[20\]$_DFFE_PP_/D
    1672+ |       0 |      22 |        7 |      3 |     5 |    +0.4% |   -1.872 |     -962.9 |    -1232.0 |   1083 | dp.rf.rf\[11\]\[20\]$_DFFE_PP_/D
    1673+ |       0 |      22 |        7 |      3 |     5 |    +0.4% |   -1.872 |     -962.9 |    -1232.0 |   1083 | dp.rf.rf\[11\]\[20\]$_DFFE_PP_/D
    1674+ |       0 |      22 |        7 |      3 |     5 |    +0.4% |   -1.872 |     -962.9 |    -1232.0 |   1083 | dp.rf.rf\[11\]\[20\]$_DFFE_PP_/D
    1675+ |       0 |      22 |        7 |      3 |     5 |    +0.4% |   -1.872 |     -962.9 |    -1232.0 |   1083 | dp.rf.rf\[11\]\[20\]$_DFFE_PP_/D
    1676+ |       0 |      22 |        7 |      3 |     5 |    +0.4% |   -1.872 |     -962.9 |    -1232.0 |   1083 | dp.rf.rf\[11\]\[20\]$_DFFE_PP_/D
    1677+ |       0 |      22 |        7 |      3 |     5 |    +0.4% |   -1.872 |     -962.9 |    -1232.0 |   1083 | dp.rf.rf\[11\]\[20\]$_DFFE_PP_/D
    1678+ |       0 |      22 |        7 |      3 |     5 |    +0.4% |   -1.872 |     -962.9 |    -1232.0 |   1083 | dp.rf.rf\[11\]\[20\]$_DFFE_PP_/D
    1679+ |       0 |      22 |        7 |      3 |     5 |    +0.4% |   -1.872 |     -962.9 |    -1232.0 |   1083 | dp.rf.rf\[11\]\[20\]$_DFFE_PP_/D
    1680+ |       0 |      22 |        7 |      3 |     5 |    +0.4% |   -1.872 |     -962.9 |    -1232.0 |   1083 | dp.rf.rf\[11\]\[20\]$_DFFE_PP_/D
    1680+ |       0 |      22 |        7 |      3 |     5 |    +0.4% |   -1.872 |     -962.9 |    -1232.0 |   1083 | dp.rf.rf\[11\]\[20\]$_DFFE_PP_/D
    1681+ |       0 |      22 |        7 |      3 |     5 |    +0.4% |   -1.872 |     -962.9 |    -1232.0 |   1083 | dp.rf.rf\[11\]\[20\]$_DFFE_PP_/D
    1682+ |       0 |      22 |        7 |      3 |     5 |    +0.4% |   -1.872 |     -962.9 |    -1232.0 |   1083 | dp.rf.rf\[11\]\[20\]$_DFFE_PP_/D
    1683+ |       0 |      22 |        7 |      3 |     5 |    +0.4% |   -1.872 |     -962.9 |    -1232.0 |   1083 | dp.rf.rf\[11\]\[20\]$_DFFE_PP_/D
    1685+ |       0 |      23 |        7 |      3 |     5 |    +0.4% |   -1.872 |     -962.9 |    -1230.9 |   1083 | dp.rf.rf\[11\]\[20\]$_DFFE_PP_/D
    1686+ |       0 |      23 |        7 |      3 |     5 |    +0.4% |   -1.872 |     -962.9 |    -1230.9 |   1083 | dp.rf.rf\[11\]\[20\]$_DFFE_PP_/D
    1687+ |       0 |      23 |        7 |      3 |     5 |    +0.4% |   -1.872 |     -962.9 |    -1230.9 |   1083 | dp.rf.rf\[11\]\[20\]$_DFFE_PP_/D
    1688+ |       0 |      23 |        7 |      3 |     5 |    +0.4% |   -1.872 |     -962.9 |    -1230.9 |   1083 | dp.rf.rf\[11\]\[20\]$_DFFE_PP_/D
    1689+ |       0 |      23 |        7 |      3 |     5 |    +0.4% |   -1.872 |     -962.9 |    -1230.9 |   1083 | dp.rf.rf\[11\]\[20\]$_DFFE_PP_/D
    1690+ |       0 |      23 |        7 |      3 |     5 |    +0.4% |   -1.872 |     -962.9 |    -1230.9 |   1083 | dp.rf.rf\[11\]\[20\]$_DFFE_PP_/D
    1690+ |       0 |      23 |        7 |      3 |     5 |    +0.4% |   -1.872 |     -962.9 |    -1230.9 |   1083 | dp.rf.rf\[11\]\[20\]$_DFFE_PP_/D
    1691+ |       0 |      23 |        7 |      3 |     5 |    +0.4% |   -1.872 |     -962.9 |    -1230.9 |   1083 | dp.rf.rf\[11\]\[20\]$_DFFE_PP_/D
    1692+ |       0 |      23 |        7 |      3 |     5 |    +0.4% |   -1.872 |     -962.9 |    -1230.9 |   1083 | dp.rf.rf\[11\]\[20\]$_DFFE_PP_/D
    1693+ |       0 |      23 |        7 |      3 |     5 |    +0.4% |   -1.872 |     -962.9 |    -1230.9 |   1083 | dp.rf.rf\[11\]\[20\]$_DFFE_PP_/D
    1694+ |       0 |      23 |        7 |      3 |     5 |    +0.4% |   -1.872 |     -962.9 |    -1230.9 |   1083 | dp.rf.rf\[11\]\[20\]$_DFFE_PP_/D
    1695+ |       0 |      23 |        7 |      3 |     5 |    +0.4% |   -1.872 |     -962.9 |    -1230.9 |   1083 | dp.rf.rf\[11\]\[20\]$_DFFE_PP_/D
    1696+ |       0 |      23 |        7 |      3 |     5 |    +0.4% |   -1.872 |     -962.9 |    -1230.9 |   1083 | dp.rf.rf\[11\]\[20\]$_DFFE_PP_/D
    1697+ |       0 |      23 |        7 |      3 |     5 |    +0.4% |   -1.872 |     -962.9 |    -1230.9 |   1083 | dp.rf.rf\[11\]\[20\]$_DFFE_PP_/D
    1698+ |       0 |      23 |        7 |      3 |     5 |    +0.4% |   -1.872 |     -962.9 |    -1230.9 |   1083 | dp.rf.rf\[11\]\[20\]$_DFFE_PP_/D
    1699+ |       0 |      23 |        7 |      3 |     5 |    +0.4% |   -1.872 |     -962.9 |    -1230.9 |   1083 | dp.rf.rf\[11\]\[20\]$_DFFE_PP_/D
    1700+ |       0 |      23 |        7 |      3 |     5 |    +0.4% |   -1.872 |     -962.9 |    -1230.9 |   1083 | dp.rf.rf\[11\]\[20\]$_DFFE_PP_/D
    final |       0 |      23 |        7 |      3 |     5 |    +0.4% |   -1.872 |     -962.9 |    -1230.9 |   1083 | dp.rf.rf\[11\]\[20\]$_DFFE_PP_/D
------------------------------------------------------------------------------------------------------------------------------
[INFO RSZ-0040] Inserted 7 buffers.
[INFO RSZ-0051] Resized 23 instances: 23 up, 0 up match, 0 down, 0 VT
[INFO RSZ-0043] Swapped pins on 5 instances.
[INFO RSZ-0049] Cloned 3 instances.
[WARNING RSZ-0062] Unable to repair all setup violations.
[INFO RSZ-0505] Runtime: 195.09s
[INFO RSZ-0033] No hold violations found.
[INFO RSZ-0506] Runtime: 0.04s
Took 195 seconds: repair_timing -setup_margin 0 -hold_margin 0 -repair_tns 100 -verbose
global_route -start_incremental
detailed_placement
[INFO DPL-0006] Core area: 139359.91 um^2
[INFO DPL-0007] Movable instances area: 73594.33 um^2
[INFO DPL-0008] Fixed instances area within core: 2347.25 um^2
[INFO DPL-0009] Utilization: 54.5%
[INFO DPL-0005] Diamond search max displacement: +/- 500 sites horizontally, +/- 100 rows vertically.
[INFO DPL-1102] Legalizing using negotiation legalizer.
[INFO DPL-1103] Negotiation base search window: +/-20 sites horizontally, +/-5 rows vertically 
	Automatic search window extension enabled.
	Search window extendable up to the max displacement cap of +/-500 sites, +/-100 rows near walls.
[INFO DPL-1104] NegotiationLegalizer DRC penalty: 5.
[INFO DPL-0392] Negotiation cell height distribution (1 unique row-count(s)):
[INFO DPL-0393]   height 1 row(s): 7535 cells
          |      Total |  Illegal |  Illegal
Iteration | Violations |    Cells |    Sites
---------------------------------------------
        0 |        136 |        22 |       114
        1 |         38 |         6 |        32
        2 |          0 |         0 |         0
Negotiation phase 1 converged at iteration 2.
[INFO DPL-0500] Runtime: 0.05s
Placement Analysis
---------------------------------
total displacement        142.7 u
average displacement        0.0 u
max displacement           12.8 u
original HPWL          186974.7 u
legalized HPWL         187098.0 u
delta HPWL                    0 %

check_placement -verbose
global_route -end_incremental -congestion_report_file ./reports/sky130hd/riscv32i/base/congestion_post_repair_timing.rpt
estimate_parasitics -global_routing
global_route -start_incremental
global_route -end_incremental -congestion_report_file ./reports/sky130hd/riscv32i/base/congestion_post_recover_power.rpt
Repair antennas...
[INFO GRT-0012] Found 12 antenna violations.
[INFO GRT-0302] Inserted 13 jumpers for 12 nets.
[INFO GRT-0012] Found 0 antenna violations.
[INFO ANT-0002] Found 0 net violations.
[INFO ANT-0001] Found 0 pin violations.
Estimate parasitics...
estimate_parasitics -global_routing
Report metrics stage 5, global route...

==========================================================================
global route report_design_area
--------------------------------------------------------------------------
Design area 75942 um^2 54% utilization.
[INFO FLW-0007] clock clk period 5.000000
[WARNING FLW-0010] more than one clock found. Skipping sdc update.
[INFO FLW-0011] Path endpoint path count 2317
write_db ./results/sky130hd/riscv32i/base/5_1_grt.odb
write_sdc -no_timestamp ./results/sky130hd/riscv32i/base/5_1_grt.sdc
Elapsed time: 3:49.17[h:]min:sec. CPU time: user 1104.61 sys 65.81 (510%). Peak memory: 393036KB.
Log                       Ext     Elapsed/s Peak Memory/MB sha1sum result [0:20)
5_1_grt                   .odb          229            383 a885188b6a86a2fd5269
5_1_grt                   .sdc                             e32651fb059463523b6f
/home/lunarch/orfs-clean/flow/scripts/flow.sh 5_2_route detail_route
Running detail_route.tcl, stage 5_2_route
read_liberty /home/lunarch/orfs-clean/flow/platforms/sky130hd/lib/sky130_fd_sc_hd__tt_025C_1v80.lib
read_db ./results/sky130hd/riscv32i/base/5_1_grt.odb
read_sdc ./results/sky130hd/riscv32i/base/5_1_grt.sdc
source /home/lunarch/orfs-clean/flow/platforms/sky130hd/setRC.tcl
[WARNING STA-0450] virtual clock vclk_clk can not be propagated.
detailed_route -output_drc ./reports/sky130hd/riscv32i/base/5_route_drc.rpt -output_maze ./results/sky130hd/riscv32i/base/maze.log -droute_end_iter 64 -verbose 1 -drc_report_iter_step 5
[INFO DRT-0149] Reading tech and libs.
[WARNING DRT-0349] LEF58_ENCLOSURE with no CUTCLASS is not supported. Skipping for layer mcon
[WARNING DRT-0349] LEF58_ENCLOSURE with no CUTCLASS is not supported. Skipping for layer mcon
[WARNING DRT-0349] LEF58_ENCLOSURE with no CUTCLASS is not supported. Skipping for layer via
[WARNING DRT-0349] LEF58_ENCLOSURE with no CUTCLASS is not supported. Skipping for layer via
[WARNING DRT-0349] LEF58_ENCLOSURE with no CUTCLASS is not supported. Skipping for layer via2
[WARNING DRT-0349] LEF58_ENCLOSURE with no CUTCLASS is not supported. Skipping for layer via2
[WARNING DRT-0349] LEF58_ENCLOSURE with no CUTCLASS is not supported. Skipping for layer via3
[WARNING DRT-0349] LEF58_ENCLOSURE with no CUTCLASS is not supported. Skipping for layer via3
[WARNING DRT-0349] LEF58_ENCLOSURE with no CUTCLASS is not supported. Skipping for layer via4
[WARNING DRT-0349] LEF58_ENCLOSURE with no CUTCLASS is not supported. Skipping for layer via4

Units:                1000
Number of layers:     13
Number of macros:     441
Number of vias:       29
Number of viarulegen: 25

[INFO DRT-0150] Reading design.

Design:                   riscv
Die area:                 ( 0 0 ) ( 376625 376625 )
Number of track patterns: 12
Number of DEF vias:       0
Number of components:     7535
Number of terminals:      167
Number of snets:          2
Number of nets:           5733

[INFO DRT-0167] List of default vias:
  Layer via
    default via: M1M2_PR
  Layer via2
    default via: M2M3_PR
  Layer via3
    default via: M3M4_PR
  Layer via4
    default via: M4M5_PR
[INFO DRT-0162] Library cell analysis.
[INFO DRT-0163] Instance analysis.
[INFO DRT-0164] Number of unique instances = 250.
[INFO DRT-0168] Init region query.
[INFO DRT-0024]   Complete FR_MASTERSLICE.
[INFO DRT-0024]   Complete Fr_VIA.
[INFO DRT-0024]   Complete li1.
[INFO DRT-0024]   Complete mcon.
[INFO DRT-0024]   Complete met1.
[INFO DRT-0024]   Complete via.
[INFO DRT-0024]   Complete met2.
[INFO DRT-0024]   Complete via2.
[INFO DRT-0024]   Complete met3.
[INFO DRT-0024]   Complete via3.
[INFO DRT-0024]   Complete met4.
[INFO DRT-0024]   Complete via4.
[INFO DRT-0024]   Complete met5.
[INFO DRT-0033] FR_MASTERSLICE shape region query size = 0.
[INFO DRT-0033] FR_VIA shape region query size = 0.
[INFO DRT-0033] li1 shape region query size = 210431.
[INFO DRT-0033] mcon shape region query size = 134580.
[INFO DRT-0033] met1 shape region query size = 36586.
[INFO DRT-0033] via shape region query size = 9315.
[INFO DRT-0033] met2 shape region query size = 5660.
[INFO DRT-0033] via2 shape region query size = 7452.
[INFO DRT-0033] met3 shape region query size = 5683.
[INFO DRT-0033] via3 shape region query size = 7452.
[INFO DRT-0033] met4 shape region query size = 2255.
[INFO DRT-0033] via4 shape region query size = 365.
[INFO DRT-0033] met5 shape region query size = 419.
[INFO DRT-0165] Start pin access.
[INFO DRT-0076]   Complete 1000 pins.
[INFO DRT-0076]   Complete 2000 pins.
[INFO DRT-0078]   Complete 2053 pins.
[INFO DRT-0079]   Complete 100 unique inst patterns.
[INFO DRT-0079]   Complete 200 unique inst patterns.
[INFO DRT-0081]   Complete 250 unique inst patterns.
[INFO DRT-0084]   Complete 3842 groups.
#scanned instances     = 7535
#unique  instances     = 250
#stdCellGenAp          = 8299
#stdCellValidPlanarAp  = 82
#stdCellValidViaAp     = 6109
#stdCellPinNoAp        = 3
#stdCellPinCnt         = 21000
#instTermValidViaApCnt = 0
#macroGenAp            = 0
#macroValidPlanarAp    = 0
#macroValidViaAp       = 0
#macroNoAp             = 0
[INFO DRT-0166] Complete pin access.
[INFO DRT-0267] cpu time = 00:04:51, elapsed time = 00:00:24, memory = 294.35 (MB), peak = 292.79 (MB)

[INFO DRT-0157] Number of guides:     51910

[INFO DRT-0169] Post process guides.
[INFO DRT-0176] GCELLGRID X 0 DO 54 STEP 6900 ;
[INFO DRT-0177] GCELLGRID Y 0 DO 54 STEP 6900 ;
[INFO DRT-0028]   Complete FR_MASTERSLICE.
[INFO DRT-0028]   Complete Fr_VIA.
[INFO DRT-0028]   Complete li1.
[INFO DRT-0028]   Complete mcon.
[INFO DRT-0028]   Complete met1.
[INFO DRT-0028]   Complete via.
[INFO DRT-0028]   Complete met2.
[INFO DRT-0028]   Complete via2.
[INFO DRT-0028]   Complete met3.
[INFO DRT-0028]   Complete via3.
[INFO DRT-0028]   Complete met4.
[INFO DRT-0028]   Complete via4.
[INFO DRT-0028]   Complete met5.
[INFO DRT-0178] Init guide query.
[INFO DRT-0035]   Complete FR_MASTERSLICE (guide).
[INFO DRT-0035]   Complete Fr_VIA (guide).
[INFO DRT-0035]   Complete li1 (guide).
[INFO DRT-0035]   Complete mcon (guide).
[INFO DRT-0035]   Complete met1 (guide).
[INFO DRT-0035]   Complete via (guide).
[INFO DRT-0035]   Complete met2 (guide).
[INFO DRT-0035]   Complete via2 (guide).
[INFO DRT-0035]   Complete met3 (guide).
[INFO DRT-0035]   Complete via3 (guide).
[INFO DRT-0035]   Complete met4 (guide).
[INFO DRT-0035]   Complete via4 (guide).
[INFO DRT-0035]   Complete met5 (guide).
[INFO DRT-0036] FR_MASTERSLICE guide region query size = 0.
[INFO DRT-0036] FR_VIA guide region query size = 0.
[INFO DRT-0036] li1 guide region query size = 17058.
[INFO DRT-0036] mcon guide region query size = 0.
[INFO DRT-0036] met1 guide region query size = 15603.
[INFO DRT-0036] via guide region query size = 0.
[INFO DRT-0036] met2 guide region query size = 8311.
[INFO DRT-0036] via2 guide region query size = 0.
[INFO DRT-0036] met3 guide region query size = 897.
[INFO DRT-0036] via3 guide region query size = 0.
[INFO DRT-0036] met4 guide region query size = 370.
[INFO DRT-0036] via4 guide region query size = 0.
[INFO DRT-0036] met5 guide region query size = 6.
[INFO DRT-0179] Init gr pin query.
[INFO DRT-0267] cpu time = 00:00:00, elapsed time = 00:00:00, memory = 309.55 (MB), peak = 307.92 (MB)
[INFO DRT-0245] skipped writing guide updates to database.
[INFO DRT-0181] Start track assignment.
[INFO DRT-0184] Done with 25739 vertical wires in 2 frboxes and 16506 horizontal wires in 2 frboxes.
[INFO DRT-0186] Done with 3338 vertical wires in 2 frboxes and 6314 horizontal wires in 2 frboxes.
[INFO DRT-0182] Complete track assignment.
[INFO DRT-0267] cpu time = 00:00:03, elapsed time = 00:00:02, memory = 455.88 (MB), peak = 454.32 (MB)
[INFO DRT-0187] Start routing data preparation.
[INFO DRT-0267] cpu time = 00:00:00, elapsed time = 00:00:00, memory = 455.88 (MB), peak = 454.32 (MB)
[INFO DRT-0194] Start detail routing.
[INFO DRT-0195] Start 0th optimization iteration.
    Completing 10% with 0 violations.
    elapsed time = 00:00:05, memory = 932.39 (MB).
    Completing 20% with 0 violations.
    elapsed time = 00:00:11, memory = 798.84 (MB).
    Completing 30% with 1668 violations.
    elapsed time = 00:00:16, memory = 1116.09 (MB).
    Completing 40% with 1668 violations.
    elapsed time = 00:00:19, memory = 1032.07 (MB).
    Completing 50% with 1668 violations.
    elapsed time = 00:00:32, memory = 906.40 (MB).
    Completing 60% with 3234 violations.
    elapsed time = 00:00:39, memory = 1160.29 (MB).
    Completing 70% with 3234 violations.
    elapsed time = 00:00:45, memory = 1179.69 (MB).
    Completing 80% with 4780 violations.
    elapsed time = 00:00:57, memory = 1445.84 (MB).
    Completing 90% with 4780 violations.
    elapsed time = 00:01:02, memory = 1379.48 (MB).
    Completing 100% with 6384 violations.
    elapsed time = 00:01:13, memory = 1236.39 (MB).
[INFO DRT-0199]   Number of violations = 7120.
Viol/Layer         li1   mcon   met1    via   met2   met3   met4
Cut Spacing          0      8      0      0      0      0      0
Metal Spacing        0      0   1228      0    300     14      1
Min Hole             0      0      5      0      2      0      0
Recheck              7      0    508      0    201      7     13
Short                0      2   4146     12    649     16      1
[INFO DRT-0267] cpu time = 00:08:34, elapsed time = 00:01:14, memory = 1512.23 (MB), peak = 1511.25 (MB)
Total wire length = 272694 um.
Total wire length on LAYER li1 = 0 um.
Total wire length on LAYER met1 = 118265 um.
Total wire length on LAYER met2 = 118477 um.
Total wire length on LAYER met3 = 21346 um.
Total wire length on LAYER met4 = 14536 um.
Total wire length on LAYER met5 = 69 um.
Total number of vias = 50287.
Up-via summary (total 50287):

------------------------
 FR_MASTERSLICE        0
            li1    20866
           met1    26701
           met2     2047
           met3      661
           met4       12
------------------------
               50287


[INFO DRT-0195] Start 1st optimization iteration.
    Completing 10% with 7120 violations.
    elapsed time = 00:00:04, memory = 1719.43 (MB).
    Completing 20% with 7120 violations.
    elapsed time = 00:00:09, memory = 1594.00 (MB).
    Completing 30% with 6532 violations.
    elapsed time = 00:00:14, memory = 1676.20 (MB).
    Completing 40% with 6532 violations.
    elapsed time = 00:00:21, memory = 1631.49 (MB).
    Completing 50% with 6532 violations.
    elapsed time = 00:00:27, memory = 1567.56 (MB).
    Completing 60% with 5924 violations.
    elapsed time = 00:00:33, memory = 1642.52 (MB).
    Completing 70% with 5924 violations.
    elapsed time = 00:00:37, memory = 1602.94 (MB).
    Completing 80% with 5152 violations.
    elapsed time = 00:00:46, memory = 1774.29 (MB).
    Completing 90% with 5152 violations.
    elapsed time = 00:00:52, memory = 1663.91 (MB).
    Completing 100% with 4341 violations.
    elapsed time = 00:00:59, memory = 1588.88 (MB).
[INFO DRT-0199]   Number of violations = 4341.
Viol/Layer        mcon   met1   met2   met3
Cut Spacing          7      0      0      0
Metal Spacing        0    988    139      6
Min Hole             0      1      0      0
Short                0   2949    246      5
[INFO DRT-0267] cpu time = 00:07:40, elapsed time = 00:01:00, memory = 1589.29 (MB), peak = 1773.23 (MB)
Total wire length = 270253 um.
Total wire length on LAYER li1 = 0 um.
Total wire length on LAYER met1 = 116245 um.
Total wire length on LAYER met2 = 117298 um.
Total wire length on LAYER met3 = 22353 um.
Total wire length on LAYER met4 = 14296 um.
Total wire length on LAYER met5 = 58 um.
Total number of vias = 49617.
Up-via summary (total 49617):

------------------------
 FR_MASTERSLICE        0
            li1    20852
           met1    26014
           met2     2115
           met3      626
           met4       10
------------------------
               49617


[INFO DRT-0195] Start 2nd optimization iteration.
    Completing 10% with 4341 violations.
    elapsed time = 00:00:00, memory = 1664.97 (MB).
    Completing 20% with 4341 violations.
    elapsed time = 00:00:04, memory = 1672.79 (MB).
    Completing 30% with 4341 violations.
    elapsed time = 00:00:12, memory = 1590.29 (MB).
    Completing 40% with 4422 violations.
    elapsed time = 00:00:13, memory = 1665.03 (MB).
    Completing 50% with 4422 violations.
    elapsed time = 00:00:22, memory = 1634.44 (MB).
    Completing 60% with 4381 violations.
    elapsed time = 00:00:25, memory = 1812.09 (MB).
    Completing 70% with 4381 violations.
    elapsed time = 00:00:31, memory = 1824.03 (MB).
    Completing 80% with 4381 violations.
    elapsed time = 00:00:41, memory = 1606.14 (MB).
    Completing 90% with 4269 violations.
    elapsed time = 00:00:47, memory = 1679.72 (MB).
    Completing 100% with 3949 violations.
    elapsed time = 00:00:58, memory = 1606.16 (MB).
[INFO DRT-0199]   Number of violations = 3949.
Viol/Layer        mcon   met1    via   met2   met3
Cut Spacing          6      0      1      0      0
Metal Spacing        0    899      0    104      8
Short                0   2733      0    195      3
[INFO DRT-0267] cpu time = 00:07:33, elapsed time = 00:00:58, memory = 1607.49 (MB), peak = 1823.06 (MB)
Total wire length = 269532 um.
Total wire length on LAYER li1 = 0 um.
Total wire length on LAYER met1 = 115852 um.
Total wire length on LAYER met2 = 117090 um.
Total wire length on LAYER met3 = 22299 um.
Total wire length on LAYER met4 = 14212 um.
Total wire length on LAYER met5 = 76 um.
Total number of vias = 49309.
Up-via summary (total 49309):

------------------------
 FR_MASTERSLICE        0
            li1    20861
           met1    25825
           met2     1998
           met3      613
           met4       12
------------------------
               49309


[INFO DRT-0195] Start 3rd optimization iteration.
    Completing 10% with 3949 violations.
    elapsed time = 00:00:03, memory = 1698.60 (MB).
    Completing 20% with 3949 violations.
    elapsed time = 00:00:11, memory = 1664.50 (MB).
    Completing 30% with 3005 violations.
    elapsed time = 00:00:16, memory = 1784.11 (MB).
    Completing 40% with 3005 violations.
    elapsed time = 00:00:20, memory = 1751.20 (MB).
    Completing 50% with 3005 violations.
    elapsed time = 00:00:32, memory = 1618.07 (MB).
    Completing 60% with 2245 violations.
    elapsed time = 00:00:37, memory = 1747.93 (MB).
    Completing 70% with 2245 violations.
    elapsed time = 00:00:40, memory = 1704.68 (MB).
    Completing 80% with 1313 violations.
    elapsed time = 00:00:53, memory = 1794.28 (MB).
    Completing 90% with 1313 violations.
    elapsed time = 00:00:57, memory = 1790.56 (MB).
    Completing 100% with 539 violations.
    elapsed time = 00:01:10, memory = 1628.77 (MB).
[INFO DRT-0199]   Number of violations = 539.
Viol/Layer        met1    via   met2   met3
Cut Spacing          0      1      0      0
Metal Spacing      189      0     52      8
Short              235      0     54      0
[INFO DRT-0267] cpu time = 00:06:18, elapsed time = 00:01:10, memory = 1628.77 (MB), peak = 1831.32 (MB)
Total wire length = 268448 um.
Total wire length on LAYER li1 = 0 um.
Total wire length on LAYER met1 = 102454 um.
Total wire length on LAYER met2 = 115921 um.
Total wire length on LAYER met3 = 34968 um.
Total wire length on LAYER met4 = 15028 um.
Total wire length on LAYER met5 = 76 um.
Total number of vias = 50404.
Up-via summary (total 50404):

------------------------
 FR_MASTERSLICE        0
            li1    20867
           met1    25385
           met2     3458
           met3      682
           met4       12
------------------------
               50404


[INFO DRT-0195] Start 4th optimization iteration.
    Completing 10% with 539 violations.
    elapsed time = 00:00:00, memory = 1628.77 (MB).
    Completing 20% with 539 violations.
    elapsed time = 00:00:01, memory = 1736.80 (MB).
    Completing 30% with 441 violations.
    elapsed time = 00:00:02, memory = 1628.77 (MB).
    Completing 40% with 441 violations.
    elapsed time = 00:00:02, memory = 1628.77 (MB).
    Completing 50% with 441 violations.
    elapsed time = 00:00:05, memory = 1628.77 (MB).
    Completing 60% with 370 violations.
    elapsed time = 00:00:06, memory = 1628.77 (MB).
    Completing 70% with 370 violations.
    elapsed time = 00:00:06, memory = 1696.01 (MB).
    Completing 80% with 217 violations.
    elapsed time = 00:00:12, memory = 1628.77 (MB).
    Completing 90% with 217 violations.
    elapsed time = 00:00:12, memory = 1735.03 (MB).
    Completing 100% with 9 violations.
    elapsed time = 00:00:17, memory = 1629.86 (MB).
[INFO DRT-0199]   Number of violations = 9.
Viol/Layer        met1   met2
Metal Spacing        2      1
Short                6      0
[INFO DRT-0267] cpu time = 00:00:50, elapsed time = 00:00:17, memory = 1629.86 (MB), peak = 1885.84 (MB)
Total wire length = 268450 um.
Total wire length on LAYER li1 = 0 um.
Total wire length on LAYER met1 = 101989 um.
Total wire length on LAYER met2 = 115853 um.
Total wire length on LAYER met3 = 35390 um.
Total wire length on LAYER met4 = 15140 um.
Total wire length on LAYER met5 = 76 um.
Total number of vias = 50403.
Up-via summary (total 50403):

------------------------
 FR_MASTERSLICE        0
            li1    20869
           met1    25354
           met2     3486
           met3      682
           met4       12
------------------------
               50403


[INFO DRT-0195] Start 5th guides tiles iteration.
    Completing 10% with 9 violations.
    elapsed time = 00:00:00, memory = 1629.86 (MB).
    Completing 30% with 9 violations.
    elapsed time = 00:00:00, memory = 1629.86 (MB).
    Completing 50% with 9 violations.
    elapsed time = 00:00:00, memory = 1629.86 (MB).
    Completing 60% with 9 violations.
    elapsed time = 00:00:00, memory = 1629.86 (MB).
    Completing 80% with 2 violations.
    elapsed time = 00:00:00, memory = 1629.86 (MB).
    Completing 100% with 1 violations.
    elapsed time = 00:00:00, memory = 1629.86 (MB).
[INFO DRT-0199]   Number of violations = 1.
Viol/Layer        met1
Short                1
[INFO DRT-0267] cpu time = 00:00:01, elapsed time = 00:00:00, memory = 1629.86 (MB), peak = 1885.84 (MB)
Total wire length = 268440 um.
Total wire length on LAYER li1 = 0 um.
Total wire length on LAYER met1 = 101985 um.
Total wire length on LAYER met2 = 115854 um.
Total wire length on LAYER met3 = 35383 um.
Total wire length on LAYER met4 = 15140 um.
Total wire length on LAYER met5 = 76 um.
Total number of vias = 50403.
Up-via summary (total 50403):

------------------------
 FR_MASTERSLICE        0
            li1    20869
           met1    25354
           met2     3486
           met3      682
           met4       12
------------------------
               50403


[INFO DRT-0195] Start 6th guides tiles iteration.
    Completing 100% with 1 violations.
    elapsed time = 00:00:00, memory = 1629.86 (MB).
[INFO DRT-0199]   Number of violations = 1.
Viol/Layer        met1
Short                1
[INFO DRT-0267] cpu time = 00:00:00, elapsed time = 00:00:00, memory = 1629.86 (MB), peak = 1885.84 (MB)
Total wire length = 268440 um.
Total wire length on LAYER li1 = 0 um.
Total wire length on LAYER met1 = 101985 um.
Total wire length on LAYER met2 = 115854 um.
Total wire length on LAYER met3 = 35383 um.
Total wire length on LAYER met4 = 15140 um.
Total wire length on LAYER met5 = 76 um.
Total number of vias = 50403.
Up-via summary (total 50403):

------------------------
 FR_MASTERSLICE        0
            li1    20869
           met1    25354
           met2     3486
           met3      682
           met4       12
------------------------
               50403


[INFO DRT-0195] Start 7th stubborn tiles iteration.
    Completing 10% with 1 violations.
    elapsed time = 00:00:01, memory = 2065.39 (MB).
    Completing 20% with 1 violations.
    elapsed time = 00:00:01, memory = 2051.93 (MB).
    Completing 30% with 1 violations.
    elapsed time = 00:00:02, memory = 2036.02 (MB).
    Completing 40% with 1 violations.
    elapsed time = 00:00:02, memory = 2075.42 (MB).
    Completing 50% with 1 violations.
    elapsed time = 00:00:03, memory = 2015.25 (MB).
    Completing 60% with 1 violations.
    elapsed time = 00:00:04, memory = 1962.62 (MB).
    Completing 70% with 1 violations.
    elapsed time = 00:00:04, memory = 1961.76 (MB).
    Completing 80% with 1 violations.
    elapsed time = 00:00:04, memory = 1879.34 (MB).
    Completing 90% with 1 violations.
    elapsed time = 00:00:05, memory = 1824.20 (MB).
    Completing 100% with 0 violations.
    elapsed time = 00:00:06, memory = 1786.51 (MB).
[INFO DRT-0199]   Number of violations = 0.
[INFO DRT-0267] cpu time = 00:01:19, elapsed time = 00:00:06, memory = 1776.43 (MB), peak = 2130.63 (MB)
Total wire length = 268439 um.
Total wire length on LAYER li1 = 0 um.
Total wire length on LAYER met1 = 101964 um.
Total wire length on LAYER met2 = 115858 um.
Total wire length on LAYER met3 = 35400 um.
Total wire length on LAYER met4 = 15140 um.
Total wire length on LAYER met5 = 76 um.
Total number of vias = 50409.
Up-via summary (total 50409):

------------------------
 FR_MASTERSLICE        0
            li1    20869
           met1    25356
           met2     3490
           met3      682
           met4       12
------------------------
               50409


[INFO DRT-0198] Complete detail routing.
Total wire length = 268439 um.
Total wire length on LAYER li1 = 0 um.
Total wire length on LAYER met1 = 101964 um.
Total wire length on LAYER met2 = 115858 um.
Total wire length on LAYER met3 = 35400 um.
Total wire length on LAYER met4 = 15140 um.
Total wire length on LAYER met5 = 76 um.
Total number of vias = 50409.
Up-via summary (total 50409):

------------------------
 FR_MASTERSLICE        0
            li1    20869
           met1    25356
           met2     3490
           met3      682
           met4       12
------------------------
               50409


[INFO DRT-0267] cpu time = 00:32:18, elapsed time = 00:04:48, memory = 1776.49 (MB), peak = 2130.63 (MB)

[INFO DRT-0180] Post processing.
[INFO DRT-0501] Runtime: 315.40s
Took 316 seconds: detailed_route -output_drc ./reports/sky130hd/riscv32i/base/5_route_drc.rpt -output_maze ./results/sky130hd/riscv32i/base/maze.log -droute_end_iter 64 -verbose 1 -drc_report_iter_step 5
[INFO GRT-0012] Found 0 antenna violations.
[INFO ANT-0002] Found 0 net violations.
[INFO ANT-0001] Found 0 pin violations.
[INFO ANT-0002] Found 0 net violations.
[INFO ANT-0001] Found 0 pin violations.
Design area 75942 um^2 54% utilization.
write_db ./results/sky130hd/riscv32i/base/5_2_route.odb
Elapsed time: 5:19.55[h:]min:sec. CPU time: user 2278.61 sys 7.09 (715%). Peak memory: 2181768KB.
Log                       Ext     Elapsed/s Peak Memory/MB sha1sum result [0:20)
5_2_route                 .odb          319           2130 71f1aba5b2fc0075c8a4
/home/lunarch/orfs-clean/flow/scripts/flow.sh 5_3_fillcell fillcell
Running fillcell.tcl, stage 5_3_fillcell
read_liberty /home/lunarch/orfs-clean/flow/platforms/sky130hd/lib/sky130_fd_sc_hd__tt_025C_1v80.lib
read_db ./results/sky130hd/riscv32i/base/5_2_route.odb
read_sdc ./results/sky130hd/riscv32i/base/5_1_grt.sdc
source /home/lunarch/orfs-clean/flow/platforms/sky130hd/setRC.tcl
[WARNING STA-0450] virtual clock vclk_clk can not be propagated.
filler_placement "sky130_fd_sc_hd__fill_1 sky130_fd_sc_hd__fill_2 sky130_fd_sc_hd__fill_4 sky130_fd_sc_hd__fill_8"
[INFO DPL-0001] Placed 11496 filler instances.
Design area 75942 um^2 54% utilization.
write_db ./results/sky130hd/riscv32i/base/5_3_fillcell.odb
Elapsed time: 0:00.60[h:]min:sec. CPU time: user 0.47 sys 0.13 (99%). Peak memory: 162796KB.
Log                       Ext     Elapsed/s Peak Memory/MB sha1sum result [0:20)
5_3_fillcell              .odb            0            158 b8d9921785c8a9785e0f
cp ./results/sky130hd/riscv32i/base/5_3_fillcell.odb ./results/sky130hd/riscv32i/base/5_route.odb
cp ./results/sky130hd/riscv32i/base/5_1_grt.sdc ./results/sky130hd/riscv32i/base/5_route.sdc
/home/lunarch/orfs-clean/flow/scripts/flow.sh 6_1_fill density_fill
Running density_fill.tcl, stage 6_1_fill
read_liberty /home/lunarch/orfs-clean/flow/platforms/sky130hd/lib/sky130_fd_sc_hd__tt_025C_1v80.lib
read_db ./results/sky130hd/riscv32i/base/5_route.odb
read_sdc ./results/sky130hd/riscv32i/base/5_route.sdc
source /home/lunarch/orfs-clean/flow/platforms/sky130hd/setRC.tcl
exec cp ./results/sky130hd/riscv32i/base/5_route.odb ./results/sky130hd/riscv32i/base/6_1_fill.odb
Elapsed time: 0:00.41[h:]min:sec. CPU time: user 0.29 sys 0.12 (100%). Peak memory: 147424KB.
Log                       Ext     Elapsed/s Peak Memory/MB sha1sum result [0:20)
6_1_fill                  .odb            0            143 b8d9921785c8a9785e0f
cp ./results/sky130hd/riscv32i/base/5_route.sdc ./results/sky130hd/riscv32i/base/6_1_fill.sdc
/home/lunarch/orfs-clean/flow/scripts/flow.sh 6_report final_report
Running final_report.tcl, stage 6_report
read_liberty /home/lunarch/orfs-clean/flow/platforms/sky130hd/lib/sky130_fd_sc_hd__tt_025C_1v80.lib
read_db ./results/sky130hd/riscv32i/base/6_1_fill.odb
read_sdc ./results/sky130hd/riscv32i/base/6_1_fill.sdc
source /home/lunarch/orfs-clean/flow/platforms/sky130hd/setRC.tcl
[WARNING STA-0450] virtual clock vclk_clk can not be propagated.
write_db ./results/sky130hd/riscv32i/base/6_final.odb
write_sdc -no_timestamp ./results/sky130hd/riscv32i/base/6_final.sdc
Deleted 0 routing obstructions
Warning: master sky130_ef_sc_hd__decap_12 has signal pins but no liberty cell
Warning: master sky130_ef_sc_hd__decap_12 has signal pins but no liberty cell
Global output passed lec test
[INFO RCX-0431] Defined process_corner X with ext_model_index 0
[INFO RCX-0029] Defined extraction corner X
[INFO RCX-0435] Reading extraction model file /home/lunarch/orfs-clean/flow/platforms/sky130hd/rcx_patterns.rules ...
[INFO RCX-0436] RC segment generation riscv (max_merge_res 50.0) ...
[INFO RCX-0040] Final 27603 rc segments
[INFO RCX-0439] Coupling Cap extraction riscv ...
[INFO RCX-0440] Coupling threshhold is 0.1000 fF, coupling capacitance less than 0.1000 fF will be grounded.
[INFO RCX-0442] 54% of 59048 wires extracted
[INFO RCX-0442] 100% of 59048 wires extracted
[INFO RCX-0045] Extract 5733 nets, 33294 rsegs, 33294 caps, 69178 ccs
[INFO RCX-0443] 5733 nets finished
[INFO PSM-0040] All shapes on net VDD are connected.
########## IR report #################
Net              : VDD
Corner           : default
Total power      : 2.82e-02 W
Supply voltage   : 1.80e+00 V
Worstcase voltage: 1.80e+00 V
Average voltage  : 1.80e+00 V
Average IR drop  : 4.20e-05 V
Worstcase IR drop: 3.63e-04 V
Percentage drop  : 0.02 %
######################################
[INFO PSM-0040] All shapes on net VSS are connected.
########## IR report #################
Net              : VSS
Corner           : default
Total power      : 2.82e-02 W
Supply voltage   : 0.00e+00 V
Worstcase voltage: 3.60e-04 V
Average voltage  : 3.77e-05 V
Average IR drop  : 3.77e-05 V
Worstcase IR drop: 3.60e-04 V
Percentage drop  : 0.02 %
######################################
Cell type report:                       Count        Area
  Fill cell                             11496    63418.32
  Tap cell                               1876     2347.25
  Clock buffer                            136     2871.50
  Timing Repair Buffer                   1051     8929.81
  Inverter                                106      399.13
  Clock inverter                           72      688.16
  Sequential cell                        1056    31550.26
  Multi-Input combinational cell         3238    29155.46
  Total                                 19031   139359.91
Report metrics stage 6, finish...

==========================================================================
finish report_design_area
--------------------------------------------------------------------------
Design area 75942 um^2 54% utilization.
[WARNING GUI-0076] QStandardPaths: wrong permissions on runtime directory /mnt/wslg/runtime-dir, 0777 instead of 0700
Elapsed time: 0:10.15[h:]min:sec. CPU time: user 14.88 sys 2.02 (166%). Peak memory: 392044KB.
Log                       Ext     Elapsed/s Peak Memory/MB sha1sum result [0:20)
6_report                                 10            382                  N/A
/usr/bin/python3 /home/lunarch/orfs-clean/flow/scripts/run_command.py --log /home/lunarch/orfs-clean/flow/logs/sky130hd/riscv32i/base/6_1_merge.log --tee -- \
        /home/lunarch/orfs-clean/flow/scripts/klayout.sh -zz -rd design_name=riscv \
        -rd in_def=./results/sky130hd/riscv32i/base/6_final.def \
        -rd in_files="/home/lunarch/orfs-clean/flow/platforms/sky130hd/gds/sky130_fd_sc_hd.gds  " \
        -rd seal_file="" \
        -rd out_file=./results/sky130hd/riscv32i/base/6_1_merged.gds \
        -rd tech_file=./objects/sky130hd/riscv32i/base/klayout.lyt \
        -rd layer_map= \
        -r /home/lunarch/orfs-clean/flow/util/def2stream.py
KLayout 0.28.16
[INFO] Reporting cells prior to loading DEF ...
	/home/lunarch/orfs-clean/flow/platforms/sky130hd/gds/sky130_fd_sc_hd.gds
[INFO] All LEF cells have matching GDS/OAS cells
[INFO] No orphan cells in the final layout
Elapsed time: 0:01.74[h:]min:sec. CPU time: user 1.54 sys 0.16 (97%). Peak memory: 434400KB.
cp results/sky130hd/riscv32i/base/6_1_merged.gds results/sky130hd/riscv32i/base/6_final.gds
No elapsed time found in logs/sky130hd/riscv32i/base/6_final_lec_check.log
No elapsed time found in logs/sky130hd/riscv32i/base/6_final_sec_check.log
./logs/sky130hd/riscv32i/base
Log                       Ext     Elapsed/s Peak Memory/MB sha1sum result [0:20)
1_1_yosys_canonicalize    .rtlil          0             57 6e6942edd48d38b51141
1_2_yosys                 .v              9             69 c2fb146460ba21cffe3c
1_2_yosys                 .sdc                             18e343f1b5e6059dadca
1_synth                   .odb            0            135 d84e7197cbf32f1f055a
1_synth                   .sdc                             3c6062743410f94b69fd
2_1_floorplan             .odb            1            142 20a52bbafed2cf122566
2_1_floorplan             .sdc                             3c6062743410f94b69fd
2_2_floorplan_macro       .odb            0            126 20a52bbafed2cf122566
2_3_floorplan_tapcell     .odb            0            127 e086ddb2c0ddf1901f0b
2_4_floorplan_pdn         .odb            0            135 ac0699568c9694c0c5fb
3_1_place_gp_skip_io      .odb            0            139 86283d4f28d2e6e7586c
3_2_place_iop             .odb            0            129 77e088499749c5c8b144
3_3_place_gp              .odb            7            382 17237255c243be615637
3_4_place_resized         .odb            2            164 17237255c243be615637
3_5_place_dp              .odb            3            167 50a9baa0a2e9d90105fb
4_1_cts                   .odb           55            187 57a89556ebc52d46fcb5
5_1_grt                   .odb          229            383 a885188b6a86a2fd5269
5_1_grt                   .sdc                             e32651fb059463523b6f
5_2_route                 .odb          319           2130 71f1aba5b2fc0075c8a4
5_3_fillcell              .odb            0            158 b8d9921785c8a9785e0f
6_1_fill                  .odb            0            143 b8d9921785c8a9785e0f
6_1_fill                  .sdc                             e32651fb059463523b6f
6_1_merge                                 1            424                  N/A
6_cdl                                     0            146                  N/A
6_drc                                    50            881                  N/A
6_lvs                                    17            517                  N/A
6_report                                 10            382                  N/A
Total                                   703           2130                     
KS_EXIT=0
DIEAREA ( 0 0 ) ( 376625 376625 ) ;
