OpenROAD dc5eee77c45dba8e5ace2fc89c38c6d9a4ed6e0f 
Features included (+) or not (-): +GPU +GUI +Python
This program is licensed under the BSD-3 license. See the LICENSE file for details.
Components of this program may be licensed under more restrictive licenses which must be honored.
Startpoint: dp.rf.rf[5][0]$_DFFE_PP_
            (rising edge-triggered flip-flop clocked by clk)
Endpoint: dp.rf.rf[4][29]$_DFFE_PP_
          (rising edge-triggered flip-flop clocked by clk)
Path Group: clk
Path Type: max

   Delay     Time   Description
-----------------------------------------------------------
   0.000    0.000   clock clk (rise edge)
   0.775    0.775   clock network delay (ideal)
   0.000    0.775 ^ dp.rf.rf[5][0]$_DFFE_PP_/CLK (sky130_fd_sc_hd__edfxtp_1)
   0.323    1.098 ^ dp.rf.rf[5][0]$_DFFE_PP_/Q (sky130_fd_sc_hd__edfxtp_1)
   0.077    1.176 v _10298_/Y (sky130_fd_sc_hd__nand3_1)
   0.108    1.284 ^ _10299_/Y (sky130_fd_sc_hd__nand2_1)
   0.048    1.332 v _10300_/Y (sky130_fd_sc_hd__nand2_1)
   0.089    1.420 ^ _10301_/Y (sky130_fd_sc_hd__nand2_1)
   0.048    1.469 v _10302_/Y (sky130_fd_sc_hd__nand2_1)
   0.103    1.571 ^ _10303_/Y (sky130_fd_sc_hd__nand2_1)
   0.047    1.618 v _10304_/Y (sky130_fd_sc_hd__inv_1)
   0.087    1.705 ^ _10305_/Y (sky130_fd_sc_hd__nand2_1)
   0.087    1.793 v _10306_/Y (sky130_fd_sc_hd__nand2_1)
   0.355    2.148 ^ _12759_/Y (sky130_fd_sc_hd__nand2_1)
   0.279    2.427 ^ place713/X (sky130_fd_sc_hd__buf_4)
   0.063    2.490 v _15032_/Y (sky130_fd_sc_hd__nand2_1)
   0.093    2.583 ^ _15033_/Y (sky130_fd_sc_hd__o21ai_0)
   0.231    2.813 ^ _15388_/COUT (sky130_fd_sc_hd__ha_1)
   0.179    2.992 v _14262_/Y (sky130_fd_sc_hd__a31oi_1)
   0.495    3.487 ^ _14264_/Y (sky130_fd_sc_hd__o21ai_0)
   0.260    3.747 v _14268_/Y (sky130_fd_sc_hd__a21boi_0)
   0.403    4.150 ^ _14270_/Y (sky130_fd_sc_hd__o21ai_0)
   0.186    4.337 v _14277_/Y (sky130_fd_sc_hd__a21oi_1)
   0.445    4.782 ^ _14279_/Y (sky130_fd_sc_hd__o21ai_0)
   0.170    4.952 v _14284_/Y (sky130_fd_sc_hd__a21oi_1)
   0.414    5.366 ^ _14290_/Y (sky130_fd_sc_hd__o21ai_0)
   0.246    5.611 v _14301_/Y (sky130_fd_sc_hd__a31oi_1)
   0.308    5.920 ^ _14306_/Y (sky130_fd_sc_hd__o21ai_0)
   0.295    6.215 ^ _14307_/X (sky130_fd_sc_hd__xor2_1)
   0.114    6.329 v _14534_/Y (sky130_fd_sc_hd__nand3_1)
   0.113    6.442 ^ _14535_/Y (sky130_fd_sc_hd__nand3_1)
   0.103    6.545 v _14550_/Y (sky130_fd_sc_hd__nand2_1)
   0.252    6.797 v place673/X (sky130_fd_sc_hd__buf_4)
   0.052    6.849 v dp.rf.rf[4][29]$_DFFE_PP_/D (sky130_fd_sc_hd__edfxtp_1)
            6.849   data arrival time

   7.000    7.000   clock clk (rise edge)
   0.775    7.775   clock network delay (ideal)
   0.000    7.775   clock reconvergence pessimism
            7.775 ^ dp.rf.rf[4][29]$_DFFE_PP_/CLK (sky130_fd_sc_hd__edfxtp_1)
  -0.325    7.450   library setup time
            7.450   data required time
-----------------------------------------------------------
            7.450   data required time
           -6.849   data arrival time
-----------------------------------------------------------
            0.601   slack (MET)


Startpoint: dp.rf.rf[5][0]$_DFFE_PP_
            (rising edge-triggered flip-flop clocked by clk)
Endpoint: dp.rf.rf[5][29]$_DFFE_PP_
          (rising edge-triggered flip-flop clocked by clk)
Path Group: clk
Path Type: max

   Delay     Time   Description
-----------------------------------------------------------
   0.000    0.000   clock clk (rise edge)
   0.775    0.775   clock network delay (ideal)
   0.000    0.775 ^ dp.rf.rf[5][0]$_DFFE_PP_/CLK (sky130_fd_sc_hd__edfxtp_1)
   0.323    1.098 ^ dp.rf.rf[5][0]$_DFFE_PP_/Q (sky130_fd_sc_hd__edfxtp_1)
   0.077    1.176 v _10298_/Y (sky130_fd_sc_hd__nand3_1)
   0.108    1.284 ^ _10299_/Y (sky130_fd_sc_hd__nand2_1)
   0.048    1.332 v _10300_/Y (sky130_fd_sc_hd__nand2_1)
   0.089    1.420 ^ _10301_/Y (sky130_fd_sc_hd__nand2_1)
   0.048    1.469 v _10302_/Y (sky130_fd_sc_hd__nand2_1)
   0.103    1.571 ^ _10303_/Y (sky130_fd_sc_hd__nand2_1)
   0.047    1.618 v _10304_/Y (sky130_fd_sc_hd__inv_1)
   0.087    1.705 ^ _10305_/Y (sky130_fd_sc_hd__nand2_1)
   0.087    1.793 v _10306_/Y (sky130_fd_sc_hd__nand2_1)
   0.355    2.148 ^ _12759_/Y (sky130_fd_sc_hd__nand2_1)
   0.279    2.427 ^ place713/X (sky130_fd_sc_hd__buf_4)
   0.063    2.490 v _15032_/Y (sky130_fd_sc_hd__nand2_1)
   0.093    2.583 ^ _15033_/Y (sky130_fd_sc_hd__o21ai_0)
   0.231    2.813 ^ _15388_/COUT (sky130_fd_sc_hd__ha_1)
   0.179    2.992 v _14262_/Y (sky130_fd_sc_hd__a31oi_1)
   0.495    3.487 ^ _14264_/Y (sky130_fd_sc_hd__o21ai_0)
   0.260    3.747 v _14268_/Y (sky130_fd_sc_hd__a21boi_0)
   0.403    4.150 ^ _14270_/Y (sky130_fd_sc_hd__o21ai_0)
   0.186    4.337 v _14277_/Y (sky130_fd_sc_hd__a21oi_1)
   0.445    4.782 ^ _14279_/Y (sky130_fd_sc_hd__o21ai_0)
   0.170    4.952 v _14284_/Y (sky130_fd_sc_hd__a21oi_1)
   0.414    5.366 ^ _14290_/Y (sky130_fd_sc_hd__o21ai_0)
   0.246    5.611 v _14301_/Y (sky130_fd_sc_hd__a31oi_1)
   0.308    5.920 ^ _14306_/Y (sky130_fd_sc_hd__o21ai_0)
   0.295    6.215 ^ _14307_/X (sky130_fd_sc_hd__xor2_1)
   0.114    6.329 v _14534_/Y (sky130_fd_sc_hd__nand3_1)
   0.113    6.442 ^ _14535_/Y (sky130_fd_sc_hd__nand3_1)
   0.103    6.545 v _14550_/Y (sky130_fd_sc_hd__nand2_1)
   0.252    6.797 v place673/X (sky130_fd_sc_hd__buf_4)
   0.052    6.849 v dp.rf.rf[5][29]$_DFFE_PP_/D (sky130_fd_sc_hd__edfxtp_1)
            6.849   data arrival time

   7.000    7.000   clock clk (rise edge)
   0.775    7.775   clock network delay (ideal)
   0.000    7.775   clock reconvergence pessimism
            7.775 ^ dp.rf.rf[5][29]$_DFFE_PP_/CLK (sky130_fd_sc_hd__edfxtp_1)
  -0.325    7.450   library setup time
            7.450   data required time
-----------------------------------------------------------
            7.450   data required time
           -6.849   data arrival time
-----------------------------------------------------------
            0.601   slack (MET)


Startpoint: dp.rf.rf[5][0]$_DFFE_PP_
            (rising edge-triggered flip-flop clocked by clk)
Endpoint: dp.rf.rf[1][29]$_DFFE_PP_
          (rising edge-triggered flip-flop clocked by clk)
Path Group: clk
Path Type: max

   Delay     Time   Description
-----------------------------------------------------------
   0.000    0.000   clock clk (rise edge)
   0.775    0.775   clock network delay (ideal)
   0.000    0.775 ^ dp.rf.rf[5][0]$_DFFE_PP_/CLK (sky130_fd_sc_hd__edfxtp_1)
   0.323    1.098 ^ dp.rf.rf[5][0]$_DFFE_PP_/Q (sky130_fd_sc_hd__edfxtp_1)
   0.077    1.176 v _10298_/Y (sky130_fd_sc_hd__nand3_1)
   0.108    1.284 ^ _10299_/Y (sky130_fd_sc_hd__nand2_1)
   0.048    1.332 v _10300_/Y (sky130_fd_sc_hd__nand2_1)
   0.089    1.420 ^ _10301_/Y (sky130_fd_sc_hd__nand2_1)
   0.048    1.469 v _10302_/Y (sky130_fd_sc_hd__nand2_1)
   0.103    1.571 ^ _10303_/Y (sky130_fd_sc_hd__nand2_1)
   0.047    1.618 v _10304_/Y (sky130_fd_sc_hd__inv_1)
   0.087    1.705 ^ _10305_/Y (sky130_fd_sc_hd__nand2_1)
   0.087    1.793 v _10306_/Y (sky130_fd_sc_hd__nand2_1)
   0.355    2.148 ^ _12759_/Y (sky130_fd_sc_hd__nand2_1)
   0.279    2.427 ^ place713/X (sky130_fd_sc_hd__buf_4)
   0.063    2.490 v _15032_/Y (sky130_fd_sc_hd__nand2_1)
   0.093    2.583 ^ _15033_/Y (sky130_fd_sc_hd__o21ai_0)
   0.231    2.813 ^ _15388_/COUT (sky130_fd_sc_hd__ha_1)
   0.179    2.992 v _14262_/Y (sky130_fd_sc_hd__a31oi_1)
   0.495    3.487 ^ _14264_/Y (sky130_fd_sc_hd__o21ai_0)
   0.260    3.747 v _14268_/Y (sky130_fd_sc_hd__a21boi_0)
   0.403    4.150 ^ _14270_/Y (sky130_fd_sc_hd__o21ai_0)
   0.186    4.337 v _14277_/Y (sky130_fd_sc_hd__a21oi_1)
   0.445    4.782 ^ _14279_/Y (sky130_fd_sc_hd__o21ai_0)
   0.170    4.952 v _14284_/Y (sky130_fd_sc_hd__a21oi_1)
   0.414    5.366 ^ _14290_/Y (sky130_fd_sc_hd__o21ai_0)
   0.246    5.611 v _14301_/Y (sky130_fd_sc_hd__a31oi_1)
   0.308    5.920 ^ _14306_/Y (sky130_fd_sc_hd__o21ai_0)
   0.295    6.215 ^ _14307_/X (sky130_fd_sc_hd__xor2_1)
   0.114    6.329 v _14534_/Y (sky130_fd_sc_hd__nand3_1)
   0.113    6.442 ^ _14535_/Y (sky130_fd_sc_hd__nand3_1)
   0.103    6.545 v _14550_/Y (sky130_fd_sc_hd__nand2_1)
   0.252    6.797 v place673/X (sky130_fd_sc_hd__buf_4)
   0.052    6.849 v dp.rf.rf[1][29]$_DFFE_PP_/D (sky130_fd_sc_hd__edfxtp_1)
            6.849   data arrival time

   7.000    7.000   clock clk (rise edge)
   0.775    7.775   clock network delay (ideal)
   0.000    7.775   clock reconvergence pessimism
            7.775 ^ dp.rf.rf[1][29]$_DFFE_PP_/CLK (sky130_fd_sc_hd__edfxtp_1)
  -0.325    7.450   library setup time
            7.450   data required time
-----------------------------------------------------------
            7.450   data required time
           -6.849   data arrival time
-----------------------------------------------------------
            0.601   slack (MET)


Startpoint: dp.rf.rf[5][0]$_DFFE_PP_
            (rising edge-triggered flip-flop clocked by clk)
Endpoint: dp.rf.rf[0][29]$_DFFE_PP_
          (rising edge-triggered flip-flop clocked by clk)
Path Group: clk
Path Type: max

   Delay     Time   Description
-----------------------------------------------------------
   0.000    0.000   clock clk (rise edge)
   0.775    0.775   clock network delay (ideal)
   0.000    0.775 ^ dp.rf.rf[5][0]$_DFFE_PP_/CLK (sky130_fd_sc_hd__edfxtp_1)
   0.323    1.098 ^ dp.rf.rf[5][0]$_DFFE_PP_/Q (sky130_fd_sc_hd__edfxtp_1)
   0.077    1.176 v _10298_/Y (sky130_fd_sc_hd__nand3_1)
   0.108    1.284 ^ _10299_/Y (sky130_fd_sc_hd__nand2_1)
   0.048    1.332 v _10300_/Y (sky130_fd_sc_hd__nand2_1)
   0.089    1.420 ^ _10301_/Y (sky130_fd_sc_hd__nand2_1)
   0.048    1.469 v _10302_/Y (sky130_fd_sc_hd__nand2_1)
   0.103    1.571 ^ _10303_/Y (sky130_fd_sc_hd__nand2_1)
   0.047    1.618 v _10304_/Y (sky130_fd_sc_hd__inv_1)
   0.087    1.705 ^ _10305_/Y (sky130_fd_sc_hd__nand2_1)
   0.087    1.793 v _10306_/Y (sky130_fd_sc_hd__nand2_1)
   0.355    2.148 ^ _12759_/Y (sky130_fd_sc_hd__nand2_1)
   0.279    2.427 ^ place713/X (sky130_fd_sc_hd__buf_4)
   0.063    2.490 v _15032_/Y (sky130_fd_sc_hd__nand2_1)
   0.093    2.583 ^ _15033_/Y (sky130_fd_sc_hd__o21ai_0)
   0.231    2.813 ^ _15388_/COUT (sky130_fd_sc_hd__ha_1)
   0.179    2.992 v _14262_/Y (sky130_fd_sc_hd__a31oi_1)
   0.495    3.487 ^ _14264_/Y (sky130_fd_sc_hd__o21ai_0)
   0.260    3.747 v _14268_/Y (sky130_fd_sc_hd__a21boi_0)
   0.403    4.150 ^ _14270_/Y (sky130_fd_sc_hd__o21ai_0)
   0.186    4.337 v _14277_/Y (sky130_fd_sc_hd__a21oi_1)
   0.445    4.782 ^ _14279_/Y (sky130_fd_sc_hd__o21ai_0)
   0.170    4.952 v _14284_/Y (sky130_fd_sc_hd__a21oi_1)
   0.414    5.366 ^ _14290_/Y (sky130_fd_sc_hd__o21ai_0)
   0.246    5.611 v _14301_/Y (sky130_fd_sc_hd__a31oi_1)
   0.308    5.920 ^ _14306_/Y (sky130_fd_sc_hd__o21ai_0)
   0.295    6.215 ^ _14307_/X (sky130_fd_sc_hd__xor2_1)
   0.114    6.329 v _14534_/Y (sky130_fd_sc_hd__nand3_1)
   0.113    6.442 ^ _14535_/Y (sky130_fd_sc_hd__nand3_1)
   0.103    6.545 v _14550_/Y (sky130_fd_sc_hd__nand2_1)
   0.252    6.797 v place673/X (sky130_fd_sc_hd__buf_4)
   0.052    6.849 v dp.rf.rf[0][29]$_DFFE_PP_/D (sky130_fd_sc_hd__edfxtp_1)
            6.849   data arrival time

   7.000    7.000   clock clk (rise edge)
   0.775    7.775   clock network delay (ideal)
   0.000    7.775   clock reconvergence pessimism
            7.775 ^ dp.rf.rf[0][29]$_DFFE_PP_/CLK (sky130_fd_sc_hd__edfxtp_1)
  -0.325    7.450   library setup time
            7.450   data required time
-----------------------------------------------------------
            7.450   data required time
           -6.849   data arrival time
-----------------------------------------------------------
            0.601   slack (MET)


Startpoint: dp.rf.rf[5][0]$_DFFE_PP_
            (rising edge-triggered flip-flop clocked by clk)
Endpoint: dp.rf.rf[6][29]$_DFFE_PP_
          (rising edge-triggered flip-flop clocked by clk)
Path Group: clk
Path Type: max

   Delay     Time   Description
-----------------------------------------------------------
   0.000    0.000   clock clk (rise edge)
   0.775    0.775   clock network delay (ideal)
   0.000    0.775 ^ dp.rf.rf[5][0]$_DFFE_PP_/CLK (sky130_fd_sc_hd__edfxtp_1)
   0.323    1.098 ^ dp.rf.rf[5][0]$_DFFE_PP_/Q (sky130_fd_sc_hd__edfxtp_1)
   0.077    1.176 v _10298_/Y (sky130_fd_sc_hd__nand3_1)
   0.108    1.284 ^ _10299_/Y (sky130_fd_sc_hd__nand2_1)
   0.048    1.332 v _10300_/Y (sky130_fd_sc_hd__nand2_1)
   0.089    1.420 ^ _10301_/Y (sky130_fd_sc_hd__nand2_1)
   0.048    1.469 v _10302_/Y (sky130_fd_sc_hd__nand2_1)
   0.103    1.571 ^ _10303_/Y (sky130_fd_sc_hd__nand2_1)
   0.047    1.618 v _10304_/Y (sky130_fd_sc_hd__inv_1)
   0.087    1.705 ^ _10305_/Y (sky130_fd_sc_hd__nand2_1)
   0.087    1.793 v _10306_/Y (sky130_fd_sc_hd__nand2_1)
   0.355    2.148 ^ _12759_/Y (sky130_fd_sc_hd__nand2_1)
   0.279    2.427 ^ place713/X (sky130_fd_sc_hd__buf_4)
   0.063    2.490 v _15032_/Y (sky130_fd_sc_hd__nand2_1)
   0.093    2.583 ^ _15033_/Y (sky130_fd_sc_hd__o21ai_0)
   0.231    2.813 ^ _15388_/COUT (sky130_fd_sc_hd__ha_1)
   0.179    2.992 v _14262_/Y (sky130_fd_sc_hd__a31oi_1)
   0.495    3.487 ^ _14264_/Y (sky130_fd_sc_hd__o21ai_0)
   0.260    3.747 v _14268_/Y (sky130_fd_sc_hd__a21boi_0)
   0.403    4.150 ^ _14270_/Y (sky130_fd_sc_hd__o21ai_0)
   0.186    4.337 v _14277_/Y (sky130_fd_sc_hd__a21oi_1)
   0.445    4.782 ^ _14279_/Y (sky130_fd_sc_hd__o21ai_0)
   0.170    4.952 v _14284_/Y (sky130_fd_sc_hd__a21oi_1)
   0.414    5.366 ^ _14290_/Y (sky130_fd_sc_hd__o21ai_0)
   0.246    5.611 v _14301_/Y (sky130_fd_sc_hd__a31oi_1)
   0.308    5.920 ^ _14306_/Y (sky130_fd_sc_hd__o21ai_0)
   0.295    6.215 ^ _14307_/X (sky130_fd_sc_hd__xor2_1)
   0.114    6.329 v _14534_/Y (sky130_fd_sc_hd__nand3_1)
   0.113    6.442 ^ _14535_/Y (sky130_fd_sc_hd__nand3_1)
   0.103    6.545 v _14550_/Y (sky130_fd_sc_hd__nand2_1)
   0.252    6.797 v place673/X (sky130_fd_sc_hd__buf_4)
   0.052    6.849 v dp.rf.rf[6][29]$_DFFE_PP_/D (sky130_fd_sc_hd__edfxtp_1)
            6.849   data arrival time

   7.000    7.000   clock clk (rise edge)
   0.775    7.775   clock network delay (ideal)
   0.000    7.775   clock reconvergence pessimism
            7.775 ^ dp.rf.rf[6][29]$_DFFE_PP_/CLK (sky130_fd_sc_hd__edfxtp_1)
  -0.325    7.450   library setup time
            7.450   data required time
-----------------------------------------------------------
            7.450   data required time
           -6.849   data arrival time
-----------------------------------------------------------
            0.601   slack (MET)


Startpoint: dp.rf.rf[5][0]$_DFFE_PP_
            (rising edge-triggered flip-flop clocked by clk)
Endpoint: dp.rf.rf[7][29]$_DFFE_PP_
          (rising edge-triggered flip-flop clocked by clk)
Path Group: clk
Path Type: max

   Delay     Time   Description
-----------------------------------------------------------
   0.000    0.000   clock clk (rise edge)
   0.775    0.775   clock network delay (ideal)
   0.000    0.775 ^ dp.rf.rf[5][0]$_DFFE_PP_/CLK (sky130_fd_sc_hd__edfxtp_1)
   0.323    1.098 ^ dp.rf.rf[5][0]$_DFFE_PP_/Q (sky130_fd_sc_hd__edfxtp_1)
   0.077    1.176 v _10298_/Y (sky130_fd_sc_hd__nand3_1)
   0.108    1.284 ^ _10299_/Y (sky130_fd_sc_hd__nand2_1)
   0.048    1.332 v _10300_/Y (sky130_fd_sc_hd__nand2_1)
   0.089    1.420 ^ _10301_/Y (sky130_fd_sc_hd__nand2_1)
   0.048    1.469 v _10302_/Y (sky130_fd_sc_hd__nand2_1)
   0.103    1.571 ^ _10303_/Y (sky130_fd_sc_hd__nand2_1)
   0.047    1.618 v _10304_/Y (sky130_fd_sc_hd__inv_1)
   0.087    1.705 ^ _10305_/Y (sky130_fd_sc_hd__nand2_1)
   0.087    1.793 v _10306_/Y (sky130_fd_sc_hd__nand2_1)
   0.355    2.148 ^ _12759_/Y (sky130_fd_sc_hd__nand2_1)
   0.279    2.427 ^ place713/X (sky130_fd_sc_hd__buf_4)
   0.063    2.490 v _15032_/Y (sky130_fd_sc_hd__nand2_1)
   0.093    2.583 ^ _15033_/Y (sky130_fd_sc_hd__o21ai_0)
   0.231    2.813 ^ _15388_/COUT (sky130_fd_sc_hd__ha_1)
   0.179    2.992 v _14262_/Y (sky130_fd_sc_hd__a31oi_1)
   0.495    3.487 ^ _14264_/Y (sky130_fd_sc_hd__o21ai_0)
   0.260    3.747 v _14268_/Y (sky130_fd_sc_hd__a21boi_0)
   0.403    4.150 ^ _14270_/Y (sky130_fd_sc_hd__o21ai_0)
   0.186    4.337 v _14277_/Y (sky130_fd_sc_hd__a21oi_1)
   0.445    4.782 ^ _14279_/Y (sky130_fd_sc_hd__o21ai_0)
   0.170    4.952 v _14284_/Y (sky130_fd_sc_hd__a21oi_1)
   0.414    5.366 ^ _14290_/Y (sky130_fd_sc_hd__o21ai_0)
   0.246    5.611 v _14301_/Y (sky130_fd_sc_hd__a31oi_1)
   0.308    5.920 ^ _14306_/Y (sky130_fd_sc_hd__o21ai_0)
   0.295    6.215 ^ _14307_/X (sky130_fd_sc_hd__xor2_1)
   0.114    6.329 v _14534_/Y (sky130_fd_sc_hd__nand3_1)
   0.113    6.442 ^ _14535_/Y (sky130_fd_sc_hd__nand3_1)
   0.103    6.545 v _14550_/Y (sky130_fd_sc_hd__nand2_1)
   0.252    6.797 v place673/X (sky130_fd_sc_hd__buf_4)
   0.052    6.849 v dp.rf.rf[7][29]$_DFFE_PP_/D (sky130_fd_sc_hd__edfxtp_1)
            6.849   data arrival time

   7.000    7.000   clock clk (rise edge)
   0.775    7.775   clock network delay (ideal)
   0.000    7.775   clock reconvergence pessimism
            7.775 ^ dp.rf.rf[7][29]$_DFFE_PP_/CLK (sky130_fd_sc_hd__edfxtp_1)
  -0.325    7.450   library setup time
            7.450   data required time
-----------------------------------------------------------
            7.450   data required time
           -6.849   data arrival time
-----------------------------------------------------------
            0.601   slack (MET)


Startpoint: dp.rf.rf[5][0]$_DFFE_PP_
            (rising edge-triggered flip-flop clocked by clk)
Endpoint: dp.rf.rf[3][29]$_DFFE_PP_
          (rising edge-triggered flip-flop clocked by clk)
Path Group: clk
Path Type: max

   Delay     Time   Description
-----------------------------------------------------------
   0.000    0.000   clock clk (rise edge)
   0.775    0.775   clock network delay (ideal)
   0.000    0.775 ^ dp.rf.rf[5][0]$_DFFE_PP_/CLK (sky130_fd_sc_hd__edfxtp_1)
   0.323    1.098 ^ dp.rf.rf[5][0]$_DFFE_PP_/Q (sky130_fd_sc_hd__edfxtp_1)
   0.077    1.176 v _10298_/Y (sky130_fd_sc_hd__nand3_1)
   0.108    1.284 ^ _10299_/Y (sky130_fd_sc_hd__nand2_1)
   0.048    1.332 v _10300_/Y (sky130_fd_sc_hd__nand2_1)
   0.089    1.420 ^ _10301_/Y (sky130_fd_sc_hd__nand2_1)
   0.048    1.469 v _10302_/Y (sky130_fd_sc_hd__nand2_1)
   0.103    1.571 ^ _10303_/Y (sky130_fd_sc_hd__nand2_1)
   0.047    1.618 v _10304_/Y (sky130_fd_sc_hd__inv_1)
   0.087    1.705 ^ _10305_/Y (sky130_fd_sc_hd__nand2_1)
   0.087    1.793 v _10306_/Y (sky130_fd_sc_hd__nand2_1)
   0.355    2.148 ^ _12759_/Y (sky130_fd_sc_hd__nand2_1)
   0.279    2.427 ^ place713/X (sky130_fd_sc_hd__buf_4)
   0.063    2.490 v _15032_/Y (sky130_fd_sc_hd__nand2_1)
   0.093    2.583 ^ _15033_/Y (sky130_fd_sc_hd__o21ai_0)
   0.231    2.813 ^ _15388_/COUT (sky130_fd_sc_hd__ha_1)
   0.179    2.992 v _14262_/Y (sky130_fd_sc_hd__a31oi_1)
   0.495    3.487 ^ _14264_/Y (sky130_fd_sc_hd__o21ai_0)
   0.260    3.747 v _14268_/Y (sky130_fd_sc_hd__a21boi_0)
   0.403    4.150 ^ _14270_/Y (sky130_fd_sc_hd__o21ai_0)
   0.186    4.337 v _14277_/Y (sky130_fd_sc_hd__a21oi_1)
   0.445    4.782 ^ _14279_/Y (sky130_fd_sc_hd__o21ai_0)
   0.170    4.952 v _14284_/Y (sky130_fd_sc_hd__a21oi_1)
   0.414    5.366 ^ _14290_/Y (sky130_fd_sc_hd__o21ai_0)
   0.246    5.611 v _14301_/Y (sky130_fd_sc_hd__a31oi_1)
   0.308    5.920 ^ _14306_/Y (sky130_fd_sc_hd__o21ai_0)
   0.295    6.215 ^ _14307_/X (sky130_fd_sc_hd__xor2_1)
   0.114    6.329 v _14534_/Y (sky130_fd_sc_hd__nand3_1)
   0.113    6.442 ^ _14535_/Y (sky130_fd_sc_hd__nand3_1)
   0.103    6.545 v _14550_/Y (sky130_fd_sc_hd__nand2_1)
   0.252    6.797 v place673/X (sky130_fd_sc_hd__buf_4)
   0.051    6.849 v dp.rf.rf[3][29]$_DFFE_PP_/D (sky130_fd_sc_hd__edfxtp_1)
            6.849   data arrival time

   7.000    7.000   clock clk (rise edge)
   0.775    7.775   clock network delay (ideal)
   0.000    7.775   clock reconvergence pessimism
            7.775 ^ dp.rf.rf[3][29]$_DFFE_PP_/CLK (sky130_fd_sc_hd__edfxtp_1)
  -0.325    7.450   library setup time
            7.450   data required time
-----------------------------------------------------------
            7.450   data required time
           -6.849   data arrival time
-----------------------------------------------------------
            0.602   slack (MET)


Startpoint: dp.rf.rf[5][0]$_DFFE_PP_
            (rising edge-triggered flip-flop clocked by clk)
Endpoint: dp.rf.rf[12][29]$_DFFE_PP_
          (rising edge-triggered flip-flop clocked by clk)
Path Group: clk
Path Type: max

   Delay     Time   Description
-----------------------------------------------------------
   0.000    0.000   clock clk (rise edge)
   0.775    0.775   clock network delay (ideal)
   0.000    0.775 ^ dp.rf.rf[5][0]$_DFFE_PP_/CLK (sky130_fd_sc_hd__edfxtp_1)
   0.323    1.098 ^ dp.rf.rf[5][0]$_DFFE_PP_/Q (sky130_fd_sc_hd__edfxtp_1)
   0.077    1.176 v _10298_/Y (sky130_fd_sc_hd__nand3_1)
   0.108    1.284 ^ _10299_/Y (sky130_fd_sc_hd__nand2_1)
   0.048    1.332 v _10300_/Y (sky130_fd_sc_hd__nand2_1)
   0.089    1.420 ^ _10301_/Y (sky130_fd_sc_hd__nand2_1)
   0.048    1.469 v _10302_/Y (sky130_fd_sc_hd__nand2_1)
   0.103    1.571 ^ _10303_/Y (sky130_fd_sc_hd__nand2_1)
   0.047    1.618 v _10304_/Y (sky130_fd_sc_hd__inv_1)
   0.087    1.705 ^ _10305_/Y (sky130_fd_sc_hd__nand2_1)
   0.087    1.793 v _10306_/Y (sky130_fd_sc_hd__nand2_1)
   0.355    2.148 ^ _12759_/Y (sky130_fd_sc_hd__nand2_1)
   0.279    2.427 ^ place713/X (sky130_fd_sc_hd__buf_4)
   0.063    2.490 v _15032_/Y (sky130_fd_sc_hd__nand2_1)
   0.093    2.583 ^ _15033_/Y (sky130_fd_sc_hd__o21ai_0)
   0.231    2.813 ^ _15388_/COUT (sky130_fd_sc_hd__ha_1)
   0.179    2.992 v _14262_/Y (sky130_fd_sc_hd__a31oi_1)
   0.495    3.487 ^ _14264_/Y (sky130_fd_sc_hd__o21ai_0)
   0.260    3.747 v _14268_/Y (sky130_fd_sc_hd__a21boi_0)
   0.403    4.150 ^ _14270_/Y (sky130_fd_sc_hd__o21ai_0)
   0.186    4.337 v _14277_/Y (sky130_fd_sc_hd__a21oi_1)
   0.445    4.782 ^ _14279_/Y (sky130_fd_sc_hd__o21ai_0)
   0.170    4.952 v _14284_/Y (sky130_fd_sc_hd__a21oi_1)
   0.414    5.366 ^ _14290_/Y (sky130_fd_sc_hd__o21ai_0)
   0.246    5.611 v _14301_/Y (sky130_fd_sc_hd__a31oi_1)
   0.308    5.920 ^ _14306_/Y (sky130_fd_sc_hd__o21ai_0)
   0.295    6.215 ^ _14307_/X (sky130_fd_sc_hd__xor2_1)
   0.114    6.329 v _14534_/Y (sky130_fd_sc_hd__nand3_1)
   0.113    6.442 ^ _14535_/Y (sky130_fd_sc_hd__nand3_1)
   0.103    6.545 v _14550_/Y (sky130_fd_sc_hd__nand2_1)
   0.252    6.797 v place673/X (sky130_fd_sc_hd__buf_4)
   0.051    6.849 v dp.rf.rf[12][29]$_DFFE_PP_/D (sky130_fd_sc_hd__edfxtp_1)
            6.849   data arrival time

   7.000    7.000   clock clk (rise edge)
   0.775    7.775   clock network delay (ideal)
   0.000    7.775   clock reconvergence pessimism
            7.775 ^ dp.rf.rf[12][29]$_DFFE_PP_/CLK (sky130_fd_sc_hd__edfxtp_1)
  -0.325    7.450   library setup time
            7.450   data required time
-----------------------------------------------------------
            7.450   data required time
           -6.849   data arrival time
-----------------------------------------------------------
            0.602   slack (MET)


Startpoint: dp.rf.rf[5][0]$_DFFE_PP_
            (rising edge-triggered flip-flop clocked by clk)
Endpoint: dp.rf.rf[8][29]$_DFFE_PP_
          (rising edge-triggered flip-flop clocked by clk)
Path Group: clk
Path Type: max

   Delay     Time   Description
-----------------------------------------------------------
   0.000    0.000   clock clk (rise edge)
   0.775    0.775   clock network delay (ideal)
   0.000    0.775 ^ dp.rf.rf[5][0]$_DFFE_PP_/CLK (sky130_fd_sc_hd__edfxtp_1)
   0.323    1.098 ^ dp.rf.rf[5][0]$_DFFE_PP_/Q (sky130_fd_sc_hd__edfxtp_1)
   0.077    1.176 v _10298_/Y (sky130_fd_sc_hd__nand3_1)
   0.108    1.284 ^ _10299_/Y (sky130_fd_sc_hd__nand2_1)
   0.048    1.332 v _10300_/Y (sky130_fd_sc_hd__nand2_1)
   0.089    1.420 ^ _10301_/Y (sky130_fd_sc_hd__nand2_1)
   0.048    1.469 v _10302_/Y (sky130_fd_sc_hd__nand2_1)
   0.103    1.571 ^ _10303_/Y (sky130_fd_sc_hd__nand2_1)
   0.047    1.618 v _10304_/Y (sky130_fd_sc_hd__inv_1)
   0.087    1.705 ^ _10305_/Y (sky130_fd_sc_hd__nand2_1)
   0.087    1.793 v _10306_/Y (sky130_fd_sc_hd__nand2_1)
   0.355    2.148 ^ _12759_/Y (sky130_fd_sc_hd__nand2_1)
   0.279    2.427 ^ place713/X (sky130_fd_sc_hd__buf_4)
   0.063    2.490 v _15032_/Y (sky130_fd_sc_hd__nand2_1)
   0.093    2.583 ^ _15033_/Y (sky130_fd_sc_hd__o21ai_0)
   0.231    2.813 ^ _15388_/COUT (sky130_fd_sc_hd__ha_1)
   0.179    2.992 v _14262_/Y (sky130_fd_sc_hd__a31oi_1)
   0.495    3.487 ^ _14264_/Y (sky130_fd_sc_hd__o21ai_0)
   0.260    3.747 v _14268_/Y (sky130_fd_sc_hd__a21boi_0)
   0.403    4.150 ^ _14270_/Y (sky130_fd_sc_hd__o21ai_0)
   0.186    4.337 v _14277_/Y (sky130_fd_sc_hd__a21oi_1)
   0.445    4.782 ^ _14279_/Y (sky130_fd_sc_hd__o21ai_0)
   0.170    4.952 v _14284_/Y (sky130_fd_sc_hd__a21oi_1)
   0.414    5.366 ^ _14290_/Y (sky130_fd_sc_hd__o21ai_0)
   0.246    5.611 v _14301_/Y (sky130_fd_sc_hd__a31oi_1)
   0.308    5.920 ^ _14306_/Y (sky130_fd_sc_hd__o21ai_0)
   0.295    6.215 ^ _14307_/X (sky130_fd_sc_hd__xor2_1)
   0.114    6.329 v _14534_/Y (sky130_fd_sc_hd__nand3_1)
   0.113    6.442 ^ _14535_/Y (sky130_fd_sc_hd__nand3_1)
   0.103    6.545 v _14550_/Y (sky130_fd_sc_hd__nand2_1)
   0.252    6.797 v place673/X (sky130_fd_sc_hd__buf_4)
   0.051    6.849 v dp.rf.rf[8][29]$_DFFE_PP_/D (sky130_fd_sc_hd__edfxtp_1)
            6.849   data arrival time

   7.000    7.000   clock clk (rise edge)
   0.775    7.775   clock network delay (ideal)
   0.000    7.775   clock reconvergence pessimism
            7.775 ^ dp.rf.rf[8][29]$_DFFE_PP_/CLK (sky130_fd_sc_hd__edfxtp_1)
  -0.325    7.450   library setup time
            7.450   data required time
-----------------------------------------------------------
            7.450   data required time
           -6.849   data arrival time
-----------------------------------------------------------
            0.602   slack (MET)


Startpoint: dp.rf.rf[5][0]$_DFFE_PP_
            (rising edge-triggered flip-flop clocked by clk)
Endpoint: dp.rf.rf[9][29]$_DFFE_PP_
          (rising edge-triggered flip-flop clocked by clk)
Path Group: clk
Path Type: max

   Delay     Time   Description
-----------------------------------------------------------
   0.000    0.000   clock clk (rise edge)
   0.775    0.775   clock network delay (ideal)
   0.000    0.775 ^ dp.rf.rf[5][0]$_DFFE_PP_/CLK (sky130_fd_sc_hd__edfxtp_1)
   0.323    1.098 ^ dp.rf.rf[5][0]$_DFFE_PP_/Q (sky130_fd_sc_hd__edfxtp_1)
   0.077    1.176 v _10298_/Y (sky130_fd_sc_hd__nand3_1)
   0.108    1.284 ^ _10299_/Y (sky130_fd_sc_hd__nand2_1)
   0.048    1.332 v _10300_/Y (sky130_fd_sc_hd__nand2_1)
   0.089    1.420 ^ _10301_/Y (sky130_fd_sc_hd__nand2_1)
   0.048    1.469 v _10302_/Y (sky130_fd_sc_hd__nand2_1)
   0.103    1.571 ^ _10303_/Y (sky130_fd_sc_hd__nand2_1)
   0.047    1.618 v _10304_/Y (sky130_fd_sc_hd__inv_1)
   0.087    1.705 ^ _10305_/Y (sky130_fd_sc_hd__nand2_1)
   0.087    1.793 v _10306_/Y (sky130_fd_sc_hd__nand2_1)
   0.355    2.148 ^ _12759_/Y (sky130_fd_sc_hd__nand2_1)
   0.279    2.427 ^ place713/X (sky130_fd_sc_hd__buf_4)
   0.063    2.490 v _15032_/Y (sky130_fd_sc_hd__nand2_1)
   0.093    2.583 ^ _15033_/Y (sky130_fd_sc_hd__o21ai_0)
   0.231    2.813 ^ _15388_/COUT (sky130_fd_sc_hd__ha_1)
   0.179    2.992 v _14262_/Y (sky130_fd_sc_hd__a31oi_1)
   0.495    3.487 ^ _14264_/Y (sky130_fd_sc_hd__o21ai_0)
   0.260    3.747 v _14268_/Y (sky130_fd_sc_hd__a21boi_0)
   0.403    4.150 ^ _14270_/Y (sky130_fd_sc_hd__o21ai_0)
   0.186    4.337 v _14277_/Y (sky130_fd_sc_hd__a21oi_1)
   0.445    4.782 ^ _14279_/Y (sky130_fd_sc_hd__o21ai_0)
   0.170    4.952 v _14284_/Y (sky130_fd_sc_hd__a21oi_1)
   0.414    5.366 ^ _14290_/Y (sky130_fd_sc_hd__o21ai_0)
   0.246    5.611 v _14301_/Y (sky130_fd_sc_hd__a31oi_1)
   0.308    5.920 ^ _14306_/Y (sky130_fd_sc_hd__o21ai_0)
   0.295    6.215 ^ _14307_/X (sky130_fd_sc_hd__xor2_1)
   0.114    6.329 v _14534_/Y (sky130_fd_sc_hd__nand3_1)
   0.113    6.442 ^ _14535_/Y (sky130_fd_sc_hd__nand3_1)
   0.103    6.545 v _14550_/Y (sky130_fd_sc_hd__nand2_1)
   0.252    6.797 v place673/X (sky130_fd_sc_hd__buf_4)
   0.051    6.849 v dp.rf.rf[9][29]$_DFFE_PP_/D (sky130_fd_sc_hd__edfxtp_1)
            6.849   data arrival time

   7.000    7.000   clock clk (rise edge)
   0.775    7.775   clock network delay (ideal)
   0.000    7.775   clock reconvergence pessimism
            7.775 ^ dp.rf.rf[9][29]$_DFFE_PP_/CLK (sky130_fd_sc_hd__edfxtp_1)
  -0.325    7.450   library setup time
            7.450   data required time
-----------------------------------------------------------
            7.450   data required time
           -6.849   data arrival time
-----------------------------------------------------------
            0.602   slack (MET)


Startpoint: dp.rf.rf[5][0]$_DFFE_PP_
            (rising edge-triggered flip-flop clocked by clk)
Endpoint: dp.rf.rf[2][29]$_DFFE_PP_
          (rising edge-triggered flip-flop clocked by clk)
Path Group: clk
Path Type: max

   Delay     Time   Description
-----------------------------------------------------------
   0.000    0.000   clock clk (rise edge)
   0.775    0.775   clock network delay (ideal)
   0.000    0.775 ^ dp.rf.rf[5][0]$_DFFE_PP_/CLK (sky130_fd_sc_hd__edfxtp_1)
   0.323    1.098 ^ dp.rf.rf[5][0]$_DFFE_PP_/Q (sky130_fd_sc_hd__edfxtp_1)
   0.077    1.176 v _10298_/Y (sky130_fd_sc_hd__nand3_1)
   0.108    1.284 ^ _10299_/Y (sky130_fd_sc_hd__nand2_1)
   0.048    1.332 v _10300_/Y (sky130_fd_sc_hd__nand2_1)
   0.089    1.420 ^ _10301_/Y (sky130_fd_sc_hd__nand2_1)
   0.048    1.469 v _10302_/Y (sky130_fd_sc_hd__nand2_1)
   0.103    1.571 ^ _10303_/Y (sky130_fd_sc_hd__nand2_1)
   0.047    1.618 v _10304_/Y (sky130_fd_sc_hd__inv_1)
   0.087    1.705 ^ _10305_/Y (sky130_fd_sc_hd__nand2_1)
   0.087    1.793 v _10306_/Y (sky130_fd_sc_hd__nand2_1)
   0.355    2.148 ^ _12759_/Y (sky130_fd_sc_hd__nand2_1)
   0.279    2.427 ^ place713/X (sky130_fd_sc_hd__buf_4)
   0.063    2.490 v _15032_/Y (sky130_fd_sc_hd__nand2_1)
   0.093    2.583 ^ _15033_/Y (sky130_fd_sc_hd__o21ai_0)
   0.231    2.813 ^ _15388_/COUT (sky130_fd_sc_hd__ha_1)
   0.179    2.992 v _14262_/Y (sky130_fd_sc_hd__a31oi_1)
   0.495    3.487 ^ _14264_/Y (sky130_fd_sc_hd__o21ai_0)
   0.260    3.747 v _14268_/Y (sky130_fd_sc_hd__a21boi_0)
   0.403    4.150 ^ _14270_/Y (sky130_fd_sc_hd__o21ai_0)
   0.186    4.337 v _14277_/Y (sky130_fd_sc_hd__a21oi_1)
   0.445    4.782 ^ _14279_/Y (sky130_fd_sc_hd__o21ai_0)
   0.170    4.952 v _14284_/Y (sky130_fd_sc_hd__a21oi_1)
   0.414    5.366 ^ _14290_/Y (sky130_fd_sc_hd__o21ai_0)
   0.246    5.611 v _14301_/Y (sky130_fd_sc_hd__a31oi_1)
   0.308    5.920 ^ _14306_/Y (sky130_fd_sc_hd__o21ai_0)
   0.295    6.215 ^ _14307_/X (sky130_fd_sc_hd__xor2_1)
   0.114    6.329 v _14534_/Y (sky130_fd_sc_hd__nand3_1)
   0.113    6.442 ^ _14535_/Y (sky130_fd_sc_hd__nand3_1)
   0.103    6.545 v _14550_/Y (sky130_fd_sc_hd__nand2_1)
   0.252    6.797 v place673/X (sky130_fd_sc_hd__buf_4)
   0.051    6.849 v dp.rf.rf[2][29]$_DFFE_PP_/D (sky130_fd_sc_hd__edfxtp_1)
            6.849   data arrival time

   7.000    7.000   clock clk (rise edge)
   0.775    7.775   clock network delay (ideal)
   0.000    7.775   clock reconvergence pessimism
            7.775 ^ dp.rf.rf[2][29]$_DFFE_PP_/CLK (sky130_fd_sc_hd__edfxtp_1)
  -0.325    7.450   library setup time
            7.450   data required time
-----------------------------------------------------------
            7.450   data required time
           -6.849   data arrival time
-----------------------------------------------------------
            0.602   slack (MET)


Startpoint: dp.rf.rf[5][0]$_DFFE_PP_
            (rising edge-triggered flip-flop clocked by clk)
Endpoint: dp.rf.rf[14][29]$_DFFE_PP_
          (rising edge-triggered flip-flop clocked by clk)
Path Group: clk
Path Type: max

   Delay     Time   Description
-----------------------------------------------------------
   0.000    0.000   clock clk (rise edge)
   0.775    0.775   clock network delay (ideal)
   0.000    0.775 ^ dp.rf.rf[5][0]$_DFFE_PP_/CLK (sky130_fd_sc_hd__edfxtp_1)
   0.323    1.098 ^ dp.rf.rf[5][0]$_DFFE_PP_/Q (sky130_fd_sc_hd__edfxtp_1)
   0.077    1.176 v _10298_/Y (sky130_fd_sc_hd__nand3_1)
   0.108    1.284 ^ _10299_/Y (sky130_fd_sc_hd__nand2_1)
   0.048    1.332 v _10300_/Y (sky130_fd_sc_hd__nand2_1)
   0.089    1.420 ^ _10301_/Y (sky130_fd_sc_hd__nand2_1)
   0.048    1.469 v _10302_/Y (sky130_fd_sc_hd__nand2_1)
   0.103    1.571 ^ _10303_/Y (sky130_fd_sc_hd__nand2_1)
   0.047    1.618 v _10304_/Y (sky130_fd_sc_hd__inv_1)
   0.087    1.705 ^ _10305_/Y (sky130_fd_sc_hd__nand2_1)
   0.087    1.793 v _10306_/Y (sky130_fd_sc_hd__nand2_1)
   0.355    2.148 ^ _12759_/Y (sky130_fd_sc_hd__nand2_1)
   0.279    2.427 ^ place713/X (sky130_fd_sc_hd__buf_4)
   0.063    2.490 v _15032_/Y (sky130_fd_sc_hd__nand2_1)
   0.093    2.583 ^ _15033_/Y (sky130_fd_sc_hd__o21ai_0)
   0.231    2.813 ^ _15388_/COUT (sky130_fd_sc_hd__ha_1)
   0.179    2.992 v _14262_/Y (sky130_fd_sc_hd__a31oi_1)
   0.495    3.487 ^ _14264_/Y (sky130_fd_sc_hd__o21ai_0)
   0.260    3.747 v _14268_/Y (sky130_fd_sc_hd__a21boi_0)
   0.403    4.150 ^ _14270_/Y (sky130_fd_sc_hd__o21ai_0)
   0.186    4.337 v _14277_/Y (sky130_fd_sc_hd__a21oi_1)
   0.445    4.782 ^ _14279_/Y (sky130_fd_sc_hd__o21ai_0)
   0.170    4.952 v _14284_/Y (sky130_fd_sc_hd__a21oi_1)
   0.414    5.366 ^ _14290_/Y (sky130_fd_sc_hd__o21ai_0)
   0.246    5.611 v _14301_/Y (sky130_fd_sc_hd__a31oi_1)
   0.308    5.920 ^ _14306_/Y (sky130_fd_sc_hd__o21ai_0)
   0.295    6.215 ^ _14307_/X (sky130_fd_sc_hd__xor2_1)
   0.114    6.329 v _14534_/Y (sky130_fd_sc_hd__nand3_1)
   0.113    6.442 ^ _14535_/Y (sky130_fd_sc_hd__nand3_1)
   0.103    6.545 v _14550_/Y (sky130_fd_sc_hd__nand2_1)
   0.252    6.797 v place673/X (sky130_fd_sc_hd__buf_4)
   0.051    6.848 v dp.rf.rf[14][29]$_DFFE_PP_/D (sky130_fd_sc_hd__edfxtp_1)
            6.848   data arrival time

   7.000    7.000   clock clk (rise edge)
   0.775    7.775   clock network delay (ideal)
   0.000    7.775   clock reconvergence pessimism
            7.775 ^ dp.rf.rf[14][29]$_DFFE_PP_/CLK (sky130_fd_sc_hd__edfxtp_1)
  -0.324    7.451   library setup time
            7.451   data required time
-----------------------------------------------------------
            7.451   data required time
           -6.848   data arrival time
-----------------------------------------------------------
            0.602   slack (MET)


Startpoint: dp.rf.rf[5][0]$_DFFE_PP_
            (rising edge-triggered flip-flop clocked by clk)
Endpoint: dp.rf.rf[15][29]$_DFFE_PP_
          (rising edge-triggered flip-flop clocked by clk)
Path Group: clk
Path Type: max

   Delay     Time   Description
-----------------------------------------------------------
   0.000    0.000   clock clk (rise edge)
   0.775    0.775   clock network delay (ideal)
   0.000    0.775 ^ dp.rf.rf[5][0]$_DFFE_PP_/CLK (sky130_fd_sc_hd__edfxtp_1)
   0.323    1.098 ^ dp.rf.rf[5][0]$_DFFE_PP_/Q (sky130_fd_sc_hd__edfxtp_1)
   0.077    1.176 v _10298_/Y (sky130_fd_sc_hd__nand3_1)
   0.108    1.284 ^ _10299_/Y (sky130_fd_sc_hd__nand2_1)
   0.048    1.332 v _10300_/Y (sky130_fd_sc_hd__nand2_1)
   0.089    1.420 ^ _10301_/Y (sky130_fd_sc_hd__nand2_1)
   0.048    1.469 v _10302_/Y (sky130_fd_sc_hd__nand2_1)
   0.103    1.571 ^ _10303_/Y (sky130_fd_sc_hd__nand2_1)
   0.047    1.618 v _10304_/Y (sky130_fd_sc_hd__inv_1)
   0.087    1.705 ^ _10305_/Y (sky130_fd_sc_hd__nand2_1)
   0.087    1.793 v _10306_/Y (sky130_fd_sc_hd__nand2_1)
   0.355    2.148 ^ _12759_/Y (sky130_fd_sc_hd__nand2_1)
   0.279    2.427 ^ place713/X (sky130_fd_sc_hd__buf_4)
   0.063    2.490 v _15032_/Y (sky130_fd_sc_hd__nand2_1)
   0.093    2.583 ^ _15033_/Y (sky130_fd_sc_hd__o21ai_0)
   0.231    2.813 ^ _15388_/COUT (sky130_fd_sc_hd__ha_1)
   0.179    2.992 v _14262_/Y (sky130_fd_sc_hd__a31oi_1)
   0.495    3.487 ^ _14264_/Y (sky130_fd_sc_hd__o21ai_0)
   0.260    3.747 v _14268_/Y (sky130_fd_sc_hd__a21boi_0)
   0.403    4.150 ^ _14270_/Y (sky130_fd_sc_hd__o21ai_0)
   0.186    4.337 v _14277_/Y (sky130_fd_sc_hd__a21oi_1)
   0.445    4.782 ^ _14279_/Y (sky130_fd_sc_hd__o21ai_0)
   0.170    4.952 v _14284_/Y (sky130_fd_sc_hd__a21oi_1)
   0.414    5.366 ^ _14290_/Y (sky130_fd_sc_hd__o21ai_0)
   0.246    5.611 v _14301_/Y (sky130_fd_sc_hd__a31oi_1)
   0.308    5.920 ^ _14306_/Y (sky130_fd_sc_hd__o21ai_0)
   0.295    6.215 ^ _14307_/X (sky130_fd_sc_hd__xor2_1)
   0.114    6.329 v _14534_/Y (sky130_fd_sc_hd__nand3_1)
   0.113    6.442 ^ _14535_/Y (sky130_fd_sc_hd__nand3_1)
   0.103    6.545 v _14550_/Y (sky130_fd_sc_hd__nand2_1)
   0.252    6.797 v place673/X (sky130_fd_sc_hd__buf_4)
   0.051    6.848 v dp.rf.rf[15][29]$_DFFE_PP_/D (sky130_fd_sc_hd__edfxtp_1)
            6.848   data arrival time

   7.000    7.000   clock clk (rise edge)
   0.775    7.775   clock network delay (ideal)
   0.000    7.775   clock reconvergence pessimism
            7.775 ^ dp.rf.rf[15][29]$_DFFE_PP_/CLK (sky130_fd_sc_hd__edfxtp_1)
  -0.324    7.451   library setup time
            7.451   data required time
-----------------------------------------------------------
            7.451   data required time
           -6.848   data arrival time
-----------------------------------------------------------
            0.602   slack (MET)


Startpoint: dp.rf.rf[5][0]$_DFFE_PP_
            (rising edge-triggered flip-flop clocked by clk)
Endpoint: dp.rf.rf[10][29]$_DFFE_PP_
          (rising edge-triggered flip-flop clocked by clk)
Path Group: clk
Path Type: max

   Delay     Time   Description
-----------------------------------------------------------
   0.000    0.000   clock clk (rise edge)
   0.775    0.775   clock network delay (ideal)
   0.000    0.775 ^ dp.rf.rf[5][0]$_DFFE_PP_/CLK (sky130_fd_sc_hd__edfxtp_1)
   0.323    1.098 ^ dp.rf.rf[5][0]$_DFFE_PP_/Q (sky130_fd_sc_hd__edfxtp_1)
   0.077    1.176 v _10298_/Y (sky130_fd_sc_hd__nand3_1)
   0.108    1.284 ^ _10299_/Y (sky130_fd_sc_hd__nand2_1)
   0.048    1.332 v _10300_/Y (sky130_fd_sc_hd__nand2_1)
   0.089    1.420 ^ _10301_/Y (sky130_fd_sc_hd__nand2_1)
   0.048    1.469 v _10302_/Y (sky130_fd_sc_hd__nand2_1)
   0.103    1.571 ^ _10303_/Y (sky130_fd_sc_hd__nand2_1)
   0.047    1.618 v _10304_/Y (sky130_fd_sc_hd__inv_1)
   0.087    1.705 ^ _10305_/Y (sky130_fd_sc_hd__nand2_1)
   0.087    1.793 v _10306_/Y (sky130_fd_sc_hd__nand2_1)
   0.355    2.148 ^ _12759_/Y (sky130_fd_sc_hd__nand2_1)
   0.279    2.427 ^ place713/X (sky130_fd_sc_hd__buf_4)
   0.063    2.490 v _15032_/Y (sky130_fd_sc_hd__nand2_1)
   0.093    2.583 ^ _15033_/Y (sky130_fd_sc_hd__o21ai_0)
   0.231    2.813 ^ _15388_/COUT (sky130_fd_sc_hd__ha_1)
   0.179    2.992 v _14262_/Y (sky130_fd_sc_hd__a31oi_1)
   0.495    3.487 ^ _14264_/Y (sky130_fd_sc_hd__o21ai_0)
   0.260    3.747 v _14268_/Y (sky130_fd_sc_hd__a21boi_0)
   0.403    4.150 ^ _14270_/Y (sky130_fd_sc_hd__o21ai_0)
   0.186    4.337 v _14277_/Y (sky130_fd_sc_hd__a21oi_1)
   0.445    4.782 ^ _14279_/Y (sky130_fd_sc_hd__o21ai_0)
   0.170    4.952 v _14284_/Y (sky130_fd_sc_hd__a21oi_1)
   0.414    5.366 ^ _14290_/Y (sky130_fd_sc_hd__o21ai_0)
   0.246    5.611 v _14301_/Y (sky130_fd_sc_hd__a31oi_1)
   0.308    5.920 ^ _14306_/Y (sky130_fd_sc_hd__o21ai_0)
   0.295    6.215 ^ _14307_/X (sky130_fd_sc_hd__xor2_1)
   0.114    6.329 v _14534_/Y (sky130_fd_sc_hd__nand3_1)
   0.113    6.442 ^ _14535_/Y (sky130_fd_sc_hd__nand3_1)
   0.103    6.545 v _14550_/Y (sky130_fd_sc_hd__nand2_1)
   0.252    6.797 v place673/X (sky130_fd_sc_hd__buf_4)
   0.050    6.848 v dp.rf.rf[10][29]$_DFFE_PP_/D (sky130_fd_sc_hd__edfxtp_1)
            6.848   data arrival time

   7.000    7.000   clock clk (rise edge)
   0.775    7.775   clock network delay (ideal)
   0.000    7.775   clock reconvergence pessimism
            7.775 ^ dp.rf.rf[10][29]$_DFFE_PP_/CLK (sky130_fd_sc_hd__edfxtp_1)
  -0.324    7.451   library setup time
            7.451   data required time
-----------------------------------------------------------
            7.451   data required time
           -6.848   data arrival time
-----------------------------------------------------------
            0.603   slack (MET)


Startpoint: dp.rf.rf[5][0]$_DFFE_PP_
            (rising edge-triggered flip-flop clocked by clk)
Endpoint: dp.rf.rf[13][29]$_DFFE_PP_
          (rising edge-triggered flip-flop clocked by clk)
Path Group: clk
Path Type: max

   Delay     Time   Description
-----------------------------------------------------------
   0.000    0.000   clock clk (rise edge)
   0.775    0.775   clock network delay (ideal)
   0.000    0.775 ^ dp.rf.rf[5][0]$_DFFE_PP_/CLK (sky130_fd_sc_hd__edfxtp_1)
   0.323    1.098 ^ dp.rf.rf[5][0]$_DFFE_PP_/Q (sky130_fd_sc_hd__edfxtp_1)
   0.077    1.176 v _10298_/Y (sky130_fd_sc_hd__nand3_1)
   0.108    1.284 ^ _10299_/Y (sky130_fd_sc_hd__nand2_1)
   0.048    1.332 v _10300_/Y (sky130_fd_sc_hd__nand2_1)
   0.089    1.420 ^ _10301_/Y (sky130_fd_sc_hd__nand2_1)
   0.048    1.469 v _10302_/Y (sky130_fd_sc_hd__nand2_1)
   0.103    1.571 ^ _10303_/Y (sky130_fd_sc_hd__nand2_1)
   0.047    1.618 v _10304_/Y (sky130_fd_sc_hd__inv_1)
   0.087    1.705 ^ _10305_/Y (sky130_fd_sc_hd__nand2_1)
   0.087    1.793 v _10306_/Y (sky130_fd_sc_hd__nand2_1)
   0.355    2.148 ^ _12759_/Y (sky130_fd_sc_hd__nand2_1)
   0.279    2.427 ^ place713/X (sky130_fd_sc_hd__buf_4)
   0.063    2.490 v _15032_/Y (sky130_fd_sc_hd__nand2_1)
   0.093    2.583 ^ _15033_/Y (sky130_fd_sc_hd__o21ai_0)
   0.231    2.813 ^ _15388_/COUT (sky130_fd_sc_hd__ha_1)
   0.179    2.992 v _14262_/Y (sky130_fd_sc_hd__a31oi_1)
   0.495    3.487 ^ _14264_/Y (sky130_fd_sc_hd__o21ai_0)
   0.260    3.747 v _14268_/Y (sky130_fd_sc_hd__a21boi_0)
   0.403    4.150 ^ _14270_/Y (sky130_fd_sc_hd__o21ai_0)
   0.186    4.337 v _14277_/Y (sky130_fd_sc_hd__a21oi_1)
   0.445    4.782 ^ _14279_/Y (sky130_fd_sc_hd__o21ai_0)
   0.170    4.952 v _14284_/Y (sky130_fd_sc_hd__a21oi_1)
   0.414    5.366 ^ _14290_/Y (sky130_fd_sc_hd__o21ai_0)
   0.246    5.611 v _14301_/Y (sky130_fd_sc_hd__a31oi_1)
   0.308    5.920 ^ _14306_/Y (sky130_fd_sc_hd__o21ai_0)
   0.295    6.215 ^ _14307_/X (sky130_fd_sc_hd__xor2_1)
   0.114    6.329 v _14534_/Y (sky130_fd_sc_hd__nand3_1)
   0.113    6.442 ^ _14535_/Y (sky130_fd_sc_hd__nand3_1)
   0.103    6.545 v _14550_/Y (sky130_fd_sc_hd__nand2_1)
   0.252    6.797 v place673/X (sky130_fd_sc_hd__buf_4)
   0.050    6.848 v dp.rf.rf[13][29]$_DFFE_PP_/D (sky130_fd_sc_hd__edfxtp_1)
            6.848   data arrival time

   7.000    7.000   clock clk (rise edge)
   0.775    7.775   clock network delay (ideal)
   0.000    7.775   clock reconvergence pessimism
            7.775 ^ dp.rf.rf[13][29]$_DFFE_PP_/CLK (sky130_fd_sc_hd__edfxtp_1)
  -0.324    7.451   library setup time
            7.451   data required time
-----------------------------------------------------------
            7.451   data required time
           -6.848   data arrival time
-----------------------------------------------------------
            0.603   slack (MET)


Startpoint: dp.rf.rf[5][0]$_DFFE_PP_
            (rising edge-triggered flip-flop clocked by clk)
Endpoint: dp.rf.rf[17][29]$_DFFE_PP_
          (rising edge-triggered flip-flop clocked by clk)
Path Group: clk
Path Type: max

   Delay     Time   Description
-----------------------------------------------------------
   0.000    0.000   clock clk (rise edge)
   0.775    0.775   clock network delay (ideal)
   0.000    0.775 ^ dp.rf.rf[5][0]$_DFFE_PP_/CLK (sky130_fd_sc_hd__edfxtp_1)
   0.323    1.098 ^ dp.rf.rf[5][0]$_DFFE_PP_/Q (sky130_fd_sc_hd__edfxtp_1)
   0.077    1.176 v _10298_/Y (sky130_fd_sc_hd__nand3_1)
   0.108    1.284 ^ _10299_/Y (sky130_fd_sc_hd__nand2_1)
   0.048    1.332 v _10300_/Y (sky130_fd_sc_hd__nand2_1)
   0.089    1.420 ^ _10301_/Y (sky130_fd_sc_hd__nand2_1)
   0.048    1.469 v _10302_/Y (sky130_fd_sc_hd__nand2_1)
   0.103    1.571 ^ _10303_/Y (sky130_fd_sc_hd__nand2_1)
   0.047    1.618 v _10304_/Y (sky130_fd_sc_hd__inv_1)
   0.087    1.705 ^ _10305_/Y (sky130_fd_sc_hd__nand2_1)
   0.087    1.793 v _10306_/Y (sky130_fd_sc_hd__nand2_1)
   0.355    2.148 ^ _12759_/Y (sky130_fd_sc_hd__nand2_1)
   0.279    2.427 ^ place713/X (sky130_fd_sc_hd__buf_4)
   0.063    2.490 v _15032_/Y (sky130_fd_sc_hd__nand2_1)
   0.093    2.583 ^ _15033_/Y (sky130_fd_sc_hd__o21ai_0)
   0.231    2.813 ^ _15388_/COUT (sky130_fd_sc_hd__ha_1)
   0.179    2.992 v _14262_/Y (sky130_fd_sc_hd__a31oi_1)
   0.495    3.487 ^ _14264_/Y (sky130_fd_sc_hd__o21ai_0)
   0.260    3.747 v _14268_/Y (sky130_fd_sc_hd__a21boi_0)
   0.403    4.150 ^ _14270_/Y (sky130_fd_sc_hd__o21ai_0)
   0.186    4.337 v _14277_/Y (sky130_fd_sc_hd__a21oi_1)
   0.445    4.782 ^ _14279_/Y (sky130_fd_sc_hd__o21ai_0)
   0.170    4.952 v _14284_/Y (sky130_fd_sc_hd__a21oi_1)
   0.414    5.366 ^ _14290_/Y (sky130_fd_sc_hd__o21ai_0)
   0.246    5.611 v _14301_/Y (sky130_fd_sc_hd__a31oi_1)
   0.308    5.920 ^ _14306_/Y (sky130_fd_sc_hd__o21ai_0)
   0.295    6.215 ^ _14307_/X (sky130_fd_sc_hd__xor2_1)
   0.114    6.329 v _14534_/Y (sky130_fd_sc_hd__nand3_1)
   0.113    6.442 ^ _14535_/Y (sky130_fd_sc_hd__nand3_1)
   0.103    6.545 v _14550_/Y (sky130_fd_sc_hd__nand2_1)
   0.252    6.797 v place673/X (sky130_fd_sc_hd__buf_4)
   0.050    6.848 v dp.rf.rf[17][29]$_DFFE_PP_/D (sky130_fd_sc_hd__edfxtp_1)
            6.848   data arrival time

   7.000    7.000   clock clk (rise edge)
   0.775    7.775   clock network delay (ideal)
   0.000    7.775   clock reconvergence pessimism
            7.775 ^ dp.rf.rf[17][29]$_DFFE_PP_/CLK (sky130_fd_sc_hd__edfxtp_1)
  -0.324    7.451   library setup time
            7.451   data required time
-----------------------------------------------------------
            7.451   data required time
           -6.848   data arrival time
-----------------------------------------------------------
            0.603   slack (MET)


Startpoint: dp.rf.rf[5][0]$_DFFE_PP_
            (rising edge-triggered flip-flop clocked by clk)
Endpoint: dp.rf.rf[16][29]$_DFFE_PP_
          (rising edge-triggered flip-flop clocked by clk)
Path Group: clk
Path Type: max

   Delay     Time   Description
-----------------------------------------------------------
   0.000    0.000   clock clk (rise edge)
   0.775    0.775   clock network delay (ideal)
   0.000    0.775 ^ dp.rf.rf[5][0]$_DFFE_PP_/CLK (sky130_fd_sc_hd__edfxtp_1)
   0.323    1.098 ^ dp.rf.rf[5][0]$_DFFE_PP_/Q (sky130_fd_sc_hd__edfxtp_1)
   0.077    1.176 v _10298_/Y (sky130_fd_sc_hd__nand3_1)
   0.108    1.284 ^ _10299_/Y (sky130_fd_sc_hd__nand2_1)
   0.048    1.332 v _10300_/Y (sky130_fd_sc_hd__nand2_1)
   0.089    1.420 ^ _10301_/Y (sky130_fd_sc_hd__nand2_1)
   0.048    1.469 v _10302_/Y (sky130_fd_sc_hd__nand2_1)
   0.103    1.571 ^ _10303_/Y (sky130_fd_sc_hd__nand2_1)
   0.047    1.618 v _10304_/Y (sky130_fd_sc_hd__inv_1)
   0.087    1.705 ^ _10305_/Y (sky130_fd_sc_hd__nand2_1)
   0.087    1.793 v _10306_/Y (sky130_fd_sc_hd__nand2_1)
   0.355    2.148 ^ _12759_/Y (sky130_fd_sc_hd__nand2_1)
   0.279    2.427 ^ place713/X (sky130_fd_sc_hd__buf_4)
   0.063    2.490 v _15032_/Y (sky130_fd_sc_hd__nand2_1)
   0.093    2.583 ^ _15033_/Y (sky130_fd_sc_hd__o21ai_0)
   0.231    2.813 ^ _15388_/COUT (sky130_fd_sc_hd__ha_1)
   0.179    2.992 v _14262_/Y (sky130_fd_sc_hd__a31oi_1)
   0.495    3.487 ^ _14264_/Y (sky130_fd_sc_hd__o21ai_0)
   0.260    3.747 v _14268_/Y (sky130_fd_sc_hd__a21boi_0)
   0.403    4.150 ^ _14270_/Y (sky130_fd_sc_hd__o21ai_0)
   0.186    4.337 v _14277_/Y (sky130_fd_sc_hd__a21oi_1)
   0.445    4.782 ^ _14279_/Y (sky130_fd_sc_hd__o21ai_0)
   0.170    4.952 v _14284_/Y (sky130_fd_sc_hd__a21oi_1)
   0.414    5.366 ^ _14290_/Y (sky130_fd_sc_hd__o21ai_0)
   0.246    5.611 v _14301_/Y (sky130_fd_sc_hd__a31oi_1)
   0.308    5.920 ^ _14306_/Y (sky130_fd_sc_hd__o21ai_0)
   0.295    6.215 ^ _14307_/X (sky130_fd_sc_hd__xor2_1)
   0.114    6.329 v _14534_/Y (sky130_fd_sc_hd__nand3_1)
   0.113    6.442 ^ _14535_/Y (sky130_fd_sc_hd__nand3_1)
   0.103    6.545 v _14550_/Y (sky130_fd_sc_hd__nand2_1)
   0.252    6.797 v place673/X (sky130_fd_sc_hd__buf_4)
   0.050    6.848 v dp.rf.rf[16][29]$_DFFE_PP_/D (sky130_fd_sc_hd__edfxtp_1)
            6.848   data arrival time

   7.000    7.000   clock clk (rise edge)
   0.775    7.775   clock network delay (ideal)
   0.000    7.775   clock reconvergence pessimism
            7.775 ^ dp.rf.rf[16][29]$_DFFE_PP_/CLK (sky130_fd_sc_hd__edfxtp_1)
  -0.324    7.451   library setup time
            7.451   data required time
-----------------------------------------------------------
            7.451   data required time
           -6.848   data arrival time
-----------------------------------------------------------
            0.603   slack (MET)


Startpoint: dp.rf.rf[5][0]$_DFFE_PP_
            (rising edge-triggered flip-flop clocked by clk)
Endpoint: dp.rf.rf[11][29]$_DFFE_PP_
          (rising edge-triggered flip-flop clocked by clk)
Path Group: clk
Path Type: max

   Delay     Time   Description
-----------------------------------------------------------
   0.000    0.000   clock clk (rise edge)
   0.775    0.775   clock network delay (ideal)
   0.000    0.775 ^ dp.rf.rf[5][0]$_DFFE_PP_/CLK (sky130_fd_sc_hd__edfxtp_1)
   0.323    1.098 ^ dp.rf.rf[5][0]$_DFFE_PP_/Q (sky130_fd_sc_hd__edfxtp_1)
   0.077    1.176 v _10298_/Y (sky130_fd_sc_hd__nand3_1)
   0.108    1.284 ^ _10299_/Y (sky130_fd_sc_hd__nand2_1)
   0.048    1.332 v _10300_/Y (sky130_fd_sc_hd__nand2_1)
   0.089    1.420 ^ _10301_/Y (sky130_fd_sc_hd__nand2_1)
   0.048    1.469 v _10302_/Y (sky130_fd_sc_hd__nand2_1)
   0.103    1.571 ^ _10303_/Y (sky130_fd_sc_hd__nand2_1)
   0.047    1.618 v _10304_/Y (sky130_fd_sc_hd__inv_1)
   0.087    1.705 ^ _10305_/Y (sky130_fd_sc_hd__nand2_1)
   0.087    1.793 v _10306_/Y (sky130_fd_sc_hd__nand2_1)
   0.355    2.148 ^ _12759_/Y (sky130_fd_sc_hd__nand2_1)
   0.279    2.427 ^ place713/X (sky130_fd_sc_hd__buf_4)
   0.063    2.490 v _15032_/Y (sky130_fd_sc_hd__nand2_1)
   0.093    2.583 ^ _15033_/Y (sky130_fd_sc_hd__o21ai_0)
   0.231    2.813 ^ _15388_/COUT (sky130_fd_sc_hd__ha_1)
   0.179    2.992 v _14262_/Y (sky130_fd_sc_hd__a31oi_1)
   0.495    3.487 ^ _14264_/Y (sky130_fd_sc_hd__o21ai_0)
   0.260    3.747 v _14268_/Y (sky130_fd_sc_hd__a21boi_0)
   0.403    4.150 ^ _14270_/Y (sky130_fd_sc_hd__o21ai_0)
   0.186    4.337 v _14277_/Y (sky130_fd_sc_hd__a21oi_1)
   0.445    4.782 ^ _14279_/Y (sky130_fd_sc_hd__o21ai_0)
   0.170    4.952 v _14284_/Y (sky130_fd_sc_hd__a21oi_1)
   0.414    5.366 ^ _14290_/Y (sky130_fd_sc_hd__o21ai_0)
   0.246    5.611 v _14301_/Y (sky130_fd_sc_hd__a31oi_1)
   0.308    5.920 ^ _14306_/Y (sky130_fd_sc_hd__o21ai_0)
   0.295    6.215 ^ _14307_/X (sky130_fd_sc_hd__xor2_1)
   0.114    6.329 v _14534_/Y (sky130_fd_sc_hd__nand3_1)
   0.113    6.442 ^ _14535_/Y (sky130_fd_sc_hd__nand3_1)
   0.103    6.545 v _14550_/Y (sky130_fd_sc_hd__nand2_1)
   0.252    6.797 v place673/X (sky130_fd_sc_hd__buf_4)
   0.050    6.847 v dp.rf.rf[11][29]$_DFFE_PP_/D (sky130_fd_sc_hd__edfxtp_1)
            6.847   data arrival time

   7.000    7.000   clock clk (rise edge)
   0.775    7.775   clock network delay (ideal)
   0.000    7.775   clock reconvergence pessimism
            7.775 ^ dp.rf.rf[11][29]$_DFFE_PP_/CLK (sky130_fd_sc_hd__edfxtp_1)
  -0.324    7.451   library setup time
            7.451   data required time
-----------------------------------------------------------
            7.451   data required time
           -6.847   data arrival time
-----------------------------------------------------------
            0.603   slack (MET)


Startpoint: dp.rf.rf[5][0]$_DFFE_PP_
            (rising edge-triggered flip-flop clocked by clk)
Endpoint: dp.rf.rf[19][29]$_DFFE_PP_
          (rising edge-triggered flip-flop clocked by clk)
Path Group: clk
Path Type: max

   Delay     Time   Description
-----------------------------------------------------------
   0.000    0.000   clock clk (rise edge)
   0.775    0.775   clock network delay (ideal)
   0.000    0.775 ^ dp.rf.rf[5][0]$_DFFE_PP_/CLK (sky130_fd_sc_hd__edfxtp_1)
   0.323    1.098 ^ dp.rf.rf[5][0]$_DFFE_PP_/Q (sky130_fd_sc_hd__edfxtp_1)
   0.077    1.176 v _10298_/Y (sky130_fd_sc_hd__nand3_1)
   0.108    1.284 ^ _10299_/Y (sky130_fd_sc_hd__nand2_1)
   0.048    1.332 v _10300_/Y (sky130_fd_sc_hd__nand2_1)
   0.089    1.420 ^ _10301_/Y (sky130_fd_sc_hd__nand2_1)
   0.048    1.469 v _10302_/Y (sky130_fd_sc_hd__nand2_1)
   0.103    1.571 ^ _10303_/Y (sky130_fd_sc_hd__nand2_1)
   0.047    1.618 v _10304_/Y (sky130_fd_sc_hd__inv_1)
   0.087    1.705 ^ _10305_/Y (sky130_fd_sc_hd__nand2_1)
   0.087    1.793 v _10306_/Y (sky130_fd_sc_hd__nand2_1)
   0.355    2.148 ^ _12759_/Y (sky130_fd_sc_hd__nand2_1)
   0.279    2.427 ^ place713/X (sky130_fd_sc_hd__buf_4)
   0.063    2.490 v _15032_/Y (sky130_fd_sc_hd__nand2_1)
   0.093    2.583 ^ _15033_/Y (sky130_fd_sc_hd__o21ai_0)
   0.231    2.813 ^ _15388_/COUT (sky130_fd_sc_hd__ha_1)
   0.179    2.992 v _14262_/Y (sky130_fd_sc_hd__a31oi_1)
   0.495    3.487 ^ _14264_/Y (sky130_fd_sc_hd__o21ai_0)
   0.260    3.747 v _14268_/Y (sky130_fd_sc_hd__a21boi_0)
   0.403    4.150 ^ _14270_/Y (sky130_fd_sc_hd__o21ai_0)
   0.186    4.337 v _14277_/Y (sky130_fd_sc_hd__a21oi_1)
   0.445    4.782 ^ _14279_/Y (sky130_fd_sc_hd__o21ai_0)
   0.170    4.952 v _14284_/Y (sky130_fd_sc_hd__a21oi_1)
   0.414    5.366 ^ _14290_/Y (sky130_fd_sc_hd__o21ai_0)
   0.246    5.611 v _14301_/Y (sky130_fd_sc_hd__a31oi_1)
   0.308    5.920 ^ _14306_/Y (sky130_fd_sc_hd__o21ai_0)
   0.295    6.215 ^ _14307_/X (sky130_fd_sc_hd__xor2_1)
   0.114    6.329 v _14534_/Y (sky130_fd_sc_hd__nand3_1)
   0.113    6.442 ^ _14535_/Y (sky130_fd_sc_hd__nand3_1)
   0.103    6.545 v _14550_/Y (sky130_fd_sc_hd__nand2_1)
   0.252    6.797 v place673/X (sky130_fd_sc_hd__buf_4)
   0.050    6.847 v dp.rf.rf[19][29]$_DFFE_PP_/D (sky130_fd_sc_hd__edfxtp_1)
            6.847   data arrival time

   7.000    7.000   clock clk (rise edge)
   0.775    7.775   clock network delay (ideal)
   0.000    7.775   clock reconvergence pessimism
            7.775 ^ dp.rf.rf[19][29]$_DFFE_PP_/CLK (sky130_fd_sc_hd__edfxtp_1)
  -0.324    7.451   library setup time
            7.451   data required time
-----------------------------------------------------------
            7.451   data required time
           -6.847   data arrival time
-----------------------------------------------------------
            0.604   slack (MET)


Startpoint: dp.rf.rf[5][0]$_DFFE_PP_
            (rising edge-triggered flip-flop clocked by clk)
Endpoint: dp.rf.rf[22][29]$_DFFE_PP_
          (rising edge-triggered flip-flop clocked by clk)
Path Group: clk
Path Type: max

   Delay     Time   Description
-----------------------------------------------------------
   0.000    0.000   clock clk (rise edge)
   0.775    0.775   clock network delay (ideal)
   0.000    0.775 ^ dp.rf.rf[5][0]$_DFFE_PP_/CLK (sky130_fd_sc_hd__edfxtp_1)
   0.323    1.098 ^ dp.rf.rf[5][0]$_DFFE_PP_/Q (sky130_fd_sc_hd__edfxtp_1)
   0.077    1.176 v _10298_/Y (sky130_fd_sc_hd__nand3_1)
   0.108    1.284 ^ _10299_/Y (sky130_fd_sc_hd__nand2_1)
   0.048    1.332 v _10300_/Y (sky130_fd_sc_hd__nand2_1)
   0.089    1.420 ^ _10301_/Y (sky130_fd_sc_hd__nand2_1)
   0.048    1.469 v _10302_/Y (sky130_fd_sc_hd__nand2_1)
   0.103    1.571 ^ _10303_/Y (sky130_fd_sc_hd__nand2_1)
   0.047    1.618 v _10304_/Y (sky130_fd_sc_hd__inv_1)
   0.087    1.705 ^ _10305_/Y (sky130_fd_sc_hd__nand2_1)
   0.087    1.793 v _10306_/Y (sky130_fd_sc_hd__nand2_1)
   0.355    2.148 ^ _12759_/Y (sky130_fd_sc_hd__nand2_1)
   0.279    2.427 ^ place713/X (sky130_fd_sc_hd__buf_4)
   0.063    2.490 v _15032_/Y (sky130_fd_sc_hd__nand2_1)
   0.093    2.583 ^ _15033_/Y (sky130_fd_sc_hd__o21ai_0)
   0.231    2.813 ^ _15388_/COUT (sky130_fd_sc_hd__ha_1)
   0.179    2.992 v _14262_/Y (sky130_fd_sc_hd__a31oi_1)
   0.495    3.487 ^ _14264_/Y (sky130_fd_sc_hd__o21ai_0)
   0.260    3.747 v _14268_/Y (sky130_fd_sc_hd__a21boi_0)
   0.403    4.150 ^ _14270_/Y (sky130_fd_sc_hd__o21ai_0)
   0.186    4.337 v _14277_/Y (sky130_fd_sc_hd__a21oi_1)
   0.445    4.782 ^ _14279_/Y (sky130_fd_sc_hd__o21ai_0)
   0.170    4.952 v _14284_/Y (sky130_fd_sc_hd__a21oi_1)
   0.414    5.366 ^ _14290_/Y (sky130_fd_sc_hd__o21ai_0)
   0.246    5.611 v _14301_/Y (sky130_fd_sc_hd__a31oi_1)
   0.308    5.920 ^ _14306_/Y (sky130_fd_sc_hd__o21ai_0)
   0.295    6.215 ^ _14307_/X (sky130_fd_sc_hd__xor2_1)
   0.114    6.329 v _14534_/Y (sky130_fd_sc_hd__nand3_1)
   0.113    6.442 ^ _14535_/Y (sky130_fd_sc_hd__nand3_1)
   0.103    6.545 v _14550_/Y (sky130_fd_sc_hd__nand2_1)
   0.252    6.797 v place673/X (sky130_fd_sc_hd__buf_4)
   0.049    6.847 v dp.rf.rf[22][29]$_DFFE_PP_/D (sky130_fd_sc_hd__edfxtp_1)
            6.847   data arrival time

   7.000    7.000   clock clk (rise edge)
   0.775    7.775   clock network delay (ideal)
   0.000    7.775   clock reconvergence pessimism
            7.775 ^ dp.rf.rf[22][29]$_DFFE_PP_/CLK (sky130_fd_sc_hd__edfxtp_1)
  -0.324    7.451   library setup time
            7.451   data required time
-----------------------------------------------------------
            7.451   data required time
           -6.847   data arrival time
-----------------------------------------------------------
            0.604   slack (MET)


Startpoint: dp.rf.rf[5][0]$_DFFE_PP_
            (rising edge-triggered flip-flop clocked by clk)
Endpoint: dp.rf.rf[18][29]$_DFFE_PP_
          (rising edge-triggered flip-flop clocked by clk)
Path Group: clk
Path Type: max

   Delay     Time   Description
-----------------------------------------------------------
   0.000    0.000   clock clk (rise edge)
   0.775    0.775   clock network delay (ideal)
   0.000    0.775 ^ dp.rf.rf[5][0]$_DFFE_PP_/CLK (sky130_fd_sc_hd__edfxtp_1)
   0.323    1.098 ^ dp.rf.rf[5][0]$_DFFE_PP_/Q (sky130_fd_sc_hd__edfxtp_1)
   0.077    1.176 v _10298_/Y (sky130_fd_sc_hd__nand3_1)
   0.108    1.284 ^ _10299_/Y (sky130_fd_sc_hd__nand2_1)
   0.048    1.332 v _10300_/Y (sky130_fd_sc_hd__nand2_1)
   0.089    1.420 ^ _10301_/Y (sky130_fd_sc_hd__nand2_1)
   0.048    1.469 v _10302_/Y (sky130_fd_sc_hd__nand2_1)
   0.103    1.571 ^ _10303_/Y (sky130_fd_sc_hd__nand2_1)
   0.047    1.618 v _10304_/Y (sky130_fd_sc_hd__inv_1)
   0.087    1.705 ^ _10305_/Y (sky130_fd_sc_hd__nand2_1)
   0.087    1.793 v _10306_/Y (sky130_fd_sc_hd__nand2_1)
   0.355    2.148 ^ _12759_/Y (sky130_fd_sc_hd__nand2_1)
   0.279    2.427 ^ place713/X (sky130_fd_sc_hd__buf_4)
   0.063    2.490 v _15032_/Y (sky130_fd_sc_hd__nand2_1)
   0.093    2.583 ^ _15033_/Y (sky130_fd_sc_hd__o21ai_0)
   0.231    2.813 ^ _15388_/COUT (sky130_fd_sc_hd__ha_1)
   0.179    2.992 v _14262_/Y (sky130_fd_sc_hd__a31oi_1)
   0.495    3.487 ^ _14264_/Y (sky130_fd_sc_hd__o21ai_0)
   0.260    3.747 v _14268_/Y (sky130_fd_sc_hd__a21boi_0)
   0.403    4.150 ^ _14270_/Y (sky130_fd_sc_hd__o21ai_0)
   0.186    4.337 v _14277_/Y (sky130_fd_sc_hd__a21oi_1)
   0.445    4.782 ^ _14279_/Y (sky130_fd_sc_hd__o21ai_0)
   0.170    4.952 v _14284_/Y (sky130_fd_sc_hd__a21oi_1)
   0.414    5.366 ^ _14290_/Y (sky130_fd_sc_hd__o21ai_0)
   0.246    5.611 v _14301_/Y (sky130_fd_sc_hd__a31oi_1)
   0.308    5.920 ^ _14306_/Y (sky130_fd_sc_hd__o21ai_0)
   0.295    6.215 ^ _14307_/X (sky130_fd_sc_hd__xor2_1)
   0.114    6.329 v _14534_/Y (sky130_fd_sc_hd__nand3_1)
   0.113    6.442 ^ _14535_/Y (sky130_fd_sc_hd__nand3_1)
   0.103    6.545 v _14550_/Y (sky130_fd_sc_hd__nand2_1)
   0.252    6.797 v place673/X (sky130_fd_sc_hd__buf_4)
   0.049    6.847 v dp.rf.rf[18][29]$_DFFE_PP_/D (sky130_fd_sc_hd__edfxtp_1)
            6.847   data arrival time

   7.000    7.000   clock clk (rise edge)
   0.775    7.775   clock network delay (ideal)
   0.000    7.775   clock reconvergence pessimism
            7.775 ^ dp.rf.rf[18][29]$_DFFE_PP_/CLK (sky130_fd_sc_hd__edfxtp_1)
  -0.324    7.451   library setup time
            7.451   data required time
-----------------------------------------------------------
            7.451   data required time
           -6.847   data arrival time
-----------------------------------------------------------
            0.604   slack (MET)


Startpoint: dp.rf.rf[5][0]$_DFFE_PP_
            (rising edge-triggered flip-flop clocked by clk)
Endpoint: dp.rf.rf[20][29]$_DFFE_PP_
          (rising edge-triggered flip-flop clocked by clk)
Path Group: clk
Path Type: max

   Delay     Time   Description
-----------------------------------------------------------
   0.000    0.000   clock clk (rise edge)
   0.775    0.775   clock network delay (ideal)
   0.000    0.775 ^ dp.rf.rf[5][0]$_DFFE_PP_/CLK (sky130_fd_sc_hd__edfxtp_1)
   0.323    1.098 ^ dp.rf.rf[5][0]$_DFFE_PP_/Q (sky130_fd_sc_hd__edfxtp_1)
   0.077    1.176 v _10298_/Y (sky130_fd_sc_hd__nand3_1)
   0.108    1.284 ^ _10299_/Y (sky130_fd_sc_hd__nand2_1)
   0.048    1.332 v _10300_/Y (sky130_fd_sc_hd__nand2_1)
   0.089    1.420 ^ _10301_/Y (sky130_fd_sc_hd__nand2_1)
   0.048    1.469 v _10302_/Y (sky130_fd_sc_hd__nand2_1)
   0.103    1.571 ^ _10303_/Y (sky130_fd_sc_hd__nand2_1)
   0.047    1.618 v _10304_/Y (sky130_fd_sc_hd__inv_1)
   0.087    1.705 ^ _10305_/Y (sky130_fd_sc_hd__nand2_1)
   0.087    1.793 v _10306_/Y (sky130_fd_sc_hd__nand2_1)
   0.355    2.148 ^ _12759_/Y (sky130_fd_sc_hd__nand2_1)
   0.279    2.427 ^ place713/X (sky130_fd_sc_hd__buf_4)
   0.063    2.490 v _15032_/Y (sky130_fd_sc_hd__nand2_1)
   0.093    2.583 ^ _15033_/Y (sky130_fd_sc_hd__o21ai_0)
   0.231    2.813 ^ _15388_/COUT (sky130_fd_sc_hd__ha_1)
   0.179    2.992 v _14262_/Y (sky130_fd_sc_hd__a31oi_1)
   0.495    3.487 ^ _14264_/Y (sky130_fd_sc_hd__o21ai_0)
   0.260    3.747 v _14268_/Y (sky130_fd_sc_hd__a21boi_0)
   0.403    4.150 ^ _14270_/Y (sky130_fd_sc_hd__o21ai_0)
   0.186    4.337 v _14277_/Y (sky130_fd_sc_hd__a21oi_1)
   0.445    4.782 ^ _14279_/Y (sky130_fd_sc_hd__o21ai_0)
   0.170    4.952 v _14284_/Y (sky130_fd_sc_hd__a21oi_1)
   0.414    5.366 ^ _14290_/Y (sky130_fd_sc_hd__o21ai_0)
   0.246    5.611 v _14301_/Y (sky130_fd_sc_hd__a31oi_1)
   0.308    5.920 ^ _14306_/Y (sky130_fd_sc_hd__o21ai_0)
   0.295    6.215 ^ _14307_/X (sky130_fd_sc_hd__xor2_1)
   0.114    6.329 v _14534_/Y (sky130_fd_sc_hd__nand3_1)
   0.113    6.442 ^ _14535_/Y (sky130_fd_sc_hd__nand3_1)
   0.103    6.545 v _14550_/Y (sky130_fd_sc_hd__nand2_1)
   0.252    6.797 v place673/X (sky130_fd_sc_hd__buf_4)
   0.049    6.846 v dp.rf.rf[20][29]$_DFFE_PP_/D (sky130_fd_sc_hd__edfxtp_1)
            6.846   data arrival time

   7.000    7.000   clock clk (rise edge)
   0.775    7.775   clock network delay (ideal)
   0.000    7.775   clock reconvergence pessimism
            7.775 ^ dp.rf.rf[20][29]$_DFFE_PP_/CLK (sky130_fd_sc_hd__edfxtp_1)
  -0.324    7.451   library setup time
            7.451   data required time
-----------------------------------------------------------
            7.451   data required time
           -6.846   data arrival time
-----------------------------------------------------------
            0.605   slack (MET)


Startpoint: dp.rf.rf[5][0]$_DFFE_PP_
            (rising edge-triggered flip-flop clocked by clk)
Endpoint: dp.rf.rf[21][29]$_DFFE_PP_
          (rising edge-triggered flip-flop clocked by clk)
Path Group: clk
Path Type: max

   Delay     Time   Description
-----------------------------------------------------------
   0.000    0.000   clock clk (rise edge)
   0.775    0.775   clock network delay (ideal)
   0.000    0.775 ^ dp.rf.rf[5][0]$_DFFE_PP_/CLK (sky130_fd_sc_hd__edfxtp_1)
   0.323    1.098 ^ dp.rf.rf[5][0]$_DFFE_PP_/Q (sky130_fd_sc_hd__edfxtp_1)
   0.077    1.176 v _10298_/Y (sky130_fd_sc_hd__nand3_1)
   0.108    1.284 ^ _10299_/Y (sky130_fd_sc_hd__nand2_1)
   0.048    1.332 v _10300_/Y (sky130_fd_sc_hd__nand2_1)
   0.089    1.420 ^ _10301_/Y (sky130_fd_sc_hd__nand2_1)
   0.048    1.469 v _10302_/Y (sky130_fd_sc_hd__nand2_1)
   0.103    1.571 ^ _10303_/Y (sky130_fd_sc_hd__nand2_1)
   0.047    1.618 v _10304_/Y (sky130_fd_sc_hd__inv_1)
   0.087    1.705 ^ _10305_/Y (sky130_fd_sc_hd__nand2_1)
   0.087    1.793 v _10306_/Y (sky130_fd_sc_hd__nand2_1)
   0.355    2.148 ^ _12759_/Y (sky130_fd_sc_hd__nand2_1)
   0.279    2.427 ^ place713/X (sky130_fd_sc_hd__buf_4)
   0.063    2.490 v _15032_/Y (sky130_fd_sc_hd__nand2_1)
   0.093    2.583 ^ _15033_/Y (sky130_fd_sc_hd__o21ai_0)
   0.231    2.813 ^ _15388_/COUT (sky130_fd_sc_hd__ha_1)
   0.179    2.992 v _14262_/Y (sky130_fd_sc_hd__a31oi_1)
   0.495    3.487 ^ _14264_/Y (sky130_fd_sc_hd__o21ai_0)
   0.260    3.747 v _14268_/Y (sky130_fd_sc_hd__a21boi_0)
   0.403    4.150 ^ _14270_/Y (sky130_fd_sc_hd__o21ai_0)
   0.186    4.337 v _14277_/Y (sky130_fd_sc_hd__a21oi_1)
   0.445    4.782 ^ _14279_/Y (sky130_fd_sc_hd__o21ai_0)
   0.170    4.952 v _14284_/Y (sky130_fd_sc_hd__a21oi_1)
   0.414    5.366 ^ _14290_/Y (sky130_fd_sc_hd__o21ai_0)
   0.246    5.611 v _14301_/Y (sky130_fd_sc_hd__a31oi_1)
   0.308    5.920 ^ _14306_/Y (sky130_fd_sc_hd__o21ai_0)
   0.295    6.215 ^ _14307_/X (sky130_fd_sc_hd__xor2_1)
   0.114    6.329 v _14534_/Y (sky130_fd_sc_hd__nand3_1)
   0.113    6.442 ^ _14535_/Y (sky130_fd_sc_hd__nand3_1)
   0.103    6.545 v _14550_/Y (sky130_fd_sc_hd__nand2_1)
   0.252    6.797 v place673/X (sky130_fd_sc_hd__buf_4)
   0.048    6.845 v dp.rf.rf[21][29]$_DFFE_PP_/D (sky130_fd_sc_hd__edfxtp_1)
            6.845   data arrival time

   7.000    7.000   clock clk (rise edge)
   0.775    7.775   clock network delay (ideal)
   0.000    7.775   clock reconvergence pessimism
            7.775 ^ dp.rf.rf[21][29]$_DFFE_PP_/CLK (sky130_fd_sc_hd__edfxtp_1)
  -0.323    7.452   library setup time
            7.452   data required time
-----------------------------------------------------------
            7.452   data required time
           -6.845   data arrival time
-----------------------------------------------------------
            0.606   slack (MET)


Startpoint: dp.rf.rf[5][0]$_DFFE_PP_
            (rising edge-triggered flip-flop clocked by clk)
Endpoint: dp.rf.rf[23][29]$_DFFE_PP_
          (rising edge-triggered flip-flop clocked by clk)
Path Group: clk
Path Type: max

   Delay     Time   Description
-----------------------------------------------------------
   0.000    0.000   clock clk (rise edge)
   0.775    0.775   clock network delay (ideal)
   0.000    0.775 ^ dp.rf.rf[5][0]$_DFFE_PP_/CLK (sky130_fd_sc_hd__edfxtp_1)
   0.323    1.098 ^ dp.rf.rf[5][0]$_DFFE_PP_/Q (sky130_fd_sc_hd__edfxtp_1)
   0.077    1.176 v _10298_/Y (sky130_fd_sc_hd__nand3_1)
   0.108    1.284 ^ _10299_/Y (sky130_fd_sc_hd__nand2_1)
   0.048    1.332 v _10300_/Y (sky130_fd_sc_hd__nand2_1)
   0.089    1.420 ^ _10301_/Y (sky130_fd_sc_hd__nand2_1)
   0.048    1.469 v _10302_/Y (sky130_fd_sc_hd__nand2_1)
   0.103    1.571 ^ _10303_/Y (sky130_fd_sc_hd__nand2_1)
   0.047    1.618 v _10304_/Y (sky130_fd_sc_hd__inv_1)
   0.087    1.705 ^ _10305_/Y (sky130_fd_sc_hd__nand2_1)
   0.087    1.793 v _10306_/Y (sky130_fd_sc_hd__nand2_1)
   0.355    2.148 ^ _12759_/Y (sky130_fd_sc_hd__nand2_1)
   0.279    2.427 ^ place713/X (sky130_fd_sc_hd__buf_4)
   0.063    2.490 v _15032_/Y (sky130_fd_sc_hd__nand2_1)
   0.093    2.583 ^ _15033_/Y (sky130_fd_sc_hd__o21ai_0)
   0.231    2.813 ^ _15388_/COUT (sky130_fd_sc_hd__ha_1)
   0.179    2.992 v _14262_/Y (sky130_fd_sc_hd__a31oi_1)
   0.495    3.487 ^ _14264_/Y (sky130_fd_sc_hd__o21ai_0)
   0.260    3.747 v _14268_/Y (sky130_fd_sc_hd__a21boi_0)
   0.403    4.150 ^ _14270_/Y (sky130_fd_sc_hd__o21ai_0)
   0.186    4.337 v _14277_/Y (sky130_fd_sc_hd__a21oi_1)
   0.445    4.782 ^ _14279_/Y (sky130_fd_sc_hd__o21ai_0)
   0.170    4.952 v _14284_/Y (sky130_fd_sc_hd__a21oi_1)
   0.414    5.366 ^ _14290_/Y (sky130_fd_sc_hd__o21ai_0)
   0.246    5.611 v _14301_/Y (sky130_fd_sc_hd__a31oi_1)
   0.308    5.920 ^ _14306_/Y (sky130_fd_sc_hd__o21ai_0)
   0.295    6.215 ^ _14307_/X (sky130_fd_sc_hd__xor2_1)
   0.114    6.329 v _14534_/Y (sky130_fd_sc_hd__nand3_1)
   0.113    6.442 ^ _14535_/Y (sky130_fd_sc_hd__nand3_1)
   0.103    6.545 v _14550_/Y (sky130_fd_sc_hd__nand2_1)
   0.252    6.797 v place673/X (sky130_fd_sc_hd__buf_4)
   0.047    6.845 v dp.rf.rf[23][29]$_DFFE_PP_/D (sky130_fd_sc_hd__edfxtp_1)
            6.845   data arrival time

   7.000    7.000   clock clk (rise edge)
   0.775    7.775   clock network delay (ideal)
   0.000    7.775   clock reconvergence pessimism
            7.775 ^ dp.rf.rf[23][29]$_DFFE_PP_/CLK (sky130_fd_sc_hd__edfxtp_1)
  -0.323    7.452   library setup time
            7.452   data required time
-----------------------------------------------------------
            7.452   data required time
           -6.845   data arrival time
-----------------------------------------------------------
            0.607   slack (MET)


Startpoint: dp.rf.rf[5][0]$_DFFE_PP_
            (rising edge-triggered flip-flop clocked by clk)
Endpoint: dp.rf.rf[28][29]$_DFFE_PP_
          (rising edge-triggered flip-flop clocked by clk)
Path Group: clk
Path Type: max

   Delay     Time   Description
-----------------------------------------------------------
   0.000    0.000   clock clk (rise edge)
   0.775    0.775   clock network delay (ideal)
   0.000    0.775 ^ dp.rf.rf[5][0]$_DFFE_PP_/CLK (sky130_fd_sc_hd__edfxtp_1)
   0.323    1.098 ^ dp.rf.rf[5][0]$_DFFE_PP_/Q (sky130_fd_sc_hd__edfxtp_1)
   0.077    1.176 v _10298_/Y (sky130_fd_sc_hd__nand3_1)
   0.108    1.284 ^ _10299_/Y (sky130_fd_sc_hd__nand2_1)
   0.048    1.332 v _10300_/Y (sky130_fd_sc_hd__nand2_1)
   0.089    1.420 ^ _10301_/Y (sky130_fd_sc_hd__nand2_1)
   0.048    1.469 v _10302_/Y (sky130_fd_sc_hd__nand2_1)
   0.103    1.571 ^ _10303_/Y (sky130_fd_sc_hd__nand2_1)
   0.047    1.618 v _10304_/Y (sky130_fd_sc_hd__inv_1)
   0.087    1.705 ^ _10305_/Y (sky130_fd_sc_hd__nand2_1)
   0.087    1.793 v _10306_/Y (sky130_fd_sc_hd__nand2_1)
   0.355    2.148 ^ _12759_/Y (sky130_fd_sc_hd__nand2_1)
   0.279    2.427 ^ place713/X (sky130_fd_sc_hd__buf_4)
   0.063    2.490 v _15032_/Y (sky130_fd_sc_hd__nand2_1)
   0.093    2.583 ^ _15033_/Y (sky130_fd_sc_hd__o21ai_0)
   0.231    2.813 ^ _15388_/COUT (sky130_fd_sc_hd__ha_1)
   0.179    2.992 v _14262_/Y (sky130_fd_sc_hd__a31oi_1)
   0.495    3.487 ^ _14264_/Y (sky130_fd_sc_hd__o21ai_0)
   0.260    3.747 v _14268_/Y (sky130_fd_sc_hd__a21boi_0)
   0.403    4.150 ^ _14270_/Y (sky130_fd_sc_hd__o21ai_0)
   0.186    4.337 v _14277_/Y (sky130_fd_sc_hd__a21oi_1)
   0.445    4.782 ^ _14279_/Y (sky130_fd_sc_hd__o21ai_0)
   0.170    4.952 v _14284_/Y (sky130_fd_sc_hd__a21oi_1)
   0.414    5.366 ^ _14290_/Y (sky130_fd_sc_hd__o21ai_0)
   0.246    5.611 v _14301_/Y (sky130_fd_sc_hd__a31oi_1)
   0.308    5.920 ^ _14306_/Y (sky130_fd_sc_hd__o21ai_0)
   0.295    6.215 ^ _14307_/X (sky130_fd_sc_hd__xor2_1)
   0.114    6.329 v _14534_/Y (sky130_fd_sc_hd__nand3_1)
   0.113    6.442 ^ _14535_/Y (sky130_fd_sc_hd__nand3_1)
   0.103    6.545 v _14550_/Y (sky130_fd_sc_hd__nand2_1)
   0.252    6.797 v place673/X (sky130_fd_sc_hd__buf_4)
   0.047    6.844 v dp.rf.rf[28][29]$_DFFE_PP_/D (sky130_fd_sc_hd__edfxtp_1)
            6.844   data arrival time

   7.000    7.000   clock clk (rise edge)
   0.775    7.775   clock network delay (ideal)
   0.000    7.775   clock reconvergence pessimism
            7.775 ^ dp.rf.rf[28][29]$_DFFE_PP_/CLK (sky130_fd_sc_hd__edfxtp_1)
  -0.323    7.452   library setup time
            7.452   data required time
-----------------------------------------------------------
            7.452   data required time
           -6.844   data arrival time
-----------------------------------------------------------
            0.608   slack (MET)


Startpoint: dp.rf.rf[5][0]$_DFFE_PP_
            (rising edge-triggered flip-flop clocked by clk)
Endpoint: dp.rf.rf[29][29]$_DFFE_PP_
          (rising edge-triggered flip-flop clocked by clk)
Path Group: clk
Path Type: max

   Delay     Time   Description
-----------------------------------------------------------
   0.000    0.000   clock clk (rise edge)
   0.775    0.775   clock network delay (ideal)
   0.000    0.775 ^ dp.rf.rf[5][0]$_DFFE_PP_/CLK (sky130_fd_sc_hd__edfxtp_1)
   0.323    1.098 ^ dp.rf.rf[5][0]$_DFFE_PP_/Q (sky130_fd_sc_hd__edfxtp_1)
   0.077    1.176 v _10298_/Y (sky130_fd_sc_hd__nand3_1)
   0.108    1.284 ^ _10299_/Y (sky130_fd_sc_hd__nand2_1)
   0.048    1.332 v _10300_/Y (sky130_fd_sc_hd__nand2_1)
   0.089    1.420 ^ _10301_/Y (sky130_fd_sc_hd__nand2_1)
   0.048    1.469 v _10302_/Y (sky130_fd_sc_hd__nand2_1)
   0.103    1.571 ^ _10303_/Y (sky130_fd_sc_hd__nand2_1)
   0.047    1.618 v _10304_/Y (sky130_fd_sc_hd__inv_1)
   0.087    1.705 ^ _10305_/Y (sky130_fd_sc_hd__nand2_1)
   0.087    1.793 v _10306_/Y (sky130_fd_sc_hd__nand2_1)
   0.355    2.148 ^ _12759_/Y (sky130_fd_sc_hd__nand2_1)
   0.279    2.427 ^ place713/X (sky130_fd_sc_hd__buf_4)
   0.063    2.490 v _15032_/Y (sky130_fd_sc_hd__nand2_1)
   0.093    2.583 ^ _15033_/Y (sky130_fd_sc_hd__o21ai_0)
   0.231    2.813 ^ _15388_/COUT (sky130_fd_sc_hd__ha_1)
   0.179    2.992 v _14262_/Y (sky130_fd_sc_hd__a31oi_1)
   0.495    3.487 ^ _14264_/Y (sky130_fd_sc_hd__o21ai_0)
   0.260    3.747 v _14268_/Y (sky130_fd_sc_hd__a21boi_0)
   0.403    4.150 ^ _14270_/Y (sky130_fd_sc_hd__o21ai_0)
   0.186    4.337 v _14277_/Y (sky130_fd_sc_hd__a21oi_1)
   0.445    4.782 ^ _14279_/Y (sky130_fd_sc_hd__o21ai_0)
   0.170    4.952 v _14284_/Y (sky130_fd_sc_hd__a21oi_1)
   0.414    5.366 ^ _14290_/Y (sky130_fd_sc_hd__o21ai_0)
   0.246    5.611 v _14301_/Y (sky130_fd_sc_hd__a31oi_1)
   0.308    5.920 ^ _14306_/Y (sky130_fd_sc_hd__o21ai_0)
   0.295    6.215 ^ _14307_/X (sky130_fd_sc_hd__xor2_1)
   0.114    6.329 v _14534_/Y (sky130_fd_sc_hd__nand3_1)
   0.113    6.442 ^ _14535_/Y (sky130_fd_sc_hd__nand3_1)
   0.103    6.545 v _14550_/Y (sky130_fd_sc_hd__nand2_1)
   0.252    6.797 v place673/X (sky130_fd_sc_hd__buf_4)
   0.046    6.844 v dp.rf.rf[29][29]$_DFFE_PP_/D (sky130_fd_sc_hd__edfxtp_1)
            6.844   data arrival time

   7.000    7.000   clock clk (rise edge)
   0.775    7.775   clock network delay (ideal)
   0.000    7.775   clock reconvergence pessimism
            7.775 ^ dp.rf.rf[29][29]$_DFFE_PP_/CLK (sky130_fd_sc_hd__edfxtp_1)
  -0.323    7.452   library setup time
            7.452   data required time
-----------------------------------------------------------
            7.452   data required time
           -6.844   data arrival time
-----------------------------------------------------------
            0.609   slack (MET)


Startpoint: dp.rf.rf[5][0]$_DFFE_PP_
            (rising edge-triggered flip-flop clocked by clk)
Endpoint: dp.rf.rf[31][29]$_DFFE_PP_
          (rising edge-triggered flip-flop clocked by clk)
Path Group: clk
Path Type: max

   Delay     Time   Description
-----------------------------------------------------------
   0.000    0.000   clock clk (rise edge)
   0.775    0.775   clock network delay (ideal)
   0.000    0.775 ^ dp.rf.rf[5][0]$_DFFE_PP_/CLK (sky130_fd_sc_hd__edfxtp_1)
   0.323    1.098 ^ dp.rf.rf[5][0]$_DFFE_PP_/Q (sky130_fd_sc_hd__edfxtp_1)
   0.077    1.176 v _10298_/Y (sky130_fd_sc_hd__nand3_1)
   0.108    1.284 ^ _10299_/Y (sky130_fd_sc_hd__nand2_1)
   0.048    1.332 v _10300_/Y (sky130_fd_sc_hd__nand2_1)
   0.089    1.420 ^ _10301_/Y (sky130_fd_sc_hd__nand2_1)
   0.048    1.469 v _10302_/Y (sky130_fd_sc_hd__nand2_1)
   0.103    1.571 ^ _10303_/Y (sky130_fd_sc_hd__nand2_1)
   0.047    1.618 v _10304_/Y (sky130_fd_sc_hd__inv_1)
   0.087    1.705 ^ _10305_/Y (sky130_fd_sc_hd__nand2_1)
   0.087    1.793 v _10306_/Y (sky130_fd_sc_hd__nand2_1)
   0.355    2.148 ^ _12759_/Y (sky130_fd_sc_hd__nand2_1)
   0.279    2.427 ^ place713/X (sky130_fd_sc_hd__buf_4)
   0.063    2.490 v _15032_/Y (sky130_fd_sc_hd__nand2_1)
   0.093    2.583 ^ _15033_/Y (sky130_fd_sc_hd__o21ai_0)
   0.231    2.813 ^ _15388_/COUT (sky130_fd_sc_hd__ha_1)
   0.179    2.992 v _14262_/Y (sky130_fd_sc_hd__a31oi_1)
   0.495    3.487 ^ _14264_/Y (sky130_fd_sc_hd__o21ai_0)
   0.260    3.747 v _14268_/Y (sky130_fd_sc_hd__a21boi_0)
   0.403    4.150 ^ _14270_/Y (sky130_fd_sc_hd__o21ai_0)
   0.186    4.337 v _14277_/Y (sky130_fd_sc_hd__a21oi_1)
   0.445    4.782 ^ _14279_/Y (sky130_fd_sc_hd__o21ai_0)
   0.170    4.952 v _14284_/Y (sky130_fd_sc_hd__a21oi_1)
   0.414    5.366 ^ _14290_/Y (sky130_fd_sc_hd__o21ai_0)
   0.246    5.611 v _14301_/Y (sky130_fd_sc_hd__a31oi_1)
   0.308    5.920 ^ _14306_/Y (sky130_fd_sc_hd__o21ai_0)
   0.295    6.215 ^ _14307_/X (sky130_fd_sc_hd__xor2_1)
   0.114    6.329 v _14534_/Y (sky130_fd_sc_hd__nand3_1)
   0.113    6.442 ^ _14535_/Y (sky130_fd_sc_hd__nand3_1)
   0.103    6.545 v _14550_/Y (sky130_fd_sc_hd__nand2_1)
   0.252    6.797 v place673/X (sky130_fd_sc_hd__buf_4)
   0.046    6.844 v dp.rf.rf[31][29]$_DFFE_PP_/D (sky130_fd_sc_hd__edfxtp_1)
            6.844   data arrival time

   7.000    7.000   clock clk (rise edge)
   0.775    7.775   clock network delay (ideal)
   0.000    7.775   clock reconvergence pessimism
            7.775 ^ dp.rf.rf[31][29]$_DFFE_PP_/CLK (sky130_fd_sc_hd__edfxtp_1)
  -0.323    7.452   library setup time
            7.452   data required time
-----------------------------------------------------------
            7.452   data required time
           -6.844   data arrival time
-----------------------------------------------------------
            0.609   slack (MET)


Startpoint: dp.rf.rf[5][0]$_DFFE_PP_
            (rising edge-triggered flip-flop clocked by clk)
Endpoint: dp.rf.rf[25][29]$_DFFE_PP_
          (rising edge-triggered flip-flop clocked by clk)
Path Group: clk
Path Type: max

   Delay     Time   Description
-----------------------------------------------------------
   0.000    0.000   clock clk (rise edge)
   0.775    0.775   clock network delay (ideal)
   0.000    0.775 ^ dp.rf.rf[5][0]$_DFFE_PP_/CLK (sky130_fd_sc_hd__edfxtp_1)
   0.323    1.098 ^ dp.rf.rf[5][0]$_DFFE_PP_/Q (sky130_fd_sc_hd__edfxtp_1)
   0.077    1.176 v _10298_/Y (sky130_fd_sc_hd__nand3_1)
   0.108    1.284 ^ _10299_/Y (sky130_fd_sc_hd__nand2_1)
   0.048    1.332 v _10300_/Y (sky130_fd_sc_hd__nand2_1)
   0.089    1.420 ^ _10301_/Y (sky130_fd_sc_hd__nand2_1)
   0.048    1.469 v _10302_/Y (sky130_fd_sc_hd__nand2_1)
   0.103    1.571 ^ _10303_/Y (sky130_fd_sc_hd__nand2_1)
   0.047    1.618 v _10304_/Y (sky130_fd_sc_hd__inv_1)
   0.087    1.705 ^ _10305_/Y (sky130_fd_sc_hd__nand2_1)
   0.087    1.793 v _10306_/Y (sky130_fd_sc_hd__nand2_1)
   0.355    2.148 ^ _12759_/Y (sky130_fd_sc_hd__nand2_1)
   0.279    2.427 ^ place713/X (sky130_fd_sc_hd__buf_4)
   0.063    2.490 v _15032_/Y (sky130_fd_sc_hd__nand2_1)
   0.093    2.583 ^ _15033_/Y (sky130_fd_sc_hd__o21ai_0)
   0.231    2.813 ^ _15388_/COUT (sky130_fd_sc_hd__ha_1)
   0.179    2.992 v _14262_/Y (sky130_fd_sc_hd__a31oi_1)
   0.495    3.487 ^ _14264_/Y (sky130_fd_sc_hd__o21ai_0)
   0.260    3.747 v _14268_/Y (sky130_fd_sc_hd__a21boi_0)
   0.403    4.150 ^ _14270_/Y (sky130_fd_sc_hd__o21ai_0)
   0.186    4.337 v _14277_/Y (sky130_fd_sc_hd__a21oi_1)
   0.445    4.782 ^ _14279_/Y (sky130_fd_sc_hd__o21ai_0)
   0.170    4.952 v _14284_/Y (sky130_fd_sc_hd__a21oi_1)
   0.414    5.366 ^ _14290_/Y (sky130_fd_sc_hd__o21ai_0)
   0.246    5.611 v _14301_/Y (sky130_fd_sc_hd__a31oi_1)
   0.308    5.920 ^ _14306_/Y (sky130_fd_sc_hd__o21ai_0)
   0.295    6.215 ^ _14307_/X (sky130_fd_sc_hd__xor2_1)
   0.114    6.329 v _14534_/Y (sky130_fd_sc_hd__nand3_1)
   0.113    6.442 ^ _14535_/Y (sky130_fd_sc_hd__nand3_1)
   0.103    6.545 v _14550_/Y (sky130_fd_sc_hd__nand2_1)
   0.252    6.797 v place673/X (sky130_fd_sc_hd__buf_4)
   0.045    6.843 v dp.rf.rf[25][29]$_DFFE_PP_/D (sky130_fd_sc_hd__edfxtp_1)
            6.843   data arrival time

   7.000    7.000   clock clk (rise edge)
   0.775    7.775   clock network delay (ideal)
   0.000    7.775   clock reconvergence pessimism
            7.775 ^ dp.rf.rf[25][29]$_DFFE_PP_/CLK (sky130_fd_sc_hd__edfxtp_1)
  -0.323    7.452   library setup time
            7.452   data required time
-----------------------------------------------------------
            7.452   data required time
           -6.843   data arrival time
-----------------------------------------------------------
            0.610   slack (MET)


Startpoint: dp.rf.rf[5][0]$_DFFE_PP_
            (rising edge-triggered flip-flop clocked by clk)
Endpoint: dp.rf.rf[30][29]$_DFFE_PP_
          (rising edge-triggered flip-flop clocked by clk)
Path Group: clk
Path Type: max

   Delay     Time   Description
-----------------------------------------------------------
   0.000    0.000   clock clk (rise edge)
   0.775    0.775   clock network delay (ideal)
   0.000    0.775 ^ dp.rf.rf[5][0]$_DFFE_PP_/CLK (sky130_fd_sc_hd__edfxtp_1)
   0.323    1.098 ^ dp.rf.rf[5][0]$_DFFE_PP_/Q (sky130_fd_sc_hd__edfxtp_1)
   0.077    1.176 v _10298_/Y (sky130_fd_sc_hd__nand3_1)
   0.108    1.284 ^ _10299_/Y (sky130_fd_sc_hd__nand2_1)
   0.048    1.332 v _10300_/Y (sky130_fd_sc_hd__nand2_1)
   0.089    1.420 ^ _10301_/Y (sky130_fd_sc_hd__nand2_1)
   0.048    1.469 v _10302_/Y (sky130_fd_sc_hd__nand2_1)
   0.103    1.571 ^ _10303_/Y (sky130_fd_sc_hd__nand2_1)
   0.047    1.618 v _10304_/Y (sky130_fd_sc_hd__inv_1)
   0.087    1.705 ^ _10305_/Y (sky130_fd_sc_hd__nand2_1)
   0.087    1.793 v _10306_/Y (sky130_fd_sc_hd__nand2_1)
   0.355    2.148 ^ _12759_/Y (sky130_fd_sc_hd__nand2_1)
   0.279    2.427 ^ place713/X (sky130_fd_sc_hd__buf_4)
   0.063    2.490 v _15032_/Y (sky130_fd_sc_hd__nand2_1)
   0.093    2.583 ^ _15033_/Y (sky130_fd_sc_hd__o21ai_0)
   0.231    2.813 ^ _15388_/COUT (sky130_fd_sc_hd__ha_1)
   0.179    2.992 v _14262_/Y (sky130_fd_sc_hd__a31oi_1)
   0.495    3.487 ^ _14264_/Y (sky130_fd_sc_hd__o21ai_0)
   0.260    3.747 v _14268_/Y (sky130_fd_sc_hd__a21boi_0)
   0.403    4.150 ^ _14270_/Y (sky130_fd_sc_hd__o21ai_0)
   0.186    4.337 v _14277_/Y (sky130_fd_sc_hd__a21oi_1)
   0.445    4.782 ^ _14279_/Y (sky130_fd_sc_hd__o21ai_0)
   0.170    4.952 v _14284_/Y (sky130_fd_sc_hd__a21oi_1)
   0.414    5.366 ^ _14290_/Y (sky130_fd_sc_hd__o21ai_0)
   0.246    5.611 v _14301_/Y (sky130_fd_sc_hd__a31oi_1)
   0.308    5.920 ^ _14306_/Y (sky130_fd_sc_hd__o21ai_0)
   0.295    6.215 ^ _14307_/X (sky130_fd_sc_hd__xor2_1)
   0.114    6.329 v _14534_/Y (sky130_fd_sc_hd__nand3_1)
   0.113    6.442 ^ _14535_/Y (sky130_fd_sc_hd__nand3_1)
   0.103    6.545 v _14550_/Y (sky130_fd_sc_hd__nand2_1)
   0.252    6.797 v place673/X (sky130_fd_sc_hd__buf_4)
   0.045    6.842 v dp.rf.rf[30][29]$_DFFE_PP_/D (sky130_fd_sc_hd__edfxtp_1)
            6.842   data arrival time

   7.000    7.000   clock clk (rise edge)
   0.775    7.775   clock network delay (ideal)
   0.000    7.775   clock reconvergence pessimism
            7.775 ^ dp.rf.rf[30][29]$_DFFE_PP_/CLK (sky130_fd_sc_hd__edfxtp_1)
  -0.322    7.453   library setup time
            7.453   data required time
-----------------------------------------------------------
            7.453   data required time
           -6.842   data arrival time
-----------------------------------------------------------
            0.611   slack (MET)


Startpoint: dp.rf.rf[5][0]$_DFFE_PP_
            (rising edge-triggered flip-flop clocked by clk)
Endpoint: dp.rf.rf[27][29]$_DFFE_PP_
          (rising edge-triggered flip-flop clocked by clk)
Path Group: clk
Path Type: max

   Delay     Time   Description
-----------------------------------------------------------
   0.000    0.000   clock clk (rise edge)
   0.775    0.775   clock network delay (ideal)
   0.000    0.775 ^ dp.rf.rf[5][0]$_DFFE_PP_/CLK (sky130_fd_sc_hd__edfxtp_1)
   0.323    1.098 ^ dp.rf.rf[5][0]$_DFFE_PP_/Q (sky130_fd_sc_hd__edfxtp_1)
   0.077    1.176 v _10298_/Y (sky130_fd_sc_hd__nand3_1)
   0.108    1.284 ^ _10299_/Y (sky130_fd_sc_hd__nand2_1)
   0.048    1.332 v _10300_/Y (sky130_fd_sc_hd__nand2_1)
   0.089    1.420 ^ _10301_/Y (sky130_fd_sc_hd__nand2_1)
   0.048    1.469 v _10302_/Y (sky130_fd_sc_hd__nand2_1)
   0.103    1.571 ^ _10303_/Y (sky130_fd_sc_hd__nand2_1)
   0.047    1.618 v _10304_/Y (sky130_fd_sc_hd__inv_1)
   0.087    1.705 ^ _10305_/Y (sky130_fd_sc_hd__nand2_1)
   0.087    1.793 v _10306_/Y (sky130_fd_sc_hd__nand2_1)
   0.355    2.148 ^ _12759_/Y (sky130_fd_sc_hd__nand2_1)
   0.279    2.427 ^ place713/X (sky130_fd_sc_hd__buf_4)
   0.063    2.490 v _15032_/Y (sky130_fd_sc_hd__nand2_1)
   0.093    2.583 ^ _15033_/Y (sky130_fd_sc_hd__o21ai_0)
   0.231    2.813 ^ _15388_/COUT (sky130_fd_sc_hd__ha_1)
   0.179    2.992 v _14262_/Y (sky130_fd_sc_hd__a31oi_1)
   0.495    3.487 ^ _14264_/Y (sky130_fd_sc_hd__o21ai_0)
   0.260    3.747 v _14268_/Y (sky130_fd_sc_hd__a21boi_0)
   0.403    4.150 ^ _14270_/Y (sky130_fd_sc_hd__o21ai_0)
   0.186    4.337 v _14277_/Y (sky130_fd_sc_hd__a21oi_1)
   0.445    4.782 ^ _14279_/Y (sky130_fd_sc_hd__o21ai_0)
   0.170    4.952 v _14284_/Y (sky130_fd_sc_hd__a21oi_1)
   0.414    5.366 ^ _14290_/Y (sky130_fd_sc_hd__o21ai_0)
   0.246    5.611 v _14301_/Y (sky130_fd_sc_hd__a31oi_1)
   0.308    5.920 ^ _14306_/Y (sky130_fd_sc_hd__o21ai_0)
   0.295    6.215 ^ _14307_/X (sky130_fd_sc_hd__xor2_1)
   0.114    6.329 v _14534_/Y (sky130_fd_sc_hd__nand3_1)
   0.113    6.442 ^ _14535_/Y (sky130_fd_sc_hd__nand3_1)
   0.103    6.545 v _14550_/Y (sky130_fd_sc_hd__nand2_1)
   0.252    6.797 v place673/X (sky130_fd_sc_hd__buf_4)
   0.044    6.842 v dp.rf.rf[27][29]$_DFFE_PP_/D (sky130_fd_sc_hd__edfxtp_1)
            6.842   data arrival time

   7.000    7.000   clock clk (rise edge)
   0.775    7.775   clock network delay (ideal)
   0.000    7.775   clock reconvergence pessimism
            7.775 ^ dp.rf.rf[27][29]$_DFFE_PP_/CLK (sky130_fd_sc_hd__edfxtp_1)
  -0.322    7.453   library setup time
            7.453   data required time
-----------------------------------------------------------
            7.453   data required time
           -6.842   data arrival time
-----------------------------------------------------------
            0.611   slack (MET)


Startpoint: dp.rf.rf[5][0]$_DFFE_PP_
            (rising edge-triggered flip-flop clocked by clk)
Endpoint: dp.rf.rf[24][29]$_DFFE_PP_
          (rising edge-triggered flip-flop clocked by clk)
Path Group: clk
Path Type: max

   Delay     Time   Description
-----------------------------------------------------------
   0.000    0.000   clock clk (rise edge)
   0.775    0.775   clock network delay (ideal)
   0.000    0.775 ^ dp.rf.rf[5][0]$_DFFE_PP_/CLK (sky130_fd_sc_hd__edfxtp_1)
   0.323    1.098 ^ dp.rf.rf[5][0]$_DFFE_PP_/Q (sky130_fd_sc_hd__edfxtp_1)
   0.077    1.176 v _10298_/Y (sky130_fd_sc_hd__nand3_1)
   0.108    1.284 ^ _10299_/Y (sky130_fd_sc_hd__nand2_1)
   0.048    1.332 v _10300_/Y (sky130_fd_sc_hd__nand2_1)
   0.089    1.420 ^ _10301_/Y (sky130_fd_sc_hd__nand2_1)
   0.048    1.469 v _10302_/Y (sky130_fd_sc_hd__nand2_1)
   0.103    1.571 ^ _10303_/Y (sky130_fd_sc_hd__nand2_1)
   0.047    1.618 v _10304_/Y (sky130_fd_sc_hd__inv_1)
   0.087    1.705 ^ _10305_/Y (sky130_fd_sc_hd__nand2_1)
   0.087    1.793 v _10306_/Y (sky130_fd_sc_hd__nand2_1)
   0.355    2.148 ^ _12759_/Y (sky130_fd_sc_hd__nand2_1)
   0.279    2.427 ^ place713/X (sky130_fd_sc_hd__buf_4)
   0.063    2.490 v _15032_/Y (sky130_fd_sc_hd__nand2_1)
   0.093    2.583 ^ _15033_/Y (sky130_fd_sc_hd__o21ai_0)
   0.231    2.813 ^ _15388_/COUT (sky130_fd_sc_hd__ha_1)
   0.179    2.992 v _14262_/Y (sky130_fd_sc_hd__a31oi_1)
   0.495    3.487 ^ _14264_/Y (sky130_fd_sc_hd__o21ai_0)
   0.260    3.747 v _14268_/Y (sky130_fd_sc_hd__a21boi_0)
   0.403    4.150 ^ _14270_/Y (sky130_fd_sc_hd__o21ai_0)
   0.186    4.337 v _14277_/Y (sky130_fd_sc_hd__a21oi_1)
   0.445    4.782 ^ _14279_/Y (sky130_fd_sc_hd__o21ai_0)
   0.170    4.952 v _14284_/Y (sky130_fd_sc_hd__a21oi_1)
   0.414    5.366 ^ _14290_/Y (sky130_fd_sc_hd__o21ai_0)
   0.246    5.611 v _14301_/Y (sky130_fd_sc_hd__a31oi_1)
   0.308    5.920 ^ _14306_/Y (sky130_fd_sc_hd__o21ai_0)
   0.295    6.215 ^ _14307_/X (sky130_fd_sc_hd__xor2_1)
   0.114    6.329 v _14534_/Y (sky130_fd_sc_hd__nand3_1)
   0.113    6.442 ^ _14535_/Y (sky130_fd_sc_hd__nand3_1)
   0.103    6.545 v _14550_/Y (sky130_fd_sc_hd__nand2_1)
   0.252    6.797 v place673/X (sky130_fd_sc_hd__buf_4)
   0.043    6.841 v dp.rf.rf[24][29]$_DFFE_PP_/D (sky130_fd_sc_hd__edfxtp_1)
            6.841   data arrival time

   7.000    7.000   clock clk (rise edge)
   0.775    7.775   clock network delay (ideal)
   0.000    7.775   clock reconvergence pessimism
            7.775 ^ dp.rf.rf[24][29]$_DFFE_PP_/CLK (sky130_fd_sc_hd__edfxtp_1)
  -0.322    7.453   library setup time
            7.453   data required time
-----------------------------------------------------------
            7.453   data required time
           -6.841   data arrival time
-----------------------------------------------------------
            0.613   slack (MET)


Startpoint: dp.rf.rf[5][0]$_DFFE_PP_
            (rising edge-triggered flip-flop clocked by clk)
Endpoint: dp.rf.rf[26][29]$_DFFE_PP_
          (rising edge-triggered flip-flop clocked by clk)
Path Group: clk
Path Type: max

   Delay     Time   Description
-----------------------------------------------------------
   0.000    0.000   clock clk (rise edge)
   0.775    0.775   clock network delay (ideal)
   0.000    0.775 ^ dp.rf.rf[5][0]$_DFFE_PP_/CLK (sky130_fd_sc_hd__edfxtp_1)
   0.323    1.098 ^ dp.rf.rf[5][0]$_DFFE_PP_/Q (sky130_fd_sc_hd__edfxtp_1)
   0.077    1.176 v _10298_/Y (sky130_fd_sc_hd__nand3_1)
   0.108    1.284 ^ _10299_/Y (sky130_fd_sc_hd__nand2_1)
   0.048    1.332 v _10300_/Y (sky130_fd_sc_hd__nand2_1)
   0.089    1.420 ^ _10301_/Y (sky130_fd_sc_hd__nand2_1)
   0.048    1.469 v _10302_/Y (sky130_fd_sc_hd__nand2_1)
   0.103    1.571 ^ _10303_/Y (sky130_fd_sc_hd__nand2_1)
   0.047    1.618 v _10304_/Y (sky130_fd_sc_hd__inv_1)
   0.087    1.705 ^ _10305_/Y (sky130_fd_sc_hd__nand2_1)
   0.087    1.793 v _10306_/Y (sky130_fd_sc_hd__nand2_1)
   0.355    2.148 ^ _12759_/Y (sky130_fd_sc_hd__nand2_1)
   0.279    2.427 ^ place713/X (sky130_fd_sc_hd__buf_4)
   0.063    2.490 v _15032_/Y (sky130_fd_sc_hd__nand2_1)
   0.093    2.583 ^ _15033_/Y (sky130_fd_sc_hd__o21ai_0)
   0.231    2.813 ^ _15388_/COUT (sky130_fd_sc_hd__ha_1)
   0.179    2.992 v _14262_/Y (sky130_fd_sc_hd__a31oi_1)
   0.495    3.487 ^ _14264_/Y (sky130_fd_sc_hd__o21ai_0)
   0.260    3.747 v _14268_/Y (sky130_fd_sc_hd__a21boi_0)
   0.403    4.150 ^ _14270_/Y (sky130_fd_sc_hd__o21ai_0)
   0.186    4.337 v _14277_/Y (sky130_fd_sc_hd__a21oi_1)
   0.445    4.782 ^ _14279_/Y (sky130_fd_sc_hd__o21ai_0)
   0.170    4.952 v _14284_/Y (sky130_fd_sc_hd__a21oi_1)
   0.414    5.366 ^ _14290_/Y (sky130_fd_sc_hd__o21ai_0)
   0.246    5.611 v _14301_/Y (sky130_fd_sc_hd__a31oi_1)
   0.308    5.920 ^ _14306_/Y (sky130_fd_sc_hd__o21ai_0)
   0.295    6.215 ^ _14307_/X (sky130_fd_sc_hd__xor2_1)
   0.114    6.329 v _14534_/Y (sky130_fd_sc_hd__nand3_1)
   0.113    6.442 ^ _14535_/Y (sky130_fd_sc_hd__nand3_1)
   0.103    6.545 v _14550_/Y (sky130_fd_sc_hd__nand2_1)
   0.252    6.797 v place673/X (sky130_fd_sc_hd__buf_4)
   0.042    6.840 v dp.rf.rf[26][29]$_DFFE_PP_/D (sky130_fd_sc_hd__edfxtp_1)
            6.840   data arrival time

   7.000    7.000   clock clk (rise edge)
   0.775    7.775   clock network delay (ideal)
   0.000    7.775   clock reconvergence pessimism
            7.775 ^ dp.rf.rf[26][29]$_DFFE_PP_/CLK (sky130_fd_sc_hd__edfxtp_1)
  -0.322    7.453   library setup time
            7.453   data required time
-----------------------------------------------------------
            7.453   data required time
           -6.840   data arrival time
-----------------------------------------------------------
            0.614   slack (MET)


Startpoint: dp.rf.rf[5][0]$_DFFE_PP_
            (rising edge-triggered flip-flop clocked by clk)
Endpoint: dp.rf.rf[20][28]$_DFFE_PP_
          (rising edge-triggered flip-flop clocked by clk)
Path Group: clk
Path Type: max

   Delay     Time   Description
-----------------------------------------------------------
   0.000    0.000   clock clk (rise edge)
   0.775    0.775   clock network delay (ideal)
   0.000    0.775 ^ dp.rf.rf[5][0]$_DFFE_PP_/CLK (sky130_fd_sc_hd__edfxtp_1)
   0.323    1.098 ^ dp.rf.rf[5][0]$_DFFE_PP_/Q (sky130_fd_sc_hd__edfxtp_1)
   0.077    1.176 v _10298_/Y (sky130_fd_sc_hd__nand3_1)
   0.108    1.284 ^ _10299_/Y (sky130_fd_sc_hd__nand2_1)
   0.048    1.332 v _10300_/Y (sky130_fd_sc_hd__nand2_1)
   0.089    1.420 ^ _10301_/Y (sky130_fd_sc_hd__nand2_1)
   0.048    1.469 v _10302_/Y (sky130_fd_sc_hd__nand2_1)
   0.103    1.571 ^ _10303_/Y (sky130_fd_sc_hd__nand2_1)
   0.047    1.618 v _10304_/Y (sky130_fd_sc_hd__inv_1)
   0.087    1.705 ^ _10305_/Y (sky130_fd_sc_hd__nand2_1)
   0.087    1.793 v _10306_/Y (sky130_fd_sc_hd__nand2_1)
   0.355    2.148 ^ _12759_/Y (sky130_fd_sc_hd__nand2_1)
   0.279    2.427 ^ place713/X (sky130_fd_sc_hd__buf_4)
   0.063    2.490 v _15032_/Y (sky130_fd_sc_hd__nand2_1)
   0.093    2.583 ^ _15033_/Y (sky130_fd_sc_hd__o21ai_0)
   0.231    2.813 ^ _15388_/COUT (sky130_fd_sc_hd__ha_1)
   0.218    3.032 ^ _15290_/COUT (sky130_fd_sc_hd__fa_1)
   0.055    3.087 v _14173_/Y (sky130_fd_sc_hd__nand2_1)
   0.103    3.190 ^ _14175_/Y (sky130_fd_sc_hd__nand2_1)
   0.136    3.326 v _14176_/Y (sky130_fd_sc_hd__a21oi_1)
   0.365    3.691 ^ _14178_/Y (sky130_fd_sc_hd__o21ai_0)
   0.201    3.892 v _14181_/Y (sky130_fd_sc_hd__a31oi_1)
   0.439    4.331 ^ _14183_/Y (sky130_fd_sc_hd__o21ai_0)
   0.196    4.527 v _14190_/Y (sky130_fd_sc_hd__a21oi_1)
   0.414    4.941 ^ _14192_/Y (sky130_fd_sc_hd__o21ai_0)
   0.251    5.191 v _14199_/Y (sky130_fd_sc_hd__a21boi_0)
   0.346    5.537 ^ _14203_/Y (sky130_fd_sc_hd__o21bai_1)
   0.092    5.630 v _14206_/Y (sky130_fd_sc_hd__nand2_1)
   0.158    5.787 ^ _14208_/Y (sky130_fd_sc_hd__nand2_1)
   0.087    5.875 v _14331_/Y (sky130_fd_sc_hd__nand3_1)
   0.075    5.950 ^ _14332_/Y (sky130_fd_sc_hd__nand2_1)
   0.270    6.220 ^ _14333_/X (sky130_fd_sc_hd__xor2_1)
   0.117    6.337 v _14553_/Y (sky130_fd_sc_hd__nand3_1)
   0.111    6.448 ^ _14554_/Y (sky130_fd_sc_hd__nand3_1)
   0.072    6.520 v _14562_/Y (sky130_fd_sc_hd__nand2_1)
   0.237    6.757 v place670/X (sky130_fd_sc_hd__buf_4)
   0.062    6.819 v dp.rf.rf[20][28]$_DFFE_PP_/D (sky130_fd_sc_hd__edfxtp_1)
            6.819   data arrival time

   7.000    7.000   clock clk (rise edge)
   0.775    7.775   clock network delay (ideal)
   0.000    7.775   clock reconvergence pessimism
            7.775 ^ dp.rf.rf[20][28]$_DFFE_PP_/CLK (sky130_fd_sc_hd__edfxtp_1)
  -0.331    7.444   library setup time
            7.444   data required time
-----------------------------------------------------------
            7.444   data required time
           -6.819   data arrival time
-----------------------------------------------------------
            0.626   slack (MET)


Startpoint: dp.rf.rf[5][0]$_DFFE_PP_
            (rising edge-triggered flip-flop clocked by clk)
Endpoint: dp.rf.rf[21][28]$_DFFE_PP_
          (rising edge-triggered flip-flop clocked by clk)
Path Group: clk
Path Type: max

   Delay     Time   Description
-----------------------------------------------------------
   0.000    0.000   clock clk (rise edge)
   0.775    0.775   clock network delay (ideal)
   0.000    0.775 ^ dp.rf.rf[5][0]$_DFFE_PP_/CLK (sky130_fd_sc_hd__edfxtp_1)
   0.323    1.098 ^ dp.rf.rf[5][0]$_DFFE_PP_/Q (sky130_fd_sc_hd__edfxtp_1)
   0.077    1.176 v _10298_/Y (sky130_fd_sc_hd__nand3_1)
   0.108    1.284 ^ _10299_/Y (sky130_fd_sc_hd__nand2_1)
   0.048    1.332 v _10300_/Y (sky130_fd_sc_hd__nand2_1)
   0.089    1.420 ^ _10301_/Y (sky130_fd_sc_hd__nand2_1)
   0.048    1.469 v _10302_/Y (sky130_fd_sc_hd__nand2_1)
   0.103    1.571 ^ _10303_/Y (sky130_fd_sc_hd__nand2_1)
   0.047    1.618 v _10304_/Y (sky130_fd_sc_hd__inv_1)
   0.087    1.705 ^ _10305_/Y (sky130_fd_sc_hd__nand2_1)
   0.087    1.793 v _10306_/Y (sky130_fd_sc_hd__nand2_1)
   0.355    2.148 ^ _12759_/Y (sky130_fd_sc_hd__nand2_1)
   0.279    2.427 ^ place713/X (sky130_fd_sc_hd__buf_4)
   0.063    2.490 v _15032_/Y (sky130_fd_sc_hd__nand2_1)
   0.093    2.583 ^ _15033_/Y (sky130_fd_sc_hd__o21ai_0)
   0.231    2.813 ^ _15388_/COUT (sky130_fd_sc_hd__ha_1)
   0.218    3.032 ^ _15290_/COUT (sky130_fd_sc_hd__fa_1)
   0.055    3.087 v _14173_/Y (sky130_fd_sc_hd__nand2_1)
   0.103    3.190 ^ _14175_/Y (sky130_fd_sc_hd__nand2_1)
   0.136    3.326 v _14176_/Y (sky130_fd_sc_hd__a21oi_1)
   0.365    3.691 ^ _14178_/Y (sky130_fd_sc_hd__o21ai_0)
   0.201    3.892 v _14181_/Y (sky130_fd_sc_hd__a31oi_1)
   0.439    4.331 ^ _14183_/Y (sky130_fd_sc_hd__o21ai_0)
   0.196    4.527 v _14190_/Y (sky130_fd_sc_hd__a21oi_1)
   0.414    4.941 ^ _14192_/Y (sky130_fd_sc_hd__o21ai_0)
   0.251    5.191 v _14199_/Y (sky130_fd_sc_hd__a21boi_0)
   0.346    5.537 ^ _14203_/Y (sky130_fd_sc_hd__o21bai_1)
   0.092    5.630 v _14206_/Y (sky130_fd_sc_hd__nand2_1)
   0.158    5.787 ^ _14208_/Y (sky130_fd_sc_hd__nand2_1)
   0.087    5.875 v _14331_/Y (sky130_fd_sc_hd__nand3_1)
   0.075    5.950 ^ _14332_/Y (sky130_fd_sc_hd__nand2_1)
   0.270    6.220 ^ _14333_/X (sky130_fd_sc_hd__xor2_1)
   0.117    6.337 v _14553_/Y (sky130_fd_sc_hd__nand3_1)
   0.111    6.448 ^ _14554_/Y (sky130_fd_sc_hd__nand3_1)
   0.072    6.520 v _14562_/Y (sky130_fd_sc_hd__nand2_1)
   0.237    6.757 v place670/X (sky130_fd_sc_hd__buf_4)
   0.062    6.819 v dp.rf.rf[21][28]$_DFFE_PP_/D (sky130_fd_sc_hd__edfxtp_1)
            6.819   data arrival time

   7.000    7.000   clock clk (rise edge)
   0.775    7.775   clock network delay (ideal)
   0.000    7.775   clock reconvergence pessimism
            7.775 ^ dp.rf.rf[21][28]$_DFFE_PP_/CLK (sky130_fd_sc_hd__edfxtp_1)
  -0.331    7.444   library setup time
            7.444   data required time
-----------------------------------------------------------
            7.444   data required time
           -6.819   data arrival time
-----------------------------------------------------------
            0.626   slack (MET)


Startpoint: dp.rf.rf[5][0]$_DFFE_PP_
            (rising edge-triggered flip-flop clocked by clk)
Endpoint: dp.rf.rf[18][28]$_DFFE_PP_
          (rising edge-triggered flip-flop clocked by clk)
Path Group: clk
Path Type: max

   Delay     Time   Description
-----------------------------------------------------------
   0.000    0.000   clock clk (rise edge)
   0.775    0.775   clock network delay (ideal)
   0.000    0.775 ^ dp.rf.rf[5][0]$_DFFE_PP_/CLK (sky130_fd_sc_hd__edfxtp_1)
   0.323    1.098 ^ dp.rf.rf[5][0]$_DFFE_PP_/Q (sky130_fd_sc_hd__edfxtp_1)
   0.077    1.176 v _10298_/Y (sky130_fd_sc_hd__nand3_1)
   0.108    1.284 ^ _10299_/Y (sky130_fd_sc_hd__nand2_1)
   0.048    1.332 v _10300_/Y (sky130_fd_sc_hd__nand2_1)
   0.089    1.420 ^ _10301_/Y (sky130_fd_sc_hd__nand2_1)
   0.048    1.469 v _10302_/Y (sky130_fd_sc_hd__nand2_1)
   0.103    1.571 ^ _10303_/Y (sky130_fd_sc_hd__nand2_1)
   0.047    1.618 v _10304_/Y (sky130_fd_sc_hd__inv_1)
   0.087    1.705 ^ _10305_/Y (sky130_fd_sc_hd__nand2_1)
   0.087    1.793 v _10306_/Y (sky130_fd_sc_hd__nand2_1)
   0.355    2.148 ^ _12759_/Y (sky130_fd_sc_hd__nand2_1)
   0.279    2.427 ^ place713/X (sky130_fd_sc_hd__buf_4)
   0.063    2.490 v _15032_/Y (sky130_fd_sc_hd__nand2_1)
   0.093    2.583 ^ _15033_/Y (sky130_fd_sc_hd__o21ai_0)
   0.231    2.813 ^ _15388_/COUT (sky130_fd_sc_hd__ha_1)
   0.218    3.032 ^ _15290_/COUT (sky130_fd_sc_hd__fa_1)
   0.055    3.087 v _14173_/Y (sky130_fd_sc_hd__nand2_1)
   0.103    3.190 ^ _14175_/Y (sky130_fd_sc_hd__nand2_1)
   0.136    3.326 v _14176_/Y (sky130_fd_sc_hd__a21oi_1)
   0.365    3.691 ^ _14178_/Y (sky130_fd_sc_hd__o21ai_0)
   0.201    3.892 v _14181_/Y (sky130_fd_sc_hd__a31oi_1)
   0.439    4.331 ^ _14183_/Y (sky130_fd_sc_hd__o21ai_0)
   0.196    4.527 v _14190_/Y (sky130_fd_sc_hd__a21oi_1)
   0.414    4.941 ^ _14192_/Y (sky130_fd_sc_hd__o21ai_0)
   0.251    5.191 v _14199_/Y (sky130_fd_sc_hd__a21boi_0)
   0.346    5.537 ^ _14203_/Y (sky130_fd_sc_hd__o21bai_1)
   0.092    5.630 v _14206_/Y (sky130_fd_sc_hd__nand2_1)
   0.158    5.787 ^ _14208_/Y (sky130_fd_sc_hd__nand2_1)
   0.087    5.875 v _14331_/Y (sky130_fd_sc_hd__nand3_1)
   0.075    5.950 ^ _14332_/Y (sky130_fd_sc_hd__nand2_1)
   0.270    6.220 ^ _14333_/X (sky130_fd_sc_hd__xor2_1)
   0.117    6.337 v _14553_/Y (sky130_fd_sc_hd__nand3_1)
   0.111    6.448 ^ _14554_/Y (sky130_fd_sc_hd__nand3_1)
   0.072    6.520 v _14562_/Y (sky130_fd_sc_hd__nand2_1)
   0.237    6.757 v place670/X (sky130_fd_sc_hd__buf_4)
   0.062    6.819 v dp.rf.rf[18][28]$_DFFE_PP_/D (sky130_fd_sc_hd__edfxtp_1)
            6.819   data arrival time

   7.000    7.000   clock clk (rise edge)
   0.775    7.775   clock network delay (ideal)
   0.000    7.775   clock reconvergence pessimism
            7.775 ^ dp.rf.rf[18][28]$_DFFE_PP_/CLK (sky130_fd_sc_hd__edfxtp_1)
  -0.331    7.444   library setup time
            7.444   data required time
-----------------------------------------------------------
            7.444   data required time
           -6.819   data arrival time
-----------------------------------------------------------
            0.626   slack (MET)


Startpoint: dp.rf.rf[5][0]$_DFFE_PP_
            (rising edge-triggered flip-flop clocked by clk)
Endpoint: dp.rf.rf[22][28]$_DFFE_PP_
          (rising edge-triggered flip-flop clocked by clk)
Path Group: clk
Path Type: max

   Delay     Time   Description
-----------------------------------------------------------
   0.000    0.000   clock clk (rise edge)
   0.775    0.775   clock network delay (ideal)
   0.000    0.775 ^ dp.rf.rf[5][0]$_DFFE_PP_/CLK (sky130_fd_sc_hd__edfxtp_1)
   0.323    1.098 ^ dp.rf.rf[5][0]$_DFFE_PP_/Q (sky130_fd_sc_hd__edfxtp_1)
   0.077    1.176 v _10298_/Y (sky130_fd_sc_hd__nand3_1)
   0.108    1.284 ^ _10299_/Y (sky130_fd_sc_hd__nand2_1)
   0.048    1.332 v _10300_/Y (sky130_fd_sc_hd__nand2_1)
   0.089    1.420 ^ _10301_/Y (sky130_fd_sc_hd__nand2_1)
   0.048    1.469 v _10302_/Y (sky130_fd_sc_hd__nand2_1)
   0.103    1.571 ^ _10303_/Y (sky130_fd_sc_hd__nand2_1)
   0.047    1.618 v _10304_/Y (sky130_fd_sc_hd__inv_1)
   0.087    1.705 ^ _10305_/Y (sky130_fd_sc_hd__nand2_1)
   0.087    1.793 v _10306_/Y (sky130_fd_sc_hd__nand2_1)
   0.355    2.148 ^ _12759_/Y (sky130_fd_sc_hd__nand2_1)
   0.279    2.427 ^ place713/X (sky130_fd_sc_hd__buf_4)
   0.063    2.490 v _15032_/Y (sky130_fd_sc_hd__nand2_1)
   0.093    2.583 ^ _15033_/Y (sky130_fd_sc_hd__o21ai_0)
   0.231    2.813 ^ _15388_/COUT (sky130_fd_sc_hd__ha_1)
   0.218    3.032 ^ _15290_/COUT (sky130_fd_sc_hd__fa_1)
   0.055    3.087 v _14173_/Y (sky130_fd_sc_hd__nand2_1)
   0.103    3.190 ^ _14175_/Y (sky130_fd_sc_hd__nand2_1)
   0.136    3.326 v _14176_/Y (sky130_fd_sc_hd__a21oi_1)
   0.365    3.691 ^ _14178_/Y (sky130_fd_sc_hd__o21ai_0)
   0.201    3.892 v _14181_/Y (sky130_fd_sc_hd__a31oi_1)
   0.439    4.331 ^ _14183_/Y (sky130_fd_sc_hd__o21ai_0)
   0.196    4.527 v _14190_/Y (sky130_fd_sc_hd__a21oi_1)
   0.414    4.941 ^ _14192_/Y (sky130_fd_sc_hd__o21ai_0)
   0.251    5.191 v _14199_/Y (sky130_fd_sc_hd__a21boi_0)
   0.346    5.537 ^ _14203_/Y (sky130_fd_sc_hd__o21bai_1)
   0.092    5.630 v _14206_/Y (sky130_fd_sc_hd__nand2_1)
   0.158    5.787 ^ _14208_/Y (sky130_fd_sc_hd__nand2_1)
   0.087    5.875 v _14331_/Y (sky130_fd_sc_hd__nand3_1)
   0.075    5.950 ^ _14332_/Y (sky130_fd_sc_hd__nand2_1)
   0.270    6.220 ^ _14333_/X (sky130_fd_sc_hd__xor2_1)
   0.117    6.337 v _14553_/Y (sky130_fd_sc_hd__nand3_1)
   0.111    6.448 ^ _14554_/Y (sky130_fd_sc_hd__nand3_1)
   0.072    6.520 v _14562_/Y (sky130_fd_sc_hd__nand2_1)
   0.237    6.757 v place670/X (sky130_fd_sc_hd__buf_4)
   0.062    6.819 v dp.rf.rf[22][28]$_DFFE_PP_/D (sky130_fd_sc_hd__edfxtp_1)
            6.819   data arrival time

   7.000    7.000   clock clk (rise edge)
   0.775    7.775   clock network delay (ideal)
   0.000    7.775   clock reconvergence pessimism
            7.775 ^ dp.rf.rf[22][28]$_DFFE_PP_/CLK (sky130_fd_sc_hd__edfxtp_1)
  -0.331    7.444   library setup time
            7.444   data required time
-----------------------------------------------------------
            7.444   data required time
           -6.819   data arrival time
-----------------------------------------------------------
            0.626   slack (MET)


Startpoint: dp.rf.rf[5][0]$_DFFE_PP_
            (rising edge-triggered flip-flop clocked by clk)
Endpoint: dp.rf.rf[19][28]$_DFFE_PP_
          (rising edge-triggered flip-flop clocked by clk)
Path Group: clk
Path Type: max

   Delay     Time   Description
-----------------------------------------------------------
   0.000    0.000   clock clk (rise edge)
   0.775    0.775   clock network delay (ideal)
   0.000    0.775 ^ dp.rf.rf[5][0]$_DFFE_PP_/CLK (sky130_fd_sc_hd__edfxtp_1)
   0.323    1.098 ^ dp.rf.rf[5][0]$_DFFE_PP_/Q (sky130_fd_sc_hd__edfxtp_1)
   0.077    1.176 v _10298_/Y (sky130_fd_sc_hd__nand3_1)
   0.108    1.284 ^ _10299_/Y (sky130_fd_sc_hd__nand2_1)
   0.048    1.332 v _10300_/Y (sky130_fd_sc_hd__nand2_1)
   0.089    1.420 ^ _10301_/Y (sky130_fd_sc_hd__nand2_1)
   0.048    1.469 v _10302_/Y (sky130_fd_sc_hd__nand2_1)
   0.103    1.571 ^ _10303_/Y (sky130_fd_sc_hd__nand2_1)
   0.047    1.618 v _10304_/Y (sky130_fd_sc_hd__inv_1)
   0.087    1.705 ^ _10305_/Y (sky130_fd_sc_hd__nand2_1)
   0.087    1.793 v _10306_/Y (sky130_fd_sc_hd__nand2_1)
   0.355    2.148 ^ _12759_/Y (sky130_fd_sc_hd__nand2_1)
   0.279    2.427 ^ place713/X (sky130_fd_sc_hd__buf_4)
   0.063    2.490 v _15032_/Y (sky130_fd_sc_hd__nand2_1)
   0.093    2.583 ^ _15033_/Y (sky130_fd_sc_hd__o21ai_0)
   0.231    2.813 ^ _15388_/COUT (sky130_fd_sc_hd__ha_1)
   0.218    3.032 ^ _15290_/COUT (sky130_fd_sc_hd__fa_1)
   0.055    3.087 v _14173_/Y (sky130_fd_sc_hd__nand2_1)
   0.103    3.190 ^ _14175_/Y (sky130_fd_sc_hd__nand2_1)
   0.136    3.326 v _14176_/Y (sky130_fd_sc_hd__a21oi_1)
   0.365    3.691 ^ _14178_/Y (sky130_fd_sc_hd__o21ai_0)
   0.201    3.892 v _14181_/Y (sky130_fd_sc_hd__a31oi_1)
   0.439    4.331 ^ _14183_/Y (sky130_fd_sc_hd__o21ai_0)
   0.196    4.527 v _14190_/Y (sky130_fd_sc_hd__a21oi_1)
   0.414    4.941 ^ _14192_/Y (sky130_fd_sc_hd__o21ai_0)
   0.251    5.191 v _14199_/Y (sky130_fd_sc_hd__a21boi_0)
   0.346    5.537 ^ _14203_/Y (sky130_fd_sc_hd__o21bai_1)
   0.092    5.630 v _14206_/Y (sky130_fd_sc_hd__nand2_1)
   0.158    5.787 ^ _14208_/Y (sky130_fd_sc_hd__nand2_1)
   0.087    5.875 v _14331_/Y (sky130_fd_sc_hd__nand3_1)
   0.075    5.950 ^ _14332_/Y (sky130_fd_sc_hd__nand2_1)
   0.270    6.220 ^ _14333_/X (sky130_fd_sc_hd__xor2_1)
   0.117    6.337 v _14553_/Y (sky130_fd_sc_hd__nand3_1)
   0.111    6.448 ^ _14554_/Y (sky130_fd_sc_hd__nand3_1)
   0.072    6.520 v _14562_/Y (sky130_fd_sc_hd__nand2_1)
   0.237    6.757 v place670/X (sky130_fd_sc_hd__buf_4)
   0.062    6.819 v dp.rf.rf[19][28]$_DFFE_PP_/D (sky130_fd_sc_hd__edfxtp_1)
            6.819   data arrival time

   7.000    7.000   clock clk (rise edge)
   0.775    7.775   clock network delay (ideal)
   0.000    7.775   clock reconvergence pessimism
            7.775 ^ dp.rf.rf[19][28]$_DFFE_PP_/CLK (sky130_fd_sc_hd__edfxtp_1)
  -0.331    7.444   library setup time
            7.444   data required time
-----------------------------------------------------------
            7.444   data required time
           -6.819   data arrival time
-----------------------------------------------------------
            0.626   slack (MET)


Startpoint: dp.rf.rf[5][0]$_DFFE_PP_
            (rising edge-triggered flip-flop clocked by clk)
Endpoint: dp.rf.rf[23][28]$_DFFE_PP_
          (rising edge-triggered flip-flop clocked by clk)
Path Group: clk
Path Type: max

   Delay     Time   Description
-----------------------------------------------------------
   0.000    0.000   clock clk (rise edge)
   0.775    0.775   clock network delay (ideal)
   0.000    0.775 ^ dp.rf.rf[5][0]$_DFFE_PP_/CLK (sky130_fd_sc_hd__edfxtp_1)
   0.323    1.098 ^ dp.rf.rf[5][0]$_DFFE_PP_/Q (sky130_fd_sc_hd__edfxtp_1)
   0.077    1.176 v _10298_/Y (sky130_fd_sc_hd__nand3_1)
   0.108    1.284 ^ _10299_/Y (sky130_fd_sc_hd__nand2_1)
   0.048    1.332 v _10300_/Y (sky130_fd_sc_hd__nand2_1)
   0.089    1.420 ^ _10301_/Y (sky130_fd_sc_hd__nand2_1)
   0.048    1.469 v _10302_/Y (sky130_fd_sc_hd__nand2_1)
   0.103    1.571 ^ _10303_/Y (sky130_fd_sc_hd__nand2_1)
   0.047    1.618 v _10304_/Y (sky130_fd_sc_hd__inv_1)
   0.087    1.705 ^ _10305_/Y (sky130_fd_sc_hd__nand2_1)
   0.087    1.793 v _10306_/Y (sky130_fd_sc_hd__nand2_1)
   0.355    2.148 ^ _12759_/Y (sky130_fd_sc_hd__nand2_1)
   0.279    2.427 ^ place713/X (sky130_fd_sc_hd__buf_4)
   0.063    2.490 v _15032_/Y (sky130_fd_sc_hd__nand2_1)
   0.093    2.583 ^ _15033_/Y (sky130_fd_sc_hd__o21ai_0)
   0.231    2.813 ^ _15388_/COUT (sky130_fd_sc_hd__ha_1)
   0.218    3.032 ^ _15290_/COUT (sky130_fd_sc_hd__fa_1)
   0.055    3.087 v _14173_/Y (sky130_fd_sc_hd__nand2_1)
   0.103    3.190 ^ _14175_/Y (sky130_fd_sc_hd__nand2_1)
   0.136    3.326 v _14176_/Y (sky130_fd_sc_hd__a21oi_1)
   0.365    3.691 ^ _14178_/Y (sky130_fd_sc_hd__o21ai_0)
   0.201    3.892 v _14181_/Y (sky130_fd_sc_hd__a31oi_1)
   0.439    4.331 ^ _14183_/Y (sky130_fd_sc_hd__o21ai_0)
   0.196    4.527 v _14190_/Y (sky130_fd_sc_hd__a21oi_1)
   0.414    4.941 ^ _14192_/Y (sky130_fd_sc_hd__o21ai_0)
   0.251    5.191 v _14199_/Y (sky130_fd_sc_hd__a21boi_0)
   0.346    5.537 ^ _14203_/Y (sky130_fd_sc_hd__o21bai_1)
   0.092    5.630 v _14206_/Y (sky130_fd_sc_hd__nand2_1)
   0.158    5.787 ^ _14208_/Y (sky130_fd_sc_hd__nand2_1)
   0.087    5.875 v _14331_/Y (sky130_fd_sc_hd__nand3_1)
   0.075    5.950 ^ _14332_/Y (sky130_fd_sc_hd__nand2_1)
   0.270    6.220 ^ _14333_/X (sky130_fd_sc_hd__xor2_1)
   0.117    6.337 v _14553_/Y (sky130_fd_sc_hd__nand3_1)
   0.111    6.448 ^ _14554_/Y (sky130_fd_sc_hd__nand3_1)
   0.072    6.520 v _14562_/Y (sky130_fd_sc_hd__nand2_1)
   0.237    6.757 v place670/X (sky130_fd_sc_hd__buf_4)
   0.062    6.819 v dp.rf.rf[23][28]$_DFFE_PP_/D (sky130_fd_sc_hd__edfxtp_1)
            6.819   data arrival time

   7.000    7.000   clock clk (rise edge)
   0.775    7.775   clock network delay (ideal)
   0.000    7.775   clock reconvergence pessimism
            7.775 ^ dp.rf.rf[23][28]$_DFFE_PP_/CLK (sky130_fd_sc_hd__edfxtp_1)
  -0.331    7.444   library setup time
            7.444   data required time
-----------------------------------------------------------
            7.444   data required time
           -6.819   data arrival time
-----------------------------------------------------------
            0.626   slack (MET)


Startpoint: dp.rf.rf[5][0]$_DFFE_PP_
            (rising edge-triggered flip-flop clocked by clk)
Endpoint: dp.rf.rf[16][28]$_DFFE_PP_
          (rising edge-triggered flip-flop clocked by clk)
Path Group: clk
Path Type: max

   Delay     Time   Description
-----------------------------------------------------------
   0.000    0.000   clock clk (rise edge)
   0.775    0.775   clock network delay (ideal)
   0.000    0.775 ^ dp.rf.rf[5][0]$_DFFE_PP_/CLK (sky130_fd_sc_hd__edfxtp_1)
   0.323    1.098 ^ dp.rf.rf[5][0]$_DFFE_PP_/Q (sky130_fd_sc_hd__edfxtp_1)
   0.077    1.176 v _10298_/Y (sky130_fd_sc_hd__nand3_1)
   0.108    1.284 ^ _10299_/Y (sky130_fd_sc_hd__nand2_1)
   0.048    1.332 v _10300_/Y (sky130_fd_sc_hd__nand2_1)
   0.089    1.420 ^ _10301_/Y (sky130_fd_sc_hd__nand2_1)
   0.048    1.469 v _10302_/Y (sky130_fd_sc_hd__nand2_1)
   0.103    1.571 ^ _10303_/Y (sky130_fd_sc_hd__nand2_1)
   0.047    1.618 v _10304_/Y (sky130_fd_sc_hd__inv_1)
   0.087    1.705 ^ _10305_/Y (sky130_fd_sc_hd__nand2_1)
   0.087    1.793 v _10306_/Y (sky130_fd_sc_hd__nand2_1)
   0.355    2.148 ^ _12759_/Y (sky130_fd_sc_hd__nand2_1)
   0.279    2.427 ^ place713/X (sky130_fd_sc_hd__buf_4)
   0.063    2.490 v _15032_/Y (sky130_fd_sc_hd__nand2_1)
   0.093    2.583 ^ _15033_/Y (sky130_fd_sc_hd__o21ai_0)
   0.231    2.813 ^ _15388_/COUT (sky130_fd_sc_hd__ha_1)
   0.218    3.032 ^ _15290_/COUT (sky130_fd_sc_hd__fa_1)
   0.055    3.087 v _14173_/Y (sky130_fd_sc_hd__nand2_1)
   0.103    3.190 ^ _14175_/Y (sky130_fd_sc_hd__nand2_1)
   0.136    3.326 v _14176_/Y (sky130_fd_sc_hd__a21oi_1)
   0.365    3.691 ^ _14178_/Y (sky130_fd_sc_hd__o21ai_0)
   0.201    3.892 v _14181_/Y (sky130_fd_sc_hd__a31oi_1)
   0.439    4.331 ^ _14183_/Y (sky130_fd_sc_hd__o21ai_0)
   0.196    4.527 v _14190_/Y (sky130_fd_sc_hd__a21oi_1)
   0.414    4.941 ^ _14192_/Y (sky130_fd_sc_hd__o21ai_0)
   0.251    5.191 v _14199_/Y (sky130_fd_sc_hd__a21boi_0)
   0.346    5.537 ^ _14203_/Y (sky130_fd_sc_hd__o21bai_1)
   0.092    5.630 v _14206_/Y (sky130_fd_sc_hd__nand2_1)
   0.158    5.787 ^ _14208_/Y (sky130_fd_sc_hd__nand2_1)
   0.087    5.875 v _14331_/Y (sky130_fd_sc_hd__nand3_1)
   0.075    5.950 ^ _14332_/Y (sky130_fd_sc_hd__nand2_1)
   0.270    6.220 ^ _14333_/X (sky130_fd_sc_hd__xor2_1)
   0.117    6.337 v _14553_/Y (sky130_fd_sc_hd__nand3_1)
   0.111    6.448 ^ _14554_/Y (sky130_fd_sc_hd__nand3_1)
   0.072    6.520 v _14562_/Y (sky130_fd_sc_hd__nand2_1)
   0.237    6.757 v place670/X (sky130_fd_sc_hd__buf_4)
   0.062    6.819 v dp.rf.rf[16][28]$_DFFE_PP_/D (sky130_fd_sc_hd__edfxtp_1)
            6.819   data arrival time

   7.000    7.000   clock clk (rise edge)
   0.775    7.775   clock network delay (ideal)
   0.000    7.775   clock reconvergence pessimism
            7.775 ^ dp.rf.rf[16][28]$_DFFE_PP_/CLK (sky130_fd_sc_hd__edfxtp_1)
  -0.330    7.445   library setup time
            7.445   data required time
-----------------------------------------------------------
            7.445   data required time
           -6.819   data arrival time
-----------------------------------------------------------
            0.626   slack (MET)


Startpoint: dp.rf.rf[5][0]$_DFFE_PP_
            (rising edge-triggered flip-flop clocked by clk)
Endpoint: dp.rf.rf[17][28]$_DFFE_PP_
          (rising edge-triggered flip-flop clocked by clk)
Path Group: clk
Path Type: max

   Delay     Time   Description
-----------------------------------------------------------
   0.000    0.000   clock clk (rise edge)
   0.775    0.775   clock network delay (ideal)
   0.000    0.775 ^ dp.rf.rf[5][0]$_DFFE_PP_/CLK (sky130_fd_sc_hd__edfxtp_1)
   0.323    1.098 ^ dp.rf.rf[5][0]$_DFFE_PP_/Q (sky130_fd_sc_hd__edfxtp_1)
   0.077    1.176 v _10298_/Y (sky130_fd_sc_hd__nand3_1)
   0.108    1.284 ^ _10299_/Y (sky130_fd_sc_hd__nand2_1)
   0.048    1.332 v _10300_/Y (sky130_fd_sc_hd__nand2_1)
   0.089    1.420 ^ _10301_/Y (sky130_fd_sc_hd__nand2_1)
   0.048    1.469 v _10302_/Y (sky130_fd_sc_hd__nand2_1)
   0.103    1.571 ^ _10303_/Y (sky130_fd_sc_hd__nand2_1)
   0.047    1.618 v _10304_/Y (sky130_fd_sc_hd__inv_1)
   0.087    1.705 ^ _10305_/Y (sky130_fd_sc_hd__nand2_1)
   0.087    1.793 v _10306_/Y (sky130_fd_sc_hd__nand2_1)
   0.355    2.148 ^ _12759_/Y (sky130_fd_sc_hd__nand2_1)
   0.279    2.427 ^ place713/X (sky130_fd_sc_hd__buf_4)
   0.063    2.490 v _15032_/Y (sky130_fd_sc_hd__nand2_1)
   0.093    2.583 ^ _15033_/Y (sky130_fd_sc_hd__o21ai_0)
   0.231    2.813 ^ _15388_/COUT (sky130_fd_sc_hd__ha_1)
   0.218    3.032 ^ _15290_/COUT (sky130_fd_sc_hd__fa_1)
   0.055    3.087 v _14173_/Y (sky130_fd_sc_hd__nand2_1)
   0.103    3.190 ^ _14175_/Y (sky130_fd_sc_hd__nand2_1)
   0.136    3.326 v _14176_/Y (sky130_fd_sc_hd__a21oi_1)
   0.365    3.691 ^ _14178_/Y (sky130_fd_sc_hd__o21ai_0)
   0.201    3.892 v _14181_/Y (sky130_fd_sc_hd__a31oi_1)
   0.439    4.331 ^ _14183_/Y (sky130_fd_sc_hd__o21ai_0)
   0.196    4.527 v _14190_/Y (sky130_fd_sc_hd__a21oi_1)
   0.414    4.941 ^ _14192_/Y (sky130_fd_sc_hd__o21ai_0)
   0.251    5.191 v _14199_/Y (sky130_fd_sc_hd__a21boi_0)
   0.346    5.537 ^ _14203_/Y (sky130_fd_sc_hd__o21bai_1)
   0.092    5.630 v _14206_/Y (sky130_fd_sc_hd__nand2_1)
   0.158    5.787 ^ _14208_/Y (sky130_fd_sc_hd__nand2_1)
   0.087    5.875 v _14331_/Y (sky130_fd_sc_hd__nand3_1)
   0.075    5.950 ^ _14332_/Y (sky130_fd_sc_hd__nand2_1)
   0.270    6.220 ^ _14333_/X (sky130_fd_sc_hd__xor2_1)
   0.117    6.337 v _14553_/Y (sky130_fd_sc_hd__nand3_1)
   0.111    6.448 ^ _14554_/Y (sky130_fd_sc_hd__nand3_1)
   0.072    6.520 v _14562_/Y (sky130_fd_sc_hd__nand2_1)
   0.237    6.757 v place670/X (sky130_fd_sc_hd__buf_4)
   0.062    6.819 v dp.rf.rf[17][28]$_DFFE_PP_/D (sky130_fd_sc_hd__edfxtp_1)
            6.819   data arrival time

   7.000    7.000   clock clk (rise edge)
   0.775    7.775   clock network delay (ideal)
   0.000    7.775   clock reconvergence pessimism
            7.775 ^ dp.rf.rf[17][28]$_DFFE_PP_/CLK (sky130_fd_sc_hd__edfxtp_1)
  -0.330    7.445   library setup time
            7.445   data required time
-----------------------------------------------------------
            7.445   data required time
           -6.819   data arrival time
-----------------------------------------------------------
            0.626   slack (MET)


Startpoint: dp.rf.rf[5][0]$_DFFE_PP_
            (rising edge-triggered flip-flop clocked by clk)
Endpoint: dp.rf.rf[13][28]$_DFFE_PP_
          (rising edge-triggered flip-flop clocked by clk)
Path Group: clk
Path Type: max

   Delay     Time   Description
-----------------------------------------------------------
   0.000    0.000   clock clk (rise edge)
   0.775    0.775   clock network delay (ideal)
   0.000    0.775 ^ dp.rf.rf[5][0]$_DFFE_PP_/CLK (sky130_fd_sc_hd__edfxtp_1)
   0.323    1.098 ^ dp.rf.rf[5][0]$_DFFE_PP_/Q (sky130_fd_sc_hd__edfxtp_1)
   0.077    1.176 v _10298_/Y (sky130_fd_sc_hd__nand3_1)
   0.108    1.284 ^ _10299_/Y (sky130_fd_sc_hd__nand2_1)
   0.048    1.332 v _10300_/Y (sky130_fd_sc_hd__nand2_1)
   0.089    1.420 ^ _10301_/Y (sky130_fd_sc_hd__nand2_1)
   0.048    1.469 v _10302_/Y (sky130_fd_sc_hd__nand2_1)
   0.103    1.571 ^ _10303_/Y (sky130_fd_sc_hd__nand2_1)
   0.047    1.618 v _10304_/Y (sky130_fd_sc_hd__inv_1)
   0.087    1.705 ^ _10305_/Y (sky130_fd_sc_hd__nand2_1)
   0.087    1.793 v _10306_/Y (sky130_fd_sc_hd__nand2_1)
   0.355    2.148 ^ _12759_/Y (sky130_fd_sc_hd__nand2_1)
   0.279    2.427 ^ place713/X (sky130_fd_sc_hd__buf_4)
   0.063    2.490 v _15032_/Y (sky130_fd_sc_hd__nand2_1)
   0.093    2.583 ^ _15033_/Y (sky130_fd_sc_hd__o21ai_0)
   0.231    2.813 ^ _15388_/COUT (sky130_fd_sc_hd__ha_1)
   0.218    3.032 ^ _15290_/COUT (sky130_fd_sc_hd__fa_1)
   0.055    3.087 v _14173_/Y (sky130_fd_sc_hd__nand2_1)
   0.103    3.190 ^ _14175_/Y (sky130_fd_sc_hd__nand2_1)
   0.136    3.326 v _14176_/Y (sky130_fd_sc_hd__a21oi_1)
   0.365    3.691 ^ _14178_/Y (sky130_fd_sc_hd__o21ai_0)
   0.201    3.892 v _14181_/Y (sky130_fd_sc_hd__a31oi_1)
   0.439    4.331 ^ _14183_/Y (sky130_fd_sc_hd__o21ai_0)
   0.196    4.527 v _14190_/Y (sky130_fd_sc_hd__a21oi_1)
   0.414    4.941 ^ _14192_/Y (sky130_fd_sc_hd__o21ai_0)
   0.251    5.191 v _14199_/Y (sky130_fd_sc_hd__a21boi_0)
   0.346    5.537 ^ _14203_/Y (sky130_fd_sc_hd__o21bai_1)
   0.092    5.630 v _14206_/Y (sky130_fd_sc_hd__nand2_1)
   0.158    5.787 ^ _14208_/Y (sky130_fd_sc_hd__nand2_1)
   0.087    5.875 v _14331_/Y (sky130_fd_sc_hd__nand3_1)
   0.075    5.950 ^ _14332_/Y (sky130_fd_sc_hd__nand2_1)
   0.270    6.220 ^ _14333_/X (sky130_fd_sc_hd__xor2_1)
   0.117    6.337 v _14553_/Y (sky130_fd_sc_hd__nand3_1)
   0.111    6.448 ^ _14554_/Y (sky130_fd_sc_hd__nand3_1)
   0.072    6.520 v _14562_/Y (sky130_fd_sc_hd__nand2_1)
   0.237    6.757 v place670/X (sky130_fd_sc_hd__buf_4)
   0.062    6.818 v dp.rf.rf[13][28]$_DFFE_PP_/D (sky130_fd_sc_hd__edfxtp_1)
            6.818   data arrival time

   7.000    7.000   clock clk (rise edge)
   0.775    7.775   clock network delay (ideal)
   0.000    7.775   clock reconvergence pessimism
            7.775 ^ dp.rf.rf[13][28]$_DFFE_PP_/CLK (sky130_fd_sc_hd__edfxtp_1)
  -0.330    7.445   library setup time
            7.445   data required time
-----------------------------------------------------------
            7.445   data required time
           -6.818   data arrival time
-----------------------------------------------------------
            0.626   slack (MET)


Startpoint: dp.rf.rf[5][0]$_DFFE_PP_
            (rising edge-triggered flip-flop clocked by clk)
Endpoint: dp.rf.rf[12][28]$_DFFE_PP_
          (rising edge-triggered flip-flop clocked by clk)
Path Group: clk
Path Type: max

   Delay     Time   Description
-----------------------------------------------------------
   0.000    0.000   clock clk (rise edge)
   0.775    0.775   clock network delay (ideal)
   0.000    0.775 ^ dp.rf.rf[5][0]$_DFFE_PP_/CLK (sky130_fd_sc_hd__edfxtp_1)
   0.323    1.098 ^ dp.rf.rf[5][0]$_DFFE_PP_/Q (sky130_fd_sc_hd__edfxtp_1)
   0.077    1.176 v _10298_/Y (sky130_fd_sc_hd__nand3_1)
   0.108    1.284 ^ _10299_/Y (sky130_fd_sc_hd__nand2_1)
   0.048    1.332 v _10300_/Y (sky130_fd_sc_hd__nand2_1)
   0.089    1.420 ^ _10301_/Y (sky130_fd_sc_hd__nand2_1)
   0.048    1.469 v _10302_/Y (sky130_fd_sc_hd__nand2_1)
   0.103    1.571 ^ _10303_/Y (sky130_fd_sc_hd__nand2_1)
   0.047    1.618 v _10304_/Y (sky130_fd_sc_hd__inv_1)
   0.087    1.705 ^ _10305_/Y (sky130_fd_sc_hd__nand2_1)
   0.087    1.793 v _10306_/Y (sky130_fd_sc_hd__nand2_1)
   0.355    2.148 ^ _12759_/Y (sky130_fd_sc_hd__nand2_1)
   0.279    2.427 ^ place713/X (sky130_fd_sc_hd__buf_4)
   0.063    2.490 v _15032_/Y (sky130_fd_sc_hd__nand2_1)
   0.093    2.583 ^ _15033_/Y (sky130_fd_sc_hd__o21ai_0)
   0.231    2.813 ^ _15388_/COUT (sky130_fd_sc_hd__ha_1)
   0.218    3.032 ^ _15290_/COUT (sky130_fd_sc_hd__fa_1)
   0.055    3.087 v _14173_/Y (sky130_fd_sc_hd__nand2_1)
   0.103    3.190 ^ _14175_/Y (sky130_fd_sc_hd__nand2_1)
   0.136    3.326 v _14176_/Y (sky130_fd_sc_hd__a21oi_1)
   0.365    3.691 ^ _14178_/Y (sky130_fd_sc_hd__o21ai_0)
   0.201    3.892 v _14181_/Y (sky130_fd_sc_hd__a31oi_1)
   0.439    4.331 ^ _14183_/Y (sky130_fd_sc_hd__o21ai_0)
   0.196    4.527 v _14190_/Y (sky130_fd_sc_hd__a21oi_1)
   0.414    4.941 ^ _14192_/Y (sky130_fd_sc_hd__o21ai_0)
   0.251    5.191 v _14199_/Y (sky130_fd_sc_hd__a21boi_0)
   0.346    5.537 ^ _14203_/Y (sky130_fd_sc_hd__o21bai_1)
   0.092    5.630 v _14206_/Y (sky130_fd_sc_hd__nand2_1)
   0.158    5.787 ^ _14208_/Y (sky130_fd_sc_hd__nand2_1)
   0.087    5.875 v _14331_/Y (sky130_fd_sc_hd__nand3_1)
   0.075    5.950 ^ _14332_/Y (sky130_fd_sc_hd__nand2_1)
   0.270    6.220 ^ _14333_/X (sky130_fd_sc_hd__xor2_1)
   0.117    6.337 v _14553_/Y (sky130_fd_sc_hd__nand3_1)
   0.111    6.448 ^ _14554_/Y (sky130_fd_sc_hd__nand3_1)
   0.072    6.520 v _14562_/Y (sky130_fd_sc_hd__nand2_1)
   0.237    6.757 v place670/X (sky130_fd_sc_hd__buf_4)
   0.061    6.818 v dp.rf.rf[12][28]$_DFFE_PP_/D (sky130_fd_sc_hd__edfxtp_1)
            6.818   data arrival time

   7.000    7.000   clock clk (rise edge)
   0.775    7.775   clock network delay (ideal)
   0.000    7.775   clock reconvergence pessimism
            7.775 ^ dp.rf.rf[12][28]$_DFFE_PP_/CLK (sky130_fd_sc_hd__edfxtp_1)
  -0.330    7.445   library setup time
            7.445   data required time
-----------------------------------------------------------
            7.445   data required time
           -6.818   data arrival time
-----------------------------------------------------------
            0.627   slack (MET)


Startpoint: dp.rf.rf[5][0]$_DFFE_PP_
            (rising edge-triggered flip-flop clocked by clk)
Endpoint: dp.rf.rf[6][28]$_DFFE_PP_
          (rising edge-triggered flip-flop clocked by clk)
Path Group: clk
Path Type: max

   Delay     Time   Description
-----------------------------------------------------------
   0.000    0.000   clock clk (rise edge)
   0.775    0.775   clock network delay (ideal)
   0.000    0.775 ^ dp.rf.rf[5][0]$_DFFE_PP_/CLK (sky130_fd_sc_hd__edfxtp_1)
   0.323    1.098 ^ dp.rf.rf[5][0]$_DFFE_PP_/Q (sky130_fd_sc_hd__edfxtp_1)
   0.077    1.176 v _10298_/Y (sky130_fd_sc_hd__nand3_1)
   0.108    1.284 ^ _10299_/Y (sky130_fd_sc_hd__nand2_1)
   0.048    1.332 v _10300_/Y (sky130_fd_sc_hd__nand2_1)
   0.089    1.420 ^ _10301_/Y (sky130_fd_sc_hd__nand2_1)
   0.048    1.469 v _10302_/Y (sky130_fd_sc_hd__nand2_1)
   0.103    1.571 ^ _10303_/Y (sky130_fd_sc_hd__nand2_1)
   0.047    1.618 v _10304_/Y (sky130_fd_sc_hd__inv_1)
   0.087    1.705 ^ _10305_/Y (sky130_fd_sc_hd__nand2_1)
   0.087    1.793 v _10306_/Y (sky130_fd_sc_hd__nand2_1)
   0.355    2.148 ^ _12759_/Y (sky130_fd_sc_hd__nand2_1)
   0.279    2.427 ^ place713/X (sky130_fd_sc_hd__buf_4)
   0.063    2.490 v _15032_/Y (sky130_fd_sc_hd__nand2_1)
   0.093    2.583 ^ _15033_/Y (sky130_fd_sc_hd__o21ai_0)
   0.231    2.813 ^ _15388_/COUT (sky130_fd_sc_hd__ha_1)
   0.218    3.032 ^ _15290_/COUT (sky130_fd_sc_hd__fa_1)
   0.055    3.087 v _14173_/Y (sky130_fd_sc_hd__nand2_1)
   0.103    3.190 ^ _14175_/Y (sky130_fd_sc_hd__nand2_1)
   0.136    3.326 v _14176_/Y (sky130_fd_sc_hd__a21oi_1)
   0.365    3.691 ^ _14178_/Y (sky130_fd_sc_hd__o21ai_0)
   0.201    3.892 v _14181_/Y (sky130_fd_sc_hd__a31oi_1)
   0.439    4.331 ^ _14183_/Y (sky130_fd_sc_hd__o21ai_0)
   0.196    4.527 v _14190_/Y (sky130_fd_sc_hd__a21oi_1)
   0.414    4.941 ^ _14192_/Y (sky130_fd_sc_hd__o21ai_0)
   0.251    5.191 v _14199_/Y (sky130_fd_sc_hd__a21boi_0)
   0.346    5.537 ^ _14203_/Y (sky130_fd_sc_hd__o21bai_1)
   0.092    5.630 v _14206_/Y (sky130_fd_sc_hd__nand2_1)
   0.158    5.787 ^ _14208_/Y (sky130_fd_sc_hd__nand2_1)
   0.087    5.875 v _14331_/Y (sky130_fd_sc_hd__nand3_1)
   0.075    5.950 ^ _14332_/Y (sky130_fd_sc_hd__nand2_1)
   0.270    6.220 ^ _14333_/X (sky130_fd_sc_hd__xor2_1)
   0.117    6.337 v _14553_/Y (sky130_fd_sc_hd__nand3_1)
   0.111    6.448 ^ _14554_/Y (sky130_fd_sc_hd__nand3_1)
   0.072    6.520 v _14562_/Y (sky130_fd_sc_hd__nand2_1)
   0.237    6.757 v place670/X (sky130_fd_sc_hd__buf_4)
   0.061    6.818 v dp.rf.rf[6][28]$_DFFE_PP_/D (sky130_fd_sc_hd__edfxtp_1)
            6.818   data arrival time

   7.000    7.000   clock clk (rise edge)
   0.775    7.775   clock network delay (ideal)
   0.000    7.775   clock reconvergence pessimism
            7.775 ^ dp.rf.rf[6][28]$_DFFE_PP_/CLK (sky130_fd_sc_hd__edfxtp_1)
  -0.330    7.445   library setup time
            7.445   data required time
-----------------------------------------------------------
            7.445   data required time
           -6.818   data arrival time
-----------------------------------------------------------
            0.627   slack (MET)


Startpoint: dp.rf.rf[5][0]$_DFFE_PP_
            (rising edge-triggered flip-flop clocked by clk)
Endpoint: dp.rf.rf[4][28]$_DFFE_PP_
          (rising edge-triggered flip-flop clocked by clk)
Path Group: clk
Path Type: max

   Delay     Time   Description
-----------------------------------------------------------
   0.000    0.000   clock clk (rise edge)
   0.775    0.775   clock network delay (ideal)
   0.000    0.775 ^ dp.rf.rf[5][0]$_DFFE_PP_/CLK (sky130_fd_sc_hd__edfxtp_1)
   0.323    1.098 ^ dp.rf.rf[5][0]$_DFFE_PP_/Q (sky130_fd_sc_hd__edfxtp_1)
   0.077    1.176 v _10298_/Y (sky130_fd_sc_hd__nand3_1)
   0.108    1.284 ^ _10299_/Y (sky130_fd_sc_hd__nand2_1)
   0.048    1.332 v _10300_/Y (sky130_fd_sc_hd__nand2_1)
   0.089    1.420 ^ _10301_/Y (sky130_fd_sc_hd__nand2_1)
   0.048    1.469 v _10302_/Y (sky130_fd_sc_hd__nand2_1)
   0.103    1.571 ^ _10303_/Y (sky130_fd_sc_hd__nand2_1)
   0.047    1.618 v _10304_/Y (sky130_fd_sc_hd__inv_1)
   0.087    1.705 ^ _10305_/Y (sky130_fd_sc_hd__nand2_1)
   0.087    1.793 v _10306_/Y (sky130_fd_sc_hd__nand2_1)
   0.355    2.148 ^ _12759_/Y (sky130_fd_sc_hd__nand2_1)
   0.279    2.427 ^ place713/X (sky130_fd_sc_hd__buf_4)
   0.063    2.490 v _15032_/Y (sky130_fd_sc_hd__nand2_1)
   0.093    2.583 ^ _15033_/Y (sky130_fd_sc_hd__o21ai_0)
   0.231    2.813 ^ _15388_/COUT (sky130_fd_sc_hd__ha_1)
   0.218    3.032 ^ _15290_/COUT (sky130_fd_sc_hd__fa_1)
   0.055    3.087 v _14173_/Y (sky130_fd_sc_hd__nand2_1)
   0.103    3.190 ^ _14175_/Y (sky130_fd_sc_hd__nand2_1)
   0.136    3.326 v _14176_/Y (sky130_fd_sc_hd__a21oi_1)
   0.365    3.691 ^ _14178_/Y (sky130_fd_sc_hd__o21ai_0)
   0.201    3.892 v _14181_/Y (sky130_fd_sc_hd__a31oi_1)
   0.439    4.331 ^ _14183_/Y (sky130_fd_sc_hd__o21ai_0)
   0.196    4.527 v _14190_/Y (sky130_fd_sc_hd__a21oi_1)
   0.414    4.941 ^ _14192_/Y (sky130_fd_sc_hd__o21ai_0)
   0.251    5.191 v _14199_/Y (sky130_fd_sc_hd__a21boi_0)
   0.346    5.537 ^ _14203_/Y (sky130_fd_sc_hd__o21bai_1)
   0.092    5.630 v _14206_/Y (sky130_fd_sc_hd__nand2_1)
   0.158    5.787 ^ _14208_/Y (sky130_fd_sc_hd__nand2_1)
   0.087    5.875 v _14331_/Y (sky130_fd_sc_hd__nand3_1)
   0.075    5.950 ^ _14332_/Y (sky130_fd_sc_hd__nand2_1)
   0.270    6.220 ^ _14333_/X (sky130_fd_sc_hd__xor2_1)
   0.117    6.337 v _14553_/Y (sky130_fd_sc_hd__nand3_1)
   0.111    6.448 ^ _14554_/Y (sky130_fd_sc_hd__nand3_1)
   0.072    6.520 v _14562_/Y (sky130_fd_sc_hd__nand2_1)
   0.237    6.757 v place670/X (sky130_fd_sc_hd__buf_4)
   0.061    6.818 v dp.rf.rf[4][28]$_DFFE_PP_/D (sky130_fd_sc_hd__edfxtp_1)
            6.818   data arrival time

   7.000    7.000   clock clk (rise edge)
   0.775    7.775   clock network delay (ideal)
   0.000    7.775   clock reconvergence pessimism
            7.775 ^ dp.rf.rf[4][28]$_DFFE_PP_/CLK (sky130_fd_sc_hd__edfxtp_1)
  -0.330    7.445   library setup time
            7.445   data required time
-----------------------------------------------------------
            7.445   data required time
           -6.818   data arrival time
-----------------------------------------------------------
            0.627   slack (MET)


Startpoint: dp.rf.rf[5][0]$_DFFE_PP_
            (rising edge-triggered flip-flop clocked by clk)
Endpoint: dp.rf.rf[3][28]$_DFFE_PP_
          (rising edge-triggered flip-flop clocked by clk)
Path Group: clk
Path Type: max

   Delay     Time   Description
-----------------------------------------------------------
   0.000    0.000   clock clk (rise edge)
   0.775    0.775   clock network delay (ideal)
   0.000    0.775 ^ dp.rf.rf[5][0]$_DFFE_PP_/CLK (sky130_fd_sc_hd__edfxtp_1)
   0.323    1.098 ^ dp.rf.rf[5][0]$_DFFE_PP_/Q (sky130_fd_sc_hd__edfxtp_1)
   0.077    1.176 v _10298_/Y (sky130_fd_sc_hd__nand3_1)
   0.108    1.284 ^ _10299_/Y (sky130_fd_sc_hd__nand2_1)
   0.048    1.332 v _10300_/Y (sky130_fd_sc_hd__nand2_1)
   0.089    1.420 ^ _10301_/Y (sky130_fd_sc_hd__nand2_1)
   0.048    1.469 v _10302_/Y (sky130_fd_sc_hd__nand2_1)
   0.103    1.571 ^ _10303_/Y (sky130_fd_sc_hd__nand2_1)
   0.047    1.618 v _10304_/Y (sky130_fd_sc_hd__inv_1)
   0.087    1.705 ^ _10305_/Y (sky130_fd_sc_hd__nand2_1)
   0.087    1.793 v _10306_/Y (sky130_fd_sc_hd__nand2_1)
   0.355    2.148 ^ _12759_/Y (sky130_fd_sc_hd__nand2_1)
   0.279    2.427 ^ place713/X (sky130_fd_sc_hd__buf_4)
   0.063    2.490 v _15032_/Y (sky130_fd_sc_hd__nand2_1)
   0.093    2.583 ^ _15033_/Y (sky130_fd_sc_hd__o21ai_0)
   0.231    2.813 ^ _15388_/COUT (sky130_fd_sc_hd__ha_1)
   0.218    3.032 ^ _15290_/COUT (sky130_fd_sc_hd__fa_1)
   0.055    3.087 v _14173_/Y (sky130_fd_sc_hd__nand2_1)
   0.103    3.190 ^ _14175_/Y (sky130_fd_sc_hd__nand2_1)
   0.136    3.326 v _14176_/Y (sky130_fd_sc_hd__a21oi_1)
   0.365    3.691 ^ _14178_/Y (sky130_fd_sc_hd__o21ai_0)
   0.201    3.892 v _14181_/Y (sky130_fd_sc_hd__a31oi_1)
   0.439    4.331 ^ _14183_/Y (sky130_fd_sc_hd__o21ai_0)
   0.196    4.527 v _14190_/Y (sky130_fd_sc_hd__a21oi_1)
   0.414    4.941 ^ _14192_/Y (sky130_fd_sc_hd__o21ai_0)
   0.251    5.191 v _14199_/Y (sky130_fd_sc_hd__a21boi_0)
   0.346    5.537 ^ _14203_/Y (sky130_fd_sc_hd__o21bai_1)
   0.092    5.630 v _14206_/Y (sky130_fd_sc_hd__nand2_1)
   0.158    5.787 ^ _14208_/Y (sky130_fd_sc_hd__nand2_1)
   0.087    5.875 v _14331_/Y (sky130_fd_sc_hd__nand3_1)
   0.075    5.950 ^ _14332_/Y (sky130_fd_sc_hd__nand2_1)
   0.270    6.220 ^ _14333_/X (sky130_fd_sc_hd__xor2_1)
   0.117    6.337 v _14553_/Y (sky130_fd_sc_hd__nand3_1)
   0.111    6.448 ^ _14554_/Y (sky130_fd_sc_hd__nand3_1)
   0.072    6.520 v _14562_/Y (sky130_fd_sc_hd__nand2_1)
   0.237    6.757 v place670/X (sky130_fd_sc_hd__buf_4)
   0.061    6.818 v dp.rf.rf[3][28]$_DFFE_PP_/D (sky130_fd_sc_hd__edfxtp_1)
            6.818   data arrival time

   7.000    7.000   clock clk (rise edge)
   0.775    7.775   clock network delay (ideal)
   0.000    7.775   clock reconvergence pessimism
            7.775 ^ dp.rf.rf[3][28]$_DFFE_PP_/CLK (sky130_fd_sc_hd__edfxtp_1)
  -0.330    7.445   library setup time
            7.445   data required time
-----------------------------------------------------------
            7.445   data required time
           -6.818   data arrival time
-----------------------------------------------------------
            0.627   slack (MET)


Startpoint: dp.rf.rf[5][0]$_DFFE_PP_
            (rising edge-triggered flip-flop clocked by clk)
Endpoint: dp.rf.rf[7][28]$_DFFE_PP_
          (rising edge-triggered flip-flop clocked by clk)
Path Group: clk
Path Type: max

   Delay     Time   Description
-----------------------------------------------------------
   0.000    0.000   clock clk (rise edge)
   0.775    0.775   clock network delay (ideal)
   0.000    0.775 ^ dp.rf.rf[5][0]$_DFFE_PP_/CLK (sky130_fd_sc_hd__edfxtp_1)
   0.323    1.098 ^ dp.rf.rf[5][0]$_DFFE_PP_/Q (sky130_fd_sc_hd__edfxtp_1)
   0.077    1.176 v _10298_/Y (sky130_fd_sc_hd__nand3_1)
   0.108    1.284 ^ _10299_/Y (sky130_fd_sc_hd__nand2_1)
   0.048    1.332 v _10300_/Y (sky130_fd_sc_hd__nand2_1)
   0.089    1.420 ^ _10301_/Y (sky130_fd_sc_hd__nand2_1)
   0.048    1.469 v _10302_/Y (sky130_fd_sc_hd__nand2_1)
   0.103    1.571 ^ _10303_/Y (sky130_fd_sc_hd__nand2_1)
   0.047    1.618 v _10304_/Y (sky130_fd_sc_hd__inv_1)
   0.087    1.705 ^ _10305_/Y (sky130_fd_sc_hd__nand2_1)
   0.087    1.793 v _10306_/Y (sky130_fd_sc_hd__nand2_1)
   0.355    2.148 ^ _12759_/Y (sky130_fd_sc_hd__nand2_1)
   0.279    2.427 ^ place713/X (sky130_fd_sc_hd__buf_4)
   0.063    2.490 v _15032_/Y (sky130_fd_sc_hd__nand2_1)
   0.093    2.583 ^ _15033_/Y (sky130_fd_sc_hd__o21ai_0)
   0.231    2.813 ^ _15388_/COUT (sky130_fd_sc_hd__ha_1)
   0.218    3.032 ^ _15290_/COUT (sky130_fd_sc_hd__fa_1)
   0.055    3.087 v _14173_/Y (sky130_fd_sc_hd__nand2_1)
   0.103    3.190 ^ _14175_/Y (sky130_fd_sc_hd__nand2_1)
   0.136    3.326 v _14176_/Y (sky130_fd_sc_hd__a21oi_1)
   0.365    3.691 ^ _14178_/Y (sky130_fd_sc_hd__o21ai_0)
   0.201    3.892 v _14181_/Y (sky130_fd_sc_hd__a31oi_1)
   0.439    4.331 ^ _14183_/Y (sky130_fd_sc_hd__o21ai_0)
   0.196    4.527 v _14190_/Y (sky130_fd_sc_hd__a21oi_1)
   0.414    4.941 ^ _14192_/Y (sky130_fd_sc_hd__o21ai_0)
   0.251    5.191 v _14199_/Y (sky130_fd_sc_hd__a21boi_0)
   0.346    5.537 ^ _14203_/Y (sky130_fd_sc_hd__o21bai_1)
   0.092    5.630 v _14206_/Y (sky130_fd_sc_hd__nand2_1)
   0.158    5.787 ^ _14208_/Y (sky130_fd_sc_hd__nand2_1)
   0.087    5.875 v _14331_/Y (sky130_fd_sc_hd__nand3_1)
   0.075    5.950 ^ _14332_/Y (sky130_fd_sc_hd__nand2_1)
   0.270    6.220 ^ _14333_/X (sky130_fd_sc_hd__xor2_1)
   0.117    6.337 v _14553_/Y (sky130_fd_sc_hd__nand3_1)
   0.111    6.448 ^ _14554_/Y (sky130_fd_sc_hd__nand3_1)
   0.072    6.520 v _14562_/Y (sky130_fd_sc_hd__nand2_1)
   0.237    6.757 v place670/X (sky130_fd_sc_hd__buf_4)
   0.061    6.818 v dp.rf.rf[7][28]$_DFFE_PP_/D (sky130_fd_sc_hd__edfxtp_1)
            6.818   data arrival time

   7.000    7.000   clock clk (rise edge)
   0.775    7.775   clock network delay (ideal)
   0.000    7.775   clock reconvergence pessimism
            7.775 ^ dp.rf.rf[7][28]$_DFFE_PP_/CLK (sky130_fd_sc_hd__edfxtp_1)
  -0.330    7.445   library setup time
            7.445   data required time
-----------------------------------------------------------
            7.445   data required time
           -6.818   data arrival time
-----------------------------------------------------------
            0.627   slack (MET)


Startpoint: dp.rf.rf[5][0]$_DFFE_PP_
            (rising edge-triggered flip-flop clocked by clk)
Endpoint: dp.rf.rf[2][28]$_DFFE_PP_
          (rising edge-triggered flip-flop clocked by clk)
Path Group: clk
Path Type: max

   Delay     Time   Description
-----------------------------------------------------------
   0.000    0.000   clock clk (rise edge)
   0.775    0.775   clock network delay (ideal)
   0.000    0.775 ^ dp.rf.rf[5][0]$_DFFE_PP_/CLK (sky130_fd_sc_hd__edfxtp_1)
   0.323    1.098 ^ dp.rf.rf[5][0]$_DFFE_PP_/Q (sky130_fd_sc_hd__edfxtp_1)
   0.077    1.176 v _10298_/Y (sky130_fd_sc_hd__nand3_1)
   0.108    1.284 ^ _10299_/Y (sky130_fd_sc_hd__nand2_1)
   0.048    1.332 v _10300_/Y (sky130_fd_sc_hd__nand2_1)
   0.089    1.420 ^ _10301_/Y (sky130_fd_sc_hd__nand2_1)
   0.048    1.469 v _10302_/Y (sky130_fd_sc_hd__nand2_1)
   0.103    1.571 ^ _10303_/Y (sky130_fd_sc_hd__nand2_1)
   0.047    1.618 v _10304_/Y (sky130_fd_sc_hd__inv_1)
   0.087    1.705 ^ _10305_/Y (sky130_fd_sc_hd__nand2_1)
   0.087    1.793 v _10306_/Y (sky130_fd_sc_hd__nand2_1)
   0.355    2.148 ^ _12759_/Y (sky130_fd_sc_hd__nand2_1)
   0.279    2.427 ^ place713/X (sky130_fd_sc_hd__buf_4)
   0.063    2.490 v _15032_/Y (sky130_fd_sc_hd__nand2_1)
   0.093    2.583 ^ _15033_/Y (sky130_fd_sc_hd__o21ai_0)
   0.231    2.813 ^ _15388_/COUT (sky130_fd_sc_hd__ha_1)
   0.218    3.032 ^ _15290_/COUT (sky130_fd_sc_hd__fa_1)
   0.055    3.087 v _14173_/Y (sky130_fd_sc_hd__nand2_1)
   0.103    3.190 ^ _14175_/Y (sky130_fd_sc_hd__nand2_1)
   0.136    3.326 v _14176_/Y (sky130_fd_sc_hd__a21oi_1)
   0.365    3.691 ^ _14178_/Y (sky130_fd_sc_hd__o21ai_0)
   0.201    3.892 v _14181_/Y (sky130_fd_sc_hd__a31oi_1)
   0.439    4.331 ^ _14183_/Y (sky130_fd_sc_hd__o21ai_0)
   0.196    4.527 v _14190_/Y (sky130_fd_sc_hd__a21oi_1)
   0.414    4.941 ^ _14192_/Y (sky130_fd_sc_hd__o21ai_0)
   0.251    5.191 v _14199_/Y (sky130_fd_sc_hd__a21boi_0)
   0.346    5.537 ^ _14203_/Y (sky130_fd_sc_hd__o21bai_1)
   0.092    5.630 v _14206_/Y (sky130_fd_sc_hd__nand2_1)
   0.158    5.787 ^ _14208_/Y (sky130_fd_sc_hd__nand2_1)
   0.087    5.875 v _14331_/Y (sky130_fd_sc_hd__nand3_1)
   0.075    5.950 ^ _14332_/Y (sky130_fd_sc_hd__nand2_1)
   0.270    6.220 ^ _14333_/X (sky130_fd_sc_hd__xor2_1)
   0.117    6.337 v _14553_/Y (sky130_fd_sc_hd__nand3_1)
   0.111    6.448 ^ _14554_/Y (sky130_fd_sc_hd__nand3_1)
   0.072    6.520 v _14562_/Y (sky130_fd_sc_hd__nand2_1)
   0.237    6.757 v place670/X (sky130_fd_sc_hd__buf_4)
   0.061    6.818 v dp.rf.rf[2][28]$_DFFE_PP_/D (sky130_fd_sc_hd__edfxtp_1)
            6.818   data arrival time

   7.000    7.000   clock clk (rise edge)
   0.775    7.775   clock network delay (ideal)
   0.000    7.775   clock reconvergence pessimism
            7.775 ^ dp.rf.rf[2][28]$_DFFE_PP_/CLK (sky130_fd_sc_hd__edfxtp_1)
  -0.330    7.445   library setup time
            7.445   data required time
-----------------------------------------------------------
            7.445   data required time
           -6.818   data arrival time
-----------------------------------------------------------
            0.627   slack (MET)


Startpoint: dp.rf.rf[5][0]$_DFFE_PP_
            (rising edge-triggered flip-flop clocked by clk)
Endpoint: dp.rf.rf[5][28]$_DFFE_PP_
          (rising edge-triggered flip-flop clocked by clk)
Path Group: clk
Path Type: max

   Delay     Time   Description
-----------------------------------------------------------
   0.000    0.000   clock clk (rise edge)
   0.775    0.775   clock network delay (ideal)
   0.000    0.775 ^ dp.rf.rf[5][0]$_DFFE_PP_/CLK (sky130_fd_sc_hd__edfxtp_1)
   0.323    1.098 ^ dp.rf.rf[5][0]$_DFFE_PP_/Q (sky130_fd_sc_hd__edfxtp_1)
   0.077    1.176 v _10298_/Y (sky130_fd_sc_hd__nand3_1)
   0.108    1.284 ^ _10299_/Y (sky130_fd_sc_hd__nand2_1)
   0.048    1.332 v _10300_/Y (sky130_fd_sc_hd__nand2_1)
   0.089    1.420 ^ _10301_/Y (sky130_fd_sc_hd__nand2_1)
   0.048    1.469 v _10302_/Y (sky130_fd_sc_hd__nand2_1)
   0.103    1.571 ^ _10303_/Y (sky130_fd_sc_hd__nand2_1)
   0.047    1.618 v _10304_/Y (sky130_fd_sc_hd__inv_1)
   0.087    1.705 ^ _10305_/Y (sky130_fd_sc_hd__nand2_1)
   0.087    1.793 v _10306_/Y (sky130_fd_sc_hd__nand2_1)
   0.355    2.148 ^ _12759_/Y (sky130_fd_sc_hd__nand2_1)
   0.279    2.427 ^ place713/X (sky130_fd_sc_hd__buf_4)
   0.063    2.490 v _15032_/Y (sky130_fd_sc_hd__nand2_1)
   0.093    2.583 ^ _15033_/Y (sky130_fd_sc_hd__o21ai_0)
   0.231    2.813 ^ _15388_/COUT (sky130_fd_sc_hd__ha_1)
   0.218    3.032 ^ _15290_/COUT (sky130_fd_sc_hd__fa_1)
   0.055    3.087 v _14173_/Y (sky130_fd_sc_hd__nand2_1)
   0.103    3.190 ^ _14175_/Y (sky130_fd_sc_hd__nand2_1)
   0.136    3.326 v _14176_/Y (sky130_fd_sc_hd__a21oi_1)
   0.365    3.691 ^ _14178_/Y (sky130_fd_sc_hd__o21ai_0)
   0.201    3.892 v _14181_/Y (sky130_fd_sc_hd__a31oi_1)
   0.439    4.331 ^ _14183_/Y (sky130_fd_sc_hd__o21ai_0)
   0.196    4.527 v _14190_/Y (sky130_fd_sc_hd__a21oi_1)
   0.414    4.941 ^ _14192_/Y (sky130_fd_sc_hd__o21ai_0)
   0.251    5.191 v _14199_/Y (sky130_fd_sc_hd__a21boi_0)
   0.346    5.537 ^ _14203_/Y (sky130_fd_sc_hd__o21bai_1)
   0.092    5.630 v _14206_/Y (sky130_fd_sc_hd__nand2_1)
   0.158    5.787 ^ _14208_/Y (sky130_fd_sc_hd__nand2_1)
   0.087    5.875 v _14331_/Y (sky130_fd_sc_hd__nand3_1)
   0.075    5.950 ^ _14332_/Y (sky130_fd_sc_hd__nand2_1)
   0.270    6.220 ^ _14333_/X (sky130_fd_sc_hd__xor2_1)
   0.117    6.337 v _14553_/Y (sky130_fd_sc_hd__nand3_1)
   0.111    6.448 ^ _14554_/Y (sky130_fd_sc_hd__nand3_1)
   0.072    6.520 v _14562_/Y (sky130_fd_sc_hd__nand2_1)
   0.237    6.757 v place670/X (sky130_fd_sc_hd__buf_4)
   0.061    6.818 v dp.rf.rf[5][28]$_DFFE_PP_/D (sky130_fd_sc_hd__edfxtp_1)
            6.818   data arrival time

   7.000    7.000   clock clk (rise edge)
   0.775    7.775   clock network delay (ideal)
   0.000    7.775   clock reconvergence pessimism
            7.775 ^ dp.rf.rf[5][28]$_DFFE_PP_/CLK (sky130_fd_sc_hd__edfxtp_1)
  -0.330    7.445   library setup time
            7.445   data required time
-----------------------------------------------------------
            7.445   data required time
           -6.818   data arrival time
-----------------------------------------------------------
            0.627   slack (MET)


Startpoint: dp.rf.rf[5][0]$_DFFE_PP_
            (rising edge-triggered flip-flop clocked by clk)
Endpoint: dp.rf.rf[0][28]$_DFFE_PP_
          (rising edge-triggered flip-flop clocked by clk)
Path Group: clk
Path Type: max

   Delay     Time   Description
-----------------------------------------------------------
   0.000    0.000   clock clk (rise edge)
   0.775    0.775   clock network delay (ideal)
   0.000    0.775 ^ dp.rf.rf[5][0]$_DFFE_PP_/CLK (sky130_fd_sc_hd__edfxtp_1)
   0.323    1.098 ^ dp.rf.rf[5][0]$_DFFE_PP_/Q (sky130_fd_sc_hd__edfxtp_1)
   0.077    1.176 v _10298_/Y (sky130_fd_sc_hd__nand3_1)
   0.108    1.284 ^ _10299_/Y (sky130_fd_sc_hd__nand2_1)
   0.048    1.332 v _10300_/Y (sky130_fd_sc_hd__nand2_1)
   0.089    1.420 ^ _10301_/Y (sky130_fd_sc_hd__nand2_1)
   0.048    1.469 v _10302_/Y (sky130_fd_sc_hd__nand2_1)
   0.103    1.571 ^ _10303_/Y (sky130_fd_sc_hd__nand2_1)
   0.047    1.618 v _10304_/Y (sky130_fd_sc_hd__inv_1)
   0.087    1.705 ^ _10305_/Y (sky130_fd_sc_hd__nand2_1)
   0.087    1.793 v _10306_/Y (sky130_fd_sc_hd__nand2_1)
   0.355    2.148 ^ _12759_/Y (sky130_fd_sc_hd__nand2_1)
   0.279    2.427 ^ place713/X (sky130_fd_sc_hd__buf_4)
   0.063    2.490 v _15032_/Y (sky130_fd_sc_hd__nand2_1)
   0.093    2.583 ^ _15033_/Y (sky130_fd_sc_hd__o21ai_0)
   0.231    2.813 ^ _15388_/COUT (sky130_fd_sc_hd__ha_1)
   0.218    3.032 ^ _15290_/COUT (sky130_fd_sc_hd__fa_1)
   0.055    3.087 v _14173_/Y (sky130_fd_sc_hd__nand2_1)
   0.103    3.190 ^ _14175_/Y (sky130_fd_sc_hd__nand2_1)
   0.136    3.326 v _14176_/Y (sky130_fd_sc_hd__a21oi_1)
   0.365    3.691 ^ _14178_/Y (sky130_fd_sc_hd__o21ai_0)
   0.201    3.892 v _14181_/Y (sky130_fd_sc_hd__a31oi_1)
   0.439    4.331 ^ _14183_/Y (sky130_fd_sc_hd__o21ai_0)
   0.196    4.527 v _14190_/Y (sky130_fd_sc_hd__a21oi_1)
   0.414    4.941 ^ _14192_/Y (sky130_fd_sc_hd__o21ai_0)
   0.251    5.191 v _14199_/Y (sky130_fd_sc_hd__a21boi_0)
   0.346    5.537 ^ _14203_/Y (sky130_fd_sc_hd__o21bai_1)
   0.092    5.630 v _14206_/Y (sky130_fd_sc_hd__nand2_1)
   0.158    5.787 ^ _14208_/Y (sky130_fd_sc_hd__nand2_1)
   0.087    5.875 v _14331_/Y (sky130_fd_sc_hd__nand3_1)
   0.075    5.950 ^ _14332_/Y (sky130_fd_sc_hd__nand2_1)
   0.270    6.220 ^ _14333_/X (sky130_fd_sc_hd__xor2_1)
   0.117    6.337 v _14553_/Y (sky130_fd_sc_hd__nand3_1)
   0.111    6.448 ^ _14554_/Y (sky130_fd_sc_hd__nand3_1)
   0.072    6.520 v _14562_/Y (sky130_fd_sc_hd__nand2_1)
   0.237    6.757 v place670/X (sky130_fd_sc_hd__buf_4)
   0.061    6.817 v dp.rf.rf[0][28]$_DFFE_PP_/D (sky130_fd_sc_hd__edfxtp_1)
            6.817   data arrival time

   7.000    7.000   clock clk (rise edge)
   0.775    7.775   clock network delay (ideal)
   0.000    7.775   clock reconvergence pessimism
            7.775 ^ dp.rf.rf[0][28]$_DFFE_PP_/CLK (sky130_fd_sc_hd__edfxtp_1)
  -0.330    7.445   library setup time
            7.445   data required time
-----------------------------------------------------------
            7.445   data required time
           -6.817   data arrival time
-----------------------------------------------------------
            0.627   slack (MET)


Startpoint: dp.rf.rf[5][0]$_DFFE_PP_
            (rising edge-triggered flip-flop clocked by clk)
Endpoint: dp.rf.rf[1][28]$_DFFE_PP_
          (rising edge-triggered flip-flop clocked by clk)
Path Group: clk
Path Type: max

   Delay     Time   Description
-----------------------------------------------------------
   0.000    0.000   clock clk (rise edge)
   0.775    0.775   clock network delay (ideal)
   0.000    0.775 ^ dp.rf.rf[5][0]$_DFFE_PP_/CLK (sky130_fd_sc_hd__edfxtp_1)
   0.323    1.098 ^ dp.rf.rf[5][0]$_DFFE_PP_/Q (sky130_fd_sc_hd__edfxtp_1)
   0.077    1.176 v _10298_/Y (sky130_fd_sc_hd__nand3_1)
   0.108    1.284 ^ _10299_/Y (sky130_fd_sc_hd__nand2_1)
   0.048    1.332 v _10300_/Y (sky130_fd_sc_hd__nand2_1)
   0.089    1.420 ^ _10301_/Y (sky130_fd_sc_hd__nand2_1)
   0.048    1.469 v _10302_/Y (sky130_fd_sc_hd__nand2_1)
   0.103    1.571 ^ _10303_/Y (sky130_fd_sc_hd__nand2_1)
   0.047    1.618 v _10304_/Y (sky130_fd_sc_hd__inv_1)
   0.087    1.705 ^ _10305_/Y (sky130_fd_sc_hd__nand2_1)
   0.087    1.793 v _10306_/Y (sky130_fd_sc_hd__nand2_1)
   0.355    2.148 ^ _12759_/Y (sky130_fd_sc_hd__nand2_1)
   0.279    2.427 ^ place713/X (sky130_fd_sc_hd__buf_4)
   0.063    2.490 v _15032_/Y (sky130_fd_sc_hd__nand2_1)
   0.093    2.583 ^ _15033_/Y (sky130_fd_sc_hd__o21ai_0)
   0.231    2.813 ^ _15388_/COUT (sky130_fd_sc_hd__ha_1)
   0.218    3.032 ^ _15290_/COUT (sky130_fd_sc_hd__fa_1)
   0.055    3.087 v _14173_/Y (sky130_fd_sc_hd__nand2_1)
   0.103    3.190 ^ _14175_/Y (sky130_fd_sc_hd__nand2_1)
   0.136    3.326 v _14176_/Y (sky130_fd_sc_hd__a21oi_1)
   0.365    3.691 ^ _14178_/Y (sky130_fd_sc_hd__o21ai_0)
   0.201    3.892 v _14181_/Y (sky130_fd_sc_hd__a31oi_1)
   0.439    4.331 ^ _14183_/Y (sky130_fd_sc_hd__o21ai_0)
   0.196    4.527 v _14190_/Y (sky130_fd_sc_hd__a21oi_1)
   0.414    4.941 ^ _14192_/Y (sky130_fd_sc_hd__o21ai_0)
   0.251    5.191 v _14199_/Y (sky130_fd_sc_hd__a21boi_0)
   0.346    5.537 ^ _14203_/Y (sky130_fd_sc_hd__o21bai_1)
   0.092    5.630 v _14206_/Y (sky130_fd_sc_hd__nand2_1)
   0.158    5.787 ^ _14208_/Y (sky130_fd_sc_hd__nand2_1)
   0.087    5.875 v _14331_/Y (sky130_fd_sc_hd__nand3_1)
   0.075    5.950 ^ _14332_/Y (sky130_fd_sc_hd__nand2_1)
   0.270    6.220 ^ _14333_/X (sky130_fd_sc_hd__xor2_1)
   0.117    6.337 v _14553_/Y (sky130_fd_sc_hd__nand3_1)
   0.111    6.448 ^ _14554_/Y (sky130_fd_sc_hd__nand3_1)
   0.072    6.520 v _14562_/Y (sky130_fd_sc_hd__nand2_1)
   0.237    6.757 v place670/X (sky130_fd_sc_hd__buf_4)
   0.061    6.817 v dp.rf.rf[1][28]$_DFFE_PP_/D (sky130_fd_sc_hd__edfxtp_1)
            6.817   data arrival time

   7.000    7.000   clock clk (rise edge)
   0.775    7.775   clock network delay (ideal)
   0.000    7.775   clock reconvergence pessimism
            7.775 ^ dp.rf.rf[1][28]$_DFFE_PP_/CLK (sky130_fd_sc_hd__edfxtp_1)
  -0.330    7.445   library setup time
            7.445   data required time
-----------------------------------------------------------
            7.445   data required time
           -6.817   data arrival time
-----------------------------------------------------------
            0.628   slack (MET)


Startpoint: dp.rf.rf[5][0]$_DFFE_PP_
            (rising edge-triggered flip-flop clocked by clk)
Endpoint: dp.rf.rf[15][28]$_DFFE_PP_
          (rising edge-triggered flip-flop clocked by clk)
Path Group: clk
Path Type: max

   Delay     Time   Description
-----------------------------------------------------------
   0.000    0.000   clock clk (rise edge)
   0.775    0.775   clock network delay (ideal)
   0.000    0.775 ^ dp.rf.rf[5][0]$_DFFE_PP_/CLK (sky130_fd_sc_hd__edfxtp_1)
   0.323    1.098 ^ dp.rf.rf[5][0]$_DFFE_PP_/Q (sky130_fd_sc_hd__edfxtp_1)
   0.077    1.176 v _10298_/Y (sky130_fd_sc_hd__nand3_1)
   0.108    1.284 ^ _10299_/Y (sky130_fd_sc_hd__nand2_1)
   0.048    1.332 v _10300_/Y (sky130_fd_sc_hd__nand2_1)
   0.089    1.420 ^ _10301_/Y (sky130_fd_sc_hd__nand2_1)
   0.048    1.469 v _10302_/Y (sky130_fd_sc_hd__nand2_1)
   0.103    1.571 ^ _10303_/Y (sky130_fd_sc_hd__nand2_1)
   0.047    1.618 v _10304_/Y (sky130_fd_sc_hd__inv_1)
   0.087    1.705 ^ _10305_/Y (sky130_fd_sc_hd__nand2_1)
   0.087    1.793 v _10306_/Y (sky130_fd_sc_hd__nand2_1)
   0.355    2.148 ^ _12759_/Y (sky130_fd_sc_hd__nand2_1)
   0.279    2.427 ^ place713/X (sky130_fd_sc_hd__buf_4)
   0.063    2.490 v _15032_/Y (sky130_fd_sc_hd__nand2_1)
   0.093    2.583 ^ _15033_/Y (sky130_fd_sc_hd__o21ai_0)
   0.231    2.813 ^ _15388_/COUT (sky130_fd_sc_hd__ha_1)
   0.218    3.032 ^ _15290_/COUT (sky130_fd_sc_hd__fa_1)
   0.055    3.087 v _14173_/Y (sky130_fd_sc_hd__nand2_1)
   0.103    3.190 ^ _14175_/Y (sky130_fd_sc_hd__nand2_1)
   0.136    3.326 v _14176_/Y (sky130_fd_sc_hd__a21oi_1)
   0.365    3.691 ^ _14178_/Y (sky130_fd_sc_hd__o21ai_0)
   0.201    3.892 v _14181_/Y (sky130_fd_sc_hd__a31oi_1)
   0.439    4.331 ^ _14183_/Y (sky130_fd_sc_hd__o21ai_0)
   0.196    4.527 v _14190_/Y (sky130_fd_sc_hd__a21oi_1)
   0.414    4.941 ^ _14192_/Y (sky130_fd_sc_hd__o21ai_0)
   0.251    5.191 v _14199_/Y (sky130_fd_sc_hd__a21boi_0)
   0.346    5.537 ^ _14203_/Y (sky130_fd_sc_hd__o21bai_1)
   0.092    5.630 v _14206_/Y (sky130_fd_sc_hd__nand2_1)
   0.158    5.787 ^ _14208_/Y (sky130_fd_sc_hd__nand2_1)
   0.087    5.875 v _14331_/Y (sky130_fd_sc_hd__nand3_1)
   0.075    5.950 ^ _14332_/Y (sky130_fd_sc_hd__nand2_1)
   0.270    6.220 ^ _14333_/X (sky130_fd_sc_hd__xor2_1)
   0.117    6.337 v _14553_/Y (sky130_fd_sc_hd__nand3_1)
   0.111    6.448 ^ _14554_/Y (sky130_fd_sc_hd__nand3_1)
   0.072    6.520 v _14562_/Y (sky130_fd_sc_hd__nand2_1)
   0.237    6.757 v place670/X (sky130_fd_sc_hd__buf_4)
   0.060    6.817 v dp.rf.rf[15][28]$_DFFE_PP_/D (sky130_fd_sc_hd__edfxtp_1)
            6.817   data arrival time

   7.000    7.000   clock clk (rise edge)
   0.775    7.775   clock network delay (ideal)
   0.000    7.775   clock reconvergence pessimism
            7.775 ^ dp.rf.rf[15][28]$_DFFE_PP_/CLK (sky130_fd_sc_hd__edfxtp_1)
  -0.330    7.445   library setup time
            7.445   data required time
-----------------------------------------------------------
            7.445   data required time
           -6.817   data arrival time
-----------------------------------------------------------
            0.629   slack (MET)


Startpoint: dp.rf.rf[5][0]$_DFFE_PP_
            (rising edge-triggered flip-flop clocked by clk)
Endpoint: dp.rf.rf[14][28]$_DFFE_PP_
          (rising edge-triggered flip-flop clocked by clk)
Path Group: clk
Path Type: max

   Delay     Time   Description
-----------------------------------------------------------
   0.000    0.000   clock clk (rise edge)
   0.775    0.775   clock network delay (ideal)
   0.000    0.775 ^ dp.rf.rf[5][0]$_DFFE_PP_/CLK (sky130_fd_sc_hd__edfxtp_1)
   0.323    1.098 ^ dp.rf.rf[5][0]$_DFFE_PP_/Q (sky130_fd_sc_hd__edfxtp_1)
   0.077    1.176 v _10298_/Y (sky130_fd_sc_hd__nand3_1)
   0.108    1.284 ^ _10299_/Y (sky130_fd_sc_hd__nand2_1)
   0.048    1.332 v _10300_/Y (sky130_fd_sc_hd__nand2_1)
   0.089    1.420 ^ _10301_/Y (sky130_fd_sc_hd__nand2_1)
   0.048    1.469 v _10302_/Y (sky130_fd_sc_hd__nand2_1)
   0.103    1.571 ^ _10303_/Y (sky130_fd_sc_hd__nand2_1)
   0.047    1.618 v _10304_/Y (sky130_fd_sc_hd__inv_1)
   0.087    1.705 ^ _10305_/Y (sky130_fd_sc_hd__nand2_1)
   0.087    1.793 v _10306_/Y (sky130_fd_sc_hd__nand2_1)
   0.355    2.148 ^ _12759_/Y (sky130_fd_sc_hd__nand2_1)
   0.279    2.427 ^ place713/X (sky130_fd_sc_hd__buf_4)
   0.063    2.490 v _15032_/Y (sky130_fd_sc_hd__nand2_1)
   0.093    2.583 ^ _15033_/Y (sky130_fd_sc_hd__o21ai_0)
   0.231    2.813 ^ _15388_/COUT (sky130_fd_sc_hd__ha_1)
   0.218    3.032 ^ _15290_/COUT (sky130_fd_sc_hd__fa_1)
   0.055    3.087 v _14173_/Y (sky130_fd_sc_hd__nand2_1)
   0.103    3.190 ^ _14175_/Y (sky130_fd_sc_hd__nand2_1)
   0.136    3.326 v _14176_/Y (sky130_fd_sc_hd__a21oi_1)
   0.365    3.691 ^ _14178_/Y (sky130_fd_sc_hd__o21ai_0)
   0.201    3.892 v _14181_/Y (sky130_fd_sc_hd__a31oi_1)
   0.439    4.331 ^ _14183_/Y (sky130_fd_sc_hd__o21ai_0)
   0.196    4.527 v _14190_/Y (sky130_fd_sc_hd__a21oi_1)
   0.414    4.941 ^ _14192_/Y (sky130_fd_sc_hd__o21ai_0)
   0.251    5.191 v _14199_/Y (sky130_fd_sc_hd__a21boi_0)
   0.346    5.537 ^ _14203_/Y (sky130_fd_sc_hd__o21bai_1)
   0.092    5.630 v _14206_/Y (sky130_fd_sc_hd__nand2_1)
   0.158    5.787 ^ _14208_/Y (sky130_fd_sc_hd__nand2_1)
   0.087    5.875 v _14331_/Y (sky130_fd_sc_hd__nand3_1)
   0.075    5.950 ^ _14332_/Y (sky130_fd_sc_hd__nand2_1)
   0.270    6.220 ^ _14333_/X (sky130_fd_sc_hd__xor2_1)
   0.117    6.337 v _14553_/Y (sky130_fd_sc_hd__nand3_1)
   0.111    6.448 ^ _14554_/Y (sky130_fd_sc_hd__nand3_1)
   0.072    6.520 v _14562_/Y (sky130_fd_sc_hd__nand2_1)
   0.237    6.757 v place670/X (sky130_fd_sc_hd__buf_4)
   0.059    6.815 v dp.rf.rf[14][28]$_DFFE_PP_/D (sky130_fd_sc_hd__edfxtp_1)
            6.815   data arrival time

   7.000    7.000   clock clk (rise edge)
   0.775    7.775   clock network delay (ideal)
   0.000    7.775   clock reconvergence pessimism
            7.775 ^ dp.rf.rf[14][28]$_DFFE_PP_/CLK (sky130_fd_sc_hd__edfxtp_1)
  -0.329    7.446   library setup time
            7.446   data required time
-----------------------------------------------------------
            7.446   data required time
           -6.815   data arrival time
-----------------------------------------------------------
            0.630   slack (MET)


Startpoint: dp.rf.rf[5][0]$_DFFE_PP_
            (rising edge-triggered flip-flop clocked by clk)
Endpoint: dp.rf.rf[28][28]$_DFFE_PP_
          (rising edge-triggered flip-flop clocked by clk)
Path Group: clk
Path Type: max

   Delay     Time   Description
-----------------------------------------------------------
   0.000    0.000   clock clk (rise edge)
   0.775    0.775   clock network delay (ideal)
   0.000    0.775 ^ dp.rf.rf[5][0]$_DFFE_PP_/CLK (sky130_fd_sc_hd__edfxtp_1)
   0.323    1.098 ^ dp.rf.rf[5][0]$_DFFE_PP_/Q (sky130_fd_sc_hd__edfxtp_1)
   0.077    1.176 v _10298_/Y (sky130_fd_sc_hd__nand3_1)
   0.108    1.284 ^ _10299_/Y (sky130_fd_sc_hd__nand2_1)
   0.048    1.332 v _10300_/Y (sky130_fd_sc_hd__nand2_1)
   0.089    1.420 ^ _10301_/Y (sky130_fd_sc_hd__nand2_1)
   0.048    1.469 v _10302_/Y (sky130_fd_sc_hd__nand2_1)
   0.103    1.571 ^ _10303_/Y (sky130_fd_sc_hd__nand2_1)
   0.047    1.618 v _10304_/Y (sky130_fd_sc_hd__inv_1)
   0.087    1.705 ^ _10305_/Y (sky130_fd_sc_hd__nand2_1)
   0.087    1.793 v _10306_/Y (sky130_fd_sc_hd__nand2_1)
   0.355    2.148 ^ _12759_/Y (sky130_fd_sc_hd__nand2_1)
   0.279    2.427 ^ place713/X (sky130_fd_sc_hd__buf_4)
   0.063    2.490 v _15032_/Y (sky130_fd_sc_hd__nand2_1)
   0.093    2.583 ^ _15033_/Y (sky130_fd_sc_hd__o21ai_0)
   0.231    2.813 ^ _15388_/COUT (sky130_fd_sc_hd__ha_1)
   0.218    3.032 ^ _15290_/COUT (sky130_fd_sc_hd__fa_1)
   0.055    3.087 v _14173_/Y (sky130_fd_sc_hd__nand2_1)
   0.103    3.190 ^ _14175_/Y (sky130_fd_sc_hd__nand2_1)
   0.136    3.326 v _14176_/Y (sky130_fd_sc_hd__a21oi_1)
   0.365    3.691 ^ _14178_/Y (sky130_fd_sc_hd__o21ai_0)
   0.201    3.892 v _14181_/Y (sky130_fd_sc_hd__a31oi_1)
   0.439    4.331 ^ _14183_/Y (sky130_fd_sc_hd__o21ai_0)
   0.196    4.527 v _14190_/Y (sky130_fd_sc_hd__a21oi_1)
   0.414    4.941 ^ _14192_/Y (sky130_fd_sc_hd__o21ai_0)
   0.251    5.191 v _14199_/Y (sky130_fd_sc_hd__a21boi_0)
   0.346    5.537 ^ _14203_/Y (sky130_fd_sc_hd__o21bai_1)
   0.092    5.630 v _14206_/Y (sky130_fd_sc_hd__nand2_1)
   0.158    5.787 ^ _14208_/Y (sky130_fd_sc_hd__nand2_1)
   0.087    5.875 v _14331_/Y (sky130_fd_sc_hd__nand3_1)
   0.075    5.950 ^ _14332_/Y (sky130_fd_sc_hd__nand2_1)
   0.270    6.220 ^ _14333_/X (sky130_fd_sc_hd__xor2_1)
   0.117    6.337 v _14553_/Y (sky130_fd_sc_hd__nand3_1)
   0.111    6.448 ^ _14554_/Y (sky130_fd_sc_hd__nand3_1)
   0.072    6.520 v _14562_/Y (sky130_fd_sc_hd__nand2_1)
   0.237    6.757 v place670/X (sky130_fd_sc_hd__buf_4)
   0.058    6.815 v dp.rf.rf[28][28]$_DFFE_PP_/D (sky130_fd_sc_hd__edfxtp_1)
            6.815   data arrival time

   7.000    7.000   clock clk (rise edge)
   0.775    7.775   clock network delay (ideal)
   0.000    7.775   clock reconvergence pessimism
            7.775 ^ dp.rf.rf[28][28]$_DFFE_PP_/CLK (sky130_fd_sc_hd__edfxtp_1)
  -0.329    7.446   library setup time
            7.446   data required time
-----------------------------------------------------------
            7.446   data required time
           -6.815   data arrival time
-----------------------------------------------------------
            0.631   slack (MET)


Startpoint: dp.rf.rf[5][0]$_DFFE_PP_
            (rising edge-triggered flip-flop clocked by clk)
Endpoint: dp.rf.rf[10][28]$_DFFE_PP_
          (rising edge-triggered flip-flop clocked by clk)
Path Group: clk
Path Type: max

   Delay     Time   Description
-----------------------------------------------------------
   0.000    0.000   clock clk (rise edge)
   0.775    0.775   clock network delay (ideal)
   0.000    0.775 ^ dp.rf.rf[5][0]$_DFFE_PP_/CLK (sky130_fd_sc_hd__edfxtp_1)
   0.323    1.098 ^ dp.rf.rf[5][0]$_DFFE_PP_/Q (sky130_fd_sc_hd__edfxtp_1)
   0.077    1.176 v _10298_/Y (sky130_fd_sc_hd__nand3_1)
   0.108    1.284 ^ _10299_/Y (sky130_fd_sc_hd__nand2_1)
   0.048    1.332 v _10300_/Y (sky130_fd_sc_hd__nand2_1)
   0.089    1.420 ^ _10301_/Y (sky130_fd_sc_hd__nand2_1)
   0.048    1.469 v _10302_/Y (sky130_fd_sc_hd__nand2_1)
   0.103    1.571 ^ _10303_/Y (sky130_fd_sc_hd__nand2_1)
   0.047    1.618 v _10304_/Y (sky130_fd_sc_hd__inv_1)
   0.087    1.705 ^ _10305_/Y (sky130_fd_sc_hd__nand2_1)
   0.087    1.793 v _10306_/Y (sky130_fd_sc_hd__nand2_1)
   0.355    2.148 ^ _12759_/Y (sky130_fd_sc_hd__nand2_1)
   0.279    2.427 ^ place713/X (sky130_fd_sc_hd__buf_4)
   0.063    2.490 v _15032_/Y (sky130_fd_sc_hd__nand2_1)
   0.093    2.583 ^ _15033_/Y (sky130_fd_sc_hd__o21ai_0)
   0.231    2.813 ^ _15388_/COUT (sky130_fd_sc_hd__ha_1)
   0.218    3.032 ^ _15290_/COUT (sky130_fd_sc_hd__fa_1)
   0.055    3.087 v _14173_/Y (sky130_fd_sc_hd__nand2_1)
   0.103    3.190 ^ _14175_/Y (sky130_fd_sc_hd__nand2_1)
   0.136    3.326 v _14176_/Y (sky130_fd_sc_hd__a21oi_1)
   0.365    3.691 ^ _14178_/Y (sky130_fd_sc_hd__o21ai_0)
   0.201    3.892 v _14181_/Y (sky130_fd_sc_hd__a31oi_1)
   0.439    4.331 ^ _14183_/Y (sky130_fd_sc_hd__o21ai_0)
   0.196    4.527 v _14190_/Y (sky130_fd_sc_hd__a21oi_1)
   0.414    4.941 ^ _14192_/Y (sky130_fd_sc_hd__o21ai_0)
   0.251    5.191 v _14199_/Y (sky130_fd_sc_hd__a21boi_0)
   0.346    5.537 ^ _14203_/Y (sky130_fd_sc_hd__o21bai_1)
   0.092    5.630 v _14206_/Y (sky130_fd_sc_hd__nand2_1)
   0.158    5.787 ^ _14208_/Y (sky130_fd_sc_hd__nand2_1)
   0.087    5.875 v _14331_/Y (sky130_fd_sc_hd__nand3_1)
   0.075    5.950 ^ _14332_/Y (sky130_fd_sc_hd__nand2_1)
   0.270    6.220 ^ _14333_/X (sky130_fd_sc_hd__xor2_1)
   0.117    6.337 v _14553_/Y (sky130_fd_sc_hd__nand3_1)
   0.111    6.448 ^ _14554_/Y (sky130_fd_sc_hd__nand3_1)
   0.072    6.520 v _14562_/Y (sky130_fd_sc_hd__nand2_1)
   0.237    6.757 v place670/X (sky130_fd_sc_hd__buf_4)
   0.058    6.815 v dp.rf.rf[10][28]$_DFFE_PP_/D (sky130_fd_sc_hd__edfxtp_1)
            6.815   data arrival time

   7.000    7.000   clock clk (rise edge)
   0.775    7.775   clock network delay (ideal)
   0.000    7.775   clock reconvergence pessimism
            7.775 ^ dp.rf.rf[10][28]$_DFFE_PP_/CLK (sky130_fd_sc_hd__edfxtp_1)
  -0.329    7.446   library setup time
            7.446   data required time
-----------------------------------------------------------
            7.446   data required time
           -6.815   data arrival time
-----------------------------------------------------------
            0.632   slack (MET)


Startpoint: dp.rf.rf[5][0]$_DFFE_PP_
            (rising edge-triggered flip-flop clocked by clk)
Endpoint: dp.rf.rf[11][28]$_DFFE_PP_
          (rising edge-triggered flip-flop clocked by clk)
Path Group: clk
Path Type: max

   Delay     Time   Description
-----------------------------------------------------------
   0.000    0.000   clock clk (rise edge)
   0.775    0.775   clock network delay (ideal)
   0.000    0.775 ^ dp.rf.rf[5][0]$_DFFE_PP_/CLK (sky130_fd_sc_hd__edfxtp_1)
   0.323    1.098 ^ dp.rf.rf[5][0]$_DFFE_PP_/Q (sky130_fd_sc_hd__edfxtp_1)
   0.077    1.176 v _10298_/Y (sky130_fd_sc_hd__nand3_1)
   0.108    1.284 ^ _10299_/Y (sky130_fd_sc_hd__nand2_1)
   0.048    1.332 v _10300_/Y (sky130_fd_sc_hd__nand2_1)
   0.089    1.420 ^ _10301_/Y (sky130_fd_sc_hd__nand2_1)
   0.048    1.469 v _10302_/Y (sky130_fd_sc_hd__nand2_1)
   0.103    1.571 ^ _10303_/Y (sky130_fd_sc_hd__nand2_1)
   0.047    1.618 v _10304_/Y (sky130_fd_sc_hd__inv_1)
   0.087    1.705 ^ _10305_/Y (sky130_fd_sc_hd__nand2_1)
   0.087    1.793 v _10306_/Y (sky130_fd_sc_hd__nand2_1)
   0.355    2.148 ^ _12759_/Y (sky130_fd_sc_hd__nand2_1)
   0.279    2.427 ^ place713/X (sky130_fd_sc_hd__buf_4)
   0.063    2.490 v _15032_/Y (sky130_fd_sc_hd__nand2_1)
   0.093    2.583 ^ _15033_/Y (sky130_fd_sc_hd__o21ai_0)
   0.231    2.813 ^ _15388_/COUT (sky130_fd_sc_hd__ha_1)
   0.218    3.032 ^ _15290_/COUT (sky130_fd_sc_hd__fa_1)
   0.055    3.087 v _14173_/Y (sky130_fd_sc_hd__nand2_1)
   0.103    3.190 ^ _14175_/Y (sky130_fd_sc_hd__nand2_1)
   0.136    3.326 v _14176_/Y (sky130_fd_sc_hd__a21oi_1)
   0.365    3.691 ^ _14178_/Y (sky130_fd_sc_hd__o21ai_0)
   0.201    3.892 v _14181_/Y (sky130_fd_sc_hd__a31oi_1)
   0.439    4.331 ^ _14183_/Y (sky130_fd_sc_hd__o21ai_0)
   0.196    4.527 v _14190_/Y (sky130_fd_sc_hd__a21oi_1)
   0.414    4.941 ^ _14192_/Y (sky130_fd_sc_hd__o21ai_0)
   0.251    5.191 v _14199_/Y (sky130_fd_sc_hd__a21boi_0)
   0.346    5.537 ^ _14203_/Y (sky130_fd_sc_hd__o21bai_1)
   0.092    5.630 v _14206_/Y (sky130_fd_sc_hd__nand2_1)
   0.158    5.787 ^ _14208_/Y (sky130_fd_sc_hd__nand2_1)
   0.087    5.875 v _14331_/Y (sky130_fd_sc_hd__nand3_1)
   0.075    5.950 ^ _14332_/Y (sky130_fd_sc_hd__nand2_1)
   0.270    6.220 ^ _14333_/X (sky130_fd_sc_hd__xor2_1)
   0.117    6.337 v _14553_/Y (sky130_fd_sc_hd__nand3_1)
   0.111    6.448 ^ _14554_/Y (sky130_fd_sc_hd__nand3_1)
   0.072    6.520 v _14562_/Y (sky130_fd_sc_hd__nand2_1)
   0.237    6.757 v place670/X (sky130_fd_sc_hd__buf_4)
   0.058    6.815 v dp.rf.rf[11][28]$_DFFE_PP_/D (sky130_fd_sc_hd__edfxtp_1)
            6.815   data arrival time

   7.000    7.000   clock clk (rise edge)
   0.775    7.775   clock network delay (ideal)
   0.000    7.775   clock reconvergence pessimism
            7.775 ^ dp.rf.rf[11][28]$_DFFE_PP_/CLK (sky130_fd_sc_hd__edfxtp_1)
  -0.329    7.446   library setup time
            7.446   data required time
-----------------------------------------------------------
            7.446   data required time
           -6.815   data arrival time
-----------------------------------------------------------
            0.632   slack (MET)


Startpoint: dp.rf.rf[5][0]$_DFFE_PP_
            (rising edge-triggered flip-flop clocked by clk)
Endpoint: dp.rf.rf[8][28]$_DFFE_PP_
          (rising edge-triggered flip-flop clocked by clk)
Path Group: clk
Path Type: max

   Delay     Time   Description
-----------------------------------------------------------
   0.000    0.000   clock clk (rise edge)
   0.775    0.775   clock network delay (ideal)
   0.000    0.775 ^ dp.rf.rf[5][0]$_DFFE_PP_/CLK (sky130_fd_sc_hd__edfxtp_1)
   0.323    1.098 ^ dp.rf.rf[5][0]$_DFFE_PP_/Q (sky130_fd_sc_hd__edfxtp_1)
   0.077    1.176 v _10298_/Y (sky130_fd_sc_hd__nand3_1)
   0.108    1.284 ^ _10299_/Y (sky130_fd_sc_hd__nand2_1)
   0.048    1.332 v _10300_/Y (sky130_fd_sc_hd__nand2_1)
   0.089    1.420 ^ _10301_/Y (sky130_fd_sc_hd__nand2_1)
   0.048    1.469 v _10302_/Y (sky130_fd_sc_hd__nand2_1)
   0.103    1.571 ^ _10303_/Y (sky130_fd_sc_hd__nand2_1)
   0.047    1.618 v _10304_/Y (sky130_fd_sc_hd__inv_1)
   0.087    1.705 ^ _10305_/Y (sky130_fd_sc_hd__nand2_1)
   0.087    1.793 v _10306_/Y (sky130_fd_sc_hd__nand2_1)
   0.355    2.148 ^ _12759_/Y (sky130_fd_sc_hd__nand2_1)
   0.279    2.427 ^ place713/X (sky130_fd_sc_hd__buf_4)
   0.063    2.490 v _15032_/Y (sky130_fd_sc_hd__nand2_1)
   0.093    2.583 ^ _15033_/Y (sky130_fd_sc_hd__o21ai_0)
   0.231    2.813 ^ _15388_/COUT (sky130_fd_sc_hd__ha_1)
   0.218    3.032 ^ _15290_/COUT (sky130_fd_sc_hd__fa_1)
   0.055    3.087 v _14173_/Y (sky130_fd_sc_hd__nand2_1)
   0.103    3.190 ^ _14175_/Y (sky130_fd_sc_hd__nand2_1)
   0.136    3.326 v _14176_/Y (sky130_fd_sc_hd__a21oi_1)
   0.365    3.691 ^ _14178_/Y (sky130_fd_sc_hd__o21ai_0)
   0.201    3.892 v _14181_/Y (sky130_fd_sc_hd__a31oi_1)
   0.439    4.331 ^ _14183_/Y (sky130_fd_sc_hd__o21ai_0)
   0.196    4.527 v _14190_/Y (sky130_fd_sc_hd__a21oi_1)
   0.414    4.941 ^ _14192_/Y (sky130_fd_sc_hd__o21ai_0)
   0.251    5.191 v _14199_/Y (sky130_fd_sc_hd__a21boi_0)
   0.346    5.537 ^ _14203_/Y (sky130_fd_sc_hd__o21bai_1)
   0.092    5.630 v _14206_/Y (sky130_fd_sc_hd__nand2_1)
   0.158    5.787 ^ _14208_/Y (sky130_fd_sc_hd__nand2_1)
   0.087    5.875 v _14331_/Y (sky130_fd_sc_hd__nand3_1)
   0.075    5.950 ^ _14332_/Y (sky130_fd_sc_hd__nand2_1)
   0.270    6.220 ^ _14333_/X (sky130_fd_sc_hd__xor2_1)
   0.117    6.337 v _14553_/Y (sky130_fd_sc_hd__nand3_1)
   0.111    6.448 ^ _14554_/Y (sky130_fd_sc_hd__nand3_1)
   0.072    6.520 v _14562_/Y (sky130_fd_sc_hd__nand2_1)
   0.237    6.757 v place670/X (sky130_fd_sc_hd__buf_4)
   0.058    6.814 v dp.rf.rf[8][28]$_DFFE_PP_/D (sky130_fd_sc_hd__edfxtp_1)
            6.814   data arrival time

   7.000    7.000   clock clk (rise edge)
   0.775    7.775   clock network delay (ideal)
   0.000    7.775   clock reconvergence pessimism
            7.775 ^ dp.rf.rf[8][28]$_DFFE_PP_/CLK (sky130_fd_sc_hd__edfxtp_1)
  -0.329    7.446   library setup time
            7.446   data required time
-----------------------------------------------------------
            7.446   data required time
           -6.814   data arrival time
-----------------------------------------------------------
            0.632   slack (MET)


Startpoint: dp.rf.rf[5][0]$_DFFE_PP_
            (rising edge-triggered flip-flop clocked by clk)
Endpoint: dp.rf.rf[9][28]$_DFFE_PP_
          (rising edge-triggered flip-flop clocked by clk)
Path Group: clk
Path Type: max

   Delay     Time   Description
-----------------------------------------------------------
   0.000    0.000   clock clk (rise edge)
   0.775    0.775   clock network delay (ideal)
   0.000    0.775 ^ dp.rf.rf[5][0]$_DFFE_PP_/CLK (sky130_fd_sc_hd__edfxtp_1)
   0.323    1.098 ^ dp.rf.rf[5][0]$_DFFE_PP_/Q (sky130_fd_sc_hd__edfxtp_1)
   0.077    1.176 v _10298_/Y (sky130_fd_sc_hd__nand3_1)
   0.108    1.284 ^ _10299_/Y (sky130_fd_sc_hd__nand2_1)
   0.048    1.332 v _10300_/Y (sky130_fd_sc_hd__nand2_1)
   0.089    1.420 ^ _10301_/Y (sky130_fd_sc_hd__nand2_1)
   0.048    1.469 v _10302_/Y (sky130_fd_sc_hd__nand2_1)
   0.103    1.571 ^ _10303_/Y (sky130_fd_sc_hd__nand2_1)
   0.047    1.618 v _10304_/Y (sky130_fd_sc_hd__inv_1)
   0.087    1.705 ^ _10305_/Y (sky130_fd_sc_hd__nand2_1)
   0.087    1.793 v _10306_/Y (sky130_fd_sc_hd__nand2_1)
   0.355    2.148 ^ _12759_/Y (sky130_fd_sc_hd__nand2_1)
   0.279    2.427 ^ place713/X (sky130_fd_sc_hd__buf_4)
   0.063    2.490 v _15032_/Y (sky130_fd_sc_hd__nand2_1)
   0.093    2.583 ^ _15033_/Y (sky130_fd_sc_hd__o21ai_0)
   0.231    2.813 ^ _15388_/COUT (sky130_fd_sc_hd__ha_1)
   0.218    3.032 ^ _15290_/COUT (sky130_fd_sc_hd__fa_1)
   0.055    3.087 v _14173_/Y (sky130_fd_sc_hd__nand2_1)
   0.103    3.190 ^ _14175_/Y (sky130_fd_sc_hd__nand2_1)
   0.136    3.326 v _14176_/Y (sky130_fd_sc_hd__a21oi_1)
   0.365    3.691 ^ _14178_/Y (sky130_fd_sc_hd__o21ai_0)
   0.201    3.892 v _14181_/Y (sky130_fd_sc_hd__a31oi_1)
   0.439    4.331 ^ _14183_/Y (sky130_fd_sc_hd__o21ai_0)
   0.196    4.527 v _14190_/Y (sky130_fd_sc_hd__a21oi_1)
   0.414    4.941 ^ _14192_/Y (sky130_fd_sc_hd__o21ai_0)
   0.251    5.191 v _14199_/Y (sky130_fd_sc_hd__a21boi_0)
   0.346    5.537 ^ _14203_/Y (sky130_fd_sc_hd__o21bai_1)
   0.092    5.630 v _14206_/Y (sky130_fd_sc_hd__nand2_1)
   0.158    5.787 ^ _14208_/Y (sky130_fd_sc_hd__nand2_1)
   0.087    5.875 v _14331_/Y (sky130_fd_sc_hd__nand3_1)
   0.075    5.950 ^ _14332_/Y (sky130_fd_sc_hd__nand2_1)
   0.270    6.220 ^ _14333_/X (sky130_fd_sc_hd__xor2_1)
   0.117    6.337 v _14553_/Y (sky130_fd_sc_hd__nand3_1)
   0.111    6.448 ^ _14554_/Y (sky130_fd_sc_hd__nand3_1)
   0.072    6.520 v _14562_/Y (sky130_fd_sc_hd__nand2_1)
   0.237    6.757 v place670/X (sky130_fd_sc_hd__buf_4)
   0.058    6.814 v dp.rf.rf[9][28]$_DFFE_PP_/D (sky130_fd_sc_hd__edfxtp_1)
            6.814   data arrival time

   7.000    7.000   clock clk (rise edge)
   0.775    7.775   clock network delay (ideal)
   0.000    7.775   clock reconvergence pessimism
            7.775 ^ dp.rf.rf[9][28]$_DFFE_PP_/CLK (sky130_fd_sc_hd__edfxtp_1)
  -0.329    7.446   library setup time
            7.446   data required time
-----------------------------------------------------------
            7.446   data required time
           -6.814   data arrival time
-----------------------------------------------------------
            0.632   slack (MET)


Startpoint: dp.rf.rf[5][0]$_DFFE_PP_
            (rising edge-triggered flip-flop clocked by clk)
Endpoint: dp.rf.rf[29][28]$_DFFE_PP_
          (rising edge-triggered flip-flop clocked by clk)
Path Group: clk
Path Type: max

   Delay     Time   Description
-----------------------------------------------------------
   0.000    0.000   clock clk (rise edge)
   0.775    0.775   clock network delay (ideal)
   0.000    0.775 ^ dp.rf.rf[5][0]$_DFFE_PP_/CLK (sky130_fd_sc_hd__edfxtp_1)
   0.323    1.098 ^ dp.rf.rf[5][0]$_DFFE_PP_/Q (sky130_fd_sc_hd__edfxtp_1)
   0.077    1.176 v _10298_/Y (sky130_fd_sc_hd__nand3_1)
   0.108    1.284 ^ _10299_/Y (sky130_fd_sc_hd__nand2_1)
   0.048    1.332 v _10300_/Y (sky130_fd_sc_hd__nand2_1)
   0.089    1.420 ^ _10301_/Y (sky130_fd_sc_hd__nand2_1)
   0.048    1.469 v _10302_/Y (sky130_fd_sc_hd__nand2_1)
   0.103    1.571 ^ _10303_/Y (sky130_fd_sc_hd__nand2_1)
   0.047    1.618 v _10304_/Y (sky130_fd_sc_hd__inv_1)
   0.087    1.705 ^ _10305_/Y (sky130_fd_sc_hd__nand2_1)
   0.087    1.793 v _10306_/Y (sky130_fd_sc_hd__nand2_1)
   0.355    2.148 ^ _12759_/Y (sky130_fd_sc_hd__nand2_1)
   0.279    2.427 ^ place713/X (sky130_fd_sc_hd__buf_4)
   0.063    2.490 v _15032_/Y (sky130_fd_sc_hd__nand2_1)
   0.093    2.583 ^ _15033_/Y (sky130_fd_sc_hd__o21ai_0)
   0.231    2.813 ^ _15388_/COUT (sky130_fd_sc_hd__ha_1)
   0.218    3.032 ^ _15290_/COUT (sky130_fd_sc_hd__fa_1)
   0.055    3.087 v _14173_/Y (sky130_fd_sc_hd__nand2_1)
   0.103    3.190 ^ _14175_/Y (sky130_fd_sc_hd__nand2_1)
   0.136    3.326 v _14176_/Y (sky130_fd_sc_hd__a21oi_1)
   0.365    3.691 ^ _14178_/Y (sky130_fd_sc_hd__o21ai_0)
   0.201    3.892 v _14181_/Y (sky130_fd_sc_hd__a31oi_1)
   0.439    4.331 ^ _14183_/Y (sky130_fd_sc_hd__o21ai_0)
   0.196    4.527 v _14190_/Y (sky130_fd_sc_hd__a21oi_1)
   0.414    4.941 ^ _14192_/Y (sky130_fd_sc_hd__o21ai_0)
   0.251    5.191 v _14199_/Y (sky130_fd_sc_hd__a21boi_0)
   0.346    5.537 ^ _14203_/Y (sky130_fd_sc_hd__o21bai_1)
   0.092    5.630 v _14206_/Y (sky130_fd_sc_hd__nand2_1)
   0.158    5.787 ^ _14208_/Y (sky130_fd_sc_hd__nand2_1)
   0.087    5.875 v _14331_/Y (sky130_fd_sc_hd__nand3_1)
   0.075    5.950 ^ _14332_/Y (sky130_fd_sc_hd__nand2_1)
   0.270    6.220 ^ _14333_/X (sky130_fd_sc_hd__xor2_1)
   0.117    6.337 v _14553_/Y (sky130_fd_sc_hd__nand3_1)
   0.111    6.448 ^ _14554_/Y (sky130_fd_sc_hd__nand3_1)
   0.072    6.520 v _14562_/Y (sky130_fd_sc_hd__nand2_1)
   0.237    6.757 v place670/X (sky130_fd_sc_hd__buf_4)
   0.057    6.814 v dp.rf.rf[29][28]$_DFFE_PP_/D (sky130_fd_sc_hd__edfxtp_1)
            6.814   data arrival time

   7.000    7.000   clock clk (rise edge)
   0.775    7.775   clock network delay (ideal)
   0.000    7.775   clock reconvergence pessimism
            7.775 ^ dp.rf.rf[29][28]$_DFFE_PP_/CLK (sky130_fd_sc_hd__edfxtp_1)
  -0.329    7.446   library setup time
            7.446   data required time
-----------------------------------------------------------
            7.446   data required time
           -6.814   data arrival time
-----------------------------------------------------------
            0.633   slack (MET)


Startpoint: dp.rf.rf[5][0]$_DFFE_PP_
            (rising edge-triggered flip-flop clocked by clk)
Endpoint: dp.rf.rf[24][28]$_DFFE_PP_
          (rising edge-triggered flip-flop clocked by clk)
Path Group: clk
Path Type: max

   Delay     Time   Description
-----------------------------------------------------------
   0.000    0.000   clock clk (rise edge)
   0.775    0.775   clock network delay (ideal)
   0.000    0.775 ^ dp.rf.rf[5][0]$_DFFE_PP_/CLK (sky130_fd_sc_hd__edfxtp_1)
   0.323    1.098 ^ dp.rf.rf[5][0]$_DFFE_PP_/Q (sky130_fd_sc_hd__edfxtp_1)
   0.077    1.176 v _10298_/Y (sky130_fd_sc_hd__nand3_1)
   0.108    1.284 ^ _10299_/Y (sky130_fd_sc_hd__nand2_1)
   0.048    1.332 v _10300_/Y (sky130_fd_sc_hd__nand2_1)
   0.089    1.420 ^ _10301_/Y (sky130_fd_sc_hd__nand2_1)
   0.048    1.469 v _10302_/Y (sky130_fd_sc_hd__nand2_1)
   0.103    1.571 ^ _10303_/Y (sky130_fd_sc_hd__nand2_1)
   0.047    1.618 v _10304_/Y (sky130_fd_sc_hd__inv_1)
   0.087    1.705 ^ _10305_/Y (sky130_fd_sc_hd__nand2_1)
   0.087    1.793 v _10306_/Y (sky130_fd_sc_hd__nand2_1)
   0.355    2.148 ^ _12759_/Y (sky130_fd_sc_hd__nand2_1)
   0.279    2.427 ^ place713/X (sky130_fd_sc_hd__buf_4)
   0.063    2.490 v _15032_/Y (sky130_fd_sc_hd__nand2_1)
   0.093    2.583 ^ _15033_/Y (sky130_fd_sc_hd__o21ai_0)
   0.231    2.813 ^ _15388_/COUT (sky130_fd_sc_hd__ha_1)
   0.218    3.032 ^ _15290_/COUT (sky130_fd_sc_hd__fa_1)
   0.055    3.087 v _14173_/Y (sky130_fd_sc_hd__nand2_1)
   0.103    3.190 ^ _14175_/Y (sky130_fd_sc_hd__nand2_1)
   0.136    3.326 v _14176_/Y (sky130_fd_sc_hd__a21oi_1)
   0.365    3.691 ^ _14178_/Y (sky130_fd_sc_hd__o21ai_0)
   0.201    3.892 v _14181_/Y (sky130_fd_sc_hd__a31oi_1)
   0.439    4.331 ^ _14183_/Y (sky130_fd_sc_hd__o21ai_0)
   0.196    4.527 v _14190_/Y (sky130_fd_sc_hd__a21oi_1)
   0.414    4.941 ^ _14192_/Y (sky130_fd_sc_hd__o21ai_0)
   0.251    5.191 v _14199_/Y (sky130_fd_sc_hd__a21boi_0)
   0.346    5.537 ^ _14203_/Y (sky130_fd_sc_hd__o21bai_1)
   0.092    5.630 v _14206_/Y (sky130_fd_sc_hd__nand2_1)
   0.158    5.787 ^ _14208_/Y (sky130_fd_sc_hd__nand2_1)
   0.087    5.875 v _14331_/Y (sky130_fd_sc_hd__nand3_1)
   0.075    5.950 ^ _14332_/Y (sky130_fd_sc_hd__nand2_1)
   0.270    6.220 ^ _14333_/X (sky130_fd_sc_hd__xor2_1)
   0.117    6.337 v _14553_/Y (sky130_fd_sc_hd__nand3_1)
   0.111    6.448 ^ _14554_/Y (sky130_fd_sc_hd__nand3_1)
   0.072    6.520 v _14562_/Y (sky130_fd_sc_hd__nand2_1)
   0.237    6.757 v place670/X (sky130_fd_sc_hd__buf_4)
   0.057    6.813 v dp.rf.rf[24][28]$_DFFE_PP_/D (sky130_fd_sc_hd__edfxtp_1)
            6.813   data arrival time

   7.000    7.000   clock clk (rise edge)
   0.775    7.775   clock network delay (ideal)
   0.000    7.775   clock reconvergence pessimism
            7.775 ^ dp.rf.rf[24][28]$_DFFE_PP_/CLK (sky130_fd_sc_hd__edfxtp_1)
  -0.328    7.447   library setup time
            7.447   data required time
-----------------------------------------------------------
            7.447   data required time
           -6.813   data arrival time
-----------------------------------------------------------
            0.633   slack (MET)


Startpoint: dp.rf.rf[5][0]$_DFFE_PP_
            (rising edge-triggered flip-flop clocked by clk)
Endpoint: dp.rf.rf[30][28]$_DFFE_PP_
          (rising edge-triggered flip-flop clocked by clk)
Path Group: clk
Path Type: max

   Delay     Time   Description
-----------------------------------------------------------
   0.000    0.000   clock clk (rise edge)
   0.775    0.775   clock network delay (ideal)
   0.000    0.775 ^ dp.rf.rf[5][0]$_DFFE_PP_/CLK (sky130_fd_sc_hd__edfxtp_1)
   0.323    1.098 ^ dp.rf.rf[5][0]$_DFFE_PP_/Q (sky130_fd_sc_hd__edfxtp_1)
   0.077    1.176 v _10298_/Y (sky130_fd_sc_hd__nand3_1)
   0.108    1.284 ^ _10299_/Y (sky130_fd_sc_hd__nand2_1)
   0.048    1.332 v _10300_/Y (sky130_fd_sc_hd__nand2_1)
   0.089    1.420 ^ _10301_/Y (sky130_fd_sc_hd__nand2_1)
   0.048    1.469 v _10302_/Y (sky130_fd_sc_hd__nand2_1)
   0.103    1.571 ^ _10303_/Y (sky130_fd_sc_hd__nand2_1)
   0.047    1.618 v _10304_/Y (sky130_fd_sc_hd__inv_1)
   0.087    1.705 ^ _10305_/Y (sky130_fd_sc_hd__nand2_1)
   0.087    1.793 v _10306_/Y (sky130_fd_sc_hd__nand2_1)
   0.355    2.148 ^ _12759_/Y (sky130_fd_sc_hd__nand2_1)
   0.279    2.427 ^ place713/X (sky130_fd_sc_hd__buf_4)
   0.063    2.490 v _15032_/Y (sky130_fd_sc_hd__nand2_1)
   0.093    2.583 ^ _15033_/Y (sky130_fd_sc_hd__o21ai_0)
   0.231    2.813 ^ _15388_/COUT (sky130_fd_sc_hd__ha_1)
   0.218    3.032 ^ _15290_/COUT (sky130_fd_sc_hd__fa_1)
   0.055    3.087 v _14173_/Y (sky130_fd_sc_hd__nand2_1)
   0.103    3.190 ^ _14175_/Y (sky130_fd_sc_hd__nand2_1)
   0.136    3.326 v _14176_/Y (sky130_fd_sc_hd__a21oi_1)
   0.365    3.691 ^ _14178_/Y (sky130_fd_sc_hd__o21ai_0)
   0.201    3.892 v _14181_/Y (sky130_fd_sc_hd__a31oi_1)
   0.439    4.331 ^ _14183_/Y (sky130_fd_sc_hd__o21ai_0)
   0.196    4.527 v _14190_/Y (sky130_fd_sc_hd__a21oi_1)
   0.414    4.941 ^ _14192_/Y (sky130_fd_sc_hd__o21ai_0)
   0.251    5.191 v _14199_/Y (sky130_fd_sc_hd__a21boi_0)
   0.346    5.537 ^ _14203_/Y (sky130_fd_sc_hd__o21bai_1)
   0.092    5.630 v _14206_/Y (sky130_fd_sc_hd__nand2_1)
   0.158    5.787 ^ _14208_/Y (sky130_fd_sc_hd__nand2_1)
   0.087    5.875 v _14331_/Y (sky130_fd_sc_hd__nand3_1)
   0.075    5.950 ^ _14332_/Y (sky130_fd_sc_hd__nand2_1)
   0.270    6.220 ^ _14333_/X (sky130_fd_sc_hd__xor2_1)
   0.117    6.337 v _14553_/Y (sky130_fd_sc_hd__nand3_1)
   0.111    6.448 ^ _14554_/Y (sky130_fd_sc_hd__nand3_1)
   0.072    6.520 v _14562_/Y (sky130_fd_sc_hd__nand2_1)
   0.237    6.757 v place670/X (sky130_fd_sc_hd__buf_4)
   0.055    6.812 v dp.rf.rf[30][28]$_DFFE_PP_/D (sky130_fd_sc_hd__edfxtp_1)
            6.812   data arrival time

   7.000    7.000   clock clk (rise edge)
   0.775    7.775   clock network delay (ideal)
   0.000    7.775   clock reconvergence pessimism
            7.775 ^ dp.rf.rf[30][28]$_DFFE_PP_/CLK (sky130_fd_sc_hd__edfxtp_1)
  -0.328    7.447   library setup time
            7.447   data required time
-----------------------------------------------------------
            7.447   data required time
           -6.812   data arrival time
-----------------------------------------------------------
            0.635   slack (MET)


Startpoint: dp.rf.rf[5][0]$_DFFE_PP_
            (rising edge-triggered flip-flop clocked by clk)
Endpoint: dp.rf.rf[31][28]$_DFFE_PP_
          (rising edge-triggered flip-flop clocked by clk)
Path Group: clk
Path Type: max

   Delay     Time   Description
-----------------------------------------------------------
   0.000    0.000   clock clk (rise edge)
   0.775    0.775   clock network delay (ideal)
   0.000    0.775 ^ dp.rf.rf[5][0]$_DFFE_PP_/CLK (sky130_fd_sc_hd__edfxtp_1)
   0.323    1.098 ^ dp.rf.rf[5][0]$_DFFE_PP_/Q (sky130_fd_sc_hd__edfxtp_1)
   0.077    1.176 v _10298_/Y (sky130_fd_sc_hd__nand3_1)
   0.108    1.284 ^ _10299_/Y (sky130_fd_sc_hd__nand2_1)
   0.048    1.332 v _10300_/Y (sky130_fd_sc_hd__nand2_1)
   0.089    1.420 ^ _10301_/Y (sky130_fd_sc_hd__nand2_1)
   0.048    1.469 v _10302_/Y (sky130_fd_sc_hd__nand2_1)
   0.103    1.571 ^ _10303_/Y (sky130_fd_sc_hd__nand2_1)
   0.047    1.618 v _10304_/Y (sky130_fd_sc_hd__inv_1)
   0.087    1.705 ^ _10305_/Y (sky130_fd_sc_hd__nand2_1)
   0.087    1.793 v _10306_/Y (sky130_fd_sc_hd__nand2_1)
   0.355    2.148 ^ _12759_/Y (sky130_fd_sc_hd__nand2_1)
   0.279    2.427 ^ place713/X (sky130_fd_sc_hd__buf_4)
   0.063    2.490 v _15032_/Y (sky130_fd_sc_hd__nand2_1)
   0.093    2.583 ^ _15033_/Y (sky130_fd_sc_hd__o21ai_0)
   0.231    2.813 ^ _15388_/COUT (sky130_fd_sc_hd__ha_1)
   0.218    3.032 ^ _15290_/COUT (sky130_fd_sc_hd__fa_1)
   0.055    3.087 v _14173_/Y (sky130_fd_sc_hd__nand2_1)
   0.103    3.190 ^ _14175_/Y (sky130_fd_sc_hd__nand2_1)
   0.136    3.326 v _14176_/Y (sky130_fd_sc_hd__a21oi_1)
   0.365    3.691 ^ _14178_/Y (sky130_fd_sc_hd__o21ai_0)
   0.201    3.892 v _14181_/Y (sky130_fd_sc_hd__a31oi_1)
   0.439    4.331 ^ _14183_/Y (sky130_fd_sc_hd__o21ai_0)
   0.196    4.527 v _14190_/Y (sky130_fd_sc_hd__a21oi_1)
   0.414    4.941 ^ _14192_/Y (sky130_fd_sc_hd__o21ai_0)
   0.251    5.191 v _14199_/Y (sky130_fd_sc_hd__a21boi_0)
   0.346    5.537 ^ _14203_/Y (sky130_fd_sc_hd__o21bai_1)
   0.092    5.630 v _14206_/Y (sky130_fd_sc_hd__nand2_1)
   0.158    5.787 ^ _14208_/Y (sky130_fd_sc_hd__nand2_1)
   0.087    5.875 v _14331_/Y (sky130_fd_sc_hd__nand3_1)
   0.075    5.950 ^ _14332_/Y (sky130_fd_sc_hd__nand2_1)
   0.270    6.220 ^ _14333_/X (sky130_fd_sc_hd__xor2_1)
   0.117    6.337 v _14553_/Y (sky130_fd_sc_hd__nand3_1)
   0.111    6.448 ^ _14554_/Y (sky130_fd_sc_hd__nand3_1)
   0.072    6.520 v _14562_/Y (sky130_fd_sc_hd__nand2_1)
   0.237    6.757 v place670/X (sky130_fd_sc_hd__buf_4)
   0.055    6.812 v dp.rf.rf[31][28]$_DFFE_PP_/D (sky130_fd_sc_hd__edfxtp_1)
            6.812   data arrival time

   7.000    7.000   clock clk (rise edge)
   0.775    7.775   clock network delay (ideal)
   0.000    7.775   clock reconvergence pessimism
            7.775 ^ dp.rf.rf[31][28]$_DFFE_PP_/CLK (sky130_fd_sc_hd__edfxtp_1)
  -0.328    7.447   library setup time
            7.447   data required time
-----------------------------------------------------------
            7.447   data required time
           -6.812   data arrival time
-----------------------------------------------------------
            0.635   slack (MET)


Startpoint: dp.rf.rf[5][0]$_DFFE_PP_
            (rising edge-triggered flip-flop clocked by clk)
Endpoint: dp.rf.rf[27][30]$_DFFE_PP_
          (rising edge-triggered flip-flop clocked by clk)
Path Group: clk
Path Type: max

   Delay     Time   Description
-----------------------------------------------------------
   0.000    0.000   clock clk (rise edge)
   0.775    0.775   clock network delay (ideal)
   0.000    0.775 ^ dp.rf.rf[5][0]$_DFFE_PP_/CLK (sky130_fd_sc_hd__edfxtp_1)
   0.323    1.098 ^ dp.rf.rf[5][0]$_DFFE_PP_/Q (sky130_fd_sc_hd__edfxtp_1)
   0.077    1.176 v _10298_/Y (sky130_fd_sc_hd__nand3_1)
   0.108    1.284 ^ _10299_/Y (sky130_fd_sc_hd__nand2_1)
   0.048    1.332 v _10300_/Y (sky130_fd_sc_hd__nand2_1)
   0.089    1.420 ^ _10301_/Y (sky130_fd_sc_hd__nand2_1)
   0.048    1.469 v _10302_/Y (sky130_fd_sc_hd__nand2_1)
   0.103    1.571 ^ _10303_/Y (sky130_fd_sc_hd__nand2_1)
   0.047    1.618 v _10304_/Y (sky130_fd_sc_hd__inv_1)
   0.087    1.705 ^ _10305_/Y (sky130_fd_sc_hd__nand2_1)
   0.087    1.793 v _10306_/Y (sky130_fd_sc_hd__nand2_1)
   0.355    2.148 ^ _12759_/Y (sky130_fd_sc_hd__nand2_1)
   0.279    2.427 ^ place713/X (sky130_fd_sc_hd__buf_4)
   0.063    2.490 v _15032_/Y (sky130_fd_sc_hd__nand2_1)
   0.093    2.583 ^ _15033_/Y (sky130_fd_sc_hd__o21ai_0)
   0.231    2.813 ^ _15388_/COUT (sky130_fd_sc_hd__ha_1)
   0.218    3.032 ^ _15290_/COUT (sky130_fd_sc_hd__fa_1)
   0.055    3.087 v _14173_/Y (sky130_fd_sc_hd__nand2_1)
   0.103    3.190 ^ _14175_/Y (sky130_fd_sc_hd__nand2_1)
   0.136    3.326 v _14176_/Y (sky130_fd_sc_hd__a21oi_1)
   0.365    3.691 ^ _14178_/Y (sky130_fd_sc_hd__o21ai_0)
   0.201    3.892 v _14181_/Y (sky130_fd_sc_hd__a31oi_1)
   0.439    4.331 ^ _14183_/Y (sky130_fd_sc_hd__o21ai_0)
   0.196    4.527 v _14190_/Y (sky130_fd_sc_hd__a21oi_1)
   0.414    4.941 ^ _14192_/Y (sky130_fd_sc_hd__o21ai_0)
   0.251    5.191 v _14199_/Y (sky130_fd_sc_hd__a21boi_0)
   0.346    5.537 ^ _14203_/Y (sky130_fd_sc_hd__o21bai_1)
   0.092    5.630 v _14206_/Y (sky130_fd_sc_hd__nand2_1)
   0.158    5.787 ^ _14208_/Y (sky130_fd_sc_hd__nand2_1)
   0.051    5.839 v _14209_/Y (sky130_fd_sc_hd__inv_1)
   0.182    6.020 ^ _14215_/Y (sky130_fd_sc_hd__o21ai_0)
   0.223    6.243 ^ _14216_/X (sky130_fd_sc_hd__xor2_1)
   0.097    6.339 v _14511_/Y (sky130_fd_sc_hd__nand3_1)
   0.109    6.448 ^ _14512_/Y (sky130_fd_sc_hd__nand3_1)
   0.089    6.537 v _14531_/Y (sky130_fd_sc_hd__nand2_1)
   0.257    6.794 v place665/X (sky130_fd_sc_hd__buf_4)
   0.033    6.827 v dp.rf.rf[27][30]$_DFFE_PP_/D (sky130_fd_sc_hd__edfxtp_1)
            6.827   data arrival time

   7.000    7.000   clock clk (rise edge)
   0.775    7.775   clock network delay (ideal)
   0.000    7.775   clock reconvergence pessimism
            7.775 ^ dp.rf.rf[27][30]$_DFFE_PP_/CLK (sky130_fd_sc_hd__edfxtp_1)
  -0.311    7.464   library setup time
            7.464   data required time
-----------------------------------------------------------
            7.464   data required time
           -6.827   data arrival time
-----------------------------------------------------------
            0.637   slack (MET)


Startpoint: dp.rf.rf[5][0]$_DFFE_PP_
            (rising edge-triggered flip-flop clocked by clk)
Endpoint: dp.rf.rf[26][30]$_DFFE_PP_
          (rising edge-triggered flip-flop clocked by clk)
Path Group: clk
Path Type: max

   Delay     Time   Description
-----------------------------------------------------------
   0.000    0.000   clock clk (rise edge)
   0.775    0.775   clock network delay (ideal)
   0.000    0.775 ^ dp.rf.rf[5][0]$_DFFE_PP_/CLK (sky130_fd_sc_hd__edfxtp_1)
   0.323    1.098 ^ dp.rf.rf[5][0]$_DFFE_PP_/Q (sky130_fd_sc_hd__edfxtp_1)
   0.077    1.176 v _10298_/Y (sky130_fd_sc_hd__nand3_1)
   0.108    1.284 ^ _10299_/Y (sky130_fd_sc_hd__nand2_1)
   0.048    1.332 v _10300_/Y (sky130_fd_sc_hd__nand2_1)
   0.089    1.420 ^ _10301_/Y (sky130_fd_sc_hd__nand2_1)
   0.048    1.469 v _10302_/Y (sky130_fd_sc_hd__nand2_1)
   0.103    1.571 ^ _10303_/Y (sky130_fd_sc_hd__nand2_1)
   0.047    1.618 v _10304_/Y (sky130_fd_sc_hd__inv_1)
   0.087    1.705 ^ _10305_/Y (sky130_fd_sc_hd__nand2_1)
   0.087    1.793 v _10306_/Y (sky130_fd_sc_hd__nand2_1)
   0.355    2.148 ^ _12759_/Y (sky130_fd_sc_hd__nand2_1)
   0.279    2.427 ^ place713/X (sky130_fd_sc_hd__buf_4)
   0.063    2.490 v _15032_/Y (sky130_fd_sc_hd__nand2_1)
   0.093    2.583 ^ _15033_/Y (sky130_fd_sc_hd__o21ai_0)
   0.231    2.813 ^ _15388_/COUT (sky130_fd_sc_hd__ha_1)
   0.218    3.032 ^ _15290_/COUT (sky130_fd_sc_hd__fa_1)
   0.055    3.087 v _14173_/Y (sky130_fd_sc_hd__nand2_1)
   0.103    3.190 ^ _14175_/Y (sky130_fd_sc_hd__nand2_1)
   0.136    3.326 v _14176_/Y (sky130_fd_sc_hd__a21oi_1)
   0.365    3.691 ^ _14178_/Y (sky130_fd_sc_hd__o21ai_0)
   0.201    3.892 v _14181_/Y (sky130_fd_sc_hd__a31oi_1)
   0.439    4.331 ^ _14183_/Y (sky130_fd_sc_hd__o21ai_0)
   0.196    4.527 v _14190_/Y (sky130_fd_sc_hd__a21oi_1)
   0.414    4.941 ^ _14192_/Y (sky130_fd_sc_hd__o21ai_0)
   0.251    5.191 v _14199_/Y (sky130_fd_sc_hd__a21boi_0)
   0.346    5.537 ^ _14203_/Y (sky130_fd_sc_hd__o21bai_1)
   0.092    5.630 v _14206_/Y (sky130_fd_sc_hd__nand2_1)
   0.158    5.787 ^ _14208_/Y (sky130_fd_sc_hd__nand2_1)
   0.051    5.839 v _14209_/Y (sky130_fd_sc_hd__inv_1)
   0.182    6.020 ^ _14215_/Y (sky130_fd_sc_hd__o21ai_0)
   0.223    6.243 ^ _14216_/X (sky130_fd_sc_hd__xor2_1)
   0.097    6.339 v _14511_/Y (sky130_fd_sc_hd__nand3_1)
   0.109    6.448 ^ _14512_/Y (sky130_fd_sc_hd__nand3_1)
   0.089    6.537 v _14531_/Y (sky130_fd_sc_hd__nand2_1)
   0.257    6.794 v place665/X (sky130_fd_sc_hd__buf_4)
   0.032    6.827 v dp.rf.rf[26][30]$_DFFE_PP_/D (sky130_fd_sc_hd__edfxtp_1)
            6.827   data arrival time

   7.000    7.000   clock clk (rise edge)
   0.775    7.775   clock network delay (ideal)
   0.000    7.775   clock reconvergence pessimism
            7.775 ^ dp.rf.rf[26][30]$_DFFE_PP_/CLK (sky130_fd_sc_hd__edfxtp_1)
  -0.311    7.464   library setup time
            7.464   data required time
-----------------------------------------------------------
            7.464   data required time
           -6.827   data arrival time
-----------------------------------------------------------
            0.638   slack (MET)


Startpoint: dp.rf.rf[5][0]$_DFFE_PP_
            (rising edge-triggered flip-flop clocked by clk)
Endpoint: dp.rf.rf[27][28]$_DFFE_PP_
          (rising edge-triggered flip-flop clocked by clk)
Path Group: clk
Path Type: max

   Delay     Time   Description
-----------------------------------------------------------
   0.000    0.000   clock clk (rise edge)
   0.775    0.775   clock network delay (ideal)
   0.000    0.775 ^ dp.rf.rf[5][0]$_DFFE_PP_/CLK (sky130_fd_sc_hd__edfxtp_1)
   0.323    1.098 ^ dp.rf.rf[5][0]$_DFFE_PP_/Q (sky130_fd_sc_hd__edfxtp_1)
   0.077    1.176 v _10298_/Y (sky130_fd_sc_hd__nand3_1)
   0.108    1.284 ^ _10299_/Y (sky130_fd_sc_hd__nand2_1)
   0.048    1.332 v _10300_/Y (sky130_fd_sc_hd__nand2_1)
   0.089    1.420 ^ _10301_/Y (sky130_fd_sc_hd__nand2_1)
   0.048    1.469 v _10302_/Y (sky130_fd_sc_hd__nand2_1)
   0.103    1.571 ^ _10303_/Y (sky130_fd_sc_hd__nand2_1)
   0.047    1.618 v _10304_/Y (sky130_fd_sc_hd__inv_1)
   0.087    1.705 ^ _10305_/Y (sky130_fd_sc_hd__nand2_1)
   0.087    1.793 v _10306_/Y (sky130_fd_sc_hd__nand2_1)
   0.355    2.148 ^ _12759_/Y (sky130_fd_sc_hd__nand2_1)
   0.279    2.427 ^ place713/X (sky130_fd_sc_hd__buf_4)
   0.063    2.490 v _15032_/Y (sky130_fd_sc_hd__nand2_1)
   0.093    2.583 ^ _15033_/Y (sky130_fd_sc_hd__o21ai_0)
   0.231    2.813 ^ _15388_/COUT (sky130_fd_sc_hd__ha_1)
   0.218    3.032 ^ _15290_/COUT (sky130_fd_sc_hd__fa_1)
   0.055    3.087 v _14173_/Y (sky130_fd_sc_hd__nand2_1)
   0.103    3.190 ^ _14175_/Y (sky130_fd_sc_hd__nand2_1)
   0.136    3.326 v _14176_/Y (sky130_fd_sc_hd__a21oi_1)
   0.365    3.691 ^ _14178_/Y (sky130_fd_sc_hd__o21ai_0)
   0.201    3.892 v _14181_/Y (sky130_fd_sc_hd__a31oi_1)
   0.439    4.331 ^ _14183_/Y (sky130_fd_sc_hd__o21ai_0)
   0.196    4.527 v _14190_/Y (sky130_fd_sc_hd__a21oi_1)
   0.414    4.941 ^ _14192_/Y (sky130_fd_sc_hd__o21ai_0)
   0.251    5.191 v _14199_/Y (sky130_fd_sc_hd__a21boi_0)
   0.346    5.537 ^ _14203_/Y (sky130_fd_sc_hd__o21bai_1)
   0.092    5.630 v _14206_/Y (sky130_fd_sc_hd__nand2_1)
   0.158    5.787 ^ _14208_/Y (sky130_fd_sc_hd__nand2_1)
   0.087    5.875 v _14331_/Y (sky130_fd_sc_hd__nand3_1)
   0.075    5.950 ^ _14332_/Y (sky130_fd_sc_hd__nand2_1)
   0.270    6.220 ^ _14333_/X (sky130_fd_sc_hd__xor2_1)
   0.117    6.337 v _14553_/Y (sky130_fd_sc_hd__nand3_1)
   0.111    6.448 ^ _14554_/Y (sky130_fd_sc_hd__nand3_1)
   0.072    6.520 v _14562_/Y (sky130_fd_sc_hd__nand2_1)
   0.237    6.757 v place670/X (sky130_fd_sc_hd__buf_4)
   0.054    6.810 v dp.rf.rf[27][28]$_DFFE_PP_/D (sky130_fd_sc_hd__edfxtp_1)
            6.810   data arrival time

   7.000    7.000   clock clk (rise edge)
   0.775    7.775   clock network delay (ideal)
   0.000    7.775   clock reconvergence pessimism
            7.775 ^ dp.rf.rf[27][28]$_DFFE_PP_/CLK (sky130_fd_sc_hd__edfxtp_1)
  -0.327    7.448   library setup time
            7.448   data required time
-----------------------------------------------------------
            7.448   data required time
           -6.810   data arrival time
-----------------------------------------------------------
            0.638   slack (MET)


Startpoint: dp.rf.rf[5][0]$_DFFE_PP_
            (rising edge-triggered flip-flop clocked by clk)
Endpoint: dp.rf.rf[31][30]$_DFFE_PP_
          (rising edge-triggered flip-flop clocked by clk)
Path Group: clk
Path Type: max

   Delay     Time   Description
-----------------------------------------------------------
   0.000    0.000   clock clk (rise edge)
   0.775    0.775   clock network delay (ideal)
   0.000    0.775 ^ dp.rf.rf[5][0]$_DFFE_PP_/CLK (sky130_fd_sc_hd__edfxtp_1)
   0.323    1.098 ^ dp.rf.rf[5][0]$_DFFE_PP_/Q (sky130_fd_sc_hd__edfxtp_1)
   0.077    1.176 v _10298_/Y (sky130_fd_sc_hd__nand3_1)
   0.108    1.284 ^ _10299_/Y (sky130_fd_sc_hd__nand2_1)
   0.048    1.332 v _10300_/Y (sky130_fd_sc_hd__nand2_1)
   0.089    1.420 ^ _10301_/Y (sky130_fd_sc_hd__nand2_1)
   0.048    1.469 v _10302_/Y (sky130_fd_sc_hd__nand2_1)
   0.103    1.571 ^ _10303_/Y (sky130_fd_sc_hd__nand2_1)
   0.047    1.618 v _10304_/Y (sky130_fd_sc_hd__inv_1)
   0.087    1.705 ^ _10305_/Y (sky130_fd_sc_hd__nand2_1)
   0.087    1.793 v _10306_/Y (sky130_fd_sc_hd__nand2_1)
   0.355    2.148 ^ _12759_/Y (sky130_fd_sc_hd__nand2_1)
   0.279    2.427 ^ place713/X (sky130_fd_sc_hd__buf_4)
   0.063    2.490 v _15032_/Y (sky130_fd_sc_hd__nand2_1)
   0.093    2.583 ^ _15033_/Y (sky130_fd_sc_hd__o21ai_0)
   0.231    2.813 ^ _15388_/COUT (sky130_fd_sc_hd__ha_1)
   0.218    3.032 ^ _15290_/COUT (sky130_fd_sc_hd__fa_1)
   0.055    3.087 v _14173_/Y (sky130_fd_sc_hd__nand2_1)
   0.103    3.190 ^ _14175_/Y (sky130_fd_sc_hd__nand2_1)
   0.136    3.326 v _14176_/Y (sky130_fd_sc_hd__a21oi_1)
   0.365    3.691 ^ _14178_/Y (sky130_fd_sc_hd__o21ai_0)
   0.201    3.892 v _14181_/Y (sky130_fd_sc_hd__a31oi_1)
   0.439    4.331 ^ _14183_/Y (sky130_fd_sc_hd__o21ai_0)
   0.196    4.527 v _14190_/Y (sky130_fd_sc_hd__a21oi_1)
   0.414    4.941 ^ _14192_/Y (sky130_fd_sc_hd__o21ai_0)
   0.251    5.191 v _14199_/Y (sky130_fd_sc_hd__a21boi_0)
   0.346    5.537 ^ _14203_/Y (sky130_fd_sc_hd__o21bai_1)
   0.092    5.630 v _14206_/Y (sky130_fd_sc_hd__nand2_1)
   0.158    5.787 ^ _14208_/Y (sky130_fd_sc_hd__nand2_1)
   0.051    5.839 v _14209_/Y (sky130_fd_sc_hd__inv_1)
   0.182    6.020 ^ _14215_/Y (sky130_fd_sc_hd__o21ai_0)
   0.223    6.243 ^ _14216_/X (sky130_fd_sc_hd__xor2_1)
   0.097    6.339 v _14511_/Y (sky130_fd_sc_hd__nand3_1)
   0.109    6.448 ^ _14512_/Y (sky130_fd_sc_hd__nand3_1)
   0.089    6.537 v _14531_/Y (sky130_fd_sc_hd__nand2_1)
   0.257    6.794 v place665/X (sky130_fd_sc_hd__buf_4)
   0.032    6.827 v dp.rf.rf[31][30]$_DFFE_PP_/D (sky130_fd_sc_hd__edfxtp_1)
            6.827   data arrival time

   7.000    7.000   clock clk (rise edge)
   0.775    7.775   clock network delay (ideal)
   0.000    7.775   clock reconvergence pessimism
            7.775 ^ dp.rf.rf[31][30]$_DFFE_PP_/CLK (sky130_fd_sc_hd__edfxtp_1)
  -0.311    7.464   library setup time
            7.464   data required time
-----------------------------------------------------------
            7.464   data required time
           -6.827   data arrival time
-----------------------------------------------------------
            0.638   slack (MET)


Startpoint: dp.rf.rf[5][0]$_DFFE_PP_
            (rising edge-triggered flip-flop clocked by clk)
Endpoint: dp.rf.rf[30][30]$_DFFE_PP_
          (rising edge-triggered flip-flop clocked by clk)
Path Group: clk
Path Type: max

   Delay     Time   Description
-----------------------------------------------------------
   0.000    0.000   clock clk (rise edge)
   0.775    0.775   clock network delay (ideal)
   0.000    0.775 ^ dp.rf.rf[5][0]$_DFFE_PP_/CLK (sky130_fd_sc_hd__edfxtp_1)
   0.323    1.098 ^ dp.rf.rf[5][0]$_DFFE_PP_/Q (sky130_fd_sc_hd__edfxtp_1)
   0.077    1.176 v _10298_/Y (sky130_fd_sc_hd__nand3_1)
   0.108    1.284 ^ _10299_/Y (sky130_fd_sc_hd__nand2_1)
   0.048    1.332 v _10300_/Y (sky130_fd_sc_hd__nand2_1)
   0.089    1.420 ^ _10301_/Y (sky130_fd_sc_hd__nand2_1)
   0.048    1.469 v _10302_/Y (sky130_fd_sc_hd__nand2_1)
   0.103    1.571 ^ _10303_/Y (sky130_fd_sc_hd__nand2_1)
   0.047    1.618 v _10304_/Y (sky130_fd_sc_hd__inv_1)
   0.087    1.705 ^ _10305_/Y (sky130_fd_sc_hd__nand2_1)
   0.087    1.793 v _10306_/Y (sky130_fd_sc_hd__nand2_1)
   0.355    2.148 ^ _12759_/Y (sky130_fd_sc_hd__nand2_1)
   0.279    2.427 ^ place713/X (sky130_fd_sc_hd__buf_4)
   0.063    2.490 v _15032_/Y (sky130_fd_sc_hd__nand2_1)
   0.093    2.583 ^ _15033_/Y (sky130_fd_sc_hd__o21ai_0)
   0.231    2.813 ^ _15388_/COUT (sky130_fd_sc_hd__ha_1)
   0.218    3.032 ^ _15290_/COUT (sky130_fd_sc_hd__fa_1)
   0.055    3.087 v _14173_/Y (sky130_fd_sc_hd__nand2_1)
   0.103    3.190 ^ _14175_/Y (sky130_fd_sc_hd__nand2_1)
   0.136    3.326 v _14176_/Y (sky130_fd_sc_hd__a21oi_1)
   0.365    3.691 ^ _14178_/Y (sky130_fd_sc_hd__o21ai_0)
   0.201    3.892 v _14181_/Y (sky130_fd_sc_hd__a31oi_1)
   0.439    4.331 ^ _14183_/Y (sky130_fd_sc_hd__o21ai_0)
   0.196    4.527 v _14190_/Y (sky130_fd_sc_hd__a21oi_1)
   0.414    4.941 ^ _14192_/Y (sky130_fd_sc_hd__o21ai_0)
   0.251    5.191 v _14199_/Y (sky130_fd_sc_hd__a21boi_0)
   0.346    5.537 ^ _14203_/Y (sky130_fd_sc_hd__o21bai_1)
   0.092    5.630 v _14206_/Y (sky130_fd_sc_hd__nand2_1)
   0.158    5.787 ^ _14208_/Y (sky130_fd_sc_hd__nand2_1)
   0.051    5.839 v _14209_/Y (sky130_fd_sc_hd__inv_1)
   0.182    6.020 ^ _14215_/Y (sky130_fd_sc_hd__o21ai_0)
   0.223    6.243 ^ _14216_/X (sky130_fd_sc_hd__xor2_1)
   0.097    6.339 v _14511_/Y (sky130_fd_sc_hd__nand3_1)
   0.109    6.448 ^ _14512_/Y (sky130_fd_sc_hd__nand3_1)
   0.089    6.537 v _14531_/Y (sky130_fd_sc_hd__nand2_1)
   0.257    6.794 v place665/X (sky130_fd_sc_hd__buf_4)
   0.032    6.827 v dp.rf.rf[30][30]$_DFFE_PP_/D (sky130_fd_sc_hd__edfxtp_1)
            6.827   data arrival time

   7.000    7.000   clock clk (rise edge)
   0.775    7.775   clock network delay (ideal)
   0.000    7.775   clock reconvergence pessimism
            7.775 ^ dp.rf.rf[30][30]$_DFFE_PP_/CLK (sky130_fd_sc_hd__edfxtp_1)
  -0.311    7.464   library setup time
            7.464   data required time
-----------------------------------------------------------
            7.464   data required time
           -6.827   data arrival time
-----------------------------------------------------------
            0.638   slack (MET)


Startpoint: dp.rf.rf[5][0]$_DFFE_PP_
            (rising edge-triggered flip-flop clocked by clk)
Endpoint: dp.rf.rf[29][30]$_DFFE_PP_
          (rising edge-triggered flip-flop clocked by clk)
Path Group: clk
Path Type: max

   Delay     Time   Description
-----------------------------------------------------------
   0.000    0.000   clock clk (rise edge)
   0.775    0.775   clock network delay (ideal)
   0.000    0.775 ^ dp.rf.rf[5][0]$_DFFE_PP_/CLK (sky130_fd_sc_hd__edfxtp_1)
   0.323    1.098 ^ dp.rf.rf[5][0]$_DFFE_PP_/Q (sky130_fd_sc_hd__edfxtp_1)
   0.077    1.176 v _10298_/Y (sky130_fd_sc_hd__nand3_1)
   0.108    1.284 ^ _10299_/Y (sky130_fd_sc_hd__nand2_1)
   0.048    1.332 v _10300_/Y (sky130_fd_sc_hd__nand2_1)
   0.089    1.420 ^ _10301_/Y (sky130_fd_sc_hd__nand2_1)
   0.048    1.469 v _10302_/Y (sky130_fd_sc_hd__nand2_1)
   0.103    1.571 ^ _10303_/Y (sky130_fd_sc_hd__nand2_1)
   0.047    1.618 v _10304_/Y (sky130_fd_sc_hd__inv_1)
   0.087    1.705 ^ _10305_/Y (sky130_fd_sc_hd__nand2_1)
   0.087    1.793 v _10306_/Y (sky130_fd_sc_hd__nand2_1)
   0.355    2.148 ^ _12759_/Y (sky130_fd_sc_hd__nand2_1)
   0.279    2.427 ^ place713/X (sky130_fd_sc_hd__buf_4)
   0.063    2.490 v _15032_/Y (sky130_fd_sc_hd__nand2_1)
   0.093    2.583 ^ _15033_/Y (sky130_fd_sc_hd__o21ai_0)
   0.231    2.813 ^ _15388_/COUT (sky130_fd_sc_hd__ha_1)
   0.218    3.032 ^ _15290_/COUT (sky130_fd_sc_hd__fa_1)
   0.055    3.087 v _14173_/Y (sky130_fd_sc_hd__nand2_1)
   0.103    3.190 ^ _14175_/Y (sky130_fd_sc_hd__nand2_1)
   0.136    3.326 v _14176_/Y (sky130_fd_sc_hd__a21oi_1)
   0.365    3.691 ^ _14178_/Y (sky130_fd_sc_hd__o21ai_0)
   0.201    3.892 v _14181_/Y (sky130_fd_sc_hd__a31oi_1)
   0.439    4.331 ^ _14183_/Y (sky130_fd_sc_hd__o21ai_0)
   0.196    4.527 v _14190_/Y (sky130_fd_sc_hd__a21oi_1)
   0.414    4.941 ^ _14192_/Y (sky130_fd_sc_hd__o21ai_0)
   0.251    5.191 v _14199_/Y (sky130_fd_sc_hd__a21boi_0)
   0.346    5.537 ^ _14203_/Y (sky130_fd_sc_hd__o21bai_1)
   0.092    5.630 v _14206_/Y (sky130_fd_sc_hd__nand2_1)
   0.158    5.787 ^ _14208_/Y (sky130_fd_sc_hd__nand2_1)
   0.051    5.839 v _14209_/Y (sky130_fd_sc_hd__inv_1)
   0.182    6.020 ^ _14215_/Y (sky130_fd_sc_hd__o21ai_0)
   0.223    6.243 ^ _14216_/X (sky130_fd_sc_hd__xor2_1)
   0.097    6.339 v _14511_/Y (sky130_fd_sc_hd__nand3_1)
   0.109    6.448 ^ _14512_/Y (sky130_fd_sc_hd__nand3_1)
   0.089    6.537 v _14531_/Y (sky130_fd_sc_hd__nand2_1)
   0.257    6.794 v place665/X (sky130_fd_sc_hd__buf_4)
   0.032    6.826 v dp.rf.rf[29][30]$_DFFE_PP_/D (sky130_fd_sc_hd__edfxtp_1)
            6.826   data arrival time

   7.000    7.000   clock clk (rise edge)
   0.775    7.775   clock network delay (ideal)
   0.000    7.775   clock reconvergence pessimism
            7.775 ^ dp.rf.rf[29][30]$_DFFE_PP_/CLK (sky130_fd_sc_hd__edfxtp_1)
  -0.311    7.464   library setup time
            7.464   data required time
-----------------------------------------------------------
            7.464   data required time
           -6.826   data arrival time
-----------------------------------------------------------
            0.638   slack (MET)


Startpoint: dp.rf.rf[5][0]$_DFFE_PP_
            (rising edge-triggered flip-flop clocked by clk)
Endpoint: dp.rf.rf[24][30]$_DFFE_PP_
          (rising edge-triggered flip-flop clocked by clk)
Path Group: clk
Path Type: max

   Delay     Time   Description
-----------------------------------------------------------
   0.000    0.000   clock clk (rise edge)
   0.775    0.775   clock network delay (ideal)
   0.000    0.775 ^ dp.rf.rf[5][0]$_DFFE_PP_/CLK (sky130_fd_sc_hd__edfxtp_1)
   0.323    1.098 ^ dp.rf.rf[5][0]$_DFFE_PP_/Q (sky130_fd_sc_hd__edfxtp_1)
   0.077    1.176 v _10298_/Y (sky130_fd_sc_hd__nand3_1)
   0.108    1.284 ^ _10299_/Y (sky130_fd_sc_hd__nand2_1)
   0.048    1.332 v _10300_/Y (sky130_fd_sc_hd__nand2_1)
   0.089    1.420 ^ _10301_/Y (sky130_fd_sc_hd__nand2_1)
   0.048    1.469 v _10302_/Y (sky130_fd_sc_hd__nand2_1)
   0.103    1.571 ^ _10303_/Y (sky130_fd_sc_hd__nand2_1)
   0.047    1.618 v _10304_/Y (sky130_fd_sc_hd__inv_1)
   0.087    1.705 ^ _10305_/Y (sky130_fd_sc_hd__nand2_1)
   0.087    1.793 v _10306_/Y (sky130_fd_sc_hd__nand2_1)
   0.355    2.148 ^ _12759_/Y (sky130_fd_sc_hd__nand2_1)
   0.279    2.427 ^ place713/X (sky130_fd_sc_hd__buf_4)
   0.063    2.490 v _15032_/Y (sky130_fd_sc_hd__nand2_1)
   0.093    2.583 ^ _15033_/Y (sky130_fd_sc_hd__o21ai_0)
   0.231    2.813 ^ _15388_/COUT (sky130_fd_sc_hd__ha_1)
   0.218    3.032 ^ _15290_/COUT (sky130_fd_sc_hd__fa_1)
   0.055    3.087 v _14173_/Y (sky130_fd_sc_hd__nand2_1)
   0.103    3.190 ^ _14175_/Y (sky130_fd_sc_hd__nand2_1)
   0.136    3.326 v _14176_/Y (sky130_fd_sc_hd__a21oi_1)
   0.365    3.691 ^ _14178_/Y (sky130_fd_sc_hd__o21ai_0)
   0.201    3.892 v _14181_/Y (sky130_fd_sc_hd__a31oi_1)
   0.439    4.331 ^ _14183_/Y (sky130_fd_sc_hd__o21ai_0)
   0.196    4.527 v _14190_/Y (sky130_fd_sc_hd__a21oi_1)
   0.414    4.941 ^ _14192_/Y (sky130_fd_sc_hd__o21ai_0)
   0.251    5.191 v _14199_/Y (sky130_fd_sc_hd__a21boi_0)
   0.346    5.537 ^ _14203_/Y (sky130_fd_sc_hd__o21bai_1)
   0.092    5.630 v _14206_/Y (sky130_fd_sc_hd__nand2_1)
   0.158    5.787 ^ _14208_/Y (sky130_fd_sc_hd__nand2_1)
   0.051    5.839 v _14209_/Y (sky130_fd_sc_hd__inv_1)
   0.182    6.020 ^ _14215_/Y (sky130_fd_sc_hd__o21ai_0)
   0.223    6.243 ^ _14216_/X (sky130_fd_sc_hd__xor2_1)
   0.097    6.339 v _14511_/Y (sky130_fd_sc_hd__nand3_1)
   0.109    6.448 ^ _14512_/Y (sky130_fd_sc_hd__nand3_1)
   0.089    6.537 v _14531_/Y (sky130_fd_sc_hd__nand2_1)
   0.257    6.794 v place665/X (sky130_fd_sc_hd__buf_4)
   0.032    6.826 v dp.rf.rf[24][30]$_DFFE_PP_/D (sky130_fd_sc_hd__edfxtp_1)
            6.826   data arrival time

   7.000    7.000   clock clk (rise edge)
   0.775    7.775   clock network delay (ideal)
   0.000    7.775   clock reconvergence pessimism
            7.775 ^ dp.rf.rf[24][30]$_DFFE_PP_/CLK (sky130_fd_sc_hd__edfxtp_1)
  -0.311    7.464   library setup time
            7.464   data required time
-----------------------------------------------------------
            7.464   data required time
           -6.826   data arrival time
-----------------------------------------------------------
            0.638   slack (MET)


Startpoint: dp.rf.rf[5][0]$_DFFE_PP_
            (rising edge-triggered flip-flop clocked by clk)
Endpoint: dp.rf.rf[25][30]$_DFFE_PP_
          (rising edge-triggered flip-flop clocked by clk)
Path Group: clk
Path Type: max

   Delay     Time   Description
-----------------------------------------------------------
   0.000    0.000   clock clk (rise edge)
   0.775    0.775   clock network delay (ideal)
   0.000    0.775 ^ dp.rf.rf[5][0]$_DFFE_PP_/CLK (sky130_fd_sc_hd__edfxtp_1)
   0.323    1.098 ^ dp.rf.rf[5][0]$_DFFE_PP_/Q (sky130_fd_sc_hd__edfxtp_1)
   0.077    1.176 v _10298_/Y (sky130_fd_sc_hd__nand3_1)
   0.108    1.284 ^ _10299_/Y (sky130_fd_sc_hd__nand2_1)
   0.048    1.332 v _10300_/Y (sky130_fd_sc_hd__nand2_1)
   0.089    1.420 ^ _10301_/Y (sky130_fd_sc_hd__nand2_1)
   0.048    1.469 v _10302_/Y (sky130_fd_sc_hd__nand2_1)
   0.103    1.571 ^ _10303_/Y (sky130_fd_sc_hd__nand2_1)
   0.047    1.618 v _10304_/Y (sky130_fd_sc_hd__inv_1)
   0.087    1.705 ^ _10305_/Y (sky130_fd_sc_hd__nand2_1)
   0.087    1.793 v _10306_/Y (sky130_fd_sc_hd__nand2_1)
   0.355    2.148 ^ _12759_/Y (sky130_fd_sc_hd__nand2_1)
   0.279    2.427 ^ place713/X (sky130_fd_sc_hd__buf_4)
   0.063    2.490 v _15032_/Y (sky130_fd_sc_hd__nand2_1)
   0.093    2.583 ^ _15033_/Y (sky130_fd_sc_hd__o21ai_0)
   0.231    2.813 ^ _15388_/COUT (sky130_fd_sc_hd__ha_1)
   0.218    3.032 ^ _15290_/COUT (sky130_fd_sc_hd__fa_1)
   0.055    3.087 v _14173_/Y (sky130_fd_sc_hd__nand2_1)
   0.103    3.190 ^ _14175_/Y (sky130_fd_sc_hd__nand2_1)
   0.136    3.326 v _14176_/Y (sky130_fd_sc_hd__a21oi_1)
   0.365    3.691 ^ _14178_/Y (sky130_fd_sc_hd__o21ai_0)
   0.201    3.892 v _14181_/Y (sky130_fd_sc_hd__a31oi_1)
   0.439    4.331 ^ _14183_/Y (sky130_fd_sc_hd__o21ai_0)
   0.196    4.527 v _14190_/Y (sky130_fd_sc_hd__a21oi_1)
   0.414    4.941 ^ _14192_/Y (sky130_fd_sc_hd__o21ai_0)
   0.251    5.191 v _14199_/Y (sky130_fd_sc_hd__a21boi_0)
   0.346    5.537 ^ _14203_/Y (sky130_fd_sc_hd__o21bai_1)
   0.092    5.630 v _14206_/Y (sky130_fd_sc_hd__nand2_1)
   0.158    5.787 ^ _14208_/Y (sky130_fd_sc_hd__nand2_1)
   0.051    5.839 v _14209_/Y (sky130_fd_sc_hd__inv_1)
   0.182    6.020 ^ _14215_/Y (sky130_fd_sc_hd__o21ai_0)
   0.223    6.243 ^ _14216_/X (sky130_fd_sc_hd__xor2_1)
   0.097    6.339 v _14511_/Y (sky130_fd_sc_hd__nand3_1)
   0.109    6.448 ^ _14512_/Y (sky130_fd_sc_hd__nand3_1)
   0.089    6.537 v _14531_/Y (sky130_fd_sc_hd__nand2_1)
   0.257    6.794 v place665/X (sky130_fd_sc_hd__buf_4)
   0.032    6.826 v dp.rf.rf[25][30]$_DFFE_PP_/D (sky130_fd_sc_hd__edfxtp_1)
            6.826   data arrival time

   7.000    7.000   clock clk (rise edge)
   0.775    7.775   clock network delay (ideal)
   0.000    7.775   clock reconvergence pessimism
            7.775 ^ dp.rf.rf[25][30]$_DFFE_PP_/CLK (sky130_fd_sc_hd__edfxtp_1)
  -0.310    7.465   library setup time
            7.465   data required time
-----------------------------------------------------------
            7.465   data required time
           -6.826   data arrival time
-----------------------------------------------------------
            0.638   slack (MET)


Startpoint: dp.rf.rf[5][0]$_DFFE_PP_
            (rising edge-triggered flip-flop clocked by clk)
Endpoint: dp.rf.rf[25][28]$_DFFE_PP_
          (rising edge-triggered flip-flop clocked by clk)
Path Group: clk
Path Type: max

   Delay     Time   Description
-----------------------------------------------------------
   0.000    0.000   clock clk (rise edge)
   0.775    0.775   clock network delay (ideal)
   0.000    0.775 ^ dp.rf.rf[5][0]$_DFFE_PP_/CLK (sky130_fd_sc_hd__edfxtp_1)
   0.323    1.098 ^ dp.rf.rf[5][0]$_DFFE_PP_/Q (sky130_fd_sc_hd__edfxtp_1)
   0.077    1.176 v _10298_/Y (sky130_fd_sc_hd__nand3_1)
   0.108    1.284 ^ _10299_/Y (sky130_fd_sc_hd__nand2_1)
   0.048    1.332 v _10300_/Y (sky130_fd_sc_hd__nand2_1)
   0.089    1.420 ^ _10301_/Y (sky130_fd_sc_hd__nand2_1)
   0.048    1.469 v _10302_/Y (sky130_fd_sc_hd__nand2_1)
   0.103    1.571 ^ _10303_/Y (sky130_fd_sc_hd__nand2_1)
   0.047    1.618 v _10304_/Y (sky130_fd_sc_hd__inv_1)
   0.087    1.705 ^ _10305_/Y (sky130_fd_sc_hd__nand2_1)
   0.087    1.793 v _10306_/Y (sky130_fd_sc_hd__nand2_1)
   0.355    2.148 ^ _12759_/Y (sky130_fd_sc_hd__nand2_1)
   0.279    2.427 ^ place713/X (sky130_fd_sc_hd__buf_4)
   0.063    2.490 v _15032_/Y (sky130_fd_sc_hd__nand2_1)
   0.093    2.583 ^ _15033_/Y (sky130_fd_sc_hd__o21ai_0)
   0.231    2.813 ^ _15388_/COUT (sky130_fd_sc_hd__ha_1)
   0.218    3.032 ^ _15290_/COUT (sky130_fd_sc_hd__fa_1)
   0.055    3.087 v _14173_/Y (sky130_fd_sc_hd__nand2_1)
   0.103    3.190 ^ _14175_/Y (sky130_fd_sc_hd__nand2_1)
   0.136    3.326 v _14176_/Y (sky130_fd_sc_hd__a21oi_1)
   0.365    3.691 ^ _14178_/Y (sky130_fd_sc_hd__o21ai_0)
   0.201    3.892 v _14181_/Y (sky130_fd_sc_hd__a31oi_1)
   0.439    4.331 ^ _14183_/Y (sky130_fd_sc_hd__o21ai_0)
   0.196    4.527 v _14190_/Y (sky130_fd_sc_hd__a21oi_1)
   0.414    4.941 ^ _14192_/Y (sky130_fd_sc_hd__o21ai_0)
   0.251    5.191 v _14199_/Y (sky130_fd_sc_hd__a21boi_0)
   0.346    5.537 ^ _14203_/Y (sky130_fd_sc_hd__o21bai_1)
   0.092    5.630 v _14206_/Y (sky130_fd_sc_hd__nand2_1)
   0.158    5.787 ^ _14208_/Y (sky130_fd_sc_hd__nand2_1)
   0.087    5.875 v _14331_/Y (sky130_fd_sc_hd__nand3_1)
   0.075    5.950 ^ _14332_/Y (sky130_fd_sc_hd__nand2_1)
   0.270    6.220 ^ _14333_/X (sky130_fd_sc_hd__xor2_1)
   0.117    6.337 v _14553_/Y (sky130_fd_sc_hd__nand3_1)
   0.111    6.448 ^ _14554_/Y (sky130_fd_sc_hd__nand3_1)
   0.072    6.520 v _14562_/Y (sky130_fd_sc_hd__nand2_1)
   0.237    6.757 v place670/X (sky130_fd_sc_hd__buf_4)
   0.053    6.809 v dp.rf.rf[25][28]$_DFFE_PP_/D (sky130_fd_sc_hd__edfxtp_1)
            6.809   data arrival time

   7.000    7.000   clock clk (rise edge)
   0.775    7.775   clock network delay (ideal)
   0.000    7.775   clock reconvergence pessimism
            7.775 ^ dp.rf.rf[25][28]$_DFFE_PP_/CLK (sky130_fd_sc_hd__edfxtp_1)
  -0.327    7.448   library setup time
            7.448   data required time
-----------------------------------------------------------
            7.448   data required time
           -6.809   data arrival time
-----------------------------------------------------------
            0.638   slack (MET)


Startpoint: dp.rf.rf[5][0]$_DFFE_PP_
            (rising edge-triggered flip-flop clocked by clk)
Endpoint: dp.rf.rf[28][30]$_DFFE_PP_
          (rising edge-triggered flip-flop clocked by clk)
Path Group: clk
Path Type: max

   Delay     Time   Description
-----------------------------------------------------------
   0.000    0.000   clock clk (rise edge)
   0.775    0.775   clock network delay (ideal)
   0.000    0.775 ^ dp.rf.rf[5][0]$_DFFE_PP_/CLK (sky130_fd_sc_hd__edfxtp_1)
   0.323    1.098 ^ dp.rf.rf[5][0]$_DFFE_PP_/Q (sky130_fd_sc_hd__edfxtp_1)
   0.077    1.176 v _10298_/Y (sky130_fd_sc_hd__nand3_1)
   0.108    1.284 ^ _10299_/Y (sky130_fd_sc_hd__nand2_1)
   0.048    1.332 v _10300_/Y (sky130_fd_sc_hd__nand2_1)
   0.089    1.420 ^ _10301_/Y (sky130_fd_sc_hd__nand2_1)
   0.048    1.469 v _10302_/Y (sky130_fd_sc_hd__nand2_1)
   0.103    1.571 ^ _10303_/Y (sky130_fd_sc_hd__nand2_1)
   0.047    1.618 v _10304_/Y (sky130_fd_sc_hd__inv_1)
   0.087    1.705 ^ _10305_/Y (sky130_fd_sc_hd__nand2_1)
   0.087    1.793 v _10306_/Y (sky130_fd_sc_hd__nand2_1)
   0.355    2.148 ^ _12759_/Y (sky130_fd_sc_hd__nand2_1)
   0.279    2.427 ^ place713/X (sky130_fd_sc_hd__buf_4)
   0.063    2.490 v _15032_/Y (sky130_fd_sc_hd__nand2_1)
   0.093    2.583 ^ _15033_/Y (sky130_fd_sc_hd__o21ai_0)
   0.231    2.813 ^ _15388_/COUT (sky130_fd_sc_hd__ha_1)
   0.218    3.032 ^ _15290_/COUT (sky130_fd_sc_hd__fa_1)
   0.055    3.087 v _14173_/Y (sky130_fd_sc_hd__nand2_1)
   0.103    3.190 ^ _14175_/Y (sky130_fd_sc_hd__nand2_1)
   0.136    3.326 v _14176_/Y (sky130_fd_sc_hd__a21oi_1)
   0.365    3.691 ^ _14178_/Y (sky130_fd_sc_hd__o21ai_0)
   0.201    3.892 v _14181_/Y (sky130_fd_sc_hd__a31oi_1)
   0.439    4.331 ^ _14183_/Y (sky130_fd_sc_hd__o21ai_0)
   0.196    4.527 v _14190_/Y (sky130_fd_sc_hd__a21oi_1)
   0.414    4.941 ^ _14192_/Y (sky130_fd_sc_hd__o21ai_0)
   0.251    5.191 v _14199_/Y (sky130_fd_sc_hd__a21boi_0)
   0.346    5.537 ^ _14203_/Y (sky130_fd_sc_hd__o21bai_1)
   0.092    5.630 v _14206_/Y (sky130_fd_sc_hd__nand2_1)
   0.158    5.787 ^ _14208_/Y (sky130_fd_sc_hd__nand2_1)
   0.051    5.839 v _14209_/Y (sky130_fd_sc_hd__inv_1)
   0.182    6.020 ^ _14215_/Y (sky130_fd_sc_hd__o21ai_0)
   0.223    6.243 ^ _14216_/X (sky130_fd_sc_hd__xor2_1)
   0.097    6.339 v _14511_/Y (sky130_fd_sc_hd__nand3_1)
   0.109    6.448 ^ _14512_/Y (sky130_fd_sc_hd__nand3_1)
   0.089    6.537 v _14531_/Y (sky130_fd_sc_hd__nand2_1)
   0.257    6.794 v place665/X (sky130_fd_sc_hd__buf_4)
   0.032    6.826 v dp.rf.rf[28][30]$_DFFE_PP_/D (sky130_fd_sc_hd__edfxtp_1)
            6.826   data arrival time

   7.000    7.000   clock clk (rise edge)
   0.775    7.775   clock network delay (ideal)
   0.000    7.775   clock reconvergence pessimism
            7.775 ^ dp.rf.rf[28][30]$_DFFE_PP_/CLK (sky130_fd_sc_hd__edfxtp_1)
  -0.310    7.465   library setup time
            7.465   data required time
-----------------------------------------------------------
            7.465   data required time
           -6.826   data arrival time
-----------------------------------------------------------
            0.639   slack (MET)


Startpoint: dp.rf.rf[5][0]$_DFFE_PP_
            (rising edge-triggered flip-flop clocked by clk)
Endpoint: dp.rf.rf[18][30]$_DFFE_PP_
          (rising edge-triggered flip-flop clocked by clk)
Path Group: clk
Path Type: max

   Delay     Time   Description
-----------------------------------------------------------
   0.000    0.000   clock clk (rise edge)
   0.775    0.775   clock network delay (ideal)
   0.000    0.775 ^ dp.rf.rf[5][0]$_DFFE_PP_/CLK (sky130_fd_sc_hd__edfxtp_1)
   0.323    1.098 ^ dp.rf.rf[5][0]$_DFFE_PP_/Q (sky130_fd_sc_hd__edfxtp_1)
   0.077    1.176 v _10298_/Y (sky130_fd_sc_hd__nand3_1)
   0.108    1.284 ^ _10299_/Y (sky130_fd_sc_hd__nand2_1)
   0.048    1.332 v _10300_/Y (sky130_fd_sc_hd__nand2_1)
   0.089    1.420 ^ _10301_/Y (sky130_fd_sc_hd__nand2_1)
   0.048    1.469 v _10302_/Y (sky130_fd_sc_hd__nand2_1)
   0.103    1.571 ^ _10303_/Y (sky130_fd_sc_hd__nand2_1)
   0.047    1.618 v _10304_/Y (sky130_fd_sc_hd__inv_1)
   0.087    1.705 ^ _10305_/Y (sky130_fd_sc_hd__nand2_1)
   0.087    1.793 v _10306_/Y (sky130_fd_sc_hd__nand2_1)
   0.355    2.148 ^ _12759_/Y (sky130_fd_sc_hd__nand2_1)
   0.279    2.427 ^ place713/X (sky130_fd_sc_hd__buf_4)
   0.063    2.490 v _15032_/Y (sky130_fd_sc_hd__nand2_1)
   0.093    2.583 ^ _15033_/Y (sky130_fd_sc_hd__o21ai_0)
   0.231    2.813 ^ _15388_/COUT (sky130_fd_sc_hd__ha_1)
   0.218    3.032 ^ _15290_/COUT (sky130_fd_sc_hd__fa_1)
   0.055    3.087 v _14173_/Y (sky130_fd_sc_hd__nand2_1)
   0.103    3.190 ^ _14175_/Y (sky130_fd_sc_hd__nand2_1)
   0.136    3.326 v _14176_/Y (sky130_fd_sc_hd__a21oi_1)
   0.365    3.691 ^ _14178_/Y (sky130_fd_sc_hd__o21ai_0)
   0.201    3.892 v _14181_/Y (sky130_fd_sc_hd__a31oi_1)
   0.439    4.331 ^ _14183_/Y (sky130_fd_sc_hd__o21ai_0)
   0.196    4.527 v _14190_/Y (sky130_fd_sc_hd__a21oi_1)
   0.414    4.941 ^ _14192_/Y (sky130_fd_sc_hd__o21ai_0)
   0.251    5.191 v _14199_/Y (sky130_fd_sc_hd__a21boi_0)
   0.346    5.537 ^ _14203_/Y (sky130_fd_sc_hd__o21bai_1)
   0.092    5.630 v _14206_/Y (sky130_fd_sc_hd__nand2_1)
   0.158    5.787 ^ _14208_/Y (sky130_fd_sc_hd__nand2_1)
   0.051    5.839 v _14209_/Y (sky130_fd_sc_hd__inv_1)
   0.182    6.020 ^ _14215_/Y (sky130_fd_sc_hd__o21ai_0)
   0.223    6.243 ^ _14216_/X (sky130_fd_sc_hd__xor2_1)
   0.097    6.339 v _14511_/Y (sky130_fd_sc_hd__nand3_1)
   0.109    6.448 ^ _14512_/Y (sky130_fd_sc_hd__nand3_1)
   0.089    6.537 v _14531_/Y (sky130_fd_sc_hd__nand2_1)
   0.257    6.794 v place665/X (sky130_fd_sc_hd__buf_4)
   0.031    6.825 v dp.rf.rf[18][30]$_DFFE_PP_/D (sky130_fd_sc_hd__edfxtp_1)
            6.825   data arrival time

   7.000    7.000   clock clk (rise edge)
   0.775    7.775   clock network delay (ideal)
   0.000    7.775   clock reconvergence pessimism
            7.775 ^ dp.rf.rf[18][30]$_DFFE_PP_/CLK (sky130_fd_sc_hd__edfxtp_1)
  -0.310    7.465   library setup time
            7.465   data required time
-----------------------------------------------------------
            7.465   data required time
           -6.825   data arrival time
-----------------------------------------------------------
            0.639   slack (MET)


Startpoint: dp.rf.rf[5][0]$_DFFE_PP_
            (rising edge-triggered flip-flop clocked by clk)
Endpoint: dp.rf.rf[19][30]$_DFFE_PP_
          (rising edge-triggered flip-flop clocked by clk)
Path Group: clk
Path Type: max

   Delay     Time   Description
-----------------------------------------------------------
   0.000    0.000   clock clk (rise edge)
   0.775    0.775   clock network delay (ideal)
   0.000    0.775 ^ dp.rf.rf[5][0]$_DFFE_PP_/CLK (sky130_fd_sc_hd__edfxtp_1)
   0.323    1.098 ^ dp.rf.rf[5][0]$_DFFE_PP_/Q (sky130_fd_sc_hd__edfxtp_1)
   0.077    1.176 v _10298_/Y (sky130_fd_sc_hd__nand3_1)
   0.108    1.284 ^ _10299_/Y (sky130_fd_sc_hd__nand2_1)
   0.048    1.332 v _10300_/Y (sky130_fd_sc_hd__nand2_1)
   0.089    1.420 ^ _10301_/Y (sky130_fd_sc_hd__nand2_1)
   0.048    1.469 v _10302_/Y (sky130_fd_sc_hd__nand2_1)
   0.103    1.571 ^ _10303_/Y (sky130_fd_sc_hd__nand2_1)
   0.047    1.618 v _10304_/Y (sky130_fd_sc_hd__inv_1)
   0.087    1.705 ^ _10305_/Y (sky130_fd_sc_hd__nand2_1)
   0.087    1.793 v _10306_/Y (sky130_fd_sc_hd__nand2_1)
   0.355    2.148 ^ _12759_/Y (sky130_fd_sc_hd__nand2_1)
   0.279    2.427 ^ place713/X (sky130_fd_sc_hd__buf_4)
   0.063    2.490 v _15032_/Y (sky130_fd_sc_hd__nand2_1)
   0.093    2.583 ^ _15033_/Y (sky130_fd_sc_hd__o21ai_0)
   0.231    2.813 ^ _15388_/COUT (sky130_fd_sc_hd__ha_1)
   0.218    3.032 ^ _15290_/COUT (sky130_fd_sc_hd__fa_1)
   0.055    3.087 v _14173_/Y (sky130_fd_sc_hd__nand2_1)
   0.103    3.190 ^ _14175_/Y (sky130_fd_sc_hd__nand2_1)
   0.136    3.326 v _14176_/Y (sky130_fd_sc_hd__a21oi_1)
   0.365    3.691 ^ _14178_/Y (sky130_fd_sc_hd__o21ai_0)
   0.201    3.892 v _14181_/Y (sky130_fd_sc_hd__a31oi_1)
   0.439    4.331 ^ _14183_/Y (sky130_fd_sc_hd__o21ai_0)
   0.196    4.527 v _14190_/Y (sky130_fd_sc_hd__a21oi_1)
   0.414    4.941 ^ _14192_/Y (sky130_fd_sc_hd__o21ai_0)
   0.251    5.191 v _14199_/Y (sky130_fd_sc_hd__a21boi_0)
   0.346    5.537 ^ _14203_/Y (sky130_fd_sc_hd__o21bai_1)
   0.092    5.630 v _14206_/Y (sky130_fd_sc_hd__nand2_1)
   0.158    5.787 ^ _14208_/Y (sky130_fd_sc_hd__nand2_1)
   0.051    5.839 v _14209_/Y (sky130_fd_sc_hd__inv_1)
   0.182    6.020 ^ _14215_/Y (sky130_fd_sc_hd__o21ai_0)
   0.223    6.243 ^ _14216_/X (sky130_fd_sc_hd__xor2_1)
   0.097    6.339 v _14511_/Y (sky130_fd_sc_hd__nand3_1)
   0.109    6.448 ^ _14512_/Y (sky130_fd_sc_hd__nand3_1)
   0.089    6.537 v _14531_/Y (sky130_fd_sc_hd__nand2_1)
   0.257    6.794 v place665/X (sky130_fd_sc_hd__buf_4)
   0.031    6.825 v dp.rf.rf[19][30]$_DFFE_PP_/D (sky130_fd_sc_hd__edfxtp_1)
            6.825   data arrival time

   7.000    7.000   clock clk (rise edge)
   0.775    7.775   clock network delay (ideal)
   0.000    7.775   clock reconvergence pessimism
            7.775 ^ dp.rf.rf[19][30]$_DFFE_PP_/CLK (sky130_fd_sc_hd__edfxtp_1)
  -0.310    7.465   library setup time
            7.465   data required time
-----------------------------------------------------------
            7.465   data required time
           -6.825   data arrival time
-----------------------------------------------------------
            0.639   slack (MET)


Startpoint: dp.rf.rf[5][0]$_DFFE_PP_
            (rising edge-triggered flip-flop clocked by clk)
Endpoint: dp.rf.rf[11][30]$_DFFE_PP_
          (rising edge-triggered flip-flop clocked by clk)
Path Group: clk
Path Type: max

   Delay     Time   Description
-----------------------------------------------------------
   0.000    0.000   clock clk (rise edge)
   0.775    0.775   clock network delay (ideal)
   0.000    0.775 ^ dp.rf.rf[5][0]$_DFFE_PP_/CLK (sky130_fd_sc_hd__edfxtp_1)
   0.323    1.098 ^ dp.rf.rf[5][0]$_DFFE_PP_/Q (sky130_fd_sc_hd__edfxtp_1)
   0.077    1.176 v _10298_/Y (sky130_fd_sc_hd__nand3_1)
   0.108    1.284 ^ _10299_/Y (sky130_fd_sc_hd__nand2_1)
   0.048    1.332 v _10300_/Y (sky130_fd_sc_hd__nand2_1)
   0.089    1.420 ^ _10301_/Y (sky130_fd_sc_hd__nand2_1)
   0.048    1.469 v _10302_/Y (sky130_fd_sc_hd__nand2_1)
   0.103    1.571 ^ _10303_/Y (sky130_fd_sc_hd__nand2_1)
   0.047    1.618 v _10304_/Y (sky130_fd_sc_hd__inv_1)
   0.087    1.705 ^ _10305_/Y (sky130_fd_sc_hd__nand2_1)
   0.087    1.793 v _10306_/Y (sky130_fd_sc_hd__nand2_1)
   0.355    2.148 ^ _12759_/Y (sky130_fd_sc_hd__nand2_1)
   0.279    2.427 ^ place713/X (sky130_fd_sc_hd__buf_4)
   0.063    2.490 v _15032_/Y (sky130_fd_sc_hd__nand2_1)
   0.093    2.583 ^ _15033_/Y (sky130_fd_sc_hd__o21ai_0)
   0.231    2.813 ^ _15388_/COUT (sky130_fd_sc_hd__ha_1)
   0.218    3.032 ^ _15290_/COUT (sky130_fd_sc_hd__fa_1)
   0.055    3.087 v _14173_/Y (sky130_fd_sc_hd__nand2_1)
   0.103    3.190 ^ _14175_/Y (sky130_fd_sc_hd__nand2_1)
   0.136    3.326 v _14176_/Y (sky130_fd_sc_hd__a21oi_1)
   0.365    3.691 ^ _14178_/Y (sky130_fd_sc_hd__o21ai_0)
   0.201    3.892 v _14181_/Y (sky130_fd_sc_hd__a31oi_1)
   0.439    4.331 ^ _14183_/Y (sky130_fd_sc_hd__o21ai_0)
   0.196    4.527 v _14190_/Y (sky130_fd_sc_hd__a21oi_1)
   0.414    4.941 ^ _14192_/Y (sky130_fd_sc_hd__o21ai_0)
   0.251    5.191 v _14199_/Y (sky130_fd_sc_hd__a21boi_0)
   0.346    5.537 ^ _14203_/Y (sky130_fd_sc_hd__o21bai_1)
   0.092    5.630 v _14206_/Y (sky130_fd_sc_hd__nand2_1)
   0.158    5.787 ^ _14208_/Y (sky130_fd_sc_hd__nand2_1)
   0.051    5.839 v _14209_/Y (sky130_fd_sc_hd__inv_1)
   0.182    6.020 ^ _14215_/Y (sky130_fd_sc_hd__o21ai_0)
   0.223    6.243 ^ _14216_/X (sky130_fd_sc_hd__xor2_1)
   0.097    6.339 v _14511_/Y (sky130_fd_sc_hd__nand3_1)
   0.109    6.448 ^ _14512_/Y (sky130_fd_sc_hd__nand3_1)
   0.089    6.537 v _14531_/Y (sky130_fd_sc_hd__nand2_1)
   0.257    6.794 v place665/X (sky130_fd_sc_hd__buf_4)
   0.031    6.825 v dp.rf.rf[11][30]$_DFFE_PP_/D (sky130_fd_sc_hd__edfxtp_1)
            6.825   data arrival time

   7.000    7.000   clock clk (rise edge)
   0.775    7.775   clock network delay (ideal)
   0.000    7.775   clock reconvergence pessimism
            7.775 ^ dp.rf.rf[11][30]$_DFFE_PP_/CLK (sky130_fd_sc_hd__edfxtp_1)
  -0.310    7.465   library setup time
            7.465   data required time
-----------------------------------------------------------
            7.465   data required time
           -6.825   data arrival time
-----------------------------------------------------------
            0.639   slack (MET)


Startpoint: dp.rf.rf[5][0]$_DFFE_PP_
            (rising edge-triggered flip-flop clocked by clk)
Endpoint: dp.rf.rf[10][30]$_DFFE_PP_
          (rising edge-triggered flip-flop clocked by clk)
Path Group: clk
Path Type: max

   Delay     Time   Description
-----------------------------------------------------------
   0.000    0.000   clock clk (rise edge)
   0.775    0.775   clock network delay (ideal)
   0.000    0.775 ^ dp.rf.rf[5][0]$_DFFE_PP_/CLK (sky130_fd_sc_hd__edfxtp_1)
   0.323    1.098 ^ dp.rf.rf[5][0]$_DFFE_PP_/Q (sky130_fd_sc_hd__edfxtp_1)
   0.077    1.176 v _10298_/Y (sky130_fd_sc_hd__nand3_1)
   0.108    1.284 ^ _10299_/Y (sky130_fd_sc_hd__nand2_1)
   0.048    1.332 v _10300_/Y (sky130_fd_sc_hd__nand2_1)
   0.089    1.420 ^ _10301_/Y (sky130_fd_sc_hd__nand2_1)
   0.048    1.469 v _10302_/Y (sky130_fd_sc_hd__nand2_1)
   0.103    1.571 ^ _10303_/Y (sky130_fd_sc_hd__nand2_1)
   0.047    1.618 v _10304_/Y (sky130_fd_sc_hd__inv_1)
   0.087    1.705 ^ _10305_/Y (sky130_fd_sc_hd__nand2_1)
   0.087    1.793 v _10306_/Y (sky130_fd_sc_hd__nand2_1)
   0.355    2.148 ^ _12759_/Y (sky130_fd_sc_hd__nand2_1)
   0.279    2.427 ^ place713/X (sky130_fd_sc_hd__buf_4)
   0.063    2.490 v _15032_/Y (sky130_fd_sc_hd__nand2_1)
   0.093    2.583 ^ _15033_/Y (sky130_fd_sc_hd__o21ai_0)
   0.231    2.813 ^ _15388_/COUT (sky130_fd_sc_hd__ha_1)
   0.218    3.032 ^ _15290_/COUT (sky130_fd_sc_hd__fa_1)
   0.055    3.087 v _14173_/Y (sky130_fd_sc_hd__nand2_1)
   0.103    3.190 ^ _14175_/Y (sky130_fd_sc_hd__nand2_1)
   0.136    3.326 v _14176_/Y (sky130_fd_sc_hd__a21oi_1)
   0.365    3.691 ^ _14178_/Y (sky130_fd_sc_hd__o21ai_0)
   0.201    3.892 v _14181_/Y (sky130_fd_sc_hd__a31oi_1)
   0.439    4.331 ^ _14183_/Y (sky130_fd_sc_hd__o21ai_0)
   0.196    4.527 v _14190_/Y (sky130_fd_sc_hd__a21oi_1)
   0.414    4.941 ^ _14192_/Y (sky130_fd_sc_hd__o21ai_0)
   0.251    5.191 v _14199_/Y (sky130_fd_sc_hd__a21boi_0)
   0.346    5.537 ^ _14203_/Y (sky130_fd_sc_hd__o21bai_1)
   0.092    5.630 v _14206_/Y (sky130_fd_sc_hd__nand2_1)
   0.158    5.787 ^ _14208_/Y (sky130_fd_sc_hd__nand2_1)
   0.051    5.839 v _14209_/Y (sky130_fd_sc_hd__inv_1)
   0.182    6.020 ^ _14215_/Y (sky130_fd_sc_hd__o21ai_0)
   0.223    6.243 ^ _14216_/X (sky130_fd_sc_hd__xor2_1)
   0.097    6.339 v _14511_/Y (sky130_fd_sc_hd__nand3_1)
   0.109    6.448 ^ _14512_/Y (sky130_fd_sc_hd__nand3_1)
   0.089    6.537 v _14531_/Y (sky130_fd_sc_hd__nand2_1)
   0.257    6.794 v place665/X (sky130_fd_sc_hd__buf_4)
   0.031    6.825 v dp.rf.rf[10][30]$_DFFE_PP_/D (sky130_fd_sc_hd__edfxtp_1)
            6.825   data arrival time

   7.000    7.000   clock clk (rise edge)
   0.775    7.775   clock network delay (ideal)
   0.000    7.775   clock reconvergence pessimism
            7.775 ^ dp.rf.rf[10][30]$_DFFE_PP_/CLK (sky130_fd_sc_hd__edfxtp_1)
  -0.310    7.465   library setup time
            7.465   data required time
-----------------------------------------------------------
            7.465   data required time
           -6.825   data arrival time
-----------------------------------------------------------
            0.640   slack (MET)


Startpoint: dp.rf.rf[5][0]$_DFFE_PP_
            (rising edge-triggered flip-flop clocked by clk)
Endpoint: dp.rf.rf[8][30]$_DFFE_PP_
          (rising edge-triggered flip-flop clocked by clk)
Path Group: clk
Path Type: max

   Delay     Time   Description
-----------------------------------------------------------
   0.000    0.000   clock clk (rise edge)
   0.775    0.775   clock network delay (ideal)
   0.000    0.775 ^ dp.rf.rf[5][0]$_DFFE_PP_/CLK (sky130_fd_sc_hd__edfxtp_1)
   0.323    1.098 ^ dp.rf.rf[5][0]$_DFFE_PP_/Q (sky130_fd_sc_hd__edfxtp_1)
   0.077    1.176 v _10298_/Y (sky130_fd_sc_hd__nand3_1)
   0.108    1.284 ^ _10299_/Y (sky130_fd_sc_hd__nand2_1)
   0.048    1.332 v _10300_/Y (sky130_fd_sc_hd__nand2_1)
   0.089    1.420 ^ _10301_/Y (sky130_fd_sc_hd__nand2_1)
   0.048    1.469 v _10302_/Y (sky130_fd_sc_hd__nand2_1)
   0.103    1.571 ^ _10303_/Y (sky130_fd_sc_hd__nand2_1)
   0.047    1.618 v _10304_/Y (sky130_fd_sc_hd__inv_1)
   0.087    1.705 ^ _10305_/Y (sky130_fd_sc_hd__nand2_1)
   0.087    1.793 v _10306_/Y (sky130_fd_sc_hd__nand2_1)
   0.355    2.148 ^ _12759_/Y (sky130_fd_sc_hd__nand2_1)
   0.279    2.427 ^ place713/X (sky130_fd_sc_hd__buf_4)
   0.063    2.490 v _15032_/Y (sky130_fd_sc_hd__nand2_1)
   0.093    2.583 ^ _15033_/Y (sky130_fd_sc_hd__o21ai_0)
   0.231    2.813 ^ _15388_/COUT (sky130_fd_sc_hd__ha_1)
   0.218    3.032 ^ _15290_/COUT (sky130_fd_sc_hd__fa_1)
   0.055    3.087 v _14173_/Y (sky130_fd_sc_hd__nand2_1)
   0.103    3.190 ^ _14175_/Y (sky130_fd_sc_hd__nand2_1)
   0.136    3.326 v _14176_/Y (sky130_fd_sc_hd__a21oi_1)
   0.365    3.691 ^ _14178_/Y (sky130_fd_sc_hd__o21ai_0)
   0.201    3.892 v _14181_/Y (sky130_fd_sc_hd__a31oi_1)
   0.439    4.331 ^ _14183_/Y (sky130_fd_sc_hd__o21ai_0)
   0.196    4.527 v _14190_/Y (sky130_fd_sc_hd__a21oi_1)
   0.414    4.941 ^ _14192_/Y (sky130_fd_sc_hd__o21ai_0)
   0.251    5.191 v _14199_/Y (sky130_fd_sc_hd__a21boi_0)
   0.346    5.537 ^ _14203_/Y (sky130_fd_sc_hd__o21bai_1)
   0.092    5.630 v _14206_/Y (sky130_fd_sc_hd__nand2_1)
   0.158    5.787 ^ _14208_/Y (sky130_fd_sc_hd__nand2_1)
   0.051    5.839 v _14209_/Y (sky130_fd_sc_hd__inv_1)
   0.182    6.020 ^ _14215_/Y (sky130_fd_sc_hd__o21ai_0)
   0.223    6.243 ^ _14216_/X (sky130_fd_sc_hd__xor2_1)
   0.097    6.339 v _14511_/Y (sky130_fd_sc_hd__nand3_1)
   0.109    6.448 ^ _14512_/Y (sky130_fd_sc_hd__nand3_1)
   0.089    6.537 v _14531_/Y (sky130_fd_sc_hd__nand2_1)
   0.257    6.794 v place665/X (sky130_fd_sc_hd__buf_4)
   0.031    6.825 v dp.rf.rf[8][30]$_DFFE_PP_/D (sky130_fd_sc_hd__edfxtp_1)
            6.825   data arrival time

   7.000    7.000   clock clk (rise edge)
   0.775    7.775   clock network delay (ideal)
   0.000    7.775   clock reconvergence pessimism
            7.775 ^ dp.rf.rf[8][30]$_DFFE_PP_/CLK (sky130_fd_sc_hd__edfxtp_1)
  -0.310    7.465   library setup time
            7.465   data required time
-----------------------------------------------------------
            7.465   data required time
           -6.825   data arrival time
-----------------------------------------------------------
            0.640   slack (MET)


Startpoint: dp.rf.rf[5][0]$_DFFE_PP_
            (rising edge-triggered flip-flop clocked by clk)
Endpoint: dp.rf.rf[9][30]$_DFFE_PP_
          (rising edge-triggered flip-flop clocked by clk)
Path Group: clk
Path Type: max

   Delay     Time   Description
-----------------------------------------------------------
   0.000    0.000   clock clk (rise edge)
   0.775    0.775   clock network delay (ideal)
   0.000    0.775 ^ dp.rf.rf[5][0]$_DFFE_PP_/CLK (sky130_fd_sc_hd__edfxtp_1)
   0.323    1.098 ^ dp.rf.rf[5][0]$_DFFE_PP_/Q (sky130_fd_sc_hd__edfxtp_1)
   0.077    1.176 v _10298_/Y (sky130_fd_sc_hd__nand3_1)
   0.108    1.284 ^ _10299_/Y (sky130_fd_sc_hd__nand2_1)
   0.048    1.332 v _10300_/Y (sky130_fd_sc_hd__nand2_1)
   0.089    1.420 ^ _10301_/Y (sky130_fd_sc_hd__nand2_1)
   0.048    1.469 v _10302_/Y (sky130_fd_sc_hd__nand2_1)
   0.103    1.571 ^ _10303_/Y (sky130_fd_sc_hd__nand2_1)
   0.047    1.618 v _10304_/Y (sky130_fd_sc_hd__inv_1)
   0.087    1.705 ^ _10305_/Y (sky130_fd_sc_hd__nand2_1)
   0.087    1.793 v _10306_/Y (sky130_fd_sc_hd__nand2_1)
   0.355    2.148 ^ _12759_/Y (sky130_fd_sc_hd__nand2_1)
   0.279    2.427 ^ place713/X (sky130_fd_sc_hd__buf_4)
   0.063    2.490 v _15032_/Y (sky130_fd_sc_hd__nand2_1)
   0.093    2.583 ^ _15033_/Y (sky130_fd_sc_hd__o21ai_0)
   0.231    2.813 ^ _15388_/COUT (sky130_fd_sc_hd__ha_1)
   0.218    3.032 ^ _15290_/COUT (sky130_fd_sc_hd__fa_1)
   0.055    3.087 v _14173_/Y (sky130_fd_sc_hd__nand2_1)
   0.103    3.190 ^ _14175_/Y (sky130_fd_sc_hd__nand2_1)
   0.136    3.326 v _14176_/Y (sky130_fd_sc_hd__a21oi_1)
   0.365    3.691 ^ _14178_/Y (sky130_fd_sc_hd__o21ai_0)
   0.201    3.892 v _14181_/Y (sky130_fd_sc_hd__a31oi_1)
   0.439    4.331 ^ _14183_/Y (sky130_fd_sc_hd__o21ai_0)
   0.196    4.527 v _14190_/Y (sky130_fd_sc_hd__a21oi_1)
   0.414    4.941 ^ _14192_/Y (sky130_fd_sc_hd__o21ai_0)
   0.251    5.191 v _14199_/Y (sky130_fd_sc_hd__a21boi_0)
   0.346    5.537 ^ _14203_/Y (sky130_fd_sc_hd__o21bai_1)
   0.092    5.630 v _14206_/Y (sky130_fd_sc_hd__nand2_1)
   0.158    5.787 ^ _14208_/Y (sky130_fd_sc_hd__nand2_1)
   0.051    5.839 v _14209_/Y (sky130_fd_sc_hd__inv_1)
   0.182    6.020 ^ _14215_/Y (sky130_fd_sc_hd__o21ai_0)
   0.223    6.243 ^ _14216_/X (sky130_fd_sc_hd__xor2_1)
   0.097    6.339 v _14511_/Y (sky130_fd_sc_hd__nand3_1)
   0.109    6.448 ^ _14512_/Y (sky130_fd_sc_hd__nand3_1)
   0.089    6.537 v _14531_/Y (sky130_fd_sc_hd__nand2_1)
   0.257    6.794 v place665/X (sky130_fd_sc_hd__buf_4)
   0.031    6.825 v dp.rf.rf[9][30]$_DFFE_PP_/D (sky130_fd_sc_hd__edfxtp_1)
            6.825   data arrival time

   7.000    7.000   clock clk (rise edge)
   0.775    7.775   clock network delay (ideal)
   0.000    7.775   clock reconvergence pessimism
            7.775 ^ dp.rf.rf[9][30]$_DFFE_PP_/CLK (sky130_fd_sc_hd__edfxtp_1)
  -0.310    7.465   library setup time
            7.465   data required time
-----------------------------------------------------------
            7.465   data required time
           -6.825   data arrival time
-----------------------------------------------------------
            0.640   slack (MET)


Startpoint: dp.rf.rf[5][0]$_DFFE_PP_
            (rising edge-triggered flip-flop clocked by clk)
Endpoint: dp.rf.rf[26][28]$_DFFE_PP_
          (rising edge-triggered flip-flop clocked by clk)
Path Group: clk
Path Type: max

   Delay     Time   Description
-----------------------------------------------------------
   0.000    0.000   clock clk (rise edge)
   0.775    0.775   clock network delay (ideal)
   0.000    0.775 ^ dp.rf.rf[5][0]$_DFFE_PP_/CLK (sky130_fd_sc_hd__edfxtp_1)
   0.323    1.098 ^ dp.rf.rf[5][0]$_DFFE_PP_/Q (sky130_fd_sc_hd__edfxtp_1)
   0.077    1.176 v _10298_/Y (sky130_fd_sc_hd__nand3_1)
   0.108    1.284 ^ _10299_/Y (sky130_fd_sc_hd__nand2_1)
   0.048    1.332 v _10300_/Y (sky130_fd_sc_hd__nand2_1)
   0.089    1.420 ^ _10301_/Y (sky130_fd_sc_hd__nand2_1)
   0.048    1.469 v _10302_/Y (sky130_fd_sc_hd__nand2_1)
   0.103    1.571 ^ _10303_/Y (sky130_fd_sc_hd__nand2_1)
   0.047    1.618 v _10304_/Y (sky130_fd_sc_hd__inv_1)
   0.087    1.705 ^ _10305_/Y (sky130_fd_sc_hd__nand2_1)
   0.087    1.793 v _10306_/Y (sky130_fd_sc_hd__nand2_1)
   0.355    2.148 ^ _12759_/Y (sky130_fd_sc_hd__nand2_1)
   0.279    2.427 ^ place713/X (sky130_fd_sc_hd__buf_4)
   0.063    2.490 v _15032_/Y (sky130_fd_sc_hd__nand2_1)
   0.093    2.583 ^ _15033_/Y (sky130_fd_sc_hd__o21ai_0)
   0.231    2.813 ^ _15388_/COUT (sky130_fd_sc_hd__ha_1)
   0.218    3.032 ^ _15290_/COUT (sky130_fd_sc_hd__fa_1)
   0.055    3.087 v _14173_/Y (sky130_fd_sc_hd__nand2_1)
   0.103    3.190 ^ _14175_/Y (sky130_fd_sc_hd__nand2_1)
   0.136    3.326 v _14176_/Y (sky130_fd_sc_hd__a21oi_1)
   0.365    3.691 ^ _14178_/Y (sky130_fd_sc_hd__o21ai_0)
   0.201    3.892 v _14181_/Y (sky130_fd_sc_hd__a31oi_1)
   0.439    4.331 ^ _14183_/Y (sky130_fd_sc_hd__o21ai_0)
   0.196    4.527 v _14190_/Y (sky130_fd_sc_hd__a21oi_1)
   0.414    4.941 ^ _14192_/Y (sky130_fd_sc_hd__o21ai_0)
   0.251    5.191 v _14199_/Y (sky130_fd_sc_hd__a21boi_0)
   0.346    5.537 ^ _14203_/Y (sky130_fd_sc_hd__o21bai_1)
   0.092    5.630 v _14206_/Y (sky130_fd_sc_hd__nand2_1)
   0.158    5.787 ^ _14208_/Y (sky130_fd_sc_hd__nand2_1)
   0.087    5.875 v _14331_/Y (sky130_fd_sc_hd__nand3_1)
   0.075    5.950 ^ _14332_/Y (sky130_fd_sc_hd__nand2_1)
   0.270    6.220 ^ _14333_/X (sky130_fd_sc_hd__xor2_1)
   0.117    6.337 v _14553_/Y (sky130_fd_sc_hd__nand3_1)
   0.111    6.448 ^ _14554_/Y (sky130_fd_sc_hd__nand3_1)
   0.072    6.520 v _14562_/Y (sky130_fd_sc_hd__nand2_1)
   0.237    6.757 v place670/X (sky130_fd_sc_hd__buf_4)
   0.052    6.808 v dp.rf.rf[26][28]$_DFFE_PP_/D (sky130_fd_sc_hd__edfxtp_1)
            6.808   data arrival time

   7.000    7.000   clock clk (rise edge)
   0.775    7.775   clock network delay (ideal)
   0.000    7.775   clock reconvergence pessimism
            7.775 ^ dp.rf.rf[26][28]$_DFFE_PP_/CLK (sky130_fd_sc_hd__edfxtp_1)
  -0.327    7.448   library setup time
            7.448   data required time
-----------------------------------------------------------
            7.448   data required time
           -6.808   data arrival time
-----------------------------------------------------------
            0.640   slack (MET)


Startpoint: dp.rf.rf[5][0]$_DFFE_PP_
            (rising edge-triggered flip-flop clocked by clk)
Endpoint: dp.rf.rf[21][30]$_DFFE_PP_
          (rising edge-triggered flip-flop clocked by clk)
Path Group: clk
Path Type: max

   Delay     Time   Description
-----------------------------------------------------------
   0.000    0.000   clock clk (rise edge)
   0.775    0.775   clock network delay (ideal)
   0.000    0.775 ^ dp.rf.rf[5][0]$_DFFE_PP_/CLK (sky130_fd_sc_hd__edfxtp_1)
   0.323    1.098 ^ dp.rf.rf[5][0]$_DFFE_PP_/Q (sky130_fd_sc_hd__edfxtp_1)
   0.077    1.176 v _10298_/Y (sky130_fd_sc_hd__nand3_1)
   0.108    1.284 ^ _10299_/Y (sky130_fd_sc_hd__nand2_1)
   0.048    1.332 v _10300_/Y (sky130_fd_sc_hd__nand2_1)
   0.089    1.420 ^ _10301_/Y (sky130_fd_sc_hd__nand2_1)
   0.048    1.469 v _10302_/Y (sky130_fd_sc_hd__nand2_1)
   0.103    1.571 ^ _10303_/Y (sky130_fd_sc_hd__nand2_1)
   0.047    1.618 v _10304_/Y (sky130_fd_sc_hd__inv_1)
   0.087    1.705 ^ _10305_/Y (sky130_fd_sc_hd__nand2_1)
   0.087    1.793 v _10306_/Y (sky130_fd_sc_hd__nand2_1)
   0.355    2.148 ^ _12759_/Y (sky130_fd_sc_hd__nand2_1)
   0.279    2.427 ^ place713/X (sky130_fd_sc_hd__buf_4)
   0.063    2.490 v _15032_/Y (sky130_fd_sc_hd__nand2_1)
   0.093    2.583 ^ _15033_/Y (sky130_fd_sc_hd__o21ai_0)
   0.231    2.813 ^ _15388_/COUT (sky130_fd_sc_hd__ha_1)
   0.218    3.032 ^ _15290_/COUT (sky130_fd_sc_hd__fa_1)
   0.055    3.087 v _14173_/Y (sky130_fd_sc_hd__nand2_1)
   0.103    3.190 ^ _14175_/Y (sky130_fd_sc_hd__nand2_1)
   0.136    3.326 v _14176_/Y (sky130_fd_sc_hd__a21oi_1)
   0.365    3.691 ^ _14178_/Y (sky130_fd_sc_hd__o21ai_0)
   0.201    3.892 v _14181_/Y (sky130_fd_sc_hd__a31oi_1)
   0.439    4.331 ^ _14183_/Y (sky130_fd_sc_hd__o21ai_0)
   0.196    4.527 v _14190_/Y (sky130_fd_sc_hd__a21oi_1)
   0.414    4.941 ^ _14192_/Y (sky130_fd_sc_hd__o21ai_0)
   0.251    5.191 v _14199_/Y (sky130_fd_sc_hd__a21boi_0)
   0.346    5.537 ^ _14203_/Y (sky130_fd_sc_hd__o21bai_1)
   0.092    5.630 v _14206_/Y (sky130_fd_sc_hd__nand2_1)
   0.158    5.787 ^ _14208_/Y (sky130_fd_sc_hd__nand2_1)
   0.051    5.839 v _14209_/Y (sky130_fd_sc_hd__inv_1)
   0.182    6.020 ^ _14215_/Y (sky130_fd_sc_hd__o21ai_0)
   0.223    6.243 ^ _14216_/X (sky130_fd_sc_hd__xor2_1)
   0.097    6.339 v _14511_/Y (sky130_fd_sc_hd__nand3_1)
   0.109    6.448 ^ _14512_/Y (sky130_fd_sc_hd__nand3_1)
   0.089    6.537 v _14531_/Y (sky130_fd_sc_hd__nand2_1)
   0.257    6.794 v place665/X (sky130_fd_sc_hd__buf_4)
   0.030    6.825 v dp.rf.rf[21][30]$_DFFE_PP_/D (sky130_fd_sc_hd__edfxtp_1)
            6.825   data arrival time

   7.000    7.000   clock clk (rise edge)
   0.775    7.775   clock network delay (ideal)
   0.000    7.775   clock reconvergence pessimism
            7.775 ^ dp.rf.rf[21][30]$_DFFE_PP_/CLK (sky130_fd_sc_hd__edfxtp_1)
  -0.310    7.465   library setup time
            7.465   data required time
-----------------------------------------------------------
            7.465   data required time
           -6.825   data arrival time
-----------------------------------------------------------
            0.640   slack (MET)


Startpoint: dp.rf.rf[5][0]$_DFFE_PP_
            (rising edge-triggered flip-flop clocked by clk)
Endpoint: dp.rf.rf[20][30]$_DFFE_PP_
          (rising edge-triggered flip-flop clocked by clk)
Path Group: clk
Path Type: max

   Delay     Time   Description
-----------------------------------------------------------
   0.000    0.000   clock clk (rise edge)
   0.775    0.775   clock network delay (ideal)
   0.000    0.775 ^ dp.rf.rf[5][0]$_DFFE_PP_/CLK (sky130_fd_sc_hd__edfxtp_1)
   0.323    1.098 ^ dp.rf.rf[5][0]$_DFFE_PP_/Q (sky130_fd_sc_hd__edfxtp_1)
   0.077    1.176 v _10298_/Y (sky130_fd_sc_hd__nand3_1)
   0.108    1.284 ^ _10299_/Y (sky130_fd_sc_hd__nand2_1)
   0.048    1.332 v _10300_/Y (sky130_fd_sc_hd__nand2_1)
   0.089    1.420 ^ _10301_/Y (sky130_fd_sc_hd__nand2_1)
   0.048    1.469 v _10302_/Y (sky130_fd_sc_hd__nand2_1)
   0.103    1.571 ^ _10303_/Y (sky130_fd_sc_hd__nand2_1)
   0.047    1.618 v _10304_/Y (sky130_fd_sc_hd__inv_1)
   0.087    1.705 ^ _10305_/Y (sky130_fd_sc_hd__nand2_1)
   0.087    1.793 v _10306_/Y (sky130_fd_sc_hd__nand2_1)
   0.355    2.148 ^ _12759_/Y (sky130_fd_sc_hd__nand2_1)
   0.279    2.427 ^ place713/X (sky130_fd_sc_hd__buf_4)
   0.063    2.490 v _15032_/Y (sky130_fd_sc_hd__nand2_1)
   0.093    2.583 ^ _15033_/Y (sky130_fd_sc_hd__o21ai_0)
   0.231    2.813 ^ _15388_/COUT (sky130_fd_sc_hd__ha_1)
   0.218    3.032 ^ _15290_/COUT (sky130_fd_sc_hd__fa_1)
   0.055    3.087 v _14173_/Y (sky130_fd_sc_hd__nand2_1)
   0.103    3.190 ^ _14175_/Y (sky130_fd_sc_hd__nand2_1)
   0.136    3.326 v _14176_/Y (sky130_fd_sc_hd__a21oi_1)
   0.365    3.691 ^ _14178_/Y (sky130_fd_sc_hd__o21ai_0)
   0.201    3.892 v _14181_/Y (sky130_fd_sc_hd__a31oi_1)
   0.439    4.331 ^ _14183_/Y (sky130_fd_sc_hd__o21ai_0)
   0.196    4.527 v _14190_/Y (sky130_fd_sc_hd__a21oi_1)
   0.414    4.941 ^ _14192_/Y (sky130_fd_sc_hd__o21ai_0)
   0.251    5.191 v _14199_/Y (sky130_fd_sc_hd__a21boi_0)
   0.346    5.537 ^ _14203_/Y (sky130_fd_sc_hd__o21bai_1)
   0.092    5.630 v _14206_/Y (sky130_fd_sc_hd__nand2_1)
   0.158    5.787 ^ _14208_/Y (sky130_fd_sc_hd__nand2_1)
   0.051    5.839 v _14209_/Y (sky130_fd_sc_hd__inv_1)
   0.182    6.020 ^ _14215_/Y (sky130_fd_sc_hd__o21ai_0)
   0.223    6.243 ^ _14216_/X (sky130_fd_sc_hd__xor2_1)
   0.097    6.339 v _14511_/Y (sky130_fd_sc_hd__nand3_1)
   0.109    6.448 ^ _14512_/Y (sky130_fd_sc_hd__nand3_1)
   0.089    6.537 v _14531_/Y (sky130_fd_sc_hd__nand2_1)
   0.257    6.794 v place665/X (sky130_fd_sc_hd__buf_4)
   0.030    6.825 v dp.rf.rf[20][30]$_DFFE_PP_/D (sky130_fd_sc_hd__edfxtp_1)
            6.825   data arrival time

   7.000    7.000   clock clk (rise edge)
   0.775    7.775   clock network delay (ideal)
   0.000    7.775   clock reconvergence pessimism
            7.775 ^ dp.rf.rf[20][30]$_DFFE_PP_/CLK (sky130_fd_sc_hd__edfxtp_1)
  -0.310    7.465   library setup time
            7.465   data required time
-----------------------------------------------------------
            7.465   data required time
           -6.825   data arrival time
-----------------------------------------------------------
            0.640   slack (MET)


Startpoint: dp.rf.rf[5][0]$_DFFE_PP_
            (rising edge-triggered flip-flop clocked by clk)
Endpoint: dp.rf.rf[23][30]$_DFFE_PP_
          (rising edge-triggered flip-flop clocked by clk)
Path Group: clk
Path Type: max

   Delay     Time   Description
-----------------------------------------------------------
   0.000    0.000   clock clk (rise edge)
   0.775    0.775   clock network delay (ideal)
   0.000    0.775 ^ dp.rf.rf[5][0]$_DFFE_PP_/CLK (sky130_fd_sc_hd__edfxtp_1)
   0.323    1.098 ^ dp.rf.rf[5][0]$_DFFE_PP_/Q (sky130_fd_sc_hd__edfxtp_1)
   0.077    1.176 v _10298_/Y (sky130_fd_sc_hd__nand3_1)
   0.108    1.284 ^ _10299_/Y (sky130_fd_sc_hd__nand2_1)
   0.048    1.332 v _10300_/Y (sky130_fd_sc_hd__nand2_1)
   0.089    1.420 ^ _10301_/Y (sky130_fd_sc_hd__nand2_1)
   0.048    1.469 v _10302_/Y (sky130_fd_sc_hd__nand2_1)
   0.103    1.571 ^ _10303_/Y (sky130_fd_sc_hd__nand2_1)
   0.047    1.618 v _10304_/Y (sky130_fd_sc_hd__inv_1)
   0.087    1.705 ^ _10305_/Y (sky130_fd_sc_hd__nand2_1)
   0.087    1.793 v _10306_/Y (sky130_fd_sc_hd__nand2_1)
   0.355    2.148 ^ _12759_/Y (sky130_fd_sc_hd__nand2_1)
   0.279    2.427 ^ place713/X (sky130_fd_sc_hd__buf_4)
   0.063    2.490 v _15032_/Y (sky130_fd_sc_hd__nand2_1)
   0.093    2.583 ^ _15033_/Y (sky130_fd_sc_hd__o21ai_0)
   0.231    2.813 ^ _15388_/COUT (sky130_fd_sc_hd__ha_1)
   0.218    3.032 ^ _15290_/COUT (sky130_fd_sc_hd__fa_1)
   0.055    3.087 v _14173_/Y (sky130_fd_sc_hd__nand2_1)
   0.103    3.190 ^ _14175_/Y (sky130_fd_sc_hd__nand2_1)
   0.136    3.326 v _14176_/Y (sky130_fd_sc_hd__a21oi_1)
   0.365    3.691 ^ _14178_/Y (sky130_fd_sc_hd__o21ai_0)
   0.201    3.892 v _14181_/Y (sky130_fd_sc_hd__a31oi_1)
   0.439    4.331 ^ _14183_/Y (sky130_fd_sc_hd__o21ai_0)
   0.196    4.527 v _14190_/Y (sky130_fd_sc_hd__a21oi_1)
   0.414    4.941 ^ _14192_/Y (sky130_fd_sc_hd__o21ai_0)
   0.251    5.191 v _14199_/Y (sky130_fd_sc_hd__a21boi_0)
   0.346    5.537 ^ _14203_/Y (sky130_fd_sc_hd__o21bai_1)
   0.092    5.630 v _14206_/Y (sky130_fd_sc_hd__nand2_1)
   0.158    5.787 ^ _14208_/Y (sky130_fd_sc_hd__nand2_1)
   0.051    5.839 v _14209_/Y (sky130_fd_sc_hd__inv_1)
   0.182    6.020 ^ _14215_/Y (sky130_fd_sc_hd__o21ai_0)
   0.223    6.243 ^ _14216_/X (sky130_fd_sc_hd__xor2_1)
   0.097    6.339 v _14511_/Y (sky130_fd_sc_hd__nand3_1)
   0.109    6.448 ^ _14512_/Y (sky130_fd_sc_hd__nand3_1)
   0.089    6.537 v _14531_/Y (sky130_fd_sc_hd__nand2_1)
   0.257    6.794 v place665/X (sky130_fd_sc_hd__buf_4)
   0.030    6.825 v dp.rf.rf[23][30]$_DFFE_PP_/D (sky130_fd_sc_hd__edfxtp_1)
            6.825   data arrival time

   7.000    7.000   clock clk (rise edge)
   0.775    7.775   clock network delay (ideal)
   0.000    7.775   clock reconvergence pessimism
            7.775 ^ dp.rf.rf[23][30]$_DFFE_PP_/CLK (sky130_fd_sc_hd__edfxtp_1)
  -0.310    7.465   library setup time
            7.465   data required time
-----------------------------------------------------------
            7.465   data required time
           -6.825   data arrival time
-----------------------------------------------------------
            0.640   slack (MET)


Startpoint: dp.rf.rf[5][0]$_DFFE_PP_
            (rising edge-triggered flip-flop clocked by clk)
Endpoint: dp.rf.rf[22][30]$_DFFE_PP_
          (rising edge-triggered flip-flop clocked by clk)
Path Group: clk
Path Type: max

   Delay     Time   Description
-----------------------------------------------------------
   0.000    0.000   clock clk (rise edge)
   0.775    0.775   clock network delay (ideal)
   0.000    0.775 ^ dp.rf.rf[5][0]$_DFFE_PP_/CLK (sky130_fd_sc_hd__edfxtp_1)
   0.323    1.098 ^ dp.rf.rf[5][0]$_DFFE_PP_/Q (sky130_fd_sc_hd__edfxtp_1)
   0.077    1.176 v _10298_/Y (sky130_fd_sc_hd__nand3_1)
   0.108    1.284 ^ _10299_/Y (sky130_fd_sc_hd__nand2_1)
   0.048    1.332 v _10300_/Y (sky130_fd_sc_hd__nand2_1)
   0.089    1.420 ^ _10301_/Y (sky130_fd_sc_hd__nand2_1)
   0.048    1.469 v _10302_/Y (sky130_fd_sc_hd__nand2_1)
   0.103    1.571 ^ _10303_/Y (sky130_fd_sc_hd__nand2_1)
   0.047    1.618 v _10304_/Y (sky130_fd_sc_hd__inv_1)
   0.087    1.705 ^ _10305_/Y (sky130_fd_sc_hd__nand2_1)
   0.087    1.793 v _10306_/Y (sky130_fd_sc_hd__nand2_1)
   0.355    2.148 ^ _12759_/Y (sky130_fd_sc_hd__nand2_1)
   0.279    2.427 ^ place713/X (sky130_fd_sc_hd__buf_4)
   0.063    2.490 v _15032_/Y (sky130_fd_sc_hd__nand2_1)
   0.093    2.583 ^ _15033_/Y (sky130_fd_sc_hd__o21ai_0)
   0.231    2.813 ^ _15388_/COUT (sky130_fd_sc_hd__ha_1)
   0.218    3.032 ^ _15290_/COUT (sky130_fd_sc_hd__fa_1)
   0.055    3.087 v _14173_/Y (sky130_fd_sc_hd__nand2_1)
   0.103    3.190 ^ _14175_/Y (sky130_fd_sc_hd__nand2_1)
   0.136    3.326 v _14176_/Y (sky130_fd_sc_hd__a21oi_1)
   0.365    3.691 ^ _14178_/Y (sky130_fd_sc_hd__o21ai_0)
   0.201    3.892 v _14181_/Y (sky130_fd_sc_hd__a31oi_1)
   0.439    4.331 ^ _14183_/Y (sky130_fd_sc_hd__o21ai_0)
   0.196    4.527 v _14190_/Y (sky130_fd_sc_hd__a21oi_1)
   0.414    4.941 ^ _14192_/Y (sky130_fd_sc_hd__o21ai_0)
   0.251    5.191 v _14199_/Y (sky130_fd_sc_hd__a21boi_0)
   0.346    5.537 ^ _14203_/Y (sky130_fd_sc_hd__o21bai_1)
   0.092    5.630 v _14206_/Y (sky130_fd_sc_hd__nand2_1)
   0.158    5.787 ^ _14208_/Y (sky130_fd_sc_hd__nand2_1)
   0.051    5.839 v _14209_/Y (sky130_fd_sc_hd__inv_1)
   0.182    6.020 ^ _14215_/Y (sky130_fd_sc_hd__o21ai_0)
   0.223    6.243 ^ _14216_/X (sky130_fd_sc_hd__xor2_1)
   0.097    6.339 v _14511_/Y (sky130_fd_sc_hd__nand3_1)
   0.109    6.448 ^ _14512_/Y (sky130_fd_sc_hd__nand3_1)
   0.089    6.537 v _14531_/Y (sky130_fd_sc_hd__nand2_1)
   0.257    6.794 v place665/X (sky130_fd_sc_hd__buf_4)
   0.030    6.824 v dp.rf.rf[22][30]$_DFFE_PP_/D (sky130_fd_sc_hd__edfxtp_1)
            6.824   data arrival time

   7.000    7.000   clock clk (rise edge)
   0.775    7.775   clock network delay (ideal)
   0.000    7.775   clock reconvergence pessimism
            7.775 ^ dp.rf.rf[22][30]$_DFFE_PP_/CLK (sky130_fd_sc_hd__edfxtp_1)
  -0.310    7.465   library setup time
            7.465   data required time
-----------------------------------------------------------
            7.465   data required time
           -6.824   data arrival time
-----------------------------------------------------------
            0.640   slack (MET)


Startpoint: dp.rf.rf[5][0]$_DFFE_PP_
            (rising edge-triggered flip-flop clocked by clk)
Endpoint: dp.rf.rf[17][30]$_DFFE_PP_
          (rising edge-triggered flip-flop clocked by clk)
Path Group: clk
Path Type: max

   Delay     Time   Description
-----------------------------------------------------------
   0.000    0.000   clock clk (rise edge)
   0.775    0.775   clock network delay (ideal)
   0.000    0.775 ^ dp.rf.rf[5][0]$_DFFE_PP_/CLK (sky130_fd_sc_hd__edfxtp_1)
   0.323    1.098 ^ dp.rf.rf[5][0]$_DFFE_PP_/Q (sky130_fd_sc_hd__edfxtp_1)
   0.077    1.176 v _10298_/Y (sky130_fd_sc_hd__nand3_1)
   0.108    1.284 ^ _10299_/Y (sky130_fd_sc_hd__nand2_1)
   0.048    1.332 v _10300_/Y (sky130_fd_sc_hd__nand2_1)
   0.089    1.420 ^ _10301_/Y (sky130_fd_sc_hd__nand2_1)
   0.048    1.469 v _10302_/Y (sky130_fd_sc_hd__nand2_1)
   0.103    1.571 ^ _10303_/Y (sky130_fd_sc_hd__nand2_1)
   0.047    1.618 v _10304_/Y (sky130_fd_sc_hd__inv_1)
   0.087    1.705 ^ _10305_/Y (sky130_fd_sc_hd__nand2_1)
   0.087    1.793 v _10306_/Y (sky130_fd_sc_hd__nand2_1)
   0.355    2.148 ^ _12759_/Y (sky130_fd_sc_hd__nand2_1)
   0.279    2.427 ^ place713/X (sky130_fd_sc_hd__buf_4)
   0.063    2.490 v _15032_/Y (sky130_fd_sc_hd__nand2_1)
   0.093    2.583 ^ _15033_/Y (sky130_fd_sc_hd__o21ai_0)
   0.231    2.813 ^ _15388_/COUT (sky130_fd_sc_hd__ha_1)
   0.218    3.032 ^ _15290_/COUT (sky130_fd_sc_hd__fa_1)
   0.055    3.087 v _14173_/Y (sky130_fd_sc_hd__nand2_1)
   0.103    3.190 ^ _14175_/Y (sky130_fd_sc_hd__nand2_1)
   0.136    3.326 v _14176_/Y (sky130_fd_sc_hd__a21oi_1)
   0.365    3.691 ^ _14178_/Y (sky130_fd_sc_hd__o21ai_0)
   0.201    3.892 v _14181_/Y (sky130_fd_sc_hd__a31oi_1)
   0.439    4.331 ^ _14183_/Y (sky130_fd_sc_hd__o21ai_0)
   0.196    4.527 v _14190_/Y (sky130_fd_sc_hd__a21oi_1)
   0.414    4.941 ^ _14192_/Y (sky130_fd_sc_hd__o21ai_0)
   0.251    5.191 v _14199_/Y (sky130_fd_sc_hd__a21boi_0)
   0.346    5.537 ^ _14203_/Y (sky130_fd_sc_hd__o21bai_1)
   0.092    5.630 v _14206_/Y (sky130_fd_sc_hd__nand2_1)
   0.158    5.787 ^ _14208_/Y (sky130_fd_sc_hd__nand2_1)
   0.051    5.839 v _14209_/Y (sky130_fd_sc_hd__inv_1)
   0.182    6.020 ^ _14215_/Y (sky130_fd_sc_hd__o21ai_0)
   0.223    6.243 ^ _14216_/X (sky130_fd_sc_hd__xor2_1)
   0.097    6.339 v _14511_/Y (sky130_fd_sc_hd__nand3_1)
   0.109    6.448 ^ _14512_/Y (sky130_fd_sc_hd__nand3_1)
   0.089    6.537 v _14531_/Y (sky130_fd_sc_hd__nand2_1)
   0.257    6.794 v place665/X (sky130_fd_sc_hd__buf_4)
   0.030    6.824 v dp.rf.rf[17][30]$_DFFE_PP_/D (sky130_fd_sc_hd__edfxtp_1)
            6.824   data arrival time

   7.000    7.000   clock clk (rise edge)
   0.775    7.775   clock network delay (ideal)
   0.000    7.775   clock reconvergence pessimism
            7.775 ^ dp.rf.rf[17][30]$_DFFE_PP_/CLK (sky130_fd_sc_hd__edfxtp_1)
  -0.310    7.465   library setup time
            7.465   data required time
-----------------------------------------------------------
            7.465   data required time
           -6.824   data arrival time
-----------------------------------------------------------
            0.641   slack (MET)


Startpoint: dp.rf.rf[5][0]$_DFFE_PP_
            (rising edge-triggered flip-flop clocked by clk)
Endpoint: dp.rf.rf[16][30]$_DFFE_PP_
          (rising edge-triggered flip-flop clocked by clk)
Path Group: clk
Path Type: max

   Delay     Time   Description
-----------------------------------------------------------
   0.000    0.000   clock clk (rise edge)
   0.775    0.775   clock network delay (ideal)
   0.000    0.775 ^ dp.rf.rf[5][0]$_DFFE_PP_/CLK (sky130_fd_sc_hd__edfxtp_1)
   0.323    1.098 ^ dp.rf.rf[5][0]$_DFFE_PP_/Q (sky130_fd_sc_hd__edfxtp_1)
   0.077    1.176 v _10298_/Y (sky130_fd_sc_hd__nand3_1)
   0.108    1.284 ^ _10299_/Y (sky130_fd_sc_hd__nand2_1)
   0.048    1.332 v _10300_/Y (sky130_fd_sc_hd__nand2_1)
   0.089    1.420 ^ _10301_/Y (sky130_fd_sc_hd__nand2_1)
   0.048    1.469 v _10302_/Y (sky130_fd_sc_hd__nand2_1)
   0.103    1.571 ^ _10303_/Y (sky130_fd_sc_hd__nand2_1)
   0.047    1.618 v _10304_/Y (sky130_fd_sc_hd__inv_1)
   0.087    1.705 ^ _10305_/Y (sky130_fd_sc_hd__nand2_1)
   0.087    1.793 v _10306_/Y (sky130_fd_sc_hd__nand2_1)
   0.355    2.148 ^ _12759_/Y (sky130_fd_sc_hd__nand2_1)
   0.279    2.427 ^ place713/X (sky130_fd_sc_hd__buf_4)
   0.063    2.490 v _15032_/Y (sky130_fd_sc_hd__nand2_1)
   0.093    2.583 ^ _15033_/Y (sky130_fd_sc_hd__o21ai_0)
   0.231    2.813 ^ _15388_/COUT (sky130_fd_sc_hd__ha_1)
   0.218    3.032 ^ _15290_/COUT (sky130_fd_sc_hd__fa_1)
   0.055    3.087 v _14173_/Y (sky130_fd_sc_hd__nand2_1)
   0.103    3.190 ^ _14175_/Y (sky130_fd_sc_hd__nand2_1)
   0.136    3.326 v _14176_/Y (sky130_fd_sc_hd__a21oi_1)
   0.365    3.691 ^ _14178_/Y (sky130_fd_sc_hd__o21ai_0)
   0.201    3.892 v _14181_/Y (sky130_fd_sc_hd__a31oi_1)
   0.439    4.331 ^ _14183_/Y (sky130_fd_sc_hd__o21ai_0)
   0.196    4.527 v _14190_/Y (sky130_fd_sc_hd__a21oi_1)
   0.414    4.941 ^ _14192_/Y (sky130_fd_sc_hd__o21ai_0)
   0.251    5.191 v _14199_/Y (sky130_fd_sc_hd__a21boi_0)
   0.346    5.537 ^ _14203_/Y (sky130_fd_sc_hd__o21bai_1)
   0.092    5.630 v _14206_/Y (sky130_fd_sc_hd__nand2_1)
   0.158    5.787 ^ _14208_/Y (sky130_fd_sc_hd__nand2_1)
   0.051    5.839 v _14209_/Y (sky130_fd_sc_hd__inv_1)
   0.182    6.020 ^ _14215_/Y (sky130_fd_sc_hd__o21ai_0)
   0.223    6.243 ^ _14216_/X (sky130_fd_sc_hd__xor2_1)
   0.097    6.339 v _14511_/Y (sky130_fd_sc_hd__nand3_1)
   0.109    6.448 ^ _14512_/Y (sky130_fd_sc_hd__nand3_1)
   0.089    6.537 v _14531_/Y (sky130_fd_sc_hd__nand2_1)
   0.257    6.794 v place665/X (sky130_fd_sc_hd__buf_4)
   0.030    6.824 v dp.rf.rf[16][30]$_DFFE_PP_/D (sky130_fd_sc_hd__edfxtp_1)
            6.824   data arrival time

   7.000    7.000   clock clk (rise edge)
   0.775    7.775   clock network delay (ideal)
   0.000    7.775   clock reconvergence pessimism
            7.775 ^ dp.rf.rf[16][30]$_DFFE_PP_/CLK (sky130_fd_sc_hd__edfxtp_1)
  -0.310    7.465   library setup time
            7.465   data required time
-----------------------------------------------------------
            7.465   data required time
           -6.824   data arrival time
-----------------------------------------------------------
            0.641   slack (MET)


Startpoint: dp.rf.rf[5][0]$_DFFE_PP_
            (rising edge-triggered flip-flop clocked by clk)
Endpoint: dp.rf.rf[13][30]$_DFFE_PP_
          (rising edge-triggered flip-flop clocked by clk)
Path Group: clk
Path Type: max

   Delay     Time   Description
-----------------------------------------------------------
   0.000    0.000   clock clk (rise edge)
   0.775    0.775   clock network delay (ideal)
   0.000    0.775 ^ dp.rf.rf[5][0]$_DFFE_PP_/CLK (sky130_fd_sc_hd__edfxtp_1)
   0.323    1.098 ^ dp.rf.rf[5][0]$_DFFE_PP_/Q (sky130_fd_sc_hd__edfxtp_1)
   0.077    1.176 v _10298_/Y (sky130_fd_sc_hd__nand3_1)
   0.108    1.284 ^ _10299_/Y (sky130_fd_sc_hd__nand2_1)
   0.048    1.332 v _10300_/Y (sky130_fd_sc_hd__nand2_1)
   0.089    1.420 ^ _10301_/Y (sky130_fd_sc_hd__nand2_1)
   0.048    1.469 v _10302_/Y (sky130_fd_sc_hd__nand2_1)
   0.103    1.571 ^ _10303_/Y (sky130_fd_sc_hd__nand2_1)
   0.047    1.618 v _10304_/Y (sky130_fd_sc_hd__inv_1)
   0.087    1.705 ^ _10305_/Y (sky130_fd_sc_hd__nand2_1)
   0.087    1.793 v _10306_/Y (sky130_fd_sc_hd__nand2_1)
   0.355    2.148 ^ _12759_/Y (sky130_fd_sc_hd__nand2_1)
   0.279    2.427 ^ place713/X (sky130_fd_sc_hd__buf_4)
   0.063    2.490 v _15032_/Y (sky130_fd_sc_hd__nand2_1)
   0.093    2.583 ^ _15033_/Y (sky130_fd_sc_hd__o21ai_0)
   0.231    2.813 ^ _15388_/COUT (sky130_fd_sc_hd__ha_1)
   0.218    3.032 ^ _15290_/COUT (sky130_fd_sc_hd__fa_1)
   0.055    3.087 v _14173_/Y (sky130_fd_sc_hd__nand2_1)
   0.103    3.190 ^ _14175_/Y (sky130_fd_sc_hd__nand2_1)
   0.136    3.326 v _14176_/Y (sky130_fd_sc_hd__a21oi_1)
   0.365    3.691 ^ _14178_/Y (sky130_fd_sc_hd__o21ai_0)
   0.201    3.892 v _14181_/Y (sky130_fd_sc_hd__a31oi_1)
   0.439    4.331 ^ _14183_/Y (sky130_fd_sc_hd__o21ai_0)
   0.196    4.527 v _14190_/Y (sky130_fd_sc_hd__a21oi_1)
   0.414    4.941 ^ _14192_/Y (sky130_fd_sc_hd__o21ai_0)
   0.251    5.191 v _14199_/Y (sky130_fd_sc_hd__a21boi_0)
   0.346    5.537 ^ _14203_/Y (sky130_fd_sc_hd__o21bai_1)
   0.092    5.630 v _14206_/Y (sky130_fd_sc_hd__nand2_1)
   0.158    5.787 ^ _14208_/Y (sky130_fd_sc_hd__nand2_1)
   0.051    5.839 v _14209_/Y (sky130_fd_sc_hd__inv_1)
   0.182    6.020 ^ _14215_/Y (sky130_fd_sc_hd__o21ai_0)
   0.223    6.243 ^ _14216_/X (sky130_fd_sc_hd__xor2_1)
   0.097    6.339 v _14511_/Y (sky130_fd_sc_hd__nand3_1)
   0.109    6.448 ^ _14512_/Y (sky130_fd_sc_hd__nand3_1)
   0.089    6.537 v _14531_/Y (sky130_fd_sc_hd__nand2_1)
   0.257    6.794 v place665/X (sky130_fd_sc_hd__buf_4)
   0.029    6.823 v dp.rf.rf[13][30]$_DFFE_PP_/D (sky130_fd_sc_hd__edfxtp_1)
            6.823   data arrival time

   7.000    7.000   clock clk (rise edge)
   0.775    7.775   clock network delay (ideal)
   0.000    7.775   clock reconvergence pessimism
            7.775 ^ dp.rf.rf[13][30]$_DFFE_PP_/CLK (sky130_fd_sc_hd__edfxtp_1)
  -0.310    7.465   library setup time
            7.465   data required time
-----------------------------------------------------------
            7.465   data required time
           -6.823   data arrival time
-----------------------------------------------------------
            0.642   slack (MET)


Startpoint: dp.rf.rf[5][0]$_DFFE_PP_
            (rising edge-triggered flip-flop clocked by clk)
Endpoint: dp.rf.rf[12][30]$_DFFE_PP_
          (rising edge-triggered flip-flop clocked by clk)
Path Group: clk
Path Type: max

   Delay     Time   Description
-----------------------------------------------------------
   0.000    0.000   clock clk (rise edge)
   0.775    0.775   clock network delay (ideal)
   0.000    0.775 ^ dp.rf.rf[5][0]$_DFFE_PP_/CLK (sky130_fd_sc_hd__edfxtp_1)
   0.323    1.098 ^ dp.rf.rf[5][0]$_DFFE_PP_/Q (sky130_fd_sc_hd__edfxtp_1)
   0.077    1.176 v _10298_/Y (sky130_fd_sc_hd__nand3_1)
   0.108    1.284 ^ _10299_/Y (sky130_fd_sc_hd__nand2_1)
   0.048    1.332 v _10300_/Y (sky130_fd_sc_hd__nand2_1)
   0.089    1.420 ^ _10301_/Y (sky130_fd_sc_hd__nand2_1)
   0.048    1.469 v _10302_/Y (sky130_fd_sc_hd__nand2_1)
   0.103    1.571 ^ _10303_/Y (sky130_fd_sc_hd__nand2_1)
   0.047    1.618 v _10304_/Y (sky130_fd_sc_hd__inv_1)
   0.087    1.705 ^ _10305_/Y (sky130_fd_sc_hd__nand2_1)
   0.087    1.793 v _10306_/Y (sky130_fd_sc_hd__nand2_1)
   0.355    2.148 ^ _12759_/Y (sky130_fd_sc_hd__nand2_1)
   0.279    2.427 ^ place713/X (sky130_fd_sc_hd__buf_4)
   0.063    2.490 v _15032_/Y (sky130_fd_sc_hd__nand2_1)
   0.093    2.583 ^ _15033_/Y (sky130_fd_sc_hd__o21ai_0)
   0.231    2.813 ^ _15388_/COUT (sky130_fd_sc_hd__ha_1)
   0.218    3.032 ^ _15290_/COUT (sky130_fd_sc_hd__fa_1)
   0.055    3.087 v _14173_/Y (sky130_fd_sc_hd__nand2_1)
   0.103    3.190 ^ _14175_/Y (sky130_fd_sc_hd__nand2_1)
   0.136    3.326 v _14176_/Y (sky130_fd_sc_hd__a21oi_1)
   0.365    3.691 ^ _14178_/Y (sky130_fd_sc_hd__o21ai_0)
   0.201    3.892 v _14181_/Y (sky130_fd_sc_hd__a31oi_1)
   0.439    4.331 ^ _14183_/Y (sky130_fd_sc_hd__o21ai_0)
   0.196    4.527 v _14190_/Y (sky130_fd_sc_hd__a21oi_1)
   0.414    4.941 ^ _14192_/Y (sky130_fd_sc_hd__o21ai_0)
   0.251    5.191 v _14199_/Y (sky130_fd_sc_hd__a21boi_0)
   0.346    5.537 ^ _14203_/Y (sky130_fd_sc_hd__o21bai_1)
   0.092    5.630 v _14206_/Y (sky130_fd_sc_hd__nand2_1)
   0.158    5.787 ^ _14208_/Y (sky130_fd_sc_hd__nand2_1)
   0.051    5.839 v _14209_/Y (sky130_fd_sc_hd__inv_1)
   0.182    6.020 ^ _14215_/Y (sky130_fd_sc_hd__o21ai_0)
   0.223    6.243 ^ _14216_/X (sky130_fd_sc_hd__xor2_1)
   0.097    6.339 v _14511_/Y (sky130_fd_sc_hd__nand3_1)
   0.109    6.448 ^ _14512_/Y (sky130_fd_sc_hd__nand3_1)
   0.089    6.537 v _14531_/Y (sky130_fd_sc_hd__nand2_1)
   0.257    6.794 v place665/X (sky130_fd_sc_hd__buf_4)
   0.027    6.822 v dp.rf.rf[12][30]$_DFFE_PP_/D (sky130_fd_sc_hd__edfxtp_1)
            6.822   data arrival time

   7.000    7.000   clock clk (rise edge)
   0.775    7.775   clock network delay (ideal)
   0.000    7.775   clock reconvergence pessimism
            7.775 ^ dp.rf.rf[12][30]$_DFFE_PP_/CLK (sky130_fd_sc_hd__edfxtp_1)
  -0.309    7.466   library setup time
            7.466   data required time
-----------------------------------------------------------
            7.466   data required time
           -6.822   data arrival time
-----------------------------------------------------------
            0.644   slack (MET)


Startpoint: dp.rf.rf[5][0]$_DFFE_PP_
            (rising edge-triggered flip-flop clocked by clk)
Endpoint: dp.rf.rf[15][30]$_DFFE_PP_
          (rising edge-triggered flip-flop clocked by clk)
Path Group: clk
Path Type: max

   Delay     Time   Description
-----------------------------------------------------------
   0.000    0.000   clock clk (rise edge)
   0.775    0.775   clock network delay (ideal)
   0.000    0.775 ^ dp.rf.rf[5][0]$_DFFE_PP_/CLK (sky130_fd_sc_hd__edfxtp_1)
   0.323    1.098 ^ dp.rf.rf[5][0]$_DFFE_PP_/Q (sky130_fd_sc_hd__edfxtp_1)
   0.077    1.176 v _10298_/Y (sky130_fd_sc_hd__nand3_1)
   0.108    1.284 ^ _10299_/Y (sky130_fd_sc_hd__nand2_1)
   0.048    1.332 v _10300_/Y (sky130_fd_sc_hd__nand2_1)
   0.089    1.420 ^ _10301_/Y (sky130_fd_sc_hd__nand2_1)
   0.048    1.469 v _10302_/Y (sky130_fd_sc_hd__nand2_1)
   0.103    1.571 ^ _10303_/Y (sky130_fd_sc_hd__nand2_1)
   0.047    1.618 v _10304_/Y (sky130_fd_sc_hd__inv_1)
   0.087    1.705 ^ _10305_/Y (sky130_fd_sc_hd__nand2_1)
   0.087    1.793 v _10306_/Y (sky130_fd_sc_hd__nand2_1)
   0.355    2.148 ^ _12759_/Y (sky130_fd_sc_hd__nand2_1)
   0.279    2.427 ^ place713/X (sky130_fd_sc_hd__buf_4)
   0.063    2.490 v _15032_/Y (sky130_fd_sc_hd__nand2_1)
   0.093    2.583 ^ _15033_/Y (sky130_fd_sc_hd__o21ai_0)
   0.231    2.813 ^ _15388_/COUT (sky130_fd_sc_hd__ha_1)
   0.218    3.032 ^ _15290_/COUT (sky130_fd_sc_hd__fa_1)
   0.055    3.087 v _14173_/Y (sky130_fd_sc_hd__nand2_1)
   0.103    3.190 ^ _14175_/Y (sky130_fd_sc_hd__nand2_1)
   0.136    3.326 v _14176_/Y (sky130_fd_sc_hd__a21oi_1)
   0.365    3.691 ^ _14178_/Y (sky130_fd_sc_hd__o21ai_0)
   0.201    3.892 v _14181_/Y (sky130_fd_sc_hd__a31oi_1)
   0.439    4.331 ^ _14183_/Y (sky130_fd_sc_hd__o21ai_0)
   0.196    4.527 v _14190_/Y (sky130_fd_sc_hd__a21oi_1)
   0.414    4.941 ^ _14192_/Y (sky130_fd_sc_hd__o21ai_0)
   0.251    5.191 v _14199_/Y (sky130_fd_sc_hd__a21boi_0)
   0.346    5.537 ^ _14203_/Y (sky130_fd_sc_hd__o21bai_1)
   0.092    5.630 v _14206_/Y (sky130_fd_sc_hd__nand2_1)
   0.158    5.787 ^ _14208_/Y (sky130_fd_sc_hd__nand2_1)
   0.051    5.839 v _14209_/Y (sky130_fd_sc_hd__inv_1)
   0.182    6.020 ^ _14215_/Y (sky130_fd_sc_hd__o21ai_0)
   0.223    6.243 ^ _14216_/X (sky130_fd_sc_hd__xor2_1)
   0.097    6.339 v _14511_/Y (sky130_fd_sc_hd__nand3_1)
   0.109    6.448 ^ _14512_/Y (sky130_fd_sc_hd__nand3_1)
   0.089    6.537 v _14531_/Y (sky130_fd_sc_hd__nand2_1)
   0.257    6.794 v place665/X (sky130_fd_sc_hd__buf_4)
   0.026    6.821 v dp.rf.rf[15][30]$_DFFE_PP_/D (sky130_fd_sc_hd__edfxtp_1)
            6.821   data arrival time

   7.000    7.000   clock clk (rise edge)
   0.775    7.775   clock network delay (ideal)
   0.000    7.775   clock reconvergence pessimism
            7.775 ^ dp.rf.rf[15][30]$_DFFE_PP_/CLK (sky130_fd_sc_hd__edfxtp_1)
  -0.309    7.466   library setup time
            7.466   data required time
-----------------------------------------------------------
            7.466   data required time
           -6.821   data arrival time
-----------------------------------------------------------
            0.645   slack (MET)


Startpoint: dp.rf.rf[5][0]$_DFFE_PP_
            (rising edge-triggered flip-flop clocked by clk)
Endpoint: dp.rf.rf[14][30]$_DFFE_PP_
          (rising edge-triggered flip-flop clocked by clk)
Path Group: clk
Path Type: max

   Delay     Time   Description
-----------------------------------------------------------
   0.000    0.000   clock clk (rise edge)
   0.775    0.775   clock network delay (ideal)
   0.000    0.775 ^ dp.rf.rf[5][0]$_DFFE_PP_/CLK (sky130_fd_sc_hd__edfxtp_1)
   0.323    1.098 ^ dp.rf.rf[5][0]$_DFFE_PP_/Q (sky130_fd_sc_hd__edfxtp_1)
   0.077    1.176 v _10298_/Y (sky130_fd_sc_hd__nand3_1)
   0.108    1.284 ^ _10299_/Y (sky130_fd_sc_hd__nand2_1)
   0.048    1.332 v _10300_/Y (sky130_fd_sc_hd__nand2_1)
   0.089    1.420 ^ _10301_/Y (sky130_fd_sc_hd__nand2_1)
   0.048    1.469 v _10302_/Y (sky130_fd_sc_hd__nand2_1)
   0.103    1.571 ^ _10303_/Y (sky130_fd_sc_hd__nand2_1)
   0.047    1.618 v _10304_/Y (sky130_fd_sc_hd__inv_1)
   0.087    1.705 ^ _10305_/Y (sky130_fd_sc_hd__nand2_1)
   0.087    1.793 v _10306_/Y (sky130_fd_sc_hd__nand2_1)
   0.355    2.148 ^ _12759_/Y (sky130_fd_sc_hd__nand2_1)
   0.279    2.427 ^ place713/X (sky130_fd_sc_hd__buf_4)
   0.063    2.490 v _15032_/Y (sky130_fd_sc_hd__nand2_1)
   0.093    2.583 ^ _15033_/Y (sky130_fd_sc_hd__o21ai_0)
   0.231    2.813 ^ _15388_/COUT (sky130_fd_sc_hd__ha_1)
   0.218    3.032 ^ _15290_/COUT (sky130_fd_sc_hd__fa_1)
   0.055    3.087 v _14173_/Y (sky130_fd_sc_hd__nand2_1)
   0.103    3.190 ^ _14175_/Y (sky130_fd_sc_hd__nand2_1)
   0.136    3.326 v _14176_/Y (sky130_fd_sc_hd__a21oi_1)
   0.365    3.691 ^ _14178_/Y (sky130_fd_sc_hd__o21ai_0)
   0.201    3.892 v _14181_/Y (sky130_fd_sc_hd__a31oi_1)
   0.439    4.331 ^ _14183_/Y (sky130_fd_sc_hd__o21ai_0)
   0.196    4.527 v _14190_/Y (sky130_fd_sc_hd__a21oi_1)
   0.414    4.941 ^ _14192_/Y (sky130_fd_sc_hd__o21ai_0)
   0.251    5.191 v _14199_/Y (sky130_fd_sc_hd__a21boi_0)
   0.346    5.537 ^ _14203_/Y (sky130_fd_sc_hd__o21bai_1)
   0.092    5.630 v _14206_/Y (sky130_fd_sc_hd__nand2_1)
   0.158    5.787 ^ _14208_/Y (sky130_fd_sc_hd__nand2_1)
   0.051    5.839 v _14209_/Y (sky130_fd_sc_hd__inv_1)
   0.182    6.020 ^ _14215_/Y (sky130_fd_sc_hd__o21ai_0)
   0.223    6.243 ^ _14216_/X (sky130_fd_sc_hd__xor2_1)
   0.097    6.339 v _14511_/Y (sky130_fd_sc_hd__nand3_1)
   0.109    6.448 ^ _14512_/Y (sky130_fd_sc_hd__nand3_1)
   0.089    6.537 v _14531_/Y (sky130_fd_sc_hd__nand2_1)
   0.257    6.794 v place665/X (sky130_fd_sc_hd__buf_4)
   0.025    6.820 v dp.rf.rf[14][30]$_DFFE_PP_/D (sky130_fd_sc_hd__edfxtp_1)
            6.820   data arrival time

   7.000    7.000   clock clk (rise edge)
   0.775    7.775   clock network delay (ideal)
   0.000    7.775   clock reconvergence pessimism
            7.775 ^ dp.rf.rf[14][30]$_DFFE_PP_/CLK (sky130_fd_sc_hd__edfxtp_1)
  -0.309    7.466   library setup time
            7.466   data required time
-----------------------------------------------------------
            7.466   data required time
           -6.820   data arrival time
-----------------------------------------------------------
            0.646   slack (MET)


Startpoint: dp.rf.rf[5][0]$_DFFE_PP_
            (rising edge-triggered flip-flop clocked by clk)
Endpoint: dp.rf.rf[1][30]$_DFFE_PP_
          (rising edge-triggered flip-flop clocked by clk)
Path Group: clk
Path Type: max

   Delay     Time   Description
-----------------------------------------------------------
   0.000    0.000   clock clk (rise edge)
   0.775    0.775   clock network delay (ideal)
   0.000    0.775 ^ dp.rf.rf[5][0]$_DFFE_PP_/CLK (sky130_fd_sc_hd__edfxtp_1)
   0.323    1.098 ^ dp.rf.rf[5][0]$_DFFE_PP_/Q (sky130_fd_sc_hd__edfxtp_1)
   0.077    1.176 v _10298_/Y (sky130_fd_sc_hd__nand3_1)
   0.108    1.284 ^ _10299_/Y (sky130_fd_sc_hd__nand2_1)
   0.048    1.332 v _10300_/Y (sky130_fd_sc_hd__nand2_1)
   0.089    1.420 ^ _10301_/Y (sky130_fd_sc_hd__nand2_1)
   0.048    1.469 v _10302_/Y (sky130_fd_sc_hd__nand2_1)
   0.103    1.571 ^ _10303_/Y (sky130_fd_sc_hd__nand2_1)
   0.047    1.618 v _10304_/Y (sky130_fd_sc_hd__inv_1)
   0.087    1.705 ^ _10305_/Y (sky130_fd_sc_hd__nand2_1)
   0.087    1.793 v _10306_/Y (sky130_fd_sc_hd__nand2_1)
   0.355    2.148 ^ _12759_/Y (sky130_fd_sc_hd__nand2_1)
   0.279    2.427 ^ place713/X (sky130_fd_sc_hd__buf_4)
   0.063    2.490 v _15032_/Y (sky130_fd_sc_hd__nand2_1)
   0.093    2.583 ^ _15033_/Y (sky130_fd_sc_hd__o21ai_0)
   0.231    2.813 ^ _15388_/COUT (sky130_fd_sc_hd__ha_1)
   0.218    3.032 ^ _15290_/COUT (sky130_fd_sc_hd__fa_1)
   0.055    3.087 v _14173_/Y (sky130_fd_sc_hd__nand2_1)
   0.103    3.190 ^ _14175_/Y (sky130_fd_sc_hd__nand2_1)
   0.136    3.326 v _14176_/Y (sky130_fd_sc_hd__a21oi_1)
   0.365    3.691 ^ _14178_/Y (sky130_fd_sc_hd__o21ai_0)
   0.201    3.892 v _14181_/Y (sky130_fd_sc_hd__a31oi_1)
   0.439    4.331 ^ _14183_/Y (sky130_fd_sc_hd__o21ai_0)
   0.196    4.527 v _14190_/Y (sky130_fd_sc_hd__a21oi_1)
   0.414    4.941 ^ _14192_/Y (sky130_fd_sc_hd__o21ai_0)
   0.251    5.191 v _14199_/Y (sky130_fd_sc_hd__a21boi_0)
   0.346    5.537 ^ _14203_/Y (sky130_fd_sc_hd__o21bai_1)
   0.092    5.630 v _14206_/Y (sky130_fd_sc_hd__nand2_1)
   0.158    5.787 ^ _14208_/Y (sky130_fd_sc_hd__nand2_1)
   0.051    5.839 v _14209_/Y (sky130_fd_sc_hd__inv_1)
   0.182    6.020 ^ _14215_/Y (sky130_fd_sc_hd__o21ai_0)
   0.223    6.243 ^ _14216_/X (sky130_fd_sc_hd__xor2_1)
   0.097    6.339 v _14511_/Y (sky130_fd_sc_hd__nand3_1)
   0.109    6.448 ^ _14512_/Y (sky130_fd_sc_hd__nand3_1)
   0.089    6.537 v _14531_/Y (sky130_fd_sc_hd__nand2_1)
   0.257    6.794 v place665/X (sky130_fd_sc_hd__buf_4)
   0.025    6.819 v dp.rf.rf[1][30]$_DFFE_PP_/D (sky130_fd_sc_hd__edfxtp_1)
            6.819   data arrival time

   7.000    7.000   clock clk (rise edge)
   0.775    7.775   clock network delay (ideal)
   0.000    7.775   clock reconvergence pessimism
            7.775 ^ dp.rf.rf[1][30]$_DFFE_PP_/CLK (sky130_fd_sc_hd__edfxtp_1)
  -0.309    7.466   library setup time
            7.466   data required time
-----------------------------------------------------------
            7.466   data required time
           -6.819   data arrival time
-----------------------------------------------------------
            0.647   slack (MET)


Startpoint: dp.rf.rf[5][0]$_DFFE_PP_
            (rising edge-triggered flip-flop clocked by clk)
Endpoint: dp.rf.rf[0][30]$_DFFE_PP_
          (rising edge-triggered flip-flop clocked by clk)
Path Group: clk
Path Type: max

   Delay     Time   Description
-----------------------------------------------------------
   0.000    0.000   clock clk (rise edge)
   0.775    0.775   clock network delay (ideal)
   0.000    0.775 ^ dp.rf.rf[5][0]$_DFFE_PP_/CLK (sky130_fd_sc_hd__edfxtp_1)
   0.323    1.098 ^ dp.rf.rf[5][0]$_DFFE_PP_/Q (sky130_fd_sc_hd__edfxtp_1)
   0.077    1.176 v _10298_/Y (sky130_fd_sc_hd__nand3_1)
   0.108    1.284 ^ _10299_/Y (sky130_fd_sc_hd__nand2_1)
   0.048    1.332 v _10300_/Y (sky130_fd_sc_hd__nand2_1)
   0.089    1.420 ^ _10301_/Y (sky130_fd_sc_hd__nand2_1)
   0.048    1.469 v _10302_/Y (sky130_fd_sc_hd__nand2_1)
   0.103    1.571 ^ _10303_/Y (sky130_fd_sc_hd__nand2_1)
   0.047    1.618 v _10304_/Y (sky130_fd_sc_hd__inv_1)
   0.087    1.705 ^ _10305_/Y (sky130_fd_sc_hd__nand2_1)
   0.087    1.793 v _10306_/Y (sky130_fd_sc_hd__nand2_1)
   0.355    2.148 ^ _12759_/Y (sky130_fd_sc_hd__nand2_1)
   0.279    2.427 ^ place713/X (sky130_fd_sc_hd__buf_4)
   0.063    2.490 v _15032_/Y (sky130_fd_sc_hd__nand2_1)
   0.093    2.583 ^ _15033_/Y (sky130_fd_sc_hd__o21ai_0)
   0.231    2.813 ^ _15388_/COUT (sky130_fd_sc_hd__ha_1)
   0.218    3.032 ^ _15290_/COUT (sky130_fd_sc_hd__fa_1)
   0.055    3.087 v _14173_/Y (sky130_fd_sc_hd__nand2_1)
   0.103    3.190 ^ _14175_/Y (sky130_fd_sc_hd__nand2_1)
   0.136    3.326 v _14176_/Y (sky130_fd_sc_hd__a21oi_1)
   0.365    3.691 ^ _14178_/Y (sky130_fd_sc_hd__o21ai_0)
   0.201    3.892 v _14181_/Y (sky130_fd_sc_hd__a31oi_1)
   0.439    4.331 ^ _14183_/Y (sky130_fd_sc_hd__o21ai_0)
   0.196    4.527 v _14190_/Y (sky130_fd_sc_hd__a21oi_1)
   0.414    4.941 ^ _14192_/Y (sky130_fd_sc_hd__o21ai_0)
   0.251    5.191 v _14199_/Y (sky130_fd_sc_hd__a21boi_0)
   0.346    5.537 ^ _14203_/Y (sky130_fd_sc_hd__o21bai_1)
   0.092    5.630 v _14206_/Y (sky130_fd_sc_hd__nand2_1)
   0.158    5.787 ^ _14208_/Y (sky130_fd_sc_hd__nand2_1)
   0.051    5.839 v _14209_/Y (sky130_fd_sc_hd__inv_1)
   0.182    6.020 ^ _14215_/Y (sky130_fd_sc_hd__o21ai_0)
   0.223    6.243 ^ _14216_/X (sky130_fd_sc_hd__xor2_1)
   0.097    6.339 v _14511_/Y (sky130_fd_sc_hd__nand3_1)
   0.109    6.448 ^ _14512_/Y (sky130_fd_sc_hd__nand3_1)
   0.089    6.537 v _14531_/Y (sky130_fd_sc_hd__nand2_1)
   0.257    6.794 v place665/X (sky130_fd_sc_hd__buf_4)
   0.024    6.818 v dp.rf.rf[0][30]$_DFFE_PP_/D (sky130_fd_sc_hd__edfxtp_1)
            6.818   data arrival time

   7.000    7.000   clock clk (rise edge)
   0.775    7.775   clock network delay (ideal)
   0.000    7.775   clock reconvergence pessimism
            7.775 ^ dp.rf.rf[0][30]$_DFFE_PP_/CLK (sky130_fd_sc_hd__edfxtp_1)
  -0.309    7.466   library setup time
            7.466   data required time
-----------------------------------------------------------
            7.466   data required time
           -6.818   data arrival time
-----------------------------------------------------------
            0.648   slack (MET)


Startpoint: dp.rf.rf[5][0]$_DFFE_PP_
            (rising edge-triggered flip-flop clocked by clk)
Endpoint: dp.rf.rf[2][30]$_DFFE_PP_
          (rising edge-triggered flip-flop clocked by clk)
Path Group: clk
Path Type: max

   Delay     Time   Description
-----------------------------------------------------------
   0.000    0.000   clock clk (rise edge)
   0.775    0.775   clock network delay (ideal)
   0.000    0.775 ^ dp.rf.rf[5][0]$_DFFE_PP_/CLK (sky130_fd_sc_hd__edfxtp_1)
   0.323    1.098 ^ dp.rf.rf[5][0]$_DFFE_PP_/Q (sky130_fd_sc_hd__edfxtp_1)
   0.077    1.176 v _10298_/Y (sky130_fd_sc_hd__nand3_1)
   0.108    1.284 ^ _10299_/Y (sky130_fd_sc_hd__nand2_1)
   0.048    1.332 v _10300_/Y (sky130_fd_sc_hd__nand2_1)
   0.089    1.420 ^ _10301_/Y (sky130_fd_sc_hd__nand2_1)
   0.048    1.469 v _10302_/Y (sky130_fd_sc_hd__nand2_1)
   0.103    1.571 ^ _10303_/Y (sky130_fd_sc_hd__nand2_1)
   0.047    1.618 v _10304_/Y (sky130_fd_sc_hd__inv_1)
   0.087    1.705 ^ _10305_/Y (sky130_fd_sc_hd__nand2_1)
   0.087    1.793 v _10306_/Y (sky130_fd_sc_hd__nand2_1)
   0.355    2.148 ^ _12759_/Y (sky130_fd_sc_hd__nand2_1)
   0.279    2.427 ^ place713/X (sky130_fd_sc_hd__buf_4)
   0.063    2.490 v _15032_/Y (sky130_fd_sc_hd__nand2_1)
   0.093    2.583 ^ _15033_/Y (sky130_fd_sc_hd__o21ai_0)
   0.231    2.813 ^ _15388_/COUT (sky130_fd_sc_hd__ha_1)
   0.218    3.032 ^ _15290_/COUT (sky130_fd_sc_hd__fa_1)
   0.055    3.087 v _14173_/Y (sky130_fd_sc_hd__nand2_1)
   0.103    3.190 ^ _14175_/Y (sky130_fd_sc_hd__nand2_1)
   0.136    3.326 v _14176_/Y (sky130_fd_sc_hd__a21oi_1)
   0.365    3.691 ^ _14178_/Y (sky130_fd_sc_hd__o21ai_0)
   0.201    3.892 v _14181_/Y (sky130_fd_sc_hd__a31oi_1)
   0.439    4.331 ^ _14183_/Y (sky130_fd_sc_hd__o21ai_0)
   0.196    4.527 v _14190_/Y (sky130_fd_sc_hd__a21oi_1)
   0.414    4.941 ^ _14192_/Y (sky130_fd_sc_hd__o21ai_0)
   0.251    5.191 v _14199_/Y (sky130_fd_sc_hd__a21boi_0)
   0.346    5.537 ^ _14203_/Y (sky130_fd_sc_hd__o21bai_1)
   0.092    5.630 v _14206_/Y (sky130_fd_sc_hd__nand2_1)
   0.158    5.787 ^ _14208_/Y (sky130_fd_sc_hd__nand2_1)
   0.051    5.839 v _14209_/Y (sky130_fd_sc_hd__inv_1)
   0.182    6.020 ^ _14215_/Y (sky130_fd_sc_hd__o21ai_0)
   0.223    6.243 ^ _14216_/X (sky130_fd_sc_hd__xor2_1)
   0.097    6.339 v _14511_/Y (sky130_fd_sc_hd__nand3_1)
   0.109    6.448 ^ _14512_/Y (sky130_fd_sc_hd__nand3_1)
   0.089    6.537 v _14531_/Y (sky130_fd_sc_hd__nand2_1)
   0.257    6.794 v place665/X (sky130_fd_sc_hd__buf_4)
   0.023    6.818 v dp.rf.rf[2][30]$_DFFE_PP_/D (sky130_fd_sc_hd__edfxtp_1)
            6.818   data arrival time

   7.000    7.000   clock clk (rise edge)
   0.775    7.775   clock network delay (ideal)
   0.000    7.775   clock reconvergence pessimism
            7.775 ^ dp.rf.rf[2][30]$_DFFE_PP_/CLK (sky130_fd_sc_hd__edfxtp_1)
  -0.308    7.467   library setup time
            7.467   data required time
-----------------------------------------------------------
            7.467   data required time
           -6.818   data arrival time
-----------------------------------------------------------
            0.649   slack (MET)


Startpoint: dp.rf.rf[5][0]$_DFFE_PP_
            (rising edge-triggered flip-flop clocked by clk)
Endpoint: dp.rf.rf[3][30]$_DFFE_PP_
          (rising edge-triggered flip-flop clocked by clk)
Path Group: clk
Path Type: max

   Delay     Time   Description
-----------------------------------------------------------
   0.000    0.000   clock clk (rise edge)
   0.775    0.775   clock network delay (ideal)
   0.000    0.775 ^ dp.rf.rf[5][0]$_DFFE_PP_/CLK (sky130_fd_sc_hd__edfxtp_1)
   0.323    1.098 ^ dp.rf.rf[5][0]$_DFFE_PP_/Q (sky130_fd_sc_hd__edfxtp_1)
   0.077    1.176 v _10298_/Y (sky130_fd_sc_hd__nand3_1)
   0.108    1.284 ^ _10299_/Y (sky130_fd_sc_hd__nand2_1)
   0.048    1.332 v _10300_/Y (sky130_fd_sc_hd__nand2_1)
   0.089    1.420 ^ _10301_/Y (sky130_fd_sc_hd__nand2_1)
   0.048    1.469 v _10302_/Y (sky130_fd_sc_hd__nand2_1)
   0.103    1.571 ^ _10303_/Y (sky130_fd_sc_hd__nand2_1)
   0.047    1.618 v _10304_/Y (sky130_fd_sc_hd__inv_1)
   0.087    1.705 ^ _10305_/Y (sky130_fd_sc_hd__nand2_1)
   0.087    1.793 v _10306_/Y (sky130_fd_sc_hd__nand2_1)
   0.355    2.148 ^ _12759_/Y (sky130_fd_sc_hd__nand2_1)
   0.279    2.427 ^ place713/X (sky130_fd_sc_hd__buf_4)
   0.063    2.490 v _15032_/Y (sky130_fd_sc_hd__nand2_1)
   0.093    2.583 ^ _15033_/Y (sky130_fd_sc_hd__o21ai_0)
   0.231    2.813 ^ _15388_/COUT (sky130_fd_sc_hd__ha_1)
   0.218    3.032 ^ _15290_/COUT (sky130_fd_sc_hd__fa_1)
   0.055    3.087 v _14173_/Y (sky130_fd_sc_hd__nand2_1)
   0.103    3.190 ^ _14175_/Y (sky130_fd_sc_hd__nand2_1)
   0.136    3.326 v _14176_/Y (sky130_fd_sc_hd__a21oi_1)
   0.365    3.691 ^ _14178_/Y (sky130_fd_sc_hd__o21ai_0)
   0.201    3.892 v _14181_/Y (sky130_fd_sc_hd__a31oi_1)
   0.439    4.331 ^ _14183_/Y (sky130_fd_sc_hd__o21ai_0)
   0.196    4.527 v _14190_/Y (sky130_fd_sc_hd__a21oi_1)
   0.414    4.941 ^ _14192_/Y (sky130_fd_sc_hd__o21ai_0)
   0.251    5.191 v _14199_/Y (sky130_fd_sc_hd__a21boi_0)
   0.346    5.537 ^ _14203_/Y (sky130_fd_sc_hd__o21bai_1)
   0.092    5.630 v _14206_/Y (sky130_fd_sc_hd__nand2_1)
   0.158    5.787 ^ _14208_/Y (sky130_fd_sc_hd__nand2_1)
   0.051    5.839 v _14209_/Y (sky130_fd_sc_hd__inv_1)
   0.182    6.020 ^ _14215_/Y (sky130_fd_sc_hd__o21ai_0)
   0.223    6.243 ^ _14216_/X (sky130_fd_sc_hd__xor2_1)
   0.097    6.339 v _14511_/Y (sky130_fd_sc_hd__nand3_1)
   0.109    6.448 ^ _14512_/Y (sky130_fd_sc_hd__nand3_1)
   0.089    6.537 v _14531_/Y (sky130_fd_sc_hd__nand2_1)
   0.257    6.794 v place665/X (sky130_fd_sc_hd__buf_4)
   0.022    6.816 v dp.rf.rf[3][30]$_DFFE_PP_/D (sky130_fd_sc_hd__edfxtp_1)
            6.816   data arrival time

   7.000    7.000   clock clk (rise edge)
   0.775    7.775   clock network delay (ideal)
   0.000    7.775   clock reconvergence pessimism
            7.775 ^ dp.rf.rf[3][30]$_DFFE_PP_/CLK (sky130_fd_sc_hd__edfxtp_1)
  -0.308    7.467   library setup time
            7.467   data required time
-----------------------------------------------------------
            7.467   data required time
           -6.816   data arrival time
-----------------------------------------------------------
            0.650   slack (MET)


Startpoint: dp.rf.rf[5][0]$_DFFE_PP_
            (rising edge-triggered flip-flop clocked by clk)
Endpoint: dp.rf.rf[5][30]$_DFFE_PP_
          (rising edge-triggered flip-flop clocked by clk)
Path Group: clk
Path Type: max

   Delay     Time   Description
-----------------------------------------------------------
   0.000    0.000   clock clk (rise edge)
   0.775    0.775   clock network delay (ideal)
   0.000    0.775 ^ dp.rf.rf[5][0]$_DFFE_PP_/CLK (sky130_fd_sc_hd__edfxtp_1)
   0.323    1.098 ^ dp.rf.rf[5][0]$_DFFE_PP_/Q (sky130_fd_sc_hd__edfxtp_1)
   0.077    1.176 v _10298_/Y (sky130_fd_sc_hd__nand3_1)
   0.108    1.284 ^ _10299_/Y (sky130_fd_sc_hd__nand2_1)
   0.048    1.332 v _10300_/Y (sky130_fd_sc_hd__nand2_1)
   0.089    1.420 ^ _10301_/Y (sky130_fd_sc_hd__nand2_1)
   0.048    1.469 v _10302_/Y (sky130_fd_sc_hd__nand2_1)
   0.103    1.571 ^ _10303_/Y (sky130_fd_sc_hd__nand2_1)
   0.047    1.618 v _10304_/Y (sky130_fd_sc_hd__inv_1)
   0.087    1.705 ^ _10305_/Y (sky130_fd_sc_hd__nand2_1)
   0.087    1.793 v _10306_/Y (sky130_fd_sc_hd__nand2_1)
   0.355    2.148 ^ _12759_/Y (sky130_fd_sc_hd__nand2_1)
   0.279    2.427 ^ place713/X (sky130_fd_sc_hd__buf_4)
   0.063    2.490 v _15032_/Y (sky130_fd_sc_hd__nand2_1)
   0.093    2.583 ^ _15033_/Y (sky130_fd_sc_hd__o21ai_0)
   0.231    2.813 ^ _15388_/COUT (sky130_fd_sc_hd__ha_1)
   0.218    3.032 ^ _15290_/COUT (sky130_fd_sc_hd__fa_1)
   0.055    3.087 v _14173_/Y (sky130_fd_sc_hd__nand2_1)
   0.103    3.190 ^ _14175_/Y (sky130_fd_sc_hd__nand2_1)
   0.136    3.326 v _14176_/Y (sky130_fd_sc_hd__a21oi_1)
   0.365    3.691 ^ _14178_/Y (sky130_fd_sc_hd__o21ai_0)
   0.201    3.892 v _14181_/Y (sky130_fd_sc_hd__a31oi_1)
   0.439    4.331 ^ _14183_/Y (sky130_fd_sc_hd__o21ai_0)
   0.196    4.527 v _14190_/Y (sky130_fd_sc_hd__a21oi_1)
   0.414    4.941 ^ _14192_/Y (sky130_fd_sc_hd__o21ai_0)
   0.251    5.191 v _14199_/Y (sky130_fd_sc_hd__a21boi_0)
   0.346    5.537 ^ _14203_/Y (sky130_fd_sc_hd__o21bai_1)
   0.092    5.630 v _14206_/Y (sky130_fd_sc_hd__nand2_1)
   0.158    5.787 ^ _14208_/Y (sky130_fd_sc_hd__nand2_1)
   0.051    5.839 v _14209_/Y (sky130_fd_sc_hd__inv_1)
   0.182    6.020 ^ _14215_/Y (sky130_fd_sc_hd__o21ai_0)
   0.223    6.243 ^ _14216_/X (sky130_fd_sc_hd__xor2_1)
   0.097    6.339 v _14511_/Y (sky130_fd_sc_hd__nand3_1)
   0.109    6.448 ^ _14512_/Y (sky130_fd_sc_hd__nand3_1)
   0.089    6.537 v _14531_/Y (sky130_fd_sc_hd__nand2_1)
   0.257    6.794 v place665/X (sky130_fd_sc_hd__buf_4)
   0.020    6.815 v dp.rf.rf[5][30]$_DFFE_PP_/D (sky130_fd_sc_hd__edfxtp_1)
            6.815   data arrival time

   7.000    7.000   clock clk (rise edge)
   0.775    7.775   clock network delay (ideal)
   0.000    7.775   clock reconvergence pessimism
            7.775 ^ dp.rf.rf[5][30]$_DFFE_PP_/CLK (sky130_fd_sc_hd__edfxtp_1)
  -0.308    7.467   library setup time
            7.467   data required time
-----------------------------------------------------------
            7.467   data required time
           -6.815   data arrival time
-----------------------------------------------------------
            0.652   slack (MET)


Startpoint: dp.rf.rf[5][0]$_DFFE_PP_
            (rising edge-triggered flip-flop clocked by clk)
Endpoint: dp.rf.rf[6][30]$_DFFE_PP_
          (rising edge-triggered flip-flop clocked by clk)
Path Group: clk
Path Type: max

   Delay     Time   Description
-----------------------------------------------------------
   0.000    0.000   clock clk (rise edge)
   0.775    0.775   clock network delay (ideal)
   0.000    0.775 ^ dp.rf.rf[5][0]$_DFFE_PP_/CLK (sky130_fd_sc_hd__edfxtp_1)
   0.323    1.098 ^ dp.rf.rf[5][0]$_DFFE_PP_/Q (sky130_fd_sc_hd__edfxtp_1)
   0.077    1.176 v _10298_/Y (sky130_fd_sc_hd__nand3_1)
   0.108    1.284 ^ _10299_/Y (sky130_fd_sc_hd__nand2_1)
   0.048    1.332 v _10300_/Y (sky130_fd_sc_hd__nand2_1)
   0.089    1.420 ^ _10301_/Y (sky130_fd_sc_hd__nand2_1)
   0.048    1.469 v _10302_/Y (sky130_fd_sc_hd__nand2_1)
   0.103    1.571 ^ _10303_/Y (sky130_fd_sc_hd__nand2_1)
   0.047    1.618 v _10304_/Y (sky130_fd_sc_hd__inv_1)
   0.087    1.705 ^ _10305_/Y (sky130_fd_sc_hd__nand2_1)
   0.087    1.793 v _10306_/Y (sky130_fd_sc_hd__nand2_1)
   0.355    2.148 ^ _12759_/Y (sky130_fd_sc_hd__nand2_1)
   0.279    2.427 ^ place713/X (sky130_fd_sc_hd__buf_4)
   0.063    2.490 v _15032_/Y (sky130_fd_sc_hd__nand2_1)
   0.093    2.583 ^ _15033_/Y (sky130_fd_sc_hd__o21ai_0)
   0.231    2.813 ^ _15388_/COUT (sky130_fd_sc_hd__ha_1)
   0.218    3.032 ^ _15290_/COUT (sky130_fd_sc_hd__fa_1)
   0.055    3.087 v _14173_/Y (sky130_fd_sc_hd__nand2_1)
   0.103    3.190 ^ _14175_/Y (sky130_fd_sc_hd__nand2_1)
   0.136    3.326 v _14176_/Y (sky130_fd_sc_hd__a21oi_1)
   0.365    3.691 ^ _14178_/Y (sky130_fd_sc_hd__o21ai_0)
   0.201    3.892 v _14181_/Y (sky130_fd_sc_hd__a31oi_1)
   0.439    4.331 ^ _14183_/Y (sky130_fd_sc_hd__o21ai_0)
   0.196    4.527 v _14190_/Y (sky130_fd_sc_hd__a21oi_1)
   0.414    4.941 ^ _14192_/Y (sky130_fd_sc_hd__o21ai_0)
   0.251    5.191 v _14199_/Y (sky130_fd_sc_hd__a21boi_0)
   0.346    5.537 ^ _14203_/Y (sky130_fd_sc_hd__o21bai_1)
   0.092    5.630 v _14206_/Y (sky130_fd_sc_hd__nand2_1)
   0.158    5.787 ^ _14208_/Y (sky130_fd_sc_hd__nand2_1)
   0.051    5.839 v _14209_/Y (sky130_fd_sc_hd__inv_1)
   0.182    6.020 ^ _14215_/Y (sky130_fd_sc_hd__o21ai_0)
   0.223    6.243 ^ _14216_/X (sky130_fd_sc_hd__xor2_1)
   0.097    6.339 v _14511_/Y (sky130_fd_sc_hd__nand3_1)
   0.109    6.448 ^ _14512_/Y (sky130_fd_sc_hd__nand3_1)
   0.089    6.537 v _14531_/Y (sky130_fd_sc_hd__nand2_1)
   0.257    6.794 v place665/X (sky130_fd_sc_hd__buf_4)
   0.019    6.814 v dp.rf.rf[6][30]$_DFFE_PP_/D (sky130_fd_sc_hd__edfxtp_1)
            6.814   data arrival time

   7.000    7.000   clock clk (rise edge)
   0.775    7.775   clock network delay (ideal)
   0.000    7.775   clock reconvergence pessimism
            7.775 ^ dp.rf.rf[6][30]$_DFFE_PP_/CLK (sky130_fd_sc_hd__edfxtp_1)
  -0.308    7.467   library setup time
            7.467   data required time
-----------------------------------------------------------
            7.467   data required time
           -6.814   data arrival time
-----------------------------------------------------------
            0.653   slack (MET)


Startpoint: dp.rf.rf[5][0]$_DFFE_PP_
            (rising edge-triggered flip-flop clocked by clk)
Endpoint: dp.rf.rf[4][30]$_DFFE_PP_
          (rising edge-triggered flip-flop clocked by clk)
Path Group: clk
Path Type: max

   Delay     Time   Description
-----------------------------------------------------------
   0.000    0.000   clock clk (rise edge)
   0.775    0.775   clock network delay (ideal)
   0.000    0.775 ^ dp.rf.rf[5][0]$_DFFE_PP_/CLK (sky130_fd_sc_hd__edfxtp_1)
   0.323    1.098 ^ dp.rf.rf[5][0]$_DFFE_PP_/Q (sky130_fd_sc_hd__edfxtp_1)
   0.077    1.176 v _10298_/Y (sky130_fd_sc_hd__nand3_1)
   0.108    1.284 ^ _10299_/Y (sky130_fd_sc_hd__nand2_1)
   0.048    1.332 v _10300_/Y (sky130_fd_sc_hd__nand2_1)
   0.089    1.420 ^ _10301_/Y (sky130_fd_sc_hd__nand2_1)
   0.048    1.469 v _10302_/Y (sky130_fd_sc_hd__nand2_1)
   0.103    1.571 ^ _10303_/Y (sky130_fd_sc_hd__nand2_1)
   0.047    1.618 v _10304_/Y (sky130_fd_sc_hd__inv_1)
   0.087    1.705 ^ _10305_/Y (sky130_fd_sc_hd__nand2_1)
   0.087    1.793 v _10306_/Y (sky130_fd_sc_hd__nand2_1)
   0.355    2.148 ^ _12759_/Y (sky130_fd_sc_hd__nand2_1)
   0.279    2.427 ^ place713/X (sky130_fd_sc_hd__buf_4)
   0.063    2.490 v _15032_/Y (sky130_fd_sc_hd__nand2_1)
   0.093    2.583 ^ _15033_/Y (sky130_fd_sc_hd__o21ai_0)
   0.231    2.813 ^ _15388_/COUT (sky130_fd_sc_hd__ha_1)
   0.218    3.032 ^ _15290_/COUT (sky130_fd_sc_hd__fa_1)
   0.055    3.087 v _14173_/Y (sky130_fd_sc_hd__nand2_1)
   0.103    3.190 ^ _14175_/Y (sky130_fd_sc_hd__nand2_1)
   0.136    3.326 v _14176_/Y (sky130_fd_sc_hd__a21oi_1)
   0.365    3.691 ^ _14178_/Y (sky130_fd_sc_hd__o21ai_0)
   0.201    3.892 v _14181_/Y (sky130_fd_sc_hd__a31oi_1)
   0.439    4.331 ^ _14183_/Y (sky130_fd_sc_hd__o21ai_0)
   0.196    4.527 v _14190_/Y (sky130_fd_sc_hd__a21oi_1)
   0.414    4.941 ^ _14192_/Y (sky130_fd_sc_hd__o21ai_0)
   0.251    5.191 v _14199_/Y (sky130_fd_sc_hd__a21boi_0)
   0.346    5.537 ^ _14203_/Y (sky130_fd_sc_hd__o21bai_1)
   0.092    5.630 v _14206_/Y (sky130_fd_sc_hd__nand2_1)
   0.158    5.787 ^ _14208_/Y (sky130_fd_sc_hd__nand2_1)
   0.051    5.839 v _14209_/Y (sky130_fd_sc_hd__inv_1)
   0.182    6.020 ^ _14215_/Y (sky130_fd_sc_hd__o21ai_0)
   0.223    6.243 ^ _14216_/X (sky130_fd_sc_hd__xor2_1)
   0.097    6.339 v _14511_/Y (sky130_fd_sc_hd__nand3_1)
   0.109    6.448 ^ _14512_/Y (sky130_fd_sc_hd__nand3_1)
   0.089    6.537 v _14531_/Y (sky130_fd_sc_hd__nand2_1)
   0.257    6.794 v place665/X (sky130_fd_sc_hd__buf_4)
   0.019    6.814 v dp.rf.rf[4][30]$_DFFE_PP_/D (sky130_fd_sc_hd__edfxtp_1)
            6.814   data arrival time

   7.000    7.000   clock clk (rise edge)
   0.775    7.775   clock network delay (ideal)
   0.000    7.775   clock reconvergence pessimism
            7.775 ^ dp.rf.rf[4][30]$_DFFE_PP_/CLK (sky130_fd_sc_hd__edfxtp_1)
  -0.308    7.467   library setup time
            7.467   data required time
-----------------------------------------------------------
            7.467   data required time
           -6.814   data arrival time
-----------------------------------------------------------
            0.653   slack (MET)


Startpoint: dp.rf.rf[5][0]$_DFFE_PP_
            (rising edge-triggered flip-flop clocked by clk)
Endpoint: dp.rf.rf[7][30]$_DFFE_PP_
          (rising edge-triggered flip-flop clocked by clk)
Path Group: clk
Path Type: max

   Delay     Time   Description
-----------------------------------------------------------
   0.000    0.000   clock clk (rise edge)
   0.775    0.775   clock network delay (ideal)
   0.000    0.775 ^ dp.rf.rf[5][0]$_DFFE_PP_/CLK (sky130_fd_sc_hd__edfxtp_1)
   0.323    1.098 ^ dp.rf.rf[5][0]$_DFFE_PP_/Q (sky130_fd_sc_hd__edfxtp_1)
   0.077    1.176 v _10298_/Y (sky130_fd_sc_hd__nand3_1)
   0.108    1.284 ^ _10299_/Y (sky130_fd_sc_hd__nand2_1)
   0.048    1.332 v _10300_/Y (sky130_fd_sc_hd__nand2_1)
   0.089    1.420 ^ _10301_/Y (sky130_fd_sc_hd__nand2_1)
   0.048    1.469 v _10302_/Y (sky130_fd_sc_hd__nand2_1)
   0.103    1.571 ^ _10303_/Y (sky130_fd_sc_hd__nand2_1)
   0.047    1.618 v _10304_/Y (sky130_fd_sc_hd__inv_1)
   0.087    1.705 ^ _10305_/Y (sky130_fd_sc_hd__nand2_1)
   0.087    1.793 v _10306_/Y (sky130_fd_sc_hd__nand2_1)
   0.355    2.148 ^ _12759_/Y (sky130_fd_sc_hd__nand2_1)
   0.279    2.427 ^ place713/X (sky130_fd_sc_hd__buf_4)
   0.063    2.490 v _15032_/Y (sky130_fd_sc_hd__nand2_1)
   0.093    2.583 ^ _15033_/Y (sky130_fd_sc_hd__o21ai_0)
   0.231    2.813 ^ _15388_/COUT (sky130_fd_sc_hd__ha_1)
   0.218    3.032 ^ _15290_/COUT (sky130_fd_sc_hd__fa_1)
   0.055    3.087 v _14173_/Y (sky130_fd_sc_hd__nand2_1)
   0.103    3.190 ^ _14175_/Y (sky130_fd_sc_hd__nand2_1)
   0.136    3.326 v _14176_/Y (sky130_fd_sc_hd__a21oi_1)
   0.365    3.691 ^ _14178_/Y (sky130_fd_sc_hd__o21ai_0)
   0.201    3.892 v _14181_/Y (sky130_fd_sc_hd__a31oi_1)
   0.439    4.331 ^ _14183_/Y (sky130_fd_sc_hd__o21ai_0)
   0.196    4.527 v _14190_/Y (sky130_fd_sc_hd__a21oi_1)
   0.414    4.941 ^ _14192_/Y (sky130_fd_sc_hd__o21ai_0)
   0.251    5.191 v _14199_/Y (sky130_fd_sc_hd__a21boi_0)
   0.346    5.537 ^ _14203_/Y (sky130_fd_sc_hd__o21bai_1)
   0.092    5.630 v _14206_/Y (sky130_fd_sc_hd__nand2_1)
   0.158    5.787 ^ _14208_/Y (sky130_fd_sc_hd__nand2_1)
   0.051    5.839 v _14209_/Y (sky130_fd_sc_hd__inv_1)
   0.182    6.020 ^ _14215_/Y (sky130_fd_sc_hd__o21ai_0)
   0.223    6.243 ^ _14216_/X (sky130_fd_sc_hd__xor2_1)
   0.097    6.339 v _14511_/Y (sky130_fd_sc_hd__nand3_1)
   0.109    6.448 ^ _14512_/Y (sky130_fd_sc_hd__nand3_1)
   0.089    6.537 v _14531_/Y (sky130_fd_sc_hd__nand2_1)
   0.257    6.794 v place665/X (sky130_fd_sc_hd__buf_4)
   0.019    6.813 v dp.rf.rf[7][30]$_DFFE_PP_/D (sky130_fd_sc_hd__edfxtp_1)
            6.813   data arrival time

   7.000    7.000   clock clk (rise edge)
   0.775    7.775   clock network delay (ideal)
   0.000    7.775   clock reconvergence pessimism
            7.775 ^ dp.rf.rf[7][30]$_DFFE_PP_/CLK (sky130_fd_sc_hd__edfxtp_1)
  -0.308    7.467   library setup time
            7.467   data required time
-----------------------------------------------------------
            7.467   data required time
           -6.813   data arrival time
-----------------------------------------------------------
            0.654   slack (MET)


Startpoint: dp.rf.rf[5][0]$_DFFE_PP_
            (rising edge-triggered flip-flop clocked by clk)
Endpoint: dp.rf.rf[11][31]$_DFFE_PP_
          (rising edge-triggered flip-flop clocked by clk)
Path Group: clk
Path Type: max

   Delay     Time   Description
-----------------------------------------------------------
   0.000    0.000   clock clk (rise edge)
   0.775    0.775   clock network delay (ideal)
   0.000    0.775 ^ dp.rf.rf[5][0]$_DFFE_PP_/CLK (sky130_fd_sc_hd__edfxtp_1)
   0.323    1.098 ^ dp.rf.rf[5][0]$_DFFE_PP_/Q (sky130_fd_sc_hd__edfxtp_1)
   0.077    1.176 v _10298_/Y (sky130_fd_sc_hd__nand3_1)
   0.108    1.284 ^ _10299_/Y (sky130_fd_sc_hd__nand2_1)
   0.048    1.332 v _10300_/Y (sky130_fd_sc_hd__nand2_1)
   0.089    1.420 ^ _10301_/Y (sky130_fd_sc_hd__nand2_1)
   0.048    1.469 v _10302_/Y (sky130_fd_sc_hd__nand2_1)
   0.103    1.571 ^ _10303_/Y (sky130_fd_sc_hd__nand2_1)
   0.047    1.618 v _10304_/Y (sky130_fd_sc_hd__inv_1)
   0.087    1.705 ^ _10305_/Y (sky130_fd_sc_hd__nand2_1)
   0.087    1.793 v _10306_/Y (sky130_fd_sc_hd__nand2_1)
   0.355    2.148 ^ _12759_/Y (sky130_fd_sc_hd__nand2_1)
   0.279    2.427 ^ place713/X (sky130_fd_sc_hd__buf_4)
   0.063    2.490 v _15032_/Y (sky130_fd_sc_hd__nand2_1)
   0.093    2.583 ^ _15033_/Y (sky130_fd_sc_hd__o21ai_0)
   0.231    2.813 ^ _15388_/COUT (sky130_fd_sc_hd__ha_1)
   0.179    2.992 v _14262_/Y (sky130_fd_sc_hd__a31oi_1)
   0.495    3.487 ^ _14264_/Y (sky130_fd_sc_hd__o21ai_0)
   0.260    3.747 v _14268_/Y (sky130_fd_sc_hd__a21boi_0)
   0.403    4.150 ^ _14270_/Y (sky130_fd_sc_hd__o21ai_0)
   0.186    4.337 v _14277_/Y (sky130_fd_sc_hd__a21oi_1)
   0.445    4.782 ^ _14279_/Y (sky130_fd_sc_hd__o21ai_0)
   0.097    4.878 v _14339_/Y (sky130_fd_sc_hd__nand2_1)
   0.161    5.039 ^ _14340_/Y (sky130_fd_sc_hd__o211ai_1)
   0.248    5.287 v _14343_/Y (sky130_fd_sc_hd__a21boi_0)
   0.432    5.719 ^ _14345_/Y (sky130_fd_sc_hd__o21ai_0)
   0.168    5.887 v _15245_/Y (sky130_fd_sc_hd__a21oi_1)
   0.246    6.133 ^ _15246_/X (sky130_fd_sc_hd__xor2_1)
   0.110    6.243 v _15278_/Y (sky130_fd_sc_hd__nand3_1)
   0.115    6.357 ^ _15279_/Y (sky130_fd_sc_hd__nand3_1)
   0.092    6.449 v _15286_/Y (sky130_fd_sc_hd__nand2_1)
   0.246    6.695 v place674/X (sky130_fd_sc_hd__buf_4)
   0.034    6.730 v dp.rf.rf[11][31]$_DFFE_PP_/D (sky130_fd_sc_hd__edfxtp_1)
            6.730   data arrival time

   7.000    7.000   clock clk (rise edge)
   0.775    7.775   clock network delay (ideal)
   0.000    7.775   clock reconvergence pessimism
            7.775 ^ dp.rf.rf[11][31]$_DFFE_PP_/CLK (sky130_fd_sc_hd__edfxtp_1)
  -0.314    7.461   library setup time
            7.461   data required time
-----------------------------------------------------------
            7.461   data required time
           -6.730   data arrival time
-----------------------------------------------------------
            0.732   slack (MET)


Startpoint: dp.rf.rf[5][0]$_DFFE_PP_
            (rising edge-triggered flip-flop clocked by clk)
Endpoint: dp.rf.rf[9][31]$_DFFE_PP_
          (rising edge-triggered flip-flop clocked by clk)
Path Group: clk
Path Type: max

   Delay     Time   Description
-----------------------------------------------------------
   0.000    0.000   clock clk (rise edge)
   0.775    0.775   clock network delay (ideal)
   0.000    0.775 ^ dp.rf.rf[5][0]$_DFFE_PP_/CLK (sky130_fd_sc_hd__edfxtp_1)
   0.323    1.098 ^ dp.rf.rf[5][0]$_DFFE_PP_/Q (sky130_fd_sc_hd__edfxtp_1)
   0.077    1.176 v _10298_/Y (sky130_fd_sc_hd__nand3_1)
   0.108    1.284 ^ _10299_/Y (sky130_fd_sc_hd__nand2_1)
   0.048    1.332 v _10300_/Y (sky130_fd_sc_hd__nand2_1)
   0.089    1.420 ^ _10301_/Y (sky130_fd_sc_hd__nand2_1)
   0.048    1.469 v _10302_/Y (sky130_fd_sc_hd__nand2_1)
   0.103    1.571 ^ _10303_/Y (sky130_fd_sc_hd__nand2_1)
   0.047    1.618 v _10304_/Y (sky130_fd_sc_hd__inv_1)
   0.087    1.705 ^ _10305_/Y (sky130_fd_sc_hd__nand2_1)
   0.087    1.793 v _10306_/Y (sky130_fd_sc_hd__nand2_1)
   0.355    2.148 ^ _12759_/Y (sky130_fd_sc_hd__nand2_1)
   0.279    2.427 ^ place713/X (sky130_fd_sc_hd__buf_4)
   0.063    2.490 v _15032_/Y (sky130_fd_sc_hd__nand2_1)
   0.093    2.583 ^ _15033_/Y (sky130_fd_sc_hd__o21ai_0)
   0.231    2.813 ^ _15388_/COUT (sky130_fd_sc_hd__ha_1)
   0.179    2.992 v _14262_/Y (sky130_fd_sc_hd__a31oi_1)
   0.495    3.487 ^ _14264_/Y (sky130_fd_sc_hd__o21ai_0)
   0.260    3.747 v _14268_/Y (sky130_fd_sc_hd__a21boi_0)
   0.403    4.150 ^ _14270_/Y (sky130_fd_sc_hd__o21ai_0)
   0.186    4.337 v _14277_/Y (sky130_fd_sc_hd__a21oi_1)
   0.445    4.782 ^ _14279_/Y (sky130_fd_sc_hd__o21ai_0)
   0.097    4.878 v _14339_/Y (sky130_fd_sc_hd__nand2_1)
   0.161    5.039 ^ _14340_/Y (sky130_fd_sc_hd__o211ai_1)
   0.248    5.287 v _14343_/Y (sky130_fd_sc_hd__a21boi_0)
   0.432    5.719 ^ _14345_/Y (sky130_fd_sc_hd__o21ai_0)
   0.168    5.887 v _15245_/Y (sky130_fd_sc_hd__a21oi_1)
   0.246    6.133 ^ _15246_/X (sky130_fd_sc_hd__xor2_1)
   0.110    6.243 v _15278_/Y (sky130_fd_sc_hd__nand3_1)
   0.115    6.357 ^ _15279_/Y (sky130_fd_sc_hd__nand3_1)
   0.092    6.449 v _15286_/Y (sky130_fd_sc_hd__nand2_1)
   0.246    6.695 v place674/X (sky130_fd_sc_hd__buf_4)
   0.034    6.730 v dp.rf.rf[9][31]$_DFFE_PP_/D (sky130_fd_sc_hd__edfxtp_1)
            6.730   data arrival time

   7.000    7.000   clock clk (rise edge)
   0.775    7.775   clock network delay (ideal)
   0.000    7.775   clock reconvergence pessimism
            7.775 ^ dp.rf.rf[9][31]$_DFFE_PP_/CLK (sky130_fd_sc_hd__edfxtp_1)
  -0.314    7.461   library setup time
            7.461   data required time
-----------------------------------------------------------
            7.461   data required time
           -6.730   data arrival time
-----------------------------------------------------------
            0.732   slack (MET)


Startpoint: dp.rf.rf[5][0]$_DFFE_PP_
            (rising edge-triggered flip-flop clocked by clk)
Endpoint: dp.rf.rf[13][31]$_DFFE_PP_
          (rising edge-triggered flip-flop clocked by clk)
Path Group: clk
Path Type: max

   Delay     Time   Description
-----------------------------------------------------------
   0.000    0.000   clock clk (rise edge)
   0.775    0.775   clock network delay (ideal)
   0.000    0.775 ^ dp.rf.rf[5][0]$_DFFE_PP_/CLK (sky130_fd_sc_hd__edfxtp_1)
   0.323    1.098 ^ dp.rf.rf[5][0]$_DFFE_PP_/Q (sky130_fd_sc_hd__edfxtp_1)
   0.077    1.176 v _10298_/Y (sky130_fd_sc_hd__nand3_1)
   0.108    1.284 ^ _10299_/Y (sky130_fd_sc_hd__nand2_1)
   0.048    1.332 v _10300_/Y (sky130_fd_sc_hd__nand2_1)
   0.089    1.420 ^ _10301_/Y (sky130_fd_sc_hd__nand2_1)
   0.048    1.469 v _10302_/Y (sky130_fd_sc_hd__nand2_1)
   0.103    1.571 ^ _10303_/Y (sky130_fd_sc_hd__nand2_1)
   0.047    1.618 v _10304_/Y (sky130_fd_sc_hd__inv_1)
   0.087    1.705 ^ _10305_/Y (sky130_fd_sc_hd__nand2_1)
   0.087    1.793 v _10306_/Y (sky130_fd_sc_hd__nand2_1)
   0.355    2.148 ^ _12759_/Y (sky130_fd_sc_hd__nand2_1)
   0.279    2.427 ^ place713/X (sky130_fd_sc_hd__buf_4)
   0.063    2.490 v _15032_/Y (sky130_fd_sc_hd__nand2_1)
   0.093    2.583 ^ _15033_/Y (sky130_fd_sc_hd__o21ai_0)
   0.231    2.813 ^ _15388_/COUT (sky130_fd_sc_hd__ha_1)
   0.179    2.992 v _14262_/Y (sky130_fd_sc_hd__a31oi_1)
   0.495    3.487 ^ _14264_/Y (sky130_fd_sc_hd__o21ai_0)
   0.260    3.747 v _14268_/Y (sky130_fd_sc_hd__a21boi_0)
   0.403    4.150 ^ _14270_/Y (sky130_fd_sc_hd__o21ai_0)
   0.186    4.337 v _14277_/Y (sky130_fd_sc_hd__a21oi_1)
   0.445    4.782 ^ _14279_/Y (sky130_fd_sc_hd__o21ai_0)
   0.097    4.878 v _14339_/Y (sky130_fd_sc_hd__nand2_1)
   0.161    5.039 ^ _14340_/Y (sky130_fd_sc_hd__o211ai_1)
   0.248    5.287 v _14343_/Y (sky130_fd_sc_hd__a21boi_0)
   0.432    5.719 ^ _14345_/Y (sky130_fd_sc_hd__o21ai_0)
   0.168    5.887 v _15245_/Y (sky130_fd_sc_hd__a21oi_1)
   0.246    6.133 ^ _15246_/X (sky130_fd_sc_hd__xor2_1)
   0.110    6.243 v _15278_/Y (sky130_fd_sc_hd__nand3_1)
   0.115    6.357 ^ _15279_/Y (sky130_fd_sc_hd__nand3_1)
   0.092    6.449 v _15286_/Y (sky130_fd_sc_hd__nand2_1)
   0.246    6.695 v place674/X (sky130_fd_sc_hd__buf_4)
   0.034    6.730 v dp.rf.rf[13][31]$_DFFE_PP_/D (sky130_fd_sc_hd__edfxtp_1)
            6.730   data arrival time

   7.000    7.000   clock clk (rise edge)
   0.775    7.775   clock network delay (ideal)
   0.000    7.775   clock reconvergence pessimism
            7.775 ^ dp.rf.rf[13][31]$_DFFE_PP_/CLK (sky130_fd_sc_hd__edfxtp_1)
  -0.313    7.462   library setup time
            7.462   data required time
-----------------------------------------------------------
            7.462   data required time
           -6.730   data arrival time
-----------------------------------------------------------
            0.732   slack (MET)


Startpoint: dp.rf.rf[5][0]$_DFFE_PP_
            (rising edge-triggered flip-flop clocked by clk)
Endpoint: dp.rf.rf[12][31]$_DFFE_PP_
          (rising edge-triggered flip-flop clocked by clk)
Path Group: clk
Path Type: max

   Delay     Time   Description
-----------------------------------------------------------
   0.000    0.000   clock clk (rise edge)
   0.775    0.775   clock network delay (ideal)
   0.000    0.775 ^ dp.rf.rf[5][0]$_DFFE_PP_/CLK (sky130_fd_sc_hd__edfxtp_1)
   0.323    1.098 ^ dp.rf.rf[5][0]$_DFFE_PP_/Q (sky130_fd_sc_hd__edfxtp_1)
   0.077    1.176 v _10298_/Y (sky130_fd_sc_hd__nand3_1)
   0.108    1.284 ^ _10299_/Y (sky130_fd_sc_hd__nand2_1)
   0.048    1.332 v _10300_/Y (sky130_fd_sc_hd__nand2_1)
   0.089    1.420 ^ _10301_/Y (sky130_fd_sc_hd__nand2_1)
   0.048    1.469 v _10302_/Y (sky130_fd_sc_hd__nand2_1)
   0.103    1.571 ^ _10303_/Y (sky130_fd_sc_hd__nand2_1)
   0.047    1.618 v _10304_/Y (sky130_fd_sc_hd__inv_1)
   0.087    1.705 ^ _10305_/Y (sky130_fd_sc_hd__nand2_1)
   0.087    1.793 v _10306_/Y (sky130_fd_sc_hd__nand2_1)
   0.355    2.148 ^ _12759_/Y (sky130_fd_sc_hd__nand2_1)
   0.279    2.427 ^ place713/X (sky130_fd_sc_hd__buf_4)
   0.063    2.490 v _15032_/Y (sky130_fd_sc_hd__nand2_1)
   0.093    2.583 ^ _15033_/Y (sky130_fd_sc_hd__o21ai_0)
   0.231    2.813 ^ _15388_/COUT (sky130_fd_sc_hd__ha_1)
   0.179    2.992 v _14262_/Y (sky130_fd_sc_hd__a31oi_1)
   0.495    3.487 ^ _14264_/Y (sky130_fd_sc_hd__o21ai_0)
   0.260    3.747 v _14268_/Y (sky130_fd_sc_hd__a21boi_0)
   0.403    4.150 ^ _14270_/Y (sky130_fd_sc_hd__o21ai_0)
   0.186    4.337 v _14277_/Y (sky130_fd_sc_hd__a21oi_1)
   0.445    4.782 ^ _14279_/Y (sky130_fd_sc_hd__o21ai_0)
   0.097    4.878 v _14339_/Y (sky130_fd_sc_hd__nand2_1)
   0.161    5.039 ^ _14340_/Y (sky130_fd_sc_hd__o211ai_1)
   0.248    5.287 v _14343_/Y (sky130_fd_sc_hd__a21boi_0)
   0.432    5.719 ^ _14345_/Y (sky130_fd_sc_hd__o21ai_0)
   0.168    5.887 v _15245_/Y (sky130_fd_sc_hd__a21oi_1)
   0.246    6.133 ^ _15246_/X (sky130_fd_sc_hd__xor2_1)
   0.110    6.243 v _15278_/Y (sky130_fd_sc_hd__nand3_1)
   0.115    6.357 ^ _15279_/Y (sky130_fd_sc_hd__nand3_1)
   0.092    6.449 v _15286_/Y (sky130_fd_sc_hd__nand2_1)
   0.246    6.695 v place674/X (sky130_fd_sc_hd__buf_4)
   0.034    6.730 v dp.rf.rf[12][31]$_DFFE_PP_/D (sky130_fd_sc_hd__edfxtp_1)
            6.730   data arrival time

   7.000    7.000   clock clk (rise edge)
   0.775    7.775   clock network delay (ideal)
   0.000    7.775   clock reconvergence pessimism
            7.775 ^ dp.rf.rf[12][31]$_DFFE_PP_/CLK (sky130_fd_sc_hd__edfxtp_1)
  -0.313    7.462   library setup time
            7.462   data required time
-----------------------------------------------------------
            7.462   data required time
           -6.730   data arrival time
-----------------------------------------------------------
            0.732   slack (MET)


Startpoint: dp.rf.rf[5][0]$_DFFE_PP_
            (rising edge-triggered flip-flop clocked by clk)
Endpoint: dp.rf.rf[14][31]$_DFFE_PP_
          (rising edge-triggered flip-flop clocked by clk)
Path Group: clk
Path Type: max

   Delay     Time   Description
-----------------------------------------------------------
   0.000    0.000   clock clk (rise edge)
   0.775    0.775   clock network delay (ideal)
   0.000    0.775 ^ dp.rf.rf[5][0]$_DFFE_PP_/CLK (sky130_fd_sc_hd__edfxtp_1)
   0.323    1.098 ^ dp.rf.rf[5][0]$_DFFE_PP_/Q (sky130_fd_sc_hd__edfxtp_1)
   0.077    1.176 v _10298_/Y (sky130_fd_sc_hd__nand3_1)
   0.108    1.284 ^ _10299_/Y (sky130_fd_sc_hd__nand2_1)
   0.048    1.332 v _10300_/Y (sky130_fd_sc_hd__nand2_1)
   0.089    1.420 ^ _10301_/Y (sky130_fd_sc_hd__nand2_1)
   0.048    1.469 v _10302_/Y (sky130_fd_sc_hd__nand2_1)
   0.103    1.571 ^ _10303_/Y (sky130_fd_sc_hd__nand2_1)
   0.047    1.618 v _10304_/Y (sky130_fd_sc_hd__inv_1)
   0.087    1.705 ^ _10305_/Y (sky130_fd_sc_hd__nand2_1)
   0.087    1.793 v _10306_/Y (sky130_fd_sc_hd__nand2_1)
   0.355    2.148 ^ _12759_/Y (sky130_fd_sc_hd__nand2_1)
   0.279    2.427 ^ place713/X (sky130_fd_sc_hd__buf_4)
   0.063    2.490 v _15032_/Y (sky130_fd_sc_hd__nand2_1)
   0.093    2.583 ^ _15033_/Y (sky130_fd_sc_hd__o21ai_0)
   0.231    2.813 ^ _15388_/COUT (sky130_fd_sc_hd__ha_1)
   0.179    2.992 v _14262_/Y (sky130_fd_sc_hd__a31oi_1)
   0.495    3.487 ^ _14264_/Y (sky130_fd_sc_hd__o21ai_0)
   0.260    3.747 v _14268_/Y (sky130_fd_sc_hd__a21boi_0)
   0.403    4.150 ^ _14270_/Y (sky130_fd_sc_hd__o21ai_0)
   0.186    4.337 v _14277_/Y (sky130_fd_sc_hd__a21oi_1)
   0.445    4.782 ^ _14279_/Y (sky130_fd_sc_hd__o21ai_0)
   0.097    4.878 v _14339_/Y (sky130_fd_sc_hd__nand2_1)
   0.161    5.039 ^ _14340_/Y (sky130_fd_sc_hd__o211ai_1)
   0.248    5.287 v _14343_/Y (sky130_fd_sc_hd__a21boi_0)
   0.432    5.719 ^ _14345_/Y (sky130_fd_sc_hd__o21ai_0)
   0.168    5.887 v _15245_/Y (sky130_fd_sc_hd__a21oi_1)
   0.246    6.133 ^ _15246_/X (sky130_fd_sc_hd__xor2_1)
   0.110    6.243 v _15278_/Y (sky130_fd_sc_hd__nand3_1)
   0.115    6.357 ^ _15279_/Y (sky130_fd_sc_hd__nand3_1)
   0.092    6.449 v _15286_/Y (sky130_fd_sc_hd__nand2_1)
   0.246    6.695 v place674/X (sky130_fd_sc_hd__buf_4)
   0.034    6.729 v dp.rf.rf[14][31]$_DFFE_PP_/D (sky130_fd_sc_hd__edfxtp_1)
            6.729   data arrival time

   7.000    7.000   clock clk (rise edge)
   0.775    7.775   clock network delay (ideal)
   0.000    7.775   clock reconvergence pessimism
            7.775 ^ dp.rf.rf[14][31]$_DFFE_PP_/CLK (sky130_fd_sc_hd__edfxtp_1)
  -0.313    7.462   library setup time
            7.462   data required time
-----------------------------------------------------------
            7.462   data required time
           -6.729   data arrival time
-----------------------------------------------------------
            0.732   slack (MET)


Startpoint: dp.rf.rf[5][0]$_DFFE_PP_
            (rising edge-triggered flip-flop clocked by clk)
Endpoint: dp.rf.rf[15][31]$_DFFE_PP_
          (rising edge-triggered flip-flop clocked by clk)
Path Group: clk
Path Type: max

   Delay     Time   Description
-----------------------------------------------------------
   0.000    0.000   clock clk (rise edge)
   0.775    0.775   clock network delay (ideal)
   0.000    0.775 ^ dp.rf.rf[5][0]$_DFFE_PP_/CLK (sky130_fd_sc_hd__edfxtp_1)
   0.323    1.098 ^ dp.rf.rf[5][0]$_DFFE_PP_/Q (sky130_fd_sc_hd__edfxtp_1)
   0.077    1.176 v _10298_/Y (sky130_fd_sc_hd__nand3_1)
   0.108    1.284 ^ _10299_/Y (sky130_fd_sc_hd__nand2_1)
   0.048    1.332 v _10300_/Y (sky130_fd_sc_hd__nand2_1)
   0.089    1.420 ^ _10301_/Y (sky130_fd_sc_hd__nand2_1)
   0.048    1.469 v _10302_/Y (sky130_fd_sc_hd__nand2_1)
   0.103    1.571 ^ _10303_/Y (sky130_fd_sc_hd__nand2_1)
   0.047    1.618 v _10304_/Y (sky130_fd_sc_hd__inv_1)
   0.087    1.705 ^ _10305_/Y (sky130_fd_sc_hd__nand2_1)
   0.087    1.793 v _10306_/Y (sky130_fd_sc_hd__nand2_1)
   0.355    2.148 ^ _12759_/Y (sky130_fd_sc_hd__nand2_1)
   0.279    2.427 ^ place713/X (sky130_fd_sc_hd__buf_4)
   0.063    2.490 v _15032_/Y (sky130_fd_sc_hd__nand2_1)
   0.093    2.583 ^ _15033_/Y (sky130_fd_sc_hd__o21ai_0)
   0.231    2.813 ^ _15388_/COUT (sky130_fd_sc_hd__ha_1)
   0.179    2.992 v _14262_/Y (sky130_fd_sc_hd__a31oi_1)
   0.495    3.487 ^ _14264_/Y (sky130_fd_sc_hd__o21ai_0)
   0.260    3.747 v _14268_/Y (sky130_fd_sc_hd__a21boi_0)
   0.403    4.150 ^ _14270_/Y (sky130_fd_sc_hd__o21ai_0)
   0.186    4.337 v _14277_/Y (sky130_fd_sc_hd__a21oi_1)
   0.445    4.782 ^ _14279_/Y (sky130_fd_sc_hd__o21ai_0)
   0.097    4.878 v _14339_/Y (sky130_fd_sc_hd__nand2_1)
   0.161    5.039 ^ _14340_/Y (sky130_fd_sc_hd__o211ai_1)
   0.248    5.287 v _14343_/Y (sky130_fd_sc_hd__a21boi_0)
   0.432    5.719 ^ _14345_/Y (sky130_fd_sc_hd__o21ai_0)
   0.168    5.887 v _15245_/Y (sky130_fd_sc_hd__a21oi_1)
   0.246    6.133 ^ _15246_/X (sky130_fd_sc_hd__xor2_1)
   0.110    6.243 v _15278_/Y (sky130_fd_sc_hd__nand3_1)
   0.115    6.357 ^ _15279_/Y (sky130_fd_sc_hd__nand3_1)
   0.092    6.449 v _15286_/Y (sky130_fd_sc_hd__nand2_1)
   0.246    6.695 v place674/X (sky130_fd_sc_hd__buf_4)
   0.034    6.729 v dp.rf.rf[15][31]$_DFFE_PP_/D (sky130_fd_sc_hd__edfxtp_1)
            6.729   data arrival time

   7.000    7.000   clock clk (rise edge)
   0.775    7.775   clock network delay (ideal)
   0.000    7.775   clock reconvergence pessimism
            7.775 ^ dp.rf.rf[15][31]$_DFFE_PP_/CLK (sky130_fd_sc_hd__edfxtp_1)
  -0.313    7.462   library setup time
            7.462   data required time
-----------------------------------------------------------
            7.462   data required time
           -6.729   data arrival time
-----------------------------------------------------------
            0.732   slack (MET)


Startpoint: dp.rf.rf[5][0]$_DFFE_PP_
            (rising edge-triggered flip-flop clocked by clk)
Endpoint: dp.rf.rf[0][31]$_DFFE_PP_
          (rising edge-triggered flip-flop clocked by clk)
Path Group: clk
Path Type: max

   Delay     Time   Description
-----------------------------------------------------------
   0.000    0.000   clock clk (rise edge)
   0.775    0.775   clock network delay (ideal)
   0.000    0.775 ^ dp.rf.rf[5][0]$_DFFE_PP_/CLK (sky130_fd_sc_hd__edfxtp_1)
   0.323    1.098 ^ dp.rf.rf[5][0]$_DFFE_PP_/Q (sky130_fd_sc_hd__edfxtp_1)
   0.077    1.176 v _10298_/Y (sky130_fd_sc_hd__nand3_1)
   0.108    1.284 ^ _10299_/Y (sky130_fd_sc_hd__nand2_1)
   0.048    1.332 v _10300_/Y (sky130_fd_sc_hd__nand2_1)
   0.089    1.420 ^ _10301_/Y (sky130_fd_sc_hd__nand2_1)
   0.048    1.469 v _10302_/Y (sky130_fd_sc_hd__nand2_1)
   0.103    1.571 ^ _10303_/Y (sky130_fd_sc_hd__nand2_1)
   0.047    1.618 v _10304_/Y (sky130_fd_sc_hd__inv_1)
   0.087    1.705 ^ _10305_/Y (sky130_fd_sc_hd__nand2_1)
   0.087    1.793 v _10306_/Y (sky130_fd_sc_hd__nand2_1)
   0.355    2.148 ^ _12759_/Y (sky130_fd_sc_hd__nand2_1)
   0.279    2.427 ^ place713/X (sky130_fd_sc_hd__buf_4)
   0.063    2.490 v _15032_/Y (sky130_fd_sc_hd__nand2_1)
   0.093    2.583 ^ _15033_/Y (sky130_fd_sc_hd__o21ai_0)
   0.231    2.813 ^ _15388_/COUT (sky130_fd_sc_hd__ha_1)
   0.179    2.992 v _14262_/Y (sky130_fd_sc_hd__a31oi_1)
   0.495    3.487 ^ _14264_/Y (sky130_fd_sc_hd__o21ai_0)
   0.260    3.747 v _14268_/Y (sky130_fd_sc_hd__a21boi_0)
   0.403    4.150 ^ _14270_/Y (sky130_fd_sc_hd__o21ai_0)
   0.186    4.337 v _14277_/Y (sky130_fd_sc_hd__a21oi_1)
   0.445    4.782 ^ _14279_/Y (sky130_fd_sc_hd__o21ai_0)
   0.097    4.878 v _14339_/Y (sky130_fd_sc_hd__nand2_1)
   0.161    5.039 ^ _14340_/Y (sky130_fd_sc_hd__o211ai_1)
   0.248    5.287 v _14343_/Y (sky130_fd_sc_hd__a21boi_0)
   0.432    5.719 ^ _14345_/Y (sky130_fd_sc_hd__o21ai_0)
   0.168    5.887 v _15245_/Y (sky130_fd_sc_hd__a21oi_1)
   0.246    6.133 ^ _15246_/X (sky130_fd_sc_hd__xor2_1)
   0.110    6.243 v _15278_/Y (sky130_fd_sc_hd__nand3_1)
   0.115    6.357 ^ _15279_/Y (sky130_fd_sc_hd__nand3_1)
   0.092    6.449 v _15286_/Y (sky130_fd_sc_hd__nand2_1)
   0.246    6.695 v place674/X (sky130_fd_sc_hd__buf_4)
   0.034    6.729 v dp.rf.rf[0][31]$_DFFE_PP_/D (sky130_fd_sc_hd__edfxtp_1)
            6.729   data arrival time

   7.000    7.000   clock clk (rise edge)
   0.775    7.775   clock network delay (ideal)
   0.000    7.775   clock reconvergence pessimism
            7.775 ^ dp.rf.rf[0][31]$_DFFE_PP_/CLK (sky130_fd_sc_hd__edfxtp_1)
  -0.313    7.462   library setup time
            7.462   data required time
-----------------------------------------------------------
            7.462   data required time
           -6.729   data arrival time
-----------------------------------------------------------
            0.732   slack (MET)


Startpoint: dp.rf.rf[5][0]$_DFFE_PP_
            (rising edge-triggered flip-flop clocked by clk)
Endpoint: dp.rf.rf[18][31]$_DFFE_PP_
          (rising edge-triggered flip-flop clocked by clk)
Path Group: clk
Path Type: max

   Delay     Time   Description
-----------------------------------------------------------
   0.000    0.000   clock clk (rise edge)
   0.775    0.775   clock network delay (ideal)
   0.000    0.775 ^ dp.rf.rf[5][0]$_DFFE_PP_/CLK (sky130_fd_sc_hd__edfxtp_1)
   0.323    1.098 ^ dp.rf.rf[5][0]$_DFFE_PP_/Q (sky130_fd_sc_hd__edfxtp_1)
   0.077    1.176 v _10298_/Y (sky130_fd_sc_hd__nand3_1)
   0.108    1.284 ^ _10299_/Y (sky130_fd_sc_hd__nand2_1)
   0.048    1.332 v _10300_/Y (sky130_fd_sc_hd__nand2_1)
   0.089    1.420 ^ _10301_/Y (sky130_fd_sc_hd__nand2_1)
   0.048    1.469 v _10302_/Y (sky130_fd_sc_hd__nand2_1)
   0.103    1.571 ^ _10303_/Y (sky130_fd_sc_hd__nand2_1)
   0.047    1.618 v _10304_/Y (sky130_fd_sc_hd__inv_1)
   0.087    1.705 ^ _10305_/Y (sky130_fd_sc_hd__nand2_1)
   0.087    1.793 v _10306_/Y (sky130_fd_sc_hd__nand2_1)
   0.355    2.148 ^ _12759_/Y (sky130_fd_sc_hd__nand2_1)
   0.279    2.427 ^ place713/X (sky130_fd_sc_hd__buf_4)
   0.063    2.490 v _15032_/Y (sky130_fd_sc_hd__nand2_1)
   0.093    2.583 ^ _15033_/Y (sky130_fd_sc_hd__o21ai_0)
   0.231    2.813 ^ _15388_/COUT (sky130_fd_sc_hd__ha_1)
   0.179    2.992 v _14262_/Y (sky130_fd_sc_hd__a31oi_1)
   0.495    3.487 ^ _14264_/Y (sky130_fd_sc_hd__o21ai_0)
   0.260    3.747 v _14268_/Y (sky130_fd_sc_hd__a21boi_0)
   0.403    4.150 ^ _14270_/Y (sky130_fd_sc_hd__o21ai_0)
   0.186    4.337 v _14277_/Y (sky130_fd_sc_hd__a21oi_1)
   0.445    4.782 ^ _14279_/Y (sky130_fd_sc_hd__o21ai_0)
   0.097    4.878 v _14339_/Y (sky130_fd_sc_hd__nand2_1)
   0.161    5.039 ^ _14340_/Y (sky130_fd_sc_hd__o211ai_1)
   0.248    5.287 v _14343_/Y (sky130_fd_sc_hd__a21boi_0)
   0.432    5.719 ^ _14345_/Y (sky130_fd_sc_hd__o21ai_0)
   0.168    5.887 v _15245_/Y (sky130_fd_sc_hd__a21oi_1)
   0.246    6.133 ^ _15246_/X (sky130_fd_sc_hd__xor2_1)
   0.110    6.243 v _15278_/Y (sky130_fd_sc_hd__nand3_1)
   0.115    6.357 ^ _15279_/Y (sky130_fd_sc_hd__nand3_1)
   0.092    6.449 v _15286_/Y (sky130_fd_sc_hd__nand2_1)
   0.246    6.695 v place674/X (sky130_fd_sc_hd__buf_4)
   0.034    6.729 v dp.rf.rf[18][31]$_DFFE_PP_/D (sky130_fd_sc_hd__edfxtp_1)
            6.729   data arrival time

   7.000    7.000   clock clk (rise edge)
   0.775    7.775   clock network delay (ideal)
   0.000    7.775   clock reconvergence pessimism
            7.775 ^ dp.rf.rf[18][31]$_DFFE_PP_/CLK (sky130_fd_sc_hd__edfxtp_1)
  -0.313    7.462   library setup time
            7.462   data required time
-----------------------------------------------------------
            7.462   data required time
           -6.729   data arrival time
-----------------------------------------------------------
            0.732   slack (MET)


Startpoint: dp.rf.rf[5][0]$_DFFE_PP_
            (rising edge-triggered flip-flop clocked by clk)
Endpoint: dp.rf.rf[1][31]$_DFFE_PP_
          (rising edge-triggered flip-flop clocked by clk)
Path Group: clk
Path Type: max

   Delay     Time   Description
-----------------------------------------------------------
   0.000    0.000   clock clk (rise edge)
   0.775    0.775   clock network delay (ideal)
   0.000    0.775 ^ dp.rf.rf[5][0]$_DFFE_PP_/CLK (sky130_fd_sc_hd__edfxtp_1)
   0.323    1.098 ^ dp.rf.rf[5][0]$_DFFE_PP_/Q (sky130_fd_sc_hd__edfxtp_1)
   0.077    1.176 v _10298_/Y (sky130_fd_sc_hd__nand3_1)
   0.108    1.284 ^ _10299_/Y (sky130_fd_sc_hd__nand2_1)
   0.048    1.332 v _10300_/Y (sky130_fd_sc_hd__nand2_1)
   0.089    1.420 ^ _10301_/Y (sky130_fd_sc_hd__nand2_1)
   0.048    1.469 v _10302_/Y (sky130_fd_sc_hd__nand2_1)
   0.103    1.571 ^ _10303_/Y (sky130_fd_sc_hd__nand2_1)
   0.047    1.618 v _10304_/Y (sky130_fd_sc_hd__inv_1)
   0.087    1.705 ^ _10305_/Y (sky130_fd_sc_hd__nand2_1)
   0.087    1.793 v _10306_/Y (sky130_fd_sc_hd__nand2_1)
   0.355    2.148 ^ _12759_/Y (sky130_fd_sc_hd__nand2_1)
   0.279    2.427 ^ place713/X (sky130_fd_sc_hd__buf_4)
   0.063    2.490 v _15032_/Y (sky130_fd_sc_hd__nand2_1)
   0.093    2.583 ^ _15033_/Y (sky130_fd_sc_hd__o21ai_0)
   0.231    2.813 ^ _15388_/COUT (sky130_fd_sc_hd__ha_1)
   0.179    2.992 v _14262_/Y (sky130_fd_sc_hd__a31oi_1)
   0.495    3.487 ^ _14264_/Y (sky130_fd_sc_hd__o21ai_0)
   0.260    3.747 v _14268_/Y (sky130_fd_sc_hd__a21boi_0)
   0.403    4.150 ^ _14270_/Y (sky130_fd_sc_hd__o21ai_0)
   0.186    4.337 v _14277_/Y (sky130_fd_sc_hd__a21oi_1)
   0.445    4.782 ^ _14279_/Y (sky130_fd_sc_hd__o21ai_0)
   0.097    4.878 v _14339_/Y (sky130_fd_sc_hd__nand2_1)
   0.161    5.039 ^ _14340_/Y (sky130_fd_sc_hd__o211ai_1)
   0.248    5.287 v _14343_/Y (sky130_fd_sc_hd__a21boi_0)
   0.432    5.719 ^ _14345_/Y (sky130_fd_sc_hd__o21ai_0)
   0.168    5.887 v _15245_/Y (sky130_fd_sc_hd__a21oi_1)
   0.246    6.133 ^ _15246_/X (sky130_fd_sc_hd__xor2_1)
   0.110    6.243 v _15278_/Y (sky130_fd_sc_hd__nand3_1)
   0.115    6.357 ^ _15279_/Y (sky130_fd_sc_hd__nand3_1)
   0.092    6.449 v _15286_/Y (sky130_fd_sc_hd__nand2_1)
   0.246    6.695 v place674/X (sky130_fd_sc_hd__buf_4)
   0.034    6.729 v dp.rf.rf[1][31]$_DFFE_PP_/D (sky130_fd_sc_hd__edfxtp_1)
            6.729   data arrival time

   7.000    7.000   clock clk (rise edge)
   0.775    7.775   clock network delay (ideal)
   0.000    7.775   clock reconvergence pessimism
            7.775 ^ dp.rf.rf[1][31]$_DFFE_PP_/CLK (sky130_fd_sc_hd__edfxtp_1)
  -0.313    7.462   library setup time
            7.462   data required time
-----------------------------------------------------------
            7.462   data required time
           -6.729   data arrival time
-----------------------------------------------------------
            0.732   slack (MET)


Startpoint: dp.rf.rf[5][0]$_DFFE_PP_
            (rising edge-triggered flip-flop clocked by clk)
Endpoint: dp.rf.rf[19][31]$_DFFE_PP_
          (rising edge-triggered flip-flop clocked by clk)
Path Group: clk
Path Type: max

   Delay     Time   Description
-----------------------------------------------------------
   0.000    0.000   clock clk (rise edge)
   0.775    0.775   clock network delay (ideal)
   0.000    0.775 ^ dp.rf.rf[5][0]$_DFFE_PP_/CLK (sky130_fd_sc_hd__edfxtp_1)
   0.323    1.098 ^ dp.rf.rf[5][0]$_DFFE_PP_/Q (sky130_fd_sc_hd__edfxtp_1)
   0.077    1.176 v _10298_/Y (sky130_fd_sc_hd__nand3_1)
   0.108    1.284 ^ _10299_/Y (sky130_fd_sc_hd__nand2_1)
   0.048    1.332 v _10300_/Y (sky130_fd_sc_hd__nand2_1)
   0.089    1.420 ^ _10301_/Y (sky130_fd_sc_hd__nand2_1)
   0.048    1.469 v _10302_/Y (sky130_fd_sc_hd__nand2_1)
   0.103    1.571 ^ _10303_/Y (sky130_fd_sc_hd__nand2_1)
   0.047    1.618 v _10304_/Y (sky130_fd_sc_hd__inv_1)
   0.087    1.705 ^ _10305_/Y (sky130_fd_sc_hd__nand2_1)
   0.087    1.793 v _10306_/Y (sky130_fd_sc_hd__nand2_1)
   0.355    2.148 ^ _12759_/Y (sky130_fd_sc_hd__nand2_1)
   0.279    2.427 ^ place713/X (sky130_fd_sc_hd__buf_4)
   0.063    2.490 v _15032_/Y (sky130_fd_sc_hd__nand2_1)
   0.093    2.583 ^ _15033_/Y (sky130_fd_sc_hd__o21ai_0)
   0.231    2.813 ^ _15388_/COUT (sky130_fd_sc_hd__ha_1)
   0.179    2.992 v _14262_/Y (sky130_fd_sc_hd__a31oi_1)
   0.495    3.487 ^ _14264_/Y (sky130_fd_sc_hd__o21ai_0)
   0.260    3.747 v _14268_/Y (sky130_fd_sc_hd__a21boi_0)
   0.403    4.150 ^ _14270_/Y (sky130_fd_sc_hd__o21ai_0)
   0.186    4.337 v _14277_/Y (sky130_fd_sc_hd__a21oi_1)
   0.445    4.782 ^ _14279_/Y (sky130_fd_sc_hd__o21ai_0)
   0.097    4.878 v _14339_/Y (sky130_fd_sc_hd__nand2_1)
   0.161    5.039 ^ _14340_/Y (sky130_fd_sc_hd__o211ai_1)
   0.248    5.287 v _14343_/Y (sky130_fd_sc_hd__a21boi_0)
   0.432    5.719 ^ _14345_/Y (sky130_fd_sc_hd__o21ai_0)
   0.168    5.887 v _15245_/Y (sky130_fd_sc_hd__a21oi_1)
   0.246    6.133 ^ _15246_/X (sky130_fd_sc_hd__xor2_1)
   0.110    6.243 v _15278_/Y (sky130_fd_sc_hd__nand3_1)
   0.115    6.357 ^ _15279_/Y (sky130_fd_sc_hd__nand3_1)
   0.092    6.449 v _15286_/Y (sky130_fd_sc_hd__nand2_1)
   0.246    6.695 v place674/X (sky130_fd_sc_hd__buf_4)
   0.034    6.729 v dp.rf.rf[19][31]$_DFFE_PP_/D (sky130_fd_sc_hd__edfxtp_1)
            6.729   data arrival time

   7.000    7.000   clock clk (rise edge)
   0.775    7.775   clock network delay (ideal)
   0.000    7.775   clock reconvergence pessimism
            7.775 ^ dp.rf.rf[19][31]$_DFFE_PP_/CLK (sky130_fd_sc_hd__edfxtp_1)
  -0.313    7.462   library setup time
            7.462   data required time
-----------------------------------------------------------
            7.462   data required time
           -6.729   data arrival time
-----------------------------------------------------------
            0.732   slack (MET)


Startpoint: dp.rf.rf[5][0]$_DFFE_PP_
            (rising edge-triggered flip-flop clocked by clk)
Endpoint: dp.rf.rf[3][31]$_DFFE_PP_
          (rising edge-triggered flip-flop clocked by clk)
Path Group: clk
Path Type: max

   Delay     Time   Description
-----------------------------------------------------------
   0.000    0.000   clock clk (rise edge)
   0.775    0.775   clock network delay (ideal)
   0.000    0.775 ^ dp.rf.rf[5][0]$_DFFE_PP_/CLK (sky130_fd_sc_hd__edfxtp_1)
   0.323    1.098 ^ dp.rf.rf[5][0]$_DFFE_PP_/Q (sky130_fd_sc_hd__edfxtp_1)
   0.077    1.176 v _10298_/Y (sky130_fd_sc_hd__nand3_1)
   0.108    1.284 ^ _10299_/Y (sky130_fd_sc_hd__nand2_1)
   0.048    1.332 v _10300_/Y (sky130_fd_sc_hd__nand2_1)
   0.089    1.420 ^ _10301_/Y (sky130_fd_sc_hd__nand2_1)
   0.048    1.469 v _10302_/Y (sky130_fd_sc_hd__nand2_1)
   0.103    1.571 ^ _10303_/Y (sky130_fd_sc_hd__nand2_1)
   0.047    1.618 v _10304_/Y (sky130_fd_sc_hd__inv_1)
   0.087    1.705 ^ _10305_/Y (sky130_fd_sc_hd__nand2_1)
   0.087    1.793 v _10306_/Y (sky130_fd_sc_hd__nand2_1)
   0.355    2.148 ^ _12759_/Y (sky130_fd_sc_hd__nand2_1)
   0.279    2.427 ^ place713/X (sky130_fd_sc_hd__buf_4)
   0.063    2.490 v _15032_/Y (sky130_fd_sc_hd__nand2_1)
   0.093    2.583 ^ _15033_/Y (sky130_fd_sc_hd__o21ai_0)
   0.231    2.813 ^ _15388_/COUT (sky130_fd_sc_hd__ha_1)
   0.179    2.992 v _14262_/Y (sky130_fd_sc_hd__a31oi_1)
   0.495    3.487 ^ _14264_/Y (sky130_fd_sc_hd__o21ai_0)
   0.260    3.747 v _14268_/Y (sky130_fd_sc_hd__a21boi_0)
   0.403    4.150 ^ _14270_/Y (sky130_fd_sc_hd__o21ai_0)
   0.186    4.337 v _14277_/Y (sky130_fd_sc_hd__a21oi_1)
   0.445    4.782 ^ _14279_/Y (sky130_fd_sc_hd__o21ai_0)
   0.097    4.878 v _14339_/Y (sky130_fd_sc_hd__nand2_1)
   0.161    5.039 ^ _14340_/Y (sky130_fd_sc_hd__o211ai_1)
   0.248    5.287 v _14343_/Y (sky130_fd_sc_hd__a21boi_0)
   0.432    5.719 ^ _14345_/Y (sky130_fd_sc_hd__o21ai_0)
   0.168    5.887 v _15245_/Y (sky130_fd_sc_hd__a21oi_1)
   0.246    6.133 ^ _15246_/X (sky130_fd_sc_hd__xor2_1)
   0.110    6.243 v _15278_/Y (sky130_fd_sc_hd__nand3_1)
   0.115    6.357 ^ _15279_/Y (sky130_fd_sc_hd__nand3_1)
   0.092    6.449 v _15286_/Y (sky130_fd_sc_hd__nand2_1)
   0.246    6.695 v place674/X (sky130_fd_sc_hd__buf_4)
   0.034    6.729 v dp.rf.rf[3][31]$_DFFE_PP_/D (sky130_fd_sc_hd__edfxtp_1)
            6.729   data arrival time

   7.000    7.000   clock clk (rise edge)
   0.775    7.775   clock network delay (ideal)
   0.000    7.775   clock reconvergence pessimism
            7.775 ^ dp.rf.rf[3][31]$_DFFE_PP_/CLK (sky130_fd_sc_hd__edfxtp_1)
  -0.313    7.462   library setup time
            7.462   data required time
-----------------------------------------------------------
            7.462   data required time
           -6.729   data arrival time
-----------------------------------------------------------
            0.732   slack (MET)


Startpoint: dp.rf.rf[5][0]$_DFFE_PP_
            (rising edge-triggered flip-flop clocked by clk)
Endpoint: dp.rf.rf[2][31]$_DFFE_PP_
          (rising edge-triggered flip-flop clocked by clk)
Path Group: clk
Path Type: max

   Delay     Time   Description
-----------------------------------------------------------
   0.000    0.000   clock clk (rise edge)
   0.775    0.775   clock network delay (ideal)
   0.000    0.775 ^ dp.rf.rf[5][0]$_DFFE_PP_/CLK (sky130_fd_sc_hd__edfxtp_1)
   0.323    1.098 ^ dp.rf.rf[5][0]$_DFFE_PP_/Q (sky130_fd_sc_hd__edfxtp_1)
   0.077    1.176 v _10298_/Y (sky130_fd_sc_hd__nand3_1)
   0.108    1.284 ^ _10299_/Y (sky130_fd_sc_hd__nand2_1)
   0.048    1.332 v _10300_/Y (sky130_fd_sc_hd__nand2_1)
   0.089    1.420 ^ _10301_/Y (sky130_fd_sc_hd__nand2_1)
   0.048    1.469 v _10302_/Y (sky130_fd_sc_hd__nand2_1)
   0.103    1.571 ^ _10303_/Y (sky130_fd_sc_hd__nand2_1)
   0.047    1.618 v _10304_/Y (sky130_fd_sc_hd__inv_1)
   0.087    1.705 ^ _10305_/Y (sky130_fd_sc_hd__nand2_1)
   0.087    1.793 v _10306_/Y (sky130_fd_sc_hd__nand2_1)
   0.355    2.148 ^ _12759_/Y (sky130_fd_sc_hd__nand2_1)
   0.279    2.427 ^ place713/X (sky130_fd_sc_hd__buf_4)
   0.063    2.490 v _15032_/Y (sky130_fd_sc_hd__nand2_1)
   0.093    2.583 ^ _15033_/Y (sky130_fd_sc_hd__o21ai_0)
   0.231    2.813 ^ _15388_/COUT (sky130_fd_sc_hd__ha_1)
   0.179    2.992 v _14262_/Y (sky130_fd_sc_hd__a31oi_1)
   0.495    3.487 ^ _14264_/Y (sky130_fd_sc_hd__o21ai_0)
   0.260    3.747 v _14268_/Y (sky130_fd_sc_hd__a21boi_0)
   0.403    4.150 ^ _14270_/Y (sky130_fd_sc_hd__o21ai_0)
   0.186    4.337 v _14277_/Y (sky130_fd_sc_hd__a21oi_1)
   0.445    4.782 ^ _14279_/Y (sky130_fd_sc_hd__o21ai_0)
   0.097    4.878 v _14339_/Y (sky130_fd_sc_hd__nand2_1)
   0.161    5.039 ^ _14340_/Y (sky130_fd_sc_hd__o211ai_1)
   0.248    5.287 v _14343_/Y (sky130_fd_sc_hd__a21boi_0)
   0.432    5.719 ^ _14345_/Y (sky130_fd_sc_hd__o21ai_0)
   0.168    5.887 v _15245_/Y (sky130_fd_sc_hd__a21oi_1)
   0.246    6.133 ^ _15246_/X (sky130_fd_sc_hd__xor2_1)
   0.110    6.243 v _15278_/Y (sky130_fd_sc_hd__nand3_1)
   0.115    6.357 ^ _15279_/Y (sky130_fd_sc_hd__nand3_1)
   0.092    6.449 v _15286_/Y (sky130_fd_sc_hd__nand2_1)
   0.246    6.695 v place674/X (sky130_fd_sc_hd__buf_4)
   0.034    6.729 v dp.rf.rf[2][31]$_DFFE_PP_/D (sky130_fd_sc_hd__edfxtp_1)
            6.729   data arrival time

   7.000    7.000   clock clk (rise edge)
   0.775    7.775   clock network delay (ideal)
   0.000    7.775   clock reconvergence pessimism
            7.775 ^ dp.rf.rf[2][31]$_DFFE_PP_/CLK (sky130_fd_sc_hd__edfxtp_1)
  -0.313    7.462   library setup time
            7.462   data required time
-----------------------------------------------------------
            7.462   data required time
           -6.729   data arrival time
-----------------------------------------------------------
            0.732   slack (MET)


Startpoint: dp.rf.rf[5][0]$_DFFE_PP_
            (rising edge-triggered flip-flop clocked by clk)
Endpoint: dp.rf.rf[6][31]$_DFFE_PP_
          (rising edge-triggered flip-flop clocked by clk)
Path Group: clk
Path Type: max

   Delay     Time   Description
-----------------------------------------------------------
   0.000    0.000   clock clk (rise edge)
   0.775    0.775   clock network delay (ideal)
   0.000    0.775 ^ dp.rf.rf[5][0]$_DFFE_PP_/CLK (sky130_fd_sc_hd__edfxtp_1)
   0.323    1.098 ^ dp.rf.rf[5][0]$_DFFE_PP_/Q (sky130_fd_sc_hd__edfxtp_1)
   0.077    1.176 v _10298_/Y (sky130_fd_sc_hd__nand3_1)
   0.108    1.284 ^ _10299_/Y (sky130_fd_sc_hd__nand2_1)
   0.048    1.332 v _10300_/Y (sky130_fd_sc_hd__nand2_1)
   0.089    1.420 ^ _10301_/Y (sky130_fd_sc_hd__nand2_1)
   0.048    1.469 v _10302_/Y (sky130_fd_sc_hd__nand2_1)
   0.103    1.571 ^ _10303_/Y (sky130_fd_sc_hd__nand2_1)
   0.047    1.618 v _10304_/Y (sky130_fd_sc_hd__inv_1)
   0.087    1.705 ^ _10305_/Y (sky130_fd_sc_hd__nand2_1)
   0.087    1.793 v _10306_/Y (sky130_fd_sc_hd__nand2_1)
   0.355    2.148 ^ _12759_/Y (sky130_fd_sc_hd__nand2_1)
   0.279    2.427 ^ place713/X (sky130_fd_sc_hd__buf_4)
   0.063    2.490 v _15032_/Y (sky130_fd_sc_hd__nand2_1)
   0.093    2.583 ^ _15033_/Y (sky130_fd_sc_hd__o21ai_0)
   0.231    2.813 ^ _15388_/COUT (sky130_fd_sc_hd__ha_1)
   0.179    2.992 v _14262_/Y (sky130_fd_sc_hd__a31oi_1)
   0.495    3.487 ^ _14264_/Y (sky130_fd_sc_hd__o21ai_0)
   0.260    3.747 v _14268_/Y (sky130_fd_sc_hd__a21boi_0)
   0.403    4.150 ^ _14270_/Y (sky130_fd_sc_hd__o21ai_0)
   0.186    4.337 v _14277_/Y (sky130_fd_sc_hd__a21oi_1)
   0.445    4.782 ^ _14279_/Y (sky130_fd_sc_hd__o21ai_0)
   0.097    4.878 v _14339_/Y (sky130_fd_sc_hd__nand2_1)
   0.161    5.039 ^ _14340_/Y (sky130_fd_sc_hd__o211ai_1)
   0.248    5.287 v _14343_/Y (sky130_fd_sc_hd__a21boi_0)
   0.432    5.719 ^ _14345_/Y (sky130_fd_sc_hd__o21ai_0)
   0.168    5.887 v _15245_/Y (sky130_fd_sc_hd__a21oi_1)
   0.246    6.133 ^ _15246_/X (sky130_fd_sc_hd__xor2_1)
   0.110    6.243 v _15278_/Y (sky130_fd_sc_hd__nand3_1)
   0.115    6.357 ^ _15279_/Y (sky130_fd_sc_hd__nand3_1)
   0.092    6.449 v _15286_/Y (sky130_fd_sc_hd__nand2_1)
   0.246    6.695 v place674/X (sky130_fd_sc_hd__buf_4)
   0.034    6.729 v dp.rf.rf[6][31]$_DFFE_PP_/D (sky130_fd_sc_hd__edfxtp_1)
            6.729   data arrival time

   7.000    7.000   clock clk (rise edge)
   0.775    7.775   clock network delay (ideal)
   0.000    7.775   clock reconvergence pessimism
            7.775 ^ dp.rf.rf[6][31]$_DFFE_PP_/CLK (sky130_fd_sc_hd__edfxtp_1)
  -0.313    7.462   library setup time
            7.462   data required time
-----------------------------------------------------------
            7.462   data required time
           -6.729   data arrival time
-----------------------------------------------------------
            0.733   slack (MET)


Startpoint: dp.rf.rf[5][0]$_DFFE_PP_
            (rising edge-triggered flip-flop clocked by clk)
Endpoint: dp.rf.rf[16][31]$_DFFE_PP_
          (rising edge-triggered flip-flop clocked by clk)
Path Group: clk
Path Type: max

   Delay     Time   Description
-----------------------------------------------------------
   0.000    0.000   clock clk (rise edge)
   0.775    0.775   clock network delay (ideal)
   0.000    0.775 ^ dp.rf.rf[5][0]$_DFFE_PP_/CLK (sky130_fd_sc_hd__edfxtp_1)
   0.323    1.098 ^ dp.rf.rf[5][0]$_DFFE_PP_/Q (sky130_fd_sc_hd__edfxtp_1)
   0.077    1.176 v _10298_/Y (sky130_fd_sc_hd__nand3_1)
   0.108    1.284 ^ _10299_/Y (sky130_fd_sc_hd__nand2_1)
   0.048    1.332 v _10300_/Y (sky130_fd_sc_hd__nand2_1)
   0.089    1.420 ^ _10301_/Y (sky130_fd_sc_hd__nand2_1)
   0.048    1.469 v _10302_/Y (sky130_fd_sc_hd__nand2_1)
   0.103    1.571 ^ _10303_/Y (sky130_fd_sc_hd__nand2_1)
   0.047    1.618 v _10304_/Y (sky130_fd_sc_hd__inv_1)
   0.087    1.705 ^ _10305_/Y (sky130_fd_sc_hd__nand2_1)
   0.087    1.793 v _10306_/Y (sky130_fd_sc_hd__nand2_1)
   0.355    2.148 ^ _12759_/Y (sky130_fd_sc_hd__nand2_1)
   0.279    2.427 ^ place713/X (sky130_fd_sc_hd__buf_4)
   0.063    2.490 v _15032_/Y (sky130_fd_sc_hd__nand2_1)
   0.093    2.583 ^ _15033_/Y (sky130_fd_sc_hd__o21ai_0)
   0.231    2.813 ^ _15388_/COUT (sky130_fd_sc_hd__ha_1)
   0.179    2.992 v _14262_/Y (sky130_fd_sc_hd__a31oi_1)
   0.495    3.487 ^ _14264_/Y (sky130_fd_sc_hd__o21ai_0)
   0.260    3.747 v _14268_/Y (sky130_fd_sc_hd__a21boi_0)
   0.403    4.150 ^ _14270_/Y (sky130_fd_sc_hd__o21ai_0)
   0.186    4.337 v _14277_/Y (sky130_fd_sc_hd__a21oi_1)
   0.445    4.782 ^ _14279_/Y (sky130_fd_sc_hd__o21ai_0)
   0.097    4.878 v _14339_/Y (sky130_fd_sc_hd__nand2_1)
   0.161    5.039 ^ _14340_/Y (sky130_fd_sc_hd__o211ai_1)
   0.248    5.287 v _14343_/Y (sky130_fd_sc_hd__a21boi_0)
   0.432    5.719 ^ _14345_/Y (sky130_fd_sc_hd__o21ai_0)
   0.168    5.887 v _15245_/Y (sky130_fd_sc_hd__a21oi_1)
   0.246    6.133 ^ _15246_/X (sky130_fd_sc_hd__xor2_1)
   0.110    6.243 v _15278_/Y (sky130_fd_sc_hd__nand3_1)
   0.115    6.357 ^ _15279_/Y (sky130_fd_sc_hd__nand3_1)
   0.092    6.449 v _15286_/Y (sky130_fd_sc_hd__nand2_1)
   0.246    6.695 v place674/X (sky130_fd_sc_hd__buf_4)
   0.034    6.729 v dp.rf.rf[16][31]$_DFFE_PP_/D (sky130_fd_sc_hd__edfxtp_1)
            6.729   data arrival time

   7.000    7.000   clock clk (rise edge)
   0.775    7.775   clock network delay (ideal)
   0.000    7.775   clock reconvergence pessimism
            7.775 ^ dp.rf.rf[16][31]$_DFFE_PP_/CLK (sky130_fd_sc_hd__edfxtp_1)
  -0.313    7.462   library setup time
            7.462   data required time
-----------------------------------------------------------
            7.462   data required time
           -6.729   data arrival time
-----------------------------------------------------------
            0.733   slack (MET)


Startpoint: dp.rf.rf[5][0]$_DFFE_PP_
            (rising edge-triggered flip-flop clocked by clk)
Endpoint: dp.rf.rf[7][31]$_DFFE_PP_
          (rising edge-triggered flip-flop clocked by clk)
Path Group: clk
Path Type: max

   Delay     Time   Description
-----------------------------------------------------------
   0.000    0.000   clock clk (rise edge)
   0.775    0.775   clock network delay (ideal)
   0.000    0.775 ^ dp.rf.rf[5][0]$_DFFE_PP_/CLK (sky130_fd_sc_hd__edfxtp_1)
   0.323    1.098 ^ dp.rf.rf[5][0]$_DFFE_PP_/Q (sky130_fd_sc_hd__edfxtp_1)
   0.077    1.176 v _10298_/Y (sky130_fd_sc_hd__nand3_1)
   0.108    1.284 ^ _10299_/Y (sky130_fd_sc_hd__nand2_1)
   0.048    1.332 v _10300_/Y (sky130_fd_sc_hd__nand2_1)
   0.089    1.420 ^ _10301_/Y (sky130_fd_sc_hd__nand2_1)
   0.048    1.469 v _10302_/Y (sky130_fd_sc_hd__nand2_1)
   0.103    1.571 ^ _10303_/Y (sky130_fd_sc_hd__nand2_1)
   0.047    1.618 v _10304_/Y (sky130_fd_sc_hd__inv_1)
   0.087    1.705 ^ _10305_/Y (sky130_fd_sc_hd__nand2_1)
   0.087    1.793 v _10306_/Y (sky130_fd_sc_hd__nand2_1)
   0.355    2.148 ^ _12759_/Y (sky130_fd_sc_hd__nand2_1)
   0.279    2.427 ^ place713/X (sky130_fd_sc_hd__buf_4)
   0.063    2.490 v _15032_/Y (sky130_fd_sc_hd__nand2_1)
   0.093    2.583 ^ _15033_/Y (sky130_fd_sc_hd__o21ai_0)
   0.231    2.813 ^ _15388_/COUT (sky130_fd_sc_hd__ha_1)
   0.179    2.992 v _14262_/Y (sky130_fd_sc_hd__a31oi_1)
   0.495    3.487 ^ _14264_/Y (sky130_fd_sc_hd__o21ai_0)
   0.260    3.747 v _14268_/Y (sky130_fd_sc_hd__a21boi_0)
   0.403    4.150 ^ _14270_/Y (sky130_fd_sc_hd__o21ai_0)
   0.186    4.337 v _14277_/Y (sky130_fd_sc_hd__a21oi_1)
   0.445    4.782 ^ _14279_/Y (sky130_fd_sc_hd__o21ai_0)
   0.097    4.878 v _14339_/Y (sky130_fd_sc_hd__nand2_1)
   0.161    5.039 ^ _14340_/Y (sky130_fd_sc_hd__o211ai_1)
   0.248    5.287 v _14343_/Y (sky130_fd_sc_hd__a21boi_0)
   0.432    5.719 ^ _14345_/Y (sky130_fd_sc_hd__o21ai_0)
   0.168    5.887 v _15245_/Y (sky130_fd_sc_hd__a21oi_1)
   0.246    6.133 ^ _15246_/X (sky130_fd_sc_hd__xor2_1)
   0.110    6.243 v _15278_/Y (sky130_fd_sc_hd__nand3_1)
   0.115    6.357 ^ _15279_/Y (sky130_fd_sc_hd__nand3_1)
   0.092    6.449 v _15286_/Y (sky130_fd_sc_hd__nand2_1)
   0.246    6.695 v place674/X (sky130_fd_sc_hd__buf_4)
   0.034    6.729 v dp.rf.rf[7][31]$_DFFE_PP_/D (sky130_fd_sc_hd__edfxtp_1)
            6.729   data arrival time

   7.000    7.000   clock clk (rise edge)
   0.775    7.775   clock network delay (ideal)
   0.000    7.775   clock reconvergence pessimism
            7.775 ^ dp.rf.rf[7][31]$_DFFE_PP_/CLK (sky130_fd_sc_hd__edfxtp_1)
  -0.313    7.462   library setup time
            7.462   data required time
-----------------------------------------------------------
            7.462   data required time
           -6.729   data arrival time
-----------------------------------------------------------
            0.733   slack (MET)


Startpoint: dp.rf.rf[5][0]$_DFFE_PP_
            (rising edge-triggered flip-flop clocked by clk)
Endpoint: dp.rf.rf[21][31]$_DFFE_PP_
          (rising edge-triggered flip-flop clocked by clk)
Path Group: clk
Path Type: max

   Delay     Time   Description
-----------------------------------------------------------
   0.000    0.000   clock clk (rise edge)
   0.775    0.775   clock network delay (ideal)
   0.000    0.775 ^ dp.rf.rf[5][0]$_DFFE_PP_/CLK (sky130_fd_sc_hd__edfxtp_1)
   0.323    1.098 ^ dp.rf.rf[5][0]$_DFFE_PP_/Q (sky130_fd_sc_hd__edfxtp_1)
   0.077    1.176 v _10298_/Y (sky130_fd_sc_hd__nand3_1)
   0.108    1.284 ^ _10299_/Y (sky130_fd_sc_hd__nand2_1)
   0.048    1.332 v _10300_/Y (sky130_fd_sc_hd__nand2_1)
   0.089    1.420 ^ _10301_/Y (sky130_fd_sc_hd__nand2_1)
   0.048    1.469 v _10302_/Y (sky130_fd_sc_hd__nand2_1)
   0.103    1.571 ^ _10303_/Y (sky130_fd_sc_hd__nand2_1)
   0.047    1.618 v _10304_/Y (sky130_fd_sc_hd__inv_1)
   0.087    1.705 ^ _10305_/Y (sky130_fd_sc_hd__nand2_1)
   0.087    1.793 v _10306_/Y (sky130_fd_sc_hd__nand2_1)
   0.355    2.148 ^ _12759_/Y (sky130_fd_sc_hd__nand2_1)
   0.279    2.427 ^ place713/X (sky130_fd_sc_hd__buf_4)
   0.063    2.490 v _15032_/Y (sky130_fd_sc_hd__nand2_1)
   0.093    2.583 ^ _15033_/Y (sky130_fd_sc_hd__o21ai_0)
   0.231    2.813 ^ _15388_/COUT (sky130_fd_sc_hd__ha_1)
   0.179    2.992 v _14262_/Y (sky130_fd_sc_hd__a31oi_1)
   0.495    3.487 ^ _14264_/Y (sky130_fd_sc_hd__o21ai_0)
   0.260    3.747 v _14268_/Y (sky130_fd_sc_hd__a21boi_0)
   0.403    4.150 ^ _14270_/Y (sky130_fd_sc_hd__o21ai_0)
   0.186    4.337 v _14277_/Y (sky130_fd_sc_hd__a21oi_1)
   0.445    4.782 ^ _14279_/Y (sky130_fd_sc_hd__o21ai_0)
   0.097    4.878 v _14339_/Y (sky130_fd_sc_hd__nand2_1)
   0.161    5.039 ^ _14340_/Y (sky130_fd_sc_hd__o211ai_1)
   0.248    5.287 v _14343_/Y (sky130_fd_sc_hd__a21boi_0)
   0.432    5.719 ^ _14345_/Y (sky130_fd_sc_hd__o21ai_0)
   0.168    5.887 v _15245_/Y (sky130_fd_sc_hd__a21oi_1)
   0.246    6.133 ^ _15246_/X (sky130_fd_sc_hd__xor2_1)
   0.110    6.243 v _15278_/Y (sky130_fd_sc_hd__nand3_1)
   0.115    6.357 ^ _15279_/Y (sky130_fd_sc_hd__nand3_1)
   0.092    6.449 v _15286_/Y (sky130_fd_sc_hd__nand2_1)
   0.246    6.695 v place674/X (sky130_fd_sc_hd__buf_4)
   0.034    6.729 v dp.rf.rf[21][31]$_DFFE_PP_/D (sky130_fd_sc_hd__edfxtp_1)
            6.729   data arrival time

   7.000    7.000   clock clk (rise edge)
   0.775    7.775   clock network delay (ideal)
   0.000    7.775   clock reconvergence pessimism
            7.775 ^ dp.rf.rf[21][31]$_DFFE_PP_/CLK (sky130_fd_sc_hd__edfxtp_1)
  -0.313    7.462   library setup time
            7.462   data required time
-----------------------------------------------------------
            7.462   data required time
           -6.729   data arrival time
-----------------------------------------------------------
            0.733   slack (MET)


Startpoint: dp.rf.rf[5][0]$_DFFE_PP_
            (rising edge-triggered flip-flop clocked by clk)
Endpoint: dp.rf.rf[17][31]$_DFFE_PP_
          (rising edge-triggered flip-flop clocked by clk)
Path Group: clk
Path Type: max

   Delay     Time   Description
-----------------------------------------------------------
   0.000    0.000   clock clk (rise edge)
   0.775    0.775   clock network delay (ideal)
   0.000    0.775 ^ dp.rf.rf[5][0]$_DFFE_PP_/CLK (sky130_fd_sc_hd__edfxtp_1)
   0.323    1.098 ^ dp.rf.rf[5][0]$_DFFE_PP_/Q (sky130_fd_sc_hd__edfxtp_1)
   0.077    1.176 v _10298_/Y (sky130_fd_sc_hd__nand3_1)
   0.108    1.284 ^ _10299_/Y (sky130_fd_sc_hd__nand2_1)
   0.048    1.332 v _10300_/Y (sky130_fd_sc_hd__nand2_1)
   0.089    1.420 ^ _10301_/Y (sky130_fd_sc_hd__nand2_1)
   0.048    1.469 v _10302_/Y (sky130_fd_sc_hd__nand2_1)
   0.103    1.571 ^ _10303_/Y (sky130_fd_sc_hd__nand2_1)
   0.047    1.618 v _10304_/Y (sky130_fd_sc_hd__inv_1)
   0.087    1.705 ^ _10305_/Y (sky130_fd_sc_hd__nand2_1)
   0.087    1.793 v _10306_/Y (sky130_fd_sc_hd__nand2_1)
   0.355    2.148 ^ _12759_/Y (sky130_fd_sc_hd__nand2_1)
   0.279    2.427 ^ place713/X (sky130_fd_sc_hd__buf_4)
   0.063    2.490 v _15032_/Y (sky130_fd_sc_hd__nand2_1)
   0.093    2.583 ^ _15033_/Y (sky130_fd_sc_hd__o21ai_0)
   0.231    2.813 ^ _15388_/COUT (sky130_fd_sc_hd__ha_1)
   0.179    2.992 v _14262_/Y (sky130_fd_sc_hd__a31oi_1)
   0.495    3.487 ^ _14264_/Y (sky130_fd_sc_hd__o21ai_0)
   0.260    3.747 v _14268_/Y (sky130_fd_sc_hd__a21boi_0)
   0.403    4.150 ^ _14270_/Y (sky130_fd_sc_hd__o21ai_0)
   0.186    4.337 v _14277_/Y (sky130_fd_sc_hd__a21oi_1)
   0.445    4.782 ^ _14279_/Y (sky130_fd_sc_hd__o21ai_0)
   0.097    4.878 v _14339_/Y (sky130_fd_sc_hd__nand2_1)
   0.161    5.039 ^ _14340_/Y (sky130_fd_sc_hd__o211ai_1)
   0.248    5.287 v _14343_/Y (sky130_fd_sc_hd__a21boi_0)
   0.432    5.719 ^ _14345_/Y (sky130_fd_sc_hd__o21ai_0)
   0.168    5.887 v _15245_/Y (sky130_fd_sc_hd__a21oi_1)
   0.246    6.133 ^ _15246_/X (sky130_fd_sc_hd__xor2_1)
   0.110    6.243 v _15278_/Y (sky130_fd_sc_hd__nand3_1)
   0.115    6.357 ^ _15279_/Y (sky130_fd_sc_hd__nand3_1)
   0.092    6.449 v _15286_/Y (sky130_fd_sc_hd__nand2_1)
   0.246    6.695 v place674/X (sky130_fd_sc_hd__buf_4)
   0.034    6.729 v dp.rf.rf[17][31]$_DFFE_PP_/D (sky130_fd_sc_hd__edfxtp_1)
            6.729   data arrival time

   7.000    7.000   clock clk (rise edge)
   0.775    7.775   clock network delay (ideal)
   0.000    7.775   clock reconvergence pessimism
            7.775 ^ dp.rf.rf[17][31]$_DFFE_PP_/CLK (sky130_fd_sc_hd__edfxtp_1)
  -0.313    7.462   library setup time
            7.462   data required time
-----------------------------------------------------------
            7.462   data required time
           -6.729   data arrival time
-----------------------------------------------------------
            0.733   slack (MET)


Startpoint: dp.rf.rf[5][0]$_DFFE_PP_
            (rising edge-triggered flip-flop clocked by clk)
Endpoint: dp.rf.rf[20][31]$_DFFE_PP_
          (rising edge-triggered flip-flop clocked by clk)
Path Group: clk
Path Type: max

   Delay     Time   Description
-----------------------------------------------------------
   0.000    0.000   clock clk (rise edge)
   0.775    0.775   clock network delay (ideal)
   0.000    0.775 ^ dp.rf.rf[5][0]$_DFFE_PP_/CLK (sky130_fd_sc_hd__edfxtp_1)
   0.323    1.098 ^ dp.rf.rf[5][0]$_DFFE_PP_/Q (sky130_fd_sc_hd__edfxtp_1)
   0.077    1.176 v _10298_/Y (sky130_fd_sc_hd__nand3_1)
   0.108    1.284 ^ _10299_/Y (sky130_fd_sc_hd__nand2_1)
   0.048    1.332 v _10300_/Y (sky130_fd_sc_hd__nand2_1)
   0.089    1.420 ^ _10301_/Y (sky130_fd_sc_hd__nand2_1)
   0.048    1.469 v _10302_/Y (sky130_fd_sc_hd__nand2_1)
   0.103    1.571 ^ _10303_/Y (sky130_fd_sc_hd__nand2_1)
   0.047    1.618 v _10304_/Y (sky130_fd_sc_hd__inv_1)
   0.087    1.705 ^ _10305_/Y (sky130_fd_sc_hd__nand2_1)
   0.087    1.793 v _10306_/Y (sky130_fd_sc_hd__nand2_1)
   0.355    2.148 ^ _12759_/Y (sky130_fd_sc_hd__nand2_1)
   0.279    2.427 ^ place713/X (sky130_fd_sc_hd__buf_4)
   0.063    2.490 v _15032_/Y (sky130_fd_sc_hd__nand2_1)
   0.093    2.583 ^ _15033_/Y (sky130_fd_sc_hd__o21ai_0)
   0.231    2.813 ^ _15388_/COUT (sky130_fd_sc_hd__ha_1)
   0.179    2.992 v _14262_/Y (sky130_fd_sc_hd__a31oi_1)
   0.495    3.487 ^ _14264_/Y (sky130_fd_sc_hd__o21ai_0)
   0.260    3.747 v _14268_/Y (sky130_fd_sc_hd__a21boi_0)
   0.403    4.150 ^ _14270_/Y (sky130_fd_sc_hd__o21ai_0)
   0.186    4.337 v _14277_/Y (sky130_fd_sc_hd__a21oi_1)
   0.445    4.782 ^ _14279_/Y (sky130_fd_sc_hd__o21ai_0)
   0.097    4.878 v _14339_/Y (sky130_fd_sc_hd__nand2_1)
   0.161    5.039 ^ _14340_/Y (sky130_fd_sc_hd__o211ai_1)
   0.248    5.287 v _14343_/Y (sky130_fd_sc_hd__a21boi_0)
   0.432    5.719 ^ _14345_/Y (sky130_fd_sc_hd__o21ai_0)
   0.168    5.887 v _15245_/Y (sky130_fd_sc_hd__a21oi_1)
   0.246    6.133 ^ _15246_/X (sky130_fd_sc_hd__xor2_1)
   0.110    6.243 v _15278_/Y (sky130_fd_sc_hd__nand3_1)
   0.115    6.357 ^ _15279_/Y (sky130_fd_sc_hd__nand3_1)
   0.092    6.449 v _15286_/Y (sky130_fd_sc_hd__nand2_1)
   0.246    6.695 v place674/X (sky130_fd_sc_hd__buf_4)
   0.034    6.729 v dp.rf.rf[20][31]$_DFFE_PP_/D (sky130_fd_sc_hd__edfxtp_1)
            6.729   data arrival time

   7.000    7.000   clock clk (rise edge)
   0.775    7.775   clock network delay (ideal)
   0.000    7.775   clock reconvergence pessimism
            7.775 ^ dp.rf.rf[20][31]$_DFFE_PP_/CLK (sky130_fd_sc_hd__edfxtp_1)
  -0.313    7.462   library setup time
            7.462   data required time
-----------------------------------------------------------
            7.462   data required time
           -6.729   data arrival time
-----------------------------------------------------------
            0.733   slack (MET)


Startpoint: dp.rf.rf[5][0]$_DFFE_PP_
            (rising edge-triggered flip-flop clocked by clk)
Endpoint: dp.rf.rf[4][31]$_DFFE_PP_
          (rising edge-triggered flip-flop clocked by clk)
Path Group: clk
Path Type: max

   Delay     Time   Description
-----------------------------------------------------------
   0.000    0.000   clock clk (rise edge)
   0.775    0.775   clock network delay (ideal)
   0.000    0.775 ^ dp.rf.rf[5][0]$_DFFE_PP_/CLK (sky130_fd_sc_hd__edfxtp_1)
   0.323    1.098 ^ dp.rf.rf[5][0]$_DFFE_PP_/Q (sky130_fd_sc_hd__edfxtp_1)
   0.077    1.176 v _10298_/Y (sky130_fd_sc_hd__nand3_1)
   0.108    1.284 ^ _10299_/Y (sky130_fd_sc_hd__nand2_1)
   0.048    1.332 v _10300_/Y (sky130_fd_sc_hd__nand2_1)
   0.089    1.420 ^ _10301_/Y (sky130_fd_sc_hd__nand2_1)
   0.048    1.469 v _10302_/Y (sky130_fd_sc_hd__nand2_1)
   0.103    1.571 ^ _10303_/Y (sky130_fd_sc_hd__nand2_1)
   0.047    1.618 v _10304_/Y (sky130_fd_sc_hd__inv_1)
   0.087    1.705 ^ _10305_/Y (sky130_fd_sc_hd__nand2_1)
   0.087    1.793 v _10306_/Y (sky130_fd_sc_hd__nand2_1)
   0.355    2.148 ^ _12759_/Y (sky130_fd_sc_hd__nand2_1)
   0.279    2.427 ^ place713/X (sky130_fd_sc_hd__buf_4)
   0.063    2.490 v _15032_/Y (sky130_fd_sc_hd__nand2_1)
   0.093    2.583 ^ _15033_/Y (sky130_fd_sc_hd__o21ai_0)
   0.231    2.813 ^ _15388_/COUT (sky130_fd_sc_hd__ha_1)
   0.179    2.992 v _14262_/Y (sky130_fd_sc_hd__a31oi_1)
   0.495    3.487 ^ _14264_/Y (sky130_fd_sc_hd__o21ai_0)
   0.260    3.747 v _14268_/Y (sky130_fd_sc_hd__a21boi_0)
   0.403    4.150 ^ _14270_/Y (sky130_fd_sc_hd__o21ai_0)
   0.186    4.337 v _14277_/Y (sky130_fd_sc_hd__a21oi_1)
   0.445    4.782 ^ _14279_/Y (sky130_fd_sc_hd__o21ai_0)
   0.097    4.878 v _14339_/Y (sky130_fd_sc_hd__nand2_1)
   0.161    5.039 ^ _14340_/Y (sky130_fd_sc_hd__o211ai_1)
   0.248    5.287 v _14343_/Y (sky130_fd_sc_hd__a21boi_0)
   0.432    5.719 ^ _14345_/Y (sky130_fd_sc_hd__o21ai_0)
   0.168    5.887 v _15245_/Y (sky130_fd_sc_hd__a21oi_1)
   0.246    6.133 ^ _15246_/X (sky130_fd_sc_hd__xor2_1)
   0.110    6.243 v _15278_/Y (sky130_fd_sc_hd__nand3_1)
   0.115    6.357 ^ _15279_/Y (sky130_fd_sc_hd__nand3_1)
   0.092    6.449 v _15286_/Y (sky130_fd_sc_hd__nand2_1)
   0.246    6.695 v place674/X (sky130_fd_sc_hd__buf_4)
   0.034    6.729 v dp.rf.rf[4][31]$_DFFE_PP_/D (sky130_fd_sc_hd__edfxtp_1)
            6.729   data arrival time

   7.000    7.000   clock clk (rise edge)
   0.775    7.775   clock network delay (ideal)
   0.000    7.775   clock reconvergence pessimism
            7.775 ^ dp.rf.rf[4][31]$_DFFE_PP_/CLK (sky130_fd_sc_hd__edfxtp_1)
  -0.313    7.462   library setup time
            7.462   data required time
-----------------------------------------------------------
            7.462   data required time
           -6.729   data arrival time
-----------------------------------------------------------
            0.733   slack (MET)


Startpoint: dp.rf.rf[5][0]$_DFFE_PP_
            (rising edge-triggered flip-flop clocked by clk)
Endpoint: dp.rf.rf[23][31]$_DFFE_PP_
          (rising edge-triggered flip-flop clocked by clk)
Path Group: clk
Path Type: max

   Delay     Time   Description
-----------------------------------------------------------
   0.000    0.000   clock clk (rise edge)
   0.775    0.775   clock network delay (ideal)
   0.000    0.775 ^ dp.rf.rf[5][0]$_DFFE_PP_/CLK (sky130_fd_sc_hd__edfxtp_1)
   0.323    1.098 ^ dp.rf.rf[5][0]$_DFFE_PP_/Q (sky130_fd_sc_hd__edfxtp_1)
   0.077    1.176 v _10298_/Y (sky130_fd_sc_hd__nand3_1)
   0.108    1.284 ^ _10299_/Y (sky130_fd_sc_hd__nand2_1)
   0.048    1.332 v _10300_/Y (sky130_fd_sc_hd__nand2_1)
   0.089    1.420 ^ _10301_/Y (sky130_fd_sc_hd__nand2_1)
   0.048    1.469 v _10302_/Y (sky130_fd_sc_hd__nand2_1)
   0.103    1.571 ^ _10303_/Y (sky130_fd_sc_hd__nand2_1)
   0.047    1.618 v _10304_/Y (sky130_fd_sc_hd__inv_1)
   0.087    1.705 ^ _10305_/Y (sky130_fd_sc_hd__nand2_1)
   0.087    1.793 v _10306_/Y (sky130_fd_sc_hd__nand2_1)
   0.355    2.148 ^ _12759_/Y (sky130_fd_sc_hd__nand2_1)
   0.279    2.427 ^ place713/X (sky130_fd_sc_hd__buf_4)
   0.063    2.490 v _15032_/Y (sky130_fd_sc_hd__nand2_1)
   0.093    2.583 ^ _15033_/Y (sky130_fd_sc_hd__o21ai_0)
   0.231    2.813 ^ _15388_/COUT (sky130_fd_sc_hd__ha_1)
   0.179    2.992 v _14262_/Y (sky130_fd_sc_hd__a31oi_1)
   0.495    3.487 ^ _14264_/Y (sky130_fd_sc_hd__o21ai_0)
   0.260    3.747 v _14268_/Y (sky130_fd_sc_hd__a21boi_0)
   0.403    4.150 ^ _14270_/Y (sky130_fd_sc_hd__o21ai_0)
   0.186    4.337 v _14277_/Y (sky130_fd_sc_hd__a21oi_1)
   0.445    4.782 ^ _14279_/Y (sky130_fd_sc_hd__o21ai_0)
   0.097    4.878 v _14339_/Y (sky130_fd_sc_hd__nand2_1)
   0.161    5.039 ^ _14340_/Y (sky130_fd_sc_hd__o211ai_1)
   0.248    5.287 v _14343_/Y (sky130_fd_sc_hd__a21boi_0)
   0.432    5.719 ^ _14345_/Y (sky130_fd_sc_hd__o21ai_0)
   0.168    5.887 v _15245_/Y (sky130_fd_sc_hd__a21oi_1)
   0.246    6.133 ^ _15246_/X (sky130_fd_sc_hd__xor2_1)
   0.110    6.243 v _15278_/Y (sky130_fd_sc_hd__nand3_1)
   0.115    6.357 ^ _15279_/Y (sky130_fd_sc_hd__nand3_1)
   0.092    6.449 v _15286_/Y (sky130_fd_sc_hd__nand2_1)
   0.246    6.695 v place674/X (sky130_fd_sc_hd__buf_4)
   0.034    6.729 v dp.rf.rf[23][31]$_DFFE_PP_/D (sky130_fd_sc_hd__edfxtp_1)
            6.729   data arrival time

   7.000    7.000   clock clk (rise edge)
   0.775    7.775   clock network delay (ideal)
   0.000    7.775   clock reconvergence pessimism
            7.775 ^ dp.rf.rf[23][31]$_DFFE_PP_/CLK (sky130_fd_sc_hd__edfxtp_1)
  -0.313    7.462   library setup time
            7.462   data required time
-----------------------------------------------------------
            7.462   data required time
           -6.729   data arrival time
-----------------------------------------------------------
            0.733   slack (MET)


Startpoint: dp.rf.rf[5][0]$_DFFE_PP_
            (rising edge-triggered flip-flop clocked by clk)
Endpoint: dp.rf.rf[5][31]$_DFFE_PP_
          (rising edge-triggered flip-flop clocked by clk)
Path Group: clk
Path Type: max

   Delay     Time   Description
-----------------------------------------------------------
   0.000    0.000   clock clk (rise edge)
   0.775    0.775   clock network delay (ideal)
   0.000    0.775 ^ dp.rf.rf[5][0]$_DFFE_PP_/CLK (sky130_fd_sc_hd__edfxtp_1)
   0.323    1.098 ^ dp.rf.rf[5][0]$_DFFE_PP_/Q (sky130_fd_sc_hd__edfxtp_1)
   0.077    1.176 v _10298_/Y (sky130_fd_sc_hd__nand3_1)
   0.108    1.284 ^ _10299_/Y (sky130_fd_sc_hd__nand2_1)
   0.048    1.332 v _10300_/Y (sky130_fd_sc_hd__nand2_1)
   0.089    1.420 ^ _10301_/Y (sky130_fd_sc_hd__nand2_1)
   0.048    1.469 v _10302_/Y (sky130_fd_sc_hd__nand2_1)
   0.103    1.571 ^ _10303_/Y (sky130_fd_sc_hd__nand2_1)
   0.047    1.618 v _10304_/Y (sky130_fd_sc_hd__inv_1)
   0.087    1.705 ^ _10305_/Y (sky130_fd_sc_hd__nand2_1)
   0.087    1.793 v _10306_/Y (sky130_fd_sc_hd__nand2_1)
   0.355    2.148 ^ _12759_/Y (sky130_fd_sc_hd__nand2_1)
   0.279    2.427 ^ place713/X (sky130_fd_sc_hd__buf_4)
   0.063    2.490 v _15032_/Y (sky130_fd_sc_hd__nand2_1)
   0.093    2.583 ^ _15033_/Y (sky130_fd_sc_hd__o21ai_0)
   0.231    2.813 ^ _15388_/COUT (sky130_fd_sc_hd__ha_1)
   0.179    2.992 v _14262_/Y (sky130_fd_sc_hd__a31oi_1)
   0.495    3.487 ^ _14264_/Y (sky130_fd_sc_hd__o21ai_0)
   0.260    3.747 v _14268_/Y (sky130_fd_sc_hd__a21boi_0)
   0.403    4.150 ^ _14270_/Y (sky130_fd_sc_hd__o21ai_0)
   0.186    4.337 v _14277_/Y (sky130_fd_sc_hd__a21oi_1)
   0.445    4.782 ^ _14279_/Y (sky130_fd_sc_hd__o21ai_0)
   0.097    4.878 v _14339_/Y (sky130_fd_sc_hd__nand2_1)
   0.161    5.039 ^ _14340_/Y (sky130_fd_sc_hd__o211ai_1)
   0.248    5.287 v _14343_/Y (sky130_fd_sc_hd__a21boi_0)
   0.432    5.719 ^ _14345_/Y (sky130_fd_sc_hd__o21ai_0)
   0.168    5.887 v _15245_/Y (sky130_fd_sc_hd__a21oi_1)
   0.246    6.133 ^ _15246_/X (sky130_fd_sc_hd__xor2_1)
   0.110    6.243 v _15278_/Y (sky130_fd_sc_hd__nand3_1)
   0.115    6.357 ^ _15279_/Y (sky130_fd_sc_hd__nand3_1)
   0.092    6.449 v _15286_/Y (sky130_fd_sc_hd__nand2_1)
   0.246    6.695 v place674/X (sky130_fd_sc_hd__buf_4)
   0.033    6.728 v dp.rf.rf[5][31]$_DFFE_PP_/D (sky130_fd_sc_hd__edfxtp_1)
            6.728   data arrival time

   7.000    7.000   clock clk (rise edge)
   0.775    7.775   clock network delay (ideal)
   0.000    7.775   clock reconvergence pessimism
            7.775 ^ dp.rf.rf[5][31]$_DFFE_PP_/CLK (sky130_fd_sc_hd__edfxtp_1)
  -0.313    7.462   library setup time
            7.462   data required time
-----------------------------------------------------------
            7.462   data required time
           -6.728   data arrival time
-----------------------------------------------------------
            0.733   slack (MET)


Startpoint: dp.rf.rf[5][0]$_DFFE_PP_
            (rising edge-triggered flip-flop clocked by clk)
Endpoint: dp.rf.rf[22][31]$_DFFE_PP_
          (rising edge-triggered flip-flop clocked by clk)
Path Group: clk
Path Type: max

   Delay     Time   Description
-----------------------------------------------------------
   0.000    0.000   clock clk (rise edge)
   0.775    0.775   clock network delay (ideal)
   0.000    0.775 ^ dp.rf.rf[5][0]$_DFFE_PP_/CLK (sky130_fd_sc_hd__edfxtp_1)
   0.323    1.098 ^ dp.rf.rf[5][0]$_DFFE_PP_/Q (sky130_fd_sc_hd__edfxtp_1)
   0.077    1.176 v _10298_/Y (sky130_fd_sc_hd__nand3_1)
   0.108    1.284 ^ _10299_/Y (sky130_fd_sc_hd__nand2_1)
   0.048    1.332 v _10300_/Y (sky130_fd_sc_hd__nand2_1)
   0.089    1.420 ^ _10301_/Y (sky130_fd_sc_hd__nand2_1)
   0.048    1.469 v _10302_/Y (sky130_fd_sc_hd__nand2_1)
   0.103    1.571 ^ _10303_/Y (sky130_fd_sc_hd__nand2_1)
   0.047    1.618 v _10304_/Y (sky130_fd_sc_hd__inv_1)
   0.087    1.705 ^ _10305_/Y (sky130_fd_sc_hd__nand2_1)
   0.087    1.793 v _10306_/Y (sky130_fd_sc_hd__nand2_1)
   0.355    2.148 ^ _12759_/Y (sky130_fd_sc_hd__nand2_1)
   0.279    2.427 ^ place713/X (sky130_fd_sc_hd__buf_4)
   0.063    2.490 v _15032_/Y (sky130_fd_sc_hd__nand2_1)
   0.093    2.583 ^ _15033_/Y (sky130_fd_sc_hd__o21ai_0)
   0.231    2.813 ^ _15388_/COUT (sky130_fd_sc_hd__ha_1)
   0.179    2.992 v _14262_/Y (sky130_fd_sc_hd__a31oi_1)
   0.495    3.487 ^ _14264_/Y (sky130_fd_sc_hd__o21ai_0)
   0.260    3.747 v _14268_/Y (sky130_fd_sc_hd__a21boi_0)
   0.403    4.150 ^ _14270_/Y (sky130_fd_sc_hd__o21ai_0)
   0.186    4.337 v _14277_/Y (sky130_fd_sc_hd__a21oi_1)
   0.445    4.782 ^ _14279_/Y (sky130_fd_sc_hd__o21ai_0)
   0.097    4.878 v _14339_/Y (sky130_fd_sc_hd__nand2_1)
   0.161    5.039 ^ _14340_/Y (sky130_fd_sc_hd__o211ai_1)
   0.248    5.287 v _14343_/Y (sky130_fd_sc_hd__a21boi_0)
   0.432    5.719 ^ _14345_/Y (sky130_fd_sc_hd__o21ai_0)
   0.168    5.887 v _15245_/Y (sky130_fd_sc_hd__a21oi_1)
   0.246    6.133 ^ _15246_/X (sky130_fd_sc_hd__xor2_1)
   0.110    6.243 v _15278_/Y (sky130_fd_sc_hd__nand3_1)
   0.115    6.357 ^ _15279_/Y (sky130_fd_sc_hd__nand3_1)
   0.092    6.449 v _15286_/Y (sky130_fd_sc_hd__nand2_1)
   0.246    6.695 v place674/X (sky130_fd_sc_hd__buf_4)
   0.033    6.728 v dp.rf.rf[22][31]$_DFFE_PP_/D (sky130_fd_sc_hd__edfxtp_1)
            6.728   data arrival time

   7.000    7.000   clock clk (rise edge)
   0.775    7.775   clock network delay (ideal)
   0.000    7.775   clock reconvergence pessimism
            7.775 ^ dp.rf.rf[22][31]$_DFFE_PP_/CLK (sky130_fd_sc_hd__edfxtp_1)
  -0.313    7.462   library setup time
            7.462   data required time
-----------------------------------------------------------
            7.462   data required time
           -6.728   data arrival time
-----------------------------------------------------------
            0.733   slack (MET)


Startpoint: dp.rf.rf[5][0]$_DFFE_PP_
            (rising edge-triggered flip-flop clocked by clk)
Endpoint: dp.rf.rf[24][31]$_DFFE_PP_
          (rising edge-triggered flip-flop clocked by clk)
Path Group: clk
Path Type: max

   Delay     Time   Description
-----------------------------------------------------------
   0.000    0.000   clock clk (rise edge)
   0.775    0.775   clock network delay (ideal)
   0.000    0.775 ^ dp.rf.rf[5][0]$_DFFE_PP_/CLK (sky130_fd_sc_hd__edfxtp_1)
   0.323    1.098 ^ dp.rf.rf[5][0]$_DFFE_PP_/Q (sky130_fd_sc_hd__edfxtp_1)
   0.077    1.176 v _10298_/Y (sky130_fd_sc_hd__nand3_1)
   0.108    1.284 ^ _10299_/Y (sky130_fd_sc_hd__nand2_1)
   0.048    1.332 v _10300_/Y (sky130_fd_sc_hd__nand2_1)
   0.089    1.420 ^ _10301_/Y (sky130_fd_sc_hd__nand2_1)
   0.048    1.469 v _10302_/Y (sky130_fd_sc_hd__nand2_1)
   0.103    1.571 ^ _10303_/Y (sky130_fd_sc_hd__nand2_1)
   0.047    1.618 v _10304_/Y (sky130_fd_sc_hd__inv_1)
   0.087    1.705 ^ _10305_/Y (sky130_fd_sc_hd__nand2_1)
   0.087    1.793 v _10306_/Y (sky130_fd_sc_hd__nand2_1)
   0.355    2.148 ^ _12759_/Y (sky130_fd_sc_hd__nand2_1)
   0.279    2.427 ^ place713/X (sky130_fd_sc_hd__buf_4)
   0.063    2.490 v _15032_/Y (sky130_fd_sc_hd__nand2_1)
   0.093    2.583 ^ _15033_/Y (sky130_fd_sc_hd__o21ai_0)
   0.231    2.813 ^ _15388_/COUT (sky130_fd_sc_hd__ha_1)
   0.179    2.992 v _14262_/Y (sky130_fd_sc_hd__a31oi_1)
   0.495    3.487 ^ _14264_/Y (sky130_fd_sc_hd__o21ai_0)
   0.260    3.747 v _14268_/Y (sky130_fd_sc_hd__a21boi_0)
   0.403    4.150 ^ _14270_/Y (sky130_fd_sc_hd__o21ai_0)
   0.186    4.337 v _14277_/Y (sky130_fd_sc_hd__a21oi_1)
   0.445    4.782 ^ _14279_/Y (sky130_fd_sc_hd__o21ai_0)
   0.097    4.878 v _14339_/Y (sky130_fd_sc_hd__nand2_1)
   0.161    5.039 ^ _14340_/Y (sky130_fd_sc_hd__o211ai_1)
   0.248    5.287 v _14343_/Y (sky130_fd_sc_hd__a21boi_0)
   0.432    5.719 ^ _14345_/Y (sky130_fd_sc_hd__o21ai_0)
   0.168    5.887 v _15245_/Y (sky130_fd_sc_hd__a21oi_1)
   0.246    6.133 ^ _15246_/X (sky130_fd_sc_hd__xor2_1)
   0.110    6.243 v _15278_/Y (sky130_fd_sc_hd__nand3_1)
   0.115    6.357 ^ _15279_/Y (sky130_fd_sc_hd__nand3_1)
   0.092    6.449 v _15286_/Y (sky130_fd_sc_hd__nand2_1)
   0.246    6.695 v place674/X (sky130_fd_sc_hd__buf_4)
   0.032    6.728 v dp.rf.rf[24][31]$_DFFE_PP_/D (sky130_fd_sc_hd__edfxtp_1)
            6.728   data arrival time

   7.000    7.000   clock clk (rise edge)
   0.775    7.775   clock network delay (ideal)
   0.000    7.775   clock reconvergence pessimism
            7.775 ^ dp.rf.rf[24][31]$_DFFE_PP_/CLK (sky130_fd_sc_hd__edfxtp_1)
  -0.313    7.462   library setup time
            7.462   data required time
-----------------------------------------------------------
            7.462   data required time
           -6.728   data arrival time
-----------------------------------------------------------
            0.735   slack (MET)


Startpoint: dp.rf.rf[5][0]$_DFFE_PP_
            (rising edge-triggered flip-flop clocked by clk)
Endpoint: dp.rf.rf[25][31]$_DFFE_PP_
          (rising edge-triggered flip-flop clocked by clk)
Path Group: clk
Path Type: max

   Delay     Time   Description
-----------------------------------------------------------
   0.000    0.000   clock clk (rise edge)
   0.775    0.775   clock network delay (ideal)
   0.000    0.775 ^ dp.rf.rf[5][0]$_DFFE_PP_/CLK (sky130_fd_sc_hd__edfxtp_1)
   0.323    1.098 ^ dp.rf.rf[5][0]$_DFFE_PP_/Q (sky130_fd_sc_hd__edfxtp_1)
   0.077    1.176 v _10298_/Y (sky130_fd_sc_hd__nand3_1)
   0.108    1.284 ^ _10299_/Y (sky130_fd_sc_hd__nand2_1)
   0.048    1.332 v _10300_/Y (sky130_fd_sc_hd__nand2_1)
   0.089    1.420 ^ _10301_/Y (sky130_fd_sc_hd__nand2_1)
   0.048    1.469 v _10302_/Y (sky130_fd_sc_hd__nand2_1)
   0.103    1.571 ^ _10303_/Y (sky130_fd_sc_hd__nand2_1)
   0.047    1.618 v _10304_/Y (sky130_fd_sc_hd__inv_1)
   0.087    1.705 ^ _10305_/Y (sky130_fd_sc_hd__nand2_1)
   0.087    1.793 v _10306_/Y (sky130_fd_sc_hd__nand2_1)
   0.355    2.148 ^ _12759_/Y (sky130_fd_sc_hd__nand2_1)
   0.279    2.427 ^ place713/X (sky130_fd_sc_hd__buf_4)
   0.063    2.490 v _15032_/Y (sky130_fd_sc_hd__nand2_1)
   0.093    2.583 ^ _15033_/Y (sky130_fd_sc_hd__o21ai_0)
   0.231    2.813 ^ _15388_/COUT (sky130_fd_sc_hd__ha_1)
   0.179    2.992 v _14262_/Y (sky130_fd_sc_hd__a31oi_1)
   0.495    3.487 ^ _14264_/Y (sky130_fd_sc_hd__o21ai_0)
   0.260    3.747 v _14268_/Y (sky130_fd_sc_hd__a21boi_0)
   0.403    4.150 ^ _14270_/Y (sky130_fd_sc_hd__o21ai_0)
   0.186    4.337 v _14277_/Y (sky130_fd_sc_hd__a21oi_1)
   0.445    4.782 ^ _14279_/Y (sky130_fd_sc_hd__o21ai_0)
   0.097    4.878 v _14339_/Y (sky130_fd_sc_hd__nand2_1)
   0.161    5.039 ^ _14340_/Y (sky130_fd_sc_hd__o211ai_1)
   0.248    5.287 v _14343_/Y (sky130_fd_sc_hd__a21boi_0)
   0.432    5.719 ^ _14345_/Y (sky130_fd_sc_hd__o21ai_0)
   0.168    5.887 v _15245_/Y (sky130_fd_sc_hd__a21oi_1)
   0.246    6.133 ^ _15246_/X (sky130_fd_sc_hd__xor2_1)
   0.110    6.243 v _15278_/Y (sky130_fd_sc_hd__nand3_1)
   0.115    6.357 ^ _15279_/Y (sky130_fd_sc_hd__nand3_1)
   0.092    6.449 v _15286_/Y (sky130_fd_sc_hd__nand2_1)
   0.246    6.695 v place674/X (sky130_fd_sc_hd__buf_4)
   0.031    6.727 v dp.rf.rf[25][31]$_DFFE_PP_/D (sky130_fd_sc_hd__edfxtp_1)
            6.727   data arrival time

   7.000    7.000   clock clk (rise edge)
   0.775    7.775   clock network delay (ideal)
   0.000    7.775   clock reconvergence pessimism
            7.775 ^ dp.rf.rf[25][31]$_DFFE_PP_/CLK (sky130_fd_sc_hd__edfxtp_1)
  -0.313    7.462   library setup time
            7.462   data required time
-----------------------------------------------------------
            7.462   data required time
           -6.727   data arrival time
-----------------------------------------------------------
            0.736   slack (MET)


Startpoint: dp.rf.rf[5][0]$_DFFE_PP_
            (rising edge-triggered flip-flop clocked by clk)
Endpoint: dp.rf.rf[27][31]$_DFFE_PP_
          (rising edge-triggered flip-flop clocked by clk)
Path Group: clk
Path Type: max

   Delay     Time   Description
-----------------------------------------------------------
   0.000    0.000   clock clk (rise edge)
   0.775    0.775   clock network delay (ideal)
   0.000    0.775 ^ dp.rf.rf[5][0]$_DFFE_PP_/CLK (sky130_fd_sc_hd__edfxtp_1)
   0.323    1.098 ^ dp.rf.rf[5][0]$_DFFE_PP_/Q (sky130_fd_sc_hd__edfxtp_1)
   0.077    1.176 v _10298_/Y (sky130_fd_sc_hd__nand3_1)
   0.108    1.284 ^ _10299_/Y (sky130_fd_sc_hd__nand2_1)
   0.048    1.332 v _10300_/Y (sky130_fd_sc_hd__nand2_1)
   0.089    1.420 ^ _10301_/Y (sky130_fd_sc_hd__nand2_1)
   0.048    1.469 v _10302_/Y (sky130_fd_sc_hd__nand2_1)
   0.103    1.571 ^ _10303_/Y (sky130_fd_sc_hd__nand2_1)
   0.047    1.618 v _10304_/Y (sky130_fd_sc_hd__inv_1)
   0.087    1.705 ^ _10305_/Y (sky130_fd_sc_hd__nand2_1)
   0.087    1.793 v _10306_/Y (sky130_fd_sc_hd__nand2_1)
   0.355    2.148 ^ _12759_/Y (sky130_fd_sc_hd__nand2_1)
   0.279    2.427 ^ place713/X (sky130_fd_sc_hd__buf_4)
   0.063    2.490 v _15032_/Y (sky130_fd_sc_hd__nand2_1)
   0.093    2.583 ^ _15033_/Y (sky130_fd_sc_hd__o21ai_0)
   0.231    2.813 ^ _15388_/COUT (sky130_fd_sc_hd__ha_1)
   0.179    2.992 v _14262_/Y (sky130_fd_sc_hd__a31oi_1)
   0.495    3.487 ^ _14264_/Y (sky130_fd_sc_hd__o21ai_0)
   0.260    3.747 v _14268_/Y (sky130_fd_sc_hd__a21boi_0)
   0.403    4.150 ^ _14270_/Y (sky130_fd_sc_hd__o21ai_0)
   0.186    4.337 v _14277_/Y (sky130_fd_sc_hd__a21oi_1)
   0.445    4.782 ^ _14279_/Y (sky130_fd_sc_hd__o21ai_0)
   0.097    4.878 v _14339_/Y (sky130_fd_sc_hd__nand2_1)
   0.161    5.039 ^ _14340_/Y (sky130_fd_sc_hd__o211ai_1)
   0.248    5.287 v _14343_/Y (sky130_fd_sc_hd__a21boi_0)
   0.432    5.719 ^ _14345_/Y (sky130_fd_sc_hd__o21ai_0)
   0.168    5.887 v _15245_/Y (sky130_fd_sc_hd__a21oi_1)
   0.246    6.133 ^ _15246_/X (sky130_fd_sc_hd__xor2_1)
   0.110    6.243 v _15278_/Y (sky130_fd_sc_hd__nand3_1)
   0.115    6.357 ^ _15279_/Y (sky130_fd_sc_hd__nand3_1)
   0.092    6.449 v _15286_/Y (sky130_fd_sc_hd__nand2_1)
   0.246    6.695 v place674/X (sky130_fd_sc_hd__buf_4)
   0.030    6.726 v dp.rf.rf[27][31]$_DFFE_PP_/D (sky130_fd_sc_hd__edfxtp_1)
            6.726   data arrival time

   7.000    7.000   clock clk (rise edge)
   0.775    7.775   clock network delay (ideal)
   0.000    7.775   clock reconvergence pessimism
            7.775 ^ dp.rf.rf[27][31]$_DFFE_PP_/CLK (sky130_fd_sc_hd__edfxtp_1)
  -0.312    7.463   library setup time
            7.463   data required time
-----------------------------------------------------------
            7.463   data required time
           -6.726   data arrival time
-----------------------------------------------------------
            0.737   slack (MET)


Startpoint: dp.rf.rf[5][0]$_DFFE_PP_
            (rising edge-triggered flip-flop clocked by clk)
Endpoint: dp.rf.rf[8][31]$_DFFE_PP_
          (rising edge-triggered flip-flop clocked by clk)
Path Group: clk
Path Type: max

   Delay     Time   Description
-----------------------------------------------------------
   0.000    0.000   clock clk (rise edge)
   0.775    0.775   clock network delay (ideal)
   0.000    0.775 ^ dp.rf.rf[5][0]$_DFFE_PP_/CLK (sky130_fd_sc_hd__edfxtp_1)
   0.323    1.098 ^ dp.rf.rf[5][0]$_DFFE_PP_/Q (sky130_fd_sc_hd__edfxtp_1)
   0.077    1.176 v _10298_/Y (sky130_fd_sc_hd__nand3_1)
   0.108    1.284 ^ _10299_/Y (sky130_fd_sc_hd__nand2_1)
   0.048    1.332 v _10300_/Y (sky130_fd_sc_hd__nand2_1)
   0.089    1.420 ^ _10301_/Y (sky130_fd_sc_hd__nand2_1)
   0.048    1.469 v _10302_/Y (sky130_fd_sc_hd__nand2_1)
   0.103    1.571 ^ _10303_/Y (sky130_fd_sc_hd__nand2_1)
   0.047    1.618 v _10304_/Y (sky130_fd_sc_hd__inv_1)
   0.087    1.705 ^ _10305_/Y (sky130_fd_sc_hd__nand2_1)
   0.087    1.793 v _10306_/Y (sky130_fd_sc_hd__nand2_1)
   0.355    2.148 ^ _12759_/Y (sky130_fd_sc_hd__nand2_1)
   0.279    2.427 ^ place713/X (sky130_fd_sc_hd__buf_4)
   0.063    2.490 v _15032_/Y (sky130_fd_sc_hd__nand2_1)
   0.093    2.583 ^ _15033_/Y (sky130_fd_sc_hd__o21ai_0)
   0.231    2.813 ^ _15388_/COUT (sky130_fd_sc_hd__ha_1)
   0.179    2.992 v _14262_/Y (sky130_fd_sc_hd__a31oi_1)
   0.495    3.487 ^ _14264_/Y (sky130_fd_sc_hd__o21ai_0)
   0.260    3.747 v _14268_/Y (sky130_fd_sc_hd__a21boi_0)
   0.403    4.150 ^ _14270_/Y (sky130_fd_sc_hd__o21ai_0)
   0.186    4.337 v _14277_/Y (sky130_fd_sc_hd__a21oi_1)
   0.445    4.782 ^ _14279_/Y (sky130_fd_sc_hd__o21ai_0)
   0.097    4.878 v _14339_/Y (sky130_fd_sc_hd__nand2_1)
   0.161    5.039 ^ _14340_/Y (sky130_fd_sc_hd__o211ai_1)
   0.248    5.287 v _14343_/Y (sky130_fd_sc_hd__a21boi_0)
   0.432    5.719 ^ _14345_/Y (sky130_fd_sc_hd__o21ai_0)
   0.168    5.887 v _15245_/Y (sky130_fd_sc_hd__a21oi_1)
   0.246    6.133 ^ _15246_/X (sky130_fd_sc_hd__xor2_1)
   0.110    6.243 v _15278_/Y (sky130_fd_sc_hd__nand3_1)
   0.115    6.357 ^ _15279_/Y (sky130_fd_sc_hd__nand3_1)
   0.092    6.449 v _15286_/Y (sky130_fd_sc_hd__nand2_1)
   0.246    6.695 v place674/X (sky130_fd_sc_hd__buf_4)
   0.030    6.725 v dp.rf.rf[8][31]$_DFFE_PP_/D (sky130_fd_sc_hd__edfxtp_1)
            6.725   data arrival time

   7.000    7.000   clock clk (rise edge)
   0.775    7.775   clock network delay (ideal)
   0.000    7.775   clock reconvergence pessimism
            7.775 ^ dp.rf.rf[8][31]$_DFFE_PP_/CLK (sky130_fd_sc_hd__edfxtp_1)
  -0.312    7.463   library setup time
            7.463   data required time
-----------------------------------------------------------
            7.463   data required time
           -6.725   data arrival time
-----------------------------------------------------------
            0.737   slack (MET)


Startpoint: dp.rf.rf[5][0]$_DFFE_PP_
            (rising edge-triggered flip-flop clocked by clk)
Endpoint: dp.rf.rf[10][31]$_DFFE_PP_
          (rising edge-triggered flip-flop clocked by clk)
Path Group: clk
Path Type: max

   Delay     Time   Description
-----------------------------------------------------------
   0.000    0.000   clock clk (rise edge)
   0.775    0.775   clock network delay (ideal)
   0.000    0.775 ^ dp.rf.rf[5][0]$_DFFE_PP_/CLK (sky130_fd_sc_hd__edfxtp_1)
   0.323    1.098 ^ dp.rf.rf[5][0]$_DFFE_PP_/Q (sky130_fd_sc_hd__edfxtp_1)
   0.077    1.176 v _10298_/Y (sky130_fd_sc_hd__nand3_1)
   0.108    1.284 ^ _10299_/Y (sky130_fd_sc_hd__nand2_1)
   0.048    1.332 v _10300_/Y (sky130_fd_sc_hd__nand2_1)
   0.089    1.420 ^ _10301_/Y (sky130_fd_sc_hd__nand2_1)
   0.048    1.469 v _10302_/Y (sky130_fd_sc_hd__nand2_1)
   0.103    1.571 ^ _10303_/Y (sky130_fd_sc_hd__nand2_1)
   0.047    1.618 v _10304_/Y (sky130_fd_sc_hd__inv_1)
   0.087    1.705 ^ _10305_/Y (sky130_fd_sc_hd__nand2_1)
   0.087    1.793 v _10306_/Y (sky130_fd_sc_hd__nand2_1)
   0.355    2.148 ^ _12759_/Y (sky130_fd_sc_hd__nand2_1)
   0.279    2.427 ^ place713/X (sky130_fd_sc_hd__buf_4)
   0.063    2.490 v _15032_/Y (sky130_fd_sc_hd__nand2_1)
   0.093    2.583 ^ _15033_/Y (sky130_fd_sc_hd__o21ai_0)
   0.231    2.813 ^ _15388_/COUT (sky130_fd_sc_hd__ha_1)
   0.179    2.992 v _14262_/Y (sky130_fd_sc_hd__a31oi_1)
   0.495    3.487 ^ _14264_/Y (sky130_fd_sc_hd__o21ai_0)
   0.260    3.747 v _14268_/Y (sky130_fd_sc_hd__a21boi_0)
   0.403    4.150 ^ _14270_/Y (sky130_fd_sc_hd__o21ai_0)
   0.186    4.337 v _14277_/Y (sky130_fd_sc_hd__a21oi_1)
   0.445    4.782 ^ _14279_/Y (sky130_fd_sc_hd__o21ai_0)
   0.097    4.878 v _14339_/Y (sky130_fd_sc_hd__nand2_1)
   0.161    5.039 ^ _14340_/Y (sky130_fd_sc_hd__o211ai_1)
   0.248    5.287 v _14343_/Y (sky130_fd_sc_hd__a21boi_0)
   0.432    5.719 ^ _14345_/Y (sky130_fd_sc_hd__o21ai_0)
   0.168    5.887 v _15245_/Y (sky130_fd_sc_hd__a21oi_1)
   0.246    6.133 ^ _15246_/X (sky130_fd_sc_hd__xor2_1)
   0.110    6.243 v _15278_/Y (sky130_fd_sc_hd__nand3_1)
   0.115    6.357 ^ _15279_/Y (sky130_fd_sc_hd__nand3_1)
   0.092    6.449 v _15286_/Y (sky130_fd_sc_hd__nand2_1)
   0.246    6.695 v place674/X (sky130_fd_sc_hd__buf_4)
   0.030    6.725 v dp.rf.rf[10][31]$_DFFE_PP_/D (sky130_fd_sc_hd__edfxtp_1)
            6.725   data arrival time

   7.000    7.000   clock clk (rise edge)
   0.775    7.775   clock network delay (ideal)
   0.000    7.775   clock reconvergence pessimism
            7.775 ^ dp.rf.rf[10][31]$_DFFE_PP_/CLK (sky130_fd_sc_hd__edfxtp_1)
  -0.312    7.463   library setup time
            7.463   data required time
-----------------------------------------------------------
            7.463   data required time
           -6.725   data arrival time
-----------------------------------------------------------
            0.737   slack (MET)


Startpoint: dp.rf.rf[5][0]$_DFFE_PP_
            (rising edge-triggered flip-flop clocked by clk)
Endpoint: dp.rf.rf[26][31]$_DFFE_PP_
          (rising edge-triggered flip-flop clocked by clk)
Path Group: clk
Path Type: max

   Delay     Time   Description
-----------------------------------------------------------
   0.000    0.000   clock clk (rise edge)
   0.775    0.775   clock network delay (ideal)
   0.000    0.775 ^ dp.rf.rf[5][0]$_DFFE_PP_/CLK (sky130_fd_sc_hd__edfxtp_1)
   0.323    1.098 ^ dp.rf.rf[5][0]$_DFFE_PP_/Q (sky130_fd_sc_hd__edfxtp_1)
   0.077    1.176 v _10298_/Y (sky130_fd_sc_hd__nand3_1)
   0.108    1.284 ^ _10299_/Y (sky130_fd_sc_hd__nand2_1)
   0.048    1.332 v _10300_/Y (sky130_fd_sc_hd__nand2_1)
   0.089    1.420 ^ _10301_/Y (sky130_fd_sc_hd__nand2_1)
   0.048    1.469 v _10302_/Y (sky130_fd_sc_hd__nand2_1)
   0.103    1.571 ^ _10303_/Y (sky130_fd_sc_hd__nand2_1)
   0.047    1.618 v _10304_/Y (sky130_fd_sc_hd__inv_1)
   0.087    1.705 ^ _10305_/Y (sky130_fd_sc_hd__nand2_1)
   0.087    1.793 v _10306_/Y (sky130_fd_sc_hd__nand2_1)
   0.355    2.148 ^ _12759_/Y (sky130_fd_sc_hd__nand2_1)
   0.279    2.427 ^ place713/X (sky130_fd_sc_hd__buf_4)
   0.063    2.490 v _15032_/Y (sky130_fd_sc_hd__nand2_1)
   0.093    2.583 ^ _15033_/Y (sky130_fd_sc_hd__o21ai_0)
   0.231    2.813 ^ _15388_/COUT (sky130_fd_sc_hd__ha_1)
   0.179    2.992 v _14262_/Y (sky130_fd_sc_hd__a31oi_1)
   0.495    3.487 ^ _14264_/Y (sky130_fd_sc_hd__o21ai_0)
   0.260    3.747 v _14268_/Y (sky130_fd_sc_hd__a21boi_0)
   0.403    4.150 ^ _14270_/Y (sky130_fd_sc_hd__o21ai_0)
   0.186    4.337 v _14277_/Y (sky130_fd_sc_hd__a21oi_1)
   0.445    4.782 ^ _14279_/Y (sky130_fd_sc_hd__o21ai_0)
   0.097    4.878 v _14339_/Y (sky130_fd_sc_hd__nand2_1)
   0.161    5.039 ^ _14340_/Y (sky130_fd_sc_hd__o211ai_1)
   0.248    5.287 v _14343_/Y (sky130_fd_sc_hd__a21boi_0)
   0.432    5.719 ^ _14345_/Y (sky130_fd_sc_hd__o21ai_0)
   0.168    5.887 v _15245_/Y (sky130_fd_sc_hd__a21oi_1)
   0.246    6.133 ^ _15246_/X (sky130_fd_sc_hd__xor2_1)
   0.110    6.243 v _15278_/Y (sky130_fd_sc_hd__nand3_1)
   0.115    6.357 ^ _15279_/Y (sky130_fd_sc_hd__nand3_1)
   0.092    6.449 v _15286_/Y (sky130_fd_sc_hd__nand2_1)
   0.246    6.695 v place674/X (sky130_fd_sc_hd__buf_4)
   0.030    6.725 v dp.rf.rf[26][31]$_DFFE_PP_/D (sky130_fd_sc_hd__edfxtp_1)
            6.725   data arrival time

   7.000    7.000   clock clk (rise edge)
   0.775    7.775   clock network delay (ideal)
   0.000    7.775   clock reconvergence pessimism
            7.775 ^ dp.rf.rf[26][31]$_DFFE_PP_/CLK (sky130_fd_sc_hd__edfxtp_1)
  -0.312    7.463   library setup time
            7.463   data required time
-----------------------------------------------------------
            7.463   data required time
           -6.725   data arrival time
-----------------------------------------------------------
            0.737   slack (MET)


Startpoint: dp.rf.rf[5][0]$_DFFE_PP_
            (rising edge-triggered flip-flop clocked by clk)
Endpoint: dp.rf.rf[28][31]$_DFFE_PP_
          (rising edge-triggered flip-flop clocked by clk)
Path Group: clk
Path Type: max

   Delay     Time   Description
-----------------------------------------------------------
   0.000    0.000   clock clk (rise edge)
   0.775    0.775   clock network delay (ideal)
   0.000    0.775 ^ dp.rf.rf[5][0]$_DFFE_PP_/CLK (sky130_fd_sc_hd__edfxtp_1)
   0.323    1.098 ^ dp.rf.rf[5][0]$_DFFE_PP_/Q (sky130_fd_sc_hd__edfxtp_1)
   0.077    1.176 v _10298_/Y (sky130_fd_sc_hd__nand3_1)
   0.108    1.284 ^ _10299_/Y (sky130_fd_sc_hd__nand2_1)
   0.048    1.332 v _10300_/Y (sky130_fd_sc_hd__nand2_1)
   0.089    1.420 ^ _10301_/Y (sky130_fd_sc_hd__nand2_1)
   0.048    1.469 v _10302_/Y (sky130_fd_sc_hd__nand2_1)
   0.103    1.571 ^ _10303_/Y (sky130_fd_sc_hd__nand2_1)
   0.047    1.618 v _10304_/Y (sky130_fd_sc_hd__inv_1)
   0.087    1.705 ^ _10305_/Y (sky130_fd_sc_hd__nand2_1)
   0.087    1.793 v _10306_/Y (sky130_fd_sc_hd__nand2_1)
   0.355    2.148 ^ _12759_/Y (sky130_fd_sc_hd__nand2_1)
   0.279    2.427 ^ place713/X (sky130_fd_sc_hd__buf_4)
   0.063    2.490 v _15032_/Y (sky130_fd_sc_hd__nand2_1)
   0.093    2.583 ^ _15033_/Y (sky130_fd_sc_hd__o21ai_0)
   0.231    2.813 ^ _15388_/COUT (sky130_fd_sc_hd__ha_1)
   0.179    2.992 v _14262_/Y (sky130_fd_sc_hd__a31oi_1)
   0.495    3.487 ^ _14264_/Y (sky130_fd_sc_hd__o21ai_0)
   0.260    3.747 v _14268_/Y (sky130_fd_sc_hd__a21boi_0)
   0.403    4.150 ^ _14270_/Y (sky130_fd_sc_hd__o21ai_0)
   0.186    4.337 v _14277_/Y (sky130_fd_sc_hd__a21oi_1)
   0.445    4.782 ^ _14279_/Y (sky130_fd_sc_hd__o21ai_0)
   0.097    4.878 v _14339_/Y (sky130_fd_sc_hd__nand2_1)
   0.161    5.039 ^ _14340_/Y (sky130_fd_sc_hd__o211ai_1)
   0.248    5.287 v _14343_/Y (sky130_fd_sc_hd__a21boi_0)
   0.432    5.719 ^ _14345_/Y (sky130_fd_sc_hd__o21ai_0)
   0.168    5.887 v _15245_/Y (sky130_fd_sc_hd__a21oi_1)
   0.246    6.133 ^ _15246_/X (sky130_fd_sc_hd__xor2_1)
   0.110    6.243 v _15278_/Y (sky130_fd_sc_hd__nand3_1)
   0.115    6.357 ^ _15279_/Y (sky130_fd_sc_hd__nand3_1)
   0.092    6.449 v _15286_/Y (sky130_fd_sc_hd__nand2_1)
   0.246    6.695 v place674/X (sky130_fd_sc_hd__buf_4)
   0.029    6.724 v dp.rf.rf[28][31]$_DFFE_PP_/D (sky130_fd_sc_hd__edfxtp_1)
            6.724   data arrival time

   7.000    7.000   clock clk (rise edge)
   0.775    7.775   clock network delay (ideal)
   0.000    7.775   clock reconvergence pessimism
            7.775 ^ dp.rf.rf[28][31]$_DFFE_PP_/CLK (sky130_fd_sc_hd__edfxtp_1)
  -0.312    7.463   library setup time
            7.463   data required time
-----------------------------------------------------------
            7.463   data required time
           -6.724   data arrival time
-----------------------------------------------------------
            0.739   slack (MET)


Startpoint: dp.rf.rf[5][0]$_DFFE_PP_
            (rising edge-triggered flip-flop clocked by clk)
Endpoint: dp.rf.rf[29][31]$_DFFE_PP_
          (rising edge-triggered flip-flop clocked by clk)
Path Group: clk
Path Type: max

   Delay     Time   Description
-----------------------------------------------------------
   0.000    0.000   clock clk (rise edge)
   0.775    0.775   clock network delay (ideal)
   0.000    0.775 ^ dp.rf.rf[5][0]$_DFFE_PP_/CLK (sky130_fd_sc_hd__edfxtp_1)
   0.323    1.098 ^ dp.rf.rf[5][0]$_DFFE_PP_/Q (sky130_fd_sc_hd__edfxtp_1)
   0.077    1.176 v _10298_/Y (sky130_fd_sc_hd__nand3_1)
   0.108    1.284 ^ _10299_/Y (sky130_fd_sc_hd__nand2_1)
   0.048    1.332 v _10300_/Y (sky130_fd_sc_hd__nand2_1)
   0.089    1.420 ^ _10301_/Y (sky130_fd_sc_hd__nand2_1)
   0.048    1.469 v _10302_/Y (sky130_fd_sc_hd__nand2_1)
   0.103    1.571 ^ _10303_/Y (sky130_fd_sc_hd__nand2_1)
   0.047    1.618 v _10304_/Y (sky130_fd_sc_hd__inv_1)
   0.087    1.705 ^ _10305_/Y (sky130_fd_sc_hd__nand2_1)
   0.087    1.793 v _10306_/Y (sky130_fd_sc_hd__nand2_1)
   0.355    2.148 ^ _12759_/Y (sky130_fd_sc_hd__nand2_1)
   0.279    2.427 ^ place713/X (sky130_fd_sc_hd__buf_4)
   0.063    2.490 v _15032_/Y (sky130_fd_sc_hd__nand2_1)
   0.093    2.583 ^ _15033_/Y (sky130_fd_sc_hd__o21ai_0)
   0.231    2.813 ^ _15388_/COUT (sky130_fd_sc_hd__ha_1)
   0.179    2.992 v _14262_/Y (sky130_fd_sc_hd__a31oi_1)
   0.495    3.487 ^ _14264_/Y (sky130_fd_sc_hd__o21ai_0)
   0.260    3.747 v _14268_/Y (sky130_fd_sc_hd__a21boi_0)
   0.403    4.150 ^ _14270_/Y (sky130_fd_sc_hd__o21ai_0)
   0.186    4.337 v _14277_/Y (sky130_fd_sc_hd__a21oi_1)
   0.445    4.782 ^ _14279_/Y (sky130_fd_sc_hd__o21ai_0)
   0.097    4.878 v _14339_/Y (sky130_fd_sc_hd__nand2_1)
   0.161    5.039 ^ _14340_/Y (sky130_fd_sc_hd__o211ai_1)
   0.248    5.287 v _14343_/Y (sky130_fd_sc_hd__a21boi_0)
   0.432    5.719 ^ _14345_/Y (sky130_fd_sc_hd__o21ai_0)
   0.168    5.887 v _15245_/Y (sky130_fd_sc_hd__a21oi_1)
   0.246    6.133 ^ _15246_/X (sky130_fd_sc_hd__xor2_1)
   0.110    6.243 v _15278_/Y (sky130_fd_sc_hd__nand3_1)
   0.115    6.357 ^ _15279_/Y (sky130_fd_sc_hd__nand3_1)
   0.092    6.449 v _15286_/Y (sky130_fd_sc_hd__nand2_1)
   0.246    6.695 v place674/X (sky130_fd_sc_hd__buf_4)
   0.028    6.723 v dp.rf.rf[29][31]$_DFFE_PP_/D (sky130_fd_sc_hd__edfxtp_1)
            6.723   data arrival time

   7.000    7.000   clock clk (rise edge)
   0.775    7.775   clock network delay (ideal)
   0.000    7.775   clock reconvergence pessimism
            7.775 ^ dp.rf.rf[29][31]$_DFFE_PP_/CLK (sky130_fd_sc_hd__edfxtp_1)
  -0.312    7.463   library setup time
            7.463   data required time
-----------------------------------------------------------
            7.463   data required time
           -6.723   data arrival time
-----------------------------------------------------------
            0.740   slack (MET)


Startpoint: dp.rf.rf[5][0]$_DFFE_PP_
            (rising edge-triggered flip-flop clocked by clk)
Endpoint: dp.rf.rf[30][31]$_DFFE_PP_
          (rising edge-triggered flip-flop clocked by clk)
Path Group: clk
Path Type: max

   Delay     Time   Description
-----------------------------------------------------------
   0.000    0.000   clock clk (rise edge)
   0.775    0.775   clock network delay (ideal)
   0.000    0.775 ^ dp.rf.rf[5][0]$_DFFE_PP_/CLK (sky130_fd_sc_hd__edfxtp_1)
   0.323    1.098 ^ dp.rf.rf[5][0]$_DFFE_PP_/Q (sky130_fd_sc_hd__edfxtp_1)
   0.077    1.176 v _10298_/Y (sky130_fd_sc_hd__nand3_1)
   0.108    1.284 ^ _10299_/Y (sky130_fd_sc_hd__nand2_1)
   0.048    1.332 v _10300_/Y (sky130_fd_sc_hd__nand2_1)
   0.089    1.420 ^ _10301_/Y (sky130_fd_sc_hd__nand2_1)
   0.048    1.469 v _10302_/Y (sky130_fd_sc_hd__nand2_1)
   0.103    1.571 ^ _10303_/Y (sky130_fd_sc_hd__nand2_1)
   0.047    1.618 v _10304_/Y (sky130_fd_sc_hd__inv_1)
   0.087    1.705 ^ _10305_/Y (sky130_fd_sc_hd__nand2_1)
   0.087    1.793 v _10306_/Y (sky130_fd_sc_hd__nand2_1)
   0.355    2.148 ^ _12759_/Y (sky130_fd_sc_hd__nand2_1)
   0.279    2.427 ^ place713/X (sky130_fd_sc_hd__buf_4)
   0.063    2.490 v _15032_/Y (sky130_fd_sc_hd__nand2_1)
   0.093    2.583 ^ _15033_/Y (sky130_fd_sc_hd__o21ai_0)
   0.231    2.813 ^ _15388_/COUT (sky130_fd_sc_hd__ha_1)
   0.179    2.992 v _14262_/Y (sky130_fd_sc_hd__a31oi_1)
   0.495    3.487 ^ _14264_/Y (sky130_fd_sc_hd__o21ai_0)
   0.260    3.747 v _14268_/Y (sky130_fd_sc_hd__a21boi_0)
   0.403    4.150 ^ _14270_/Y (sky130_fd_sc_hd__o21ai_0)
   0.186    4.337 v _14277_/Y (sky130_fd_sc_hd__a21oi_1)
   0.445    4.782 ^ _14279_/Y (sky130_fd_sc_hd__o21ai_0)
   0.097    4.878 v _14339_/Y (sky130_fd_sc_hd__nand2_1)
   0.161    5.039 ^ _14340_/Y (sky130_fd_sc_hd__o211ai_1)
   0.248    5.287 v _14343_/Y (sky130_fd_sc_hd__a21boi_0)
   0.432    5.719 ^ _14345_/Y (sky130_fd_sc_hd__o21ai_0)
   0.168    5.887 v _15245_/Y (sky130_fd_sc_hd__a21oi_1)
   0.246    6.133 ^ _15246_/X (sky130_fd_sc_hd__xor2_1)
   0.110    6.243 v _15278_/Y (sky130_fd_sc_hd__nand3_1)
   0.115    6.357 ^ _15279_/Y (sky130_fd_sc_hd__nand3_1)
   0.092    6.449 v _15286_/Y (sky130_fd_sc_hd__nand2_1)
   0.246    6.695 v place674/X (sky130_fd_sc_hd__buf_4)
   0.027    6.723 v dp.rf.rf[30][31]$_DFFE_PP_/D (sky130_fd_sc_hd__edfxtp_1)
            6.723   data arrival time

   7.000    7.000   clock clk (rise edge)
   0.775    7.775   clock network delay (ideal)
   0.000    7.775   clock reconvergence pessimism
            7.775 ^ dp.rf.rf[30][31]$_DFFE_PP_/CLK (sky130_fd_sc_hd__edfxtp_1)
  -0.312    7.463   library setup time
            7.463   data required time
-----------------------------------------------------------
            7.463   data required time
           -6.723   data arrival time
-----------------------------------------------------------
            0.741   slack (MET)


Startpoint: dp.rf.rf[5][0]$_DFFE_PP_
            (rising edge-triggered flip-flop clocked by clk)
Endpoint: dp.rf.rf[31][31]$_DFFE_PP_
          (rising edge-triggered flip-flop clocked by clk)
Path Group: clk
Path Type: max

   Delay     Time   Description
-----------------------------------------------------------
   0.000    0.000   clock clk (rise edge)
   0.775    0.775   clock network delay (ideal)
   0.000    0.775 ^ dp.rf.rf[5][0]$_DFFE_PP_/CLK (sky130_fd_sc_hd__edfxtp_1)
   0.323    1.098 ^ dp.rf.rf[5][0]$_DFFE_PP_/Q (sky130_fd_sc_hd__edfxtp_1)
   0.077    1.176 v _10298_/Y (sky130_fd_sc_hd__nand3_1)
   0.108    1.284 ^ _10299_/Y (sky130_fd_sc_hd__nand2_1)
   0.048    1.332 v _10300_/Y (sky130_fd_sc_hd__nand2_1)
   0.089    1.420 ^ _10301_/Y (sky130_fd_sc_hd__nand2_1)
   0.048    1.469 v _10302_/Y (sky130_fd_sc_hd__nand2_1)
   0.103    1.571 ^ _10303_/Y (sky130_fd_sc_hd__nand2_1)
   0.047    1.618 v _10304_/Y (sky130_fd_sc_hd__inv_1)
   0.087    1.705 ^ _10305_/Y (sky130_fd_sc_hd__nand2_1)
   0.087    1.793 v _10306_/Y (sky130_fd_sc_hd__nand2_1)
   0.355    2.148 ^ _12759_/Y (sky130_fd_sc_hd__nand2_1)
   0.279    2.427 ^ place713/X (sky130_fd_sc_hd__buf_4)
   0.063    2.490 v _15032_/Y (sky130_fd_sc_hd__nand2_1)
   0.093    2.583 ^ _15033_/Y (sky130_fd_sc_hd__o21ai_0)
   0.231    2.813 ^ _15388_/COUT (sky130_fd_sc_hd__ha_1)
   0.179    2.992 v _14262_/Y (sky130_fd_sc_hd__a31oi_1)
   0.495    3.487 ^ _14264_/Y (sky130_fd_sc_hd__o21ai_0)
   0.260    3.747 v _14268_/Y (sky130_fd_sc_hd__a21boi_0)
   0.403    4.150 ^ _14270_/Y (sky130_fd_sc_hd__o21ai_0)
   0.186    4.337 v _14277_/Y (sky130_fd_sc_hd__a21oi_1)
   0.445    4.782 ^ _14279_/Y (sky130_fd_sc_hd__o21ai_0)
   0.097    4.878 v _14339_/Y (sky130_fd_sc_hd__nand2_1)
   0.161    5.039 ^ _14340_/Y (sky130_fd_sc_hd__o211ai_1)
   0.248    5.287 v _14343_/Y (sky130_fd_sc_hd__a21boi_0)
   0.432    5.719 ^ _14345_/Y (sky130_fd_sc_hd__o21ai_0)
   0.168    5.887 v _15245_/Y (sky130_fd_sc_hd__a21oi_1)
   0.246    6.133 ^ _15246_/X (sky130_fd_sc_hd__xor2_1)
   0.110    6.243 v _15278_/Y (sky130_fd_sc_hd__nand3_1)
   0.115    6.357 ^ _15279_/Y (sky130_fd_sc_hd__nand3_1)
   0.092    6.449 v _15286_/Y (sky130_fd_sc_hd__nand2_1)
   0.246    6.695 v place674/X (sky130_fd_sc_hd__buf_4)
   0.027    6.722 v dp.rf.rf[31][31]$_DFFE_PP_/D (sky130_fd_sc_hd__edfxtp_1)
            6.722   data arrival time

   7.000    7.000   clock clk (rise edge)
   0.775    7.775   clock network delay (ideal)
   0.000    7.775   clock reconvergence pessimism
            7.775 ^ dp.rf.rf[31][31]$_DFFE_PP_/CLK (sky130_fd_sc_hd__edfxtp_1)
  -0.312    7.463   library setup time
            7.463   data required time
-----------------------------------------------------------
            7.463   data required time
           -6.722   data arrival time
-----------------------------------------------------------
            0.741   slack (MET)


Startpoint: dp.rf.rf[5][0]$_DFFE_PP_
            (rising edge-triggered flip-flop clocked by clk)
Endpoint: dp.rf.rf[24][21]$_DFFE_PP_
          (rising edge-triggered flip-flop clocked by clk)
Path Group: clk
Path Type: max

   Delay     Time   Description
-----------------------------------------------------------
   0.000    0.000   clock clk (rise edge)
   0.775    0.775   clock network delay (ideal)
   0.000    0.775 ^ dp.rf.rf[5][0]$_DFFE_PP_/CLK (sky130_fd_sc_hd__edfxtp_1)
   0.323    1.098 ^ dp.rf.rf[5][0]$_DFFE_PP_/Q (sky130_fd_sc_hd__edfxtp_1)
   0.077    1.176 v _10298_/Y (sky130_fd_sc_hd__nand3_1)
   0.108    1.284 ^ _10299_/Y (sky130_fd_sc_hd__nand2_1)
   0.048    1.332 v _10300_/Y (sky130_fd_sc_hd__nand2_1)
   0.089    1.420 ^ _10301_/Y (sky130_fd_sc_hd__nand2_1)
   0.048    1.469 v _10302_/Y (sky130_fd_sc_hd__nand2_1)
   0.103    1.571 ^ _10303_/Y (sky130_fd_sc_hd__nand2_1)
   0.047    1.618 v _10304_/Y (sky130_fd_sc_hd__inv_1)
   0.087    1.705 ^ _10305_/Y (sky130_fd_sc_hd__nand2_1)
   0.087    1.793 v _10306_/Y (sky130_fd_sc_hd__nand2_1)
   0.355    2.148 ^ _12759_/Y (sky130_fd_sc_hd__nand2_1)
   0.279    2.427 ^ place713/X (sky130_fd_sc_hd__buf_4)
   0.063    2.490 v _15032_/Y (sky130_fd_sc_hd__nand2_1)
   0.093    2.583 ^ _15033_/Y (sky130_fd_sc_hd__o21ai_0)
   0.231    2.813 ^ _15388_/COUT (sky130_fd_sc_hd__ha_1)
   0.179    2.992 v _14262_/Y (sky130_fd_sc_hd__a31oi_1)
   0.495    3.487 ^ _14264_/Y (sky130_fd_sc_hd__o21ai_0)
   0.260    3.747 v _14268_/Y (sky130_fd_sc_hd__a21boi_0)
   0.403    4.150 ^ _14270_/Y (sky130_fd_sc_hd__o21ai_0)
   0.186    4.337 v _14277_/Y (sky130_fd_sc_hd__a21oi_1)
   0.445    4.782 ^ _14279_/Y (sky130_fd_sc_hd__o21ai_0)
   0.170    4.952 v _14284_/Y (sky130_fd_sc_hd__a21oi_1)
   0.414    5.366 ^ _14290_/Y (sky130_fd_sc_hd__o21ai_0)
   0.200    5.566 ^ _14392_/Y (sky130_fd_sc_hd__xnor2_1)
   0.098    5.663 v _14633_/Y (sky130_fd_sc_hd__nand3_1)
   0.110    5.774 ^ _14634_/Y (sky130_fd_sc_hd__nand3_1)
   0.666    6.440 v _14641_/Y (sky130_fd_sc_hd__nand2_1)
   0.030    6.470 v dp.rf.rf[24][21]$_DFFE_PP_/D (sky130_fd_sc_hd__edfxtp_1)
            6.470   data arrival time

   7.000    7.000   clock clk (rise edge)
   0.775    7.775   clock network delay (ideal)
   0.000    7.775   clock reconvergence pessimism
            7.775 ^ dp.rf.rf[24][21]$_DFFE_PP_/CLK (sky130_fd_sc_hd__edfxtp_1)
  -0.549    7.226   library setup time
            7.226   data required time
-----------------------------------------------------------
            7.226   data required time
           -6.470   data arrival time
-----------------------------------------------------------
            0.756   slack (MET)


Startpoint: dp.rf.rf[5][0]$_DFFE_PP_
            (rising edge-triggered flip-flop clocked by clk)
Endpoint: dp.rf.rf[27][21]$_DFFE_PP_
          (rising edge-triggered flip-flop clocked by clk)
Path Group: clk
Path Type: max

   Delay     Time   Description
-----------------------------------------------------------
   0.000    0.000   clock clk (rise edge)
   0.775    0.775   clock network delay (ideal)
   0.000    0.775 ^ dp.rf.rf[5][0]$_DFFE_PP_/CLK (sky130_fd_sc_hd__edfxtp_1)
   0.323    1.098 ^ dp.rf.rf[5][0]$_DFFE_PP_/Q (sky130_fd_sc_hd__edfxtp_1)
   0.077    1.176 v _10298_/Y (sky130_fd_sc_hd__nand3_1)
   0.108    1.284 ^ _10299_/Y (sky130_fd_sc_hd__nand2_1)
   0.048    1.332 v _10300_/Y (sky130_fd_sc_hd__nand2_1)
   0.089    1.420 ^ _10301_/Y (sky130_fd_sc_hd__nand2_1)
   0.048    1.469 v _10302_/Y (sky130_fd_sc_hd__nand2_1)
   0.103    1.571 ^ _10303_/Y (sky130_fd_sc_hd__nand2_1)
   0.047    1.618 v _10304_/Y (sky130_fd_sc_hd__inv_1)
   0.087    1.705 ^ _10305_/Y (sky130_fd_sc_hd__nand2_1)
   0.087    1.793 v _10306_/Y (sky130_fd_sc_hd__nand2_1)
   0.355    2.148 ^ _12759_/Y (sky130_fd_sc_hd__nand2_1)
   0.279    2.427 ^ place713/X (sky130_fd_sc_hd__buf_4)
   0.063    2.490 v _15032_/Y (sky130_fd_sc_hd__nand2_1)
   0.093    2.583 ^ _15033_/Y (sky130_fd_sc_hd__o21ai_0)
   0.231    2.813 ^ _15388_/COUT (sky130_fd_sc_hd__ha_1)
   0.179    2.992 v _14262_/Y (sky130_fd_sc_hd__a31oi_1)
   0.495    3.487 ^ _14264_/Y (sky130_fd_sc_hd__o21ai_0)
   0.260    3.747 v _14268_/Y (sky130_fd_sc_hd__a21boi_0)
   0.403    4.150 ^ _14270_/Y (sky130_fd_sc_hd__o21ai_0)
   0.186    4.337 v _14277_/Y (sky130_fd_sc_hd__a21oi_1)
   0.445    4.782 ^ _14279_/Y (sky130_fd_sc_hd__o21ai_0)
   0.170    4.952 v _14284_/Y (sky130_fd_sc_hd__a21oi_1)
   0.414    5.366 ^ _14290_/Y (sky130_fd_sc_hd__o21ai_0)
   0.200    5.566 ^ _14392_/Y (sky130_fd_sc_hd__xnor2_1)
   0.098    5.663 v _14633_/Y (sky130_fd_sc_hd__nand3_1)
   0.110    5.774 ^ _14634_/Y (sky130_fd_sc_hd__nand3_1)
   0.666    6.440 v _14641_/Y (sky130_fd_sc_hd__nand2_1)
   0.030    6.470 v dp.rf.rf[27][21]$_DFFE_PP_/D (sky130_fd_sc_hd__edfxtp_1)
            6.470   data arrival time

   7.000    7.000   clock clk (rise edge)
   0.775    7.775   clock network delay (ideal)
   0.000    7.775   clock reconvergence pessimism
            7.775 ^ dp.rf.rf[27][21]$_DFFE_PP_/CLK (sky130_fd_sc_hd__edfxtp_1)
  -0.549    7.226   library setup time
            7.226   data required time
-----------------------------------------------------------
            7.226   data required time
           -6.470   data arrival time
-----------------------------------------------------------
            0.756   slack (MET)


Startpoint: dp.rf.rf[5][0]$_DFFE_PP_
            (rising edge-triggered flip-flop clocked by clk)
Endpoint: dp.rf.rf[25][21]$_DFFE_PP_
          (rising edge-triggered flip-flop clocked by clk)
Path Group: clk
Path Type: max

   Delay     Time   Description
-----------------------------------------------------------
   0.000    0.000   clock clk (rise edge)
   0.775    0.775   clock network delay (ideal)
   0.000    0.775 ^ dp.rf.rf[5][0]$_DFFE_PP_/CLK (sky130_fd_sc_hd__edfxtp_1)
   0.323    1.098 ^ dp.rf.rf[5][0]$_DFFE_PP_/Q (sky130_fd_sc_hd__edfxtp_1)
   0.077    1.176 v _10298_/Y (sky130_fd_sc_hd__nand3_1)
   0.108    1.284 ^ _10299_/Y (sky130_fd_sc_hd__nand2_1)
   0.048    1.332 v _10300_/Y (sky130_fd_sc_hd__nand2_1)
   0.089    1.420 ^ _10301_/Y (sky130_fd_sc_hd__nand2_1)
   0.048    1.469 v _10302_/Y (sky130_fd_sc_hd__nand2_1)
   0.103    1.571 ^ _10303_/Y (sky130_fd_sc_hd__nand2_1)
   0.047    1.618 v _10304_/Y (sky130_fd_sc_hd__inv_1)
   0.087    1.705 ^ _10305_/Y (sky130_fd_sc_hd__nand2_1)
   0.087    1.793 v _10306_/Y (sky130_fd_sc_hd__nand2_1)
   0.355    2.148 ^ _12759_/Y (sky130_fd_sc_hd__nand2_1)
   0.279    2.427 ^ place713/X (sky130_fd_sc_hd__buf_4)
   0.063    2.490 v _15032_/Y (sky130_fd_sc_hd__nand2_1)
   0.093    2.583 ^ _15033_/Y (sky130_fd_sc_hd__o21ai_0)
   0.231    2.813 ^ _15388_/COUT (sky130_fd_sc_hd__ha_1)
   0.179    2.992 v _14262_/Y (sky130_fd_sc_hd__a31oi_1)
   0.495    3.487 ^ _14264_/Y (sky130_fd_sc_hd__o21ai_0)
   0.260    3.747 v _14268_/Y (sky130_fd_sc_hd__a21boi_0)
   0.403    4.150 ^ _14270_/Y (sky130_fd_sc_hd__o21ai_0)
   0.186    4.337 v _14277_/Y (sky130_fd_sc_hd__a21oi_1)
   0.445    4.782 ^ _14279_/Y (sky130_fd_sc_hd__o21ai_0)
   0.170    4.952 v _14284_/Y (sky130_fd_sc_hd__a21oi_1)
   0.414    5.366 ^ _14290_/Y (sky130_fd_sc_hd__o21ai_0)
   0.200    5.566 ^ _14392_/Y (sky130_fd_sc_hd__xnor2_1)
   0.098    5.663 v _14633_/Y (sky130_fd_sc_hd__nand3_1)
   0.110    5.774 ^ _14634_/Y (sky130_fd_sc_hd__nand3_1)
   0.666    6.440 v _14641_/Y (sky130_fd_sc_hd__nand2_1)
   0.030    6.470 v dp.rf.rf[25][21]$_DFFE_PP_/D (sky130_fd_sc_hd__edfxtp_1)
            6.470   data arrival time

   7.000    7.000   clock clk (rise edge)
   0.775    7.775   clock network delay (ideal)
   0.000    7.775   clock reconvergence pessimism
            7.775 ^ dp.rf.rf[25][21]$_DFFE_PP_/CLK (sky130_fd_sc_hd__edfxtp_1)
  -0.549    7.226   library setup time
            7.226   data required time
-----------------------------------------------------------
            7.226   data required time
           -6.470   data arrival time
-----------------------------------------------------------
            0.756   slack (MET)


Startpoint: dp.rf.rf[5][0]$_DFFE_PP_
            (rising edge-triggered flip-flop clocked by clk)
Endpoint: dp.rf.rf[26][21]$_DFFE_PP_
          (rising edge-triggered flip-flop clocked by clk)
Path Group: clk
Path Type: max

   Delay     Time   Description
-----------------------------------------------------------
   0.000    0.000   clock clk (rise edge)
   0.775    0.775   clock network delay (ideal)
   0.000    0.775 ^ dp.rf.rf[5][0]$_DFFE_PP_/CLK (sky130_fd_sc_hd__edfxtp_1)
   0.323    1.098 ^ dp.rf.rf[5][0]$_DFFE_PP_/Q (sky130_fd_sc_hd__edfxtp_1)
   0.077    1.176 v _10298_/Y (sky130_fd_sc_hd__nand3_1)
   0.108    1.284 ^ _10299_/Y (sky130_fd_sc_hd__nand2_1)
   0.048    1.332 v _10300_/Y (sky130_fd_sc_hd__nand2_1)
   0.089    1.420 ^ _10301_/Y (sky130_fd_sc_hd__nand2_1)
   0.048    1.469 v _10302_/Y (sky130_fd_sc_hd__nand2_1)
   0.103    1.571 ^ _10303_/Y (sky130_fd_sc_hd__nand2_1)
   0.047    1.618 v _10304_/Y (sky130_fd_sc_hd__inv_1)
   0.087    1.705 ^ _10305_/Y (sky130_fd_sc_hd__nand2_1)
   0.087    1.793 v _10306_/Y (sky130_fd_sc_hd__nand2_1)
   0.355    2.148 ^ _12759_/Y (sky130_fd_sc_hd__nand2_1)
   0.279    2.427 ^ place713/X (sky130_fd_sc_hd__buf_4)
   0.063    2.490 v _15032_/Y (sky130_fd_sc_hd__nand2_1)
   0.093    2.583 ^ _15033_/Y (sky130_fd_sc_hd__o21ai_0)
   0.231    2.813 ^ _15388_/COUT (sky130_fd_sc_hd__ha_1)
   0.179    2.992 v _14262_/Y (sky130_fd_sc_hd__a31oi_1)
   0.495    3.487 ^ _14264_/Y (sky130_fd_sc_hd__o21ai_0)
   0.260    3.747 v _14268_/Y (sky130_fd_sc_hd__a21boi_0)
   0.403    4.150 ^ _14270_/Y (sky130_fd_sc_hd__o21ai_0)
   0.186    4.337 v _14277_/Y (sky130_fd_sc_hd__a21oi_1)
   0.445    4.782 ^ _14279_/Y (sky130_fd_sc_hd__o21ai_0)
   0.170    4.952 v _14284_/Y (sky130_fd_sc_hd__a21oi_1)
   0.414    5.366 ^ _14290_/Y (sky130_fd_sc_hd__o21ai_0)
   0.200    5.566 ^ _14392_/Y (sky130_fd_sc_hd__xnor2_1)
   0.098    5.663 v _14633_/Y (sky130_fd_sc_hd__nand3_1)
   0.110    5.774 ^ _14634_/Y (sky130_fd_sc_hd__nand3_1)
   0.666    6.440 v _14641_/Y (sky130_fd_sc_hd__nand2_1)
   0.029    6.469 v dp.rf.rf[26][21]$_DFFE_PP_/D (sky130_fd_sc_hd__edfxtp_1)
            6.469   data arrival time

   7.000    7.000   clock clk (rise edge)
   0.775    7.775   clock network delay (ideal)
   0.000    7.775   clock reconvergence pessimism
            7.775 ^ dp.rf.rf[26][21]$_DFFE_PP_/CLK (sky130_fd_sc_hd__edfxtp_1)
  -0.549    7.226   library setup time
            7.226   data required time
-----------------------------------------------------------
            7.226   data required time
           -6.469   data arrival time
-----------------------------------------------------------
            0.756   slack (MET)


Startpoint: dp.rf.rf[5][0]$_DFFE_PP_
            (rising edge-triggered flip-flop clocked by clk)
Endpoint: dp.rf.rf[29][21]$_DFFE_PP_
          (rising edge-triggered flip-flop clocked by clk)
Path Group: clk
Path Type: max

   Delay     Time   Description
-----------------------------------------------------------
   0.000    0.000   clock clk (rise edge)
   0.775    0.775   clock network delay (ideal)
   0.000    0.775 ^ dp.rf.rf[5][0]$_DFFE_PP_/CLK (sky130_fd_sc_hd__edfxtp_1)
   0.323    1.098 ^ dp.rf.rf[5][0]$_DFFE_PP_/Q (sky130_fd_sc_hd__edfxtp_1)
   0.077    1.176 v _10298_/Y (sky130_fd_sc_hd__nand3_1)
   0.108    1.284 ^ _10299_/Y (sky130_fd_sc_hd__nand2_1)
   0.048    1.332 v _10300_/Y (sky130_fd_sc_hd__nand2_1)
   0.089    1.420 ^ _10301_/Y (sky130_fd_sc_hd__nand2_1)
   0.048    1.469 v _10302_/Y (sky130_fd_sc_hd__nand2_1)
   0.103    1.571 ^ _10303_/Y (sky130_fd_sc_hd__nand2_1)
   0.047    1.618 v _10304_/Y (sky130_fd_sc_hd__inv_1)
   0.087    1.705 ^ _10305_/Y (sky130_fd_sc_hd__nand2_1)
   0.087    1.793 v _10306_/Y (sky130_fd_sc_hd__nand2_1)
   0.355    2.148 ^ _12759_/Y (sky130_fd_sc_hd__nand2_1)
   0.279    2.427 ^ place713/X (sky130_fd_sc_hd__buf_4)
   0.063    2.490 v _15032_/Y (sky130_fd_sc_hd__nand2_1)
   0.093    2.583 ^ _15033_/Y (sky130_fd_sc_hd__o21ai_0)
   0.231    2.813 ^ _15388_/COUT (sky130_fd_sc_hd__ha_1)
   0.179    2.992 v _14262_/Y (sky130_fd_sc_hd__a31oi_1)
   0.495    3.487 ^ _14264_/Y (sky130_fd_sc_hd__o21ai_0)
   0.260    3.747 v _14268_/Y (sky130_fd_sc_hd__a21boi_0)
   0.403    4.150 ^ _14270_/Y (sky130_fd_sc_hd__o21ai_0)
   0.186    4.337 v _14277_/Y (sky130_fd_sc_hd__a21oi_1)
   0.445    4.782 ^ _14279_/Y (sky130_fd_sc_hd__o21ai_0)
   0.170    4.952 v _14284_/Y (sky130_fd_sc_hd__a21oi_1)
   0.414    5.366 ^ _14290_/Y (sky130_fd_sc_hd__o21ai_0)
   0.200    5.566 ^ _14392_/Y (sky130_fd_sc_hd__xnor2_1)
   0.098    5.663 v _14633_/Y (sky130_fd_sc_hd__nand3_1)
   0.110    5.774 ^ _14634_/Y (sky130_fd_sc_hd__nand3_1)
   0.666    6.440 v _14641_/Y (sky130_fd_sc_hd__nand2_1)
   0.029    6.469 v dp.rf.rf[29][21]$_DFFE_PP_/D (sky130_fd_sc_hd__edfxtp_1)
            6.469   data arrival time

   7.000    7.000   clock clk (rise edge)
   0.775    7.775   clock network delay (ideal)
   0.000    7.775   clock reconvergence pessimism
            7.775 ^ dp.rf.rf[29][21]$_DFFE_PP_/CLK (sky130_fd_sc_hd__edfxtp_1)
  -0.549    7.226   library setup time
            7.226   data required time
-----------------------------------------------------------
            7.226   data required time
           -6.469   data arrival time
-----------------------------------------------------------
            0.756   slack (MET)


Startpoint: dp.rf.rf[5][0]$_DFFE_PP_
            (rising edge-triggered flip-flop clocked by clk)
Endpoint: dp.rf.rf[28][21]$_DFFE_PP_
          (rising edge-triggered flip-flop clocked by clk)
Path Group: clk
Path Type: max

   Delay     Time   Description
-----------------------------------------------------------
   0.000    0.000   clock clk (rise edge)
   0.775    0.775   clock network delay (ideal)
   0.000    0.775 ^ dp.rf.rf[5][0]$_DFFE_PP_/CLK (sky130_fd_sc_hd__edfxtp_1)
   0.323    1.098 ^ dp.rf.rf[5][0]$_DFFE_PP_/Q (sky130_fd_sc_hd__edfxtp_1)
   0.077    1.176 v _10298_/Y (sky130_fd_sc_hd__nand3_1)
   0.108    1.284 ^ _10299_/Y (sky130_fd_sc_hd__nand2_1)
   0.048    1.332 v _10300_/Y (sky130_fd_sc_hd__nand2_1)
   0.089    1.420 ^ _10301_/Y (sky130_fd_sc_hd__nand2_1)
   0.048    1.469 v _10302_/Y (sky130_fd_sc_hd__nand2_1)
   0.103    1.571 ^ _10303_/Y (sky130_fd_sc_hd__nand2_1)
   0.047    1.618 v _10304_/Y (sky130_fd_sc_hd__inv_1)
   0.087    1.705 ^ _10305_/Y (sky130_fd_sc_hd__nand2_1)
   0.087    1.793 v _10306_/Y (sky130_fd_sc_hd__nand2_1)
   0.355    2.148 ^ _12759_/Y (sky130_fd_sc_hd__nand2_1)
   0.279    2.427 ^ place713/X (sky130_fd_sc_hd__buf_4)
   0.063    2.490 v _15032_/Y (sky130_fd_sc_hd__nand2_1)
   0.093    2.583 ^ _15033_/Y (sky130_fd_sc_hd__o21ai_0)
   0.231    2.813 ^ _15388_/COUT (sky130_fd_sc_hd__ha_1)
   0.179    2.992 v _14262_/Y (sky130_fd_sc_hd__a31oi_1)
   0.495    3.487 ^ _14264_/Y (sky130_fd_sc_hd__o21ai_0)
   0.260    3.747 v _14268_/Y (sky130_fd_sc_hd__a21boi_0)
   0.403    4.150 ^ _14270_/Y (sky130_fd_sc_hd__o21ai_0)
   0.186    4.337 v _14277_/Y (sky130_fd_sc_hd__a21oi_1)
   0.445    4.782 ^ _14279_/Y (sky130_fd_sc_hd__o21ai_0)
   0.170    4.952 v _14284_/Y (sky130_fd_sc_hd__a21oi_1)
   0.414    5.366 ^ _14290_/Y (sky130_fd_sc_hd__o21ai_0)
   0.200    5.566 ^ _14392_/Y (sky130_fd_sc_hd__xnor2_1)
   0.098    5.663 v _14633_/Y (sky130_fd_sc_hd__nand3_1)
   0.110    5.774 ^ _14634_/Y (sky130_fd_sc_hd__nand3_1)
   0.666    6.440 v _14641_/Y (sky130_fd_sc_hd__nand2_1)
   0.029    6.469 v dp.rf.rf[28][21]$_DFFE_PP_/D (sky130_fd_sc_hd__edfxtp_1)
            6.469   data arrival time

   7.000    7.000   clock clk (rise edge)
   0.775    7.775   clock network delay (ideal)
   0.000    7.775   clock reconvergence pessimism
            7.775 ^ dp.rf.rf[28][21]$_DFFE_PP_/CLK (sky130_fd_sc_hd__edfxtp_1)
  -0.549    7.226   library setup time
            7.226   data required time
-----------------------------------------------------------
            7.226   data required time
           -6.469   data arrival time
-----------------------------------------------------------
            0.756   slack (MET)


Startpoint: dp.rf.rf[5][0]$_DFFE_PP_
            (rising edge-triggered flip-flop clocked by clk)
Endpoint: dp.rf.rf[31][21]$_DFFE_PP_
          (rising edge-triggered flip-flop clocked by clk)
Path Group: clk
Path Type: max

   Delay     Time   Description
-----------------------------------------------------------
   0.000    0.000   clock clk (rise edge)
   0.775    0.775   clock network delay (ideal)
   0.000    0.775 ^ dp.rf.rf[5][0]$_DFFE_PP_/CLK (sky130_fd_sc_hd__edfxtp_1)
   0.323    1.098 ^ dp.rf.rf[5][0]$_DFFE_PP_/Q (sky130_fd_sc_hd__edfxtp_1)
   0.077    1.176 v _10298_/Y (sky130_fd_sc_hd__nand3_1)
   0.108    1.284 ^ _10299_/Y (sky130_fd_sc_hd__nand2_1)
   0.048    1.332 v _10300_/Y (sky130_fd_sc_hd__nand2_1)
   0.089    1.420 ^ _10301_/Y (sky130_fd_sc_hd__nand2_1)
   0.048    1.469 v _10302_/Y (sky130_fd_sc_hd__nand2_1)
   0.103    1.571 ^ _10303_/Y (sky130_fd_sc_hd__nand2_1)
   0.047    1.618 v _10304_/Y (sky130_fd_sc_hd__inv_1)
   0.087    1.705 ^ _10305_/Y (sky130_fd_sc_hd__nand2_1)
   0.087    1.793 v _10306_/Y (sky130_fd_sc_hd__nand2_1)
   0.355    2.148 ^ _12759_/Y (sky130_fd_sc_hd__nand2_1)
   0.279    2.427 ^ place713/X (sky130_fd_sc_hd__buf_4)
   0.063    2.490 v _15032_/Y (sky130_fd_sc_hd__nand2_1)
   0.093    2.583 ^ _15033_/Y (sky130_fd_sc_hd__o21ai_0)
   0.231    2.813 ^ _15388_/COUT (sky130_fd_sc_hd__ha_1)
   0.179    2.992 v _14262_/Y (sky130_fd_sc_hd__a31oi_1)
   0.495    3.487 ^ _14264_/Y (sky130_fd_sc_hd__o21ai_0)
   0.260    3.747 v _14268_/Y (sky130_fd_sc_hd__a21boi_0)
   0.403    4.150 ^ _14270_/Y (sky130_fd_sc_hd__o21ai_0)
   0.186    4.337 v _14277_/Y (sky130_fd_sc_hd__a21oi_1)
   0.445    4.782 ^ _14279_/Y (sky130_fd_sc_hd__o21ai_0)
   0.170    4.952 v _14284_/Y (sky130_fd_sc_hd__a21oi_1)
   0.414    5.366 ^ _14290_/Y (sky130_fd_sc_hd__o21ai_0)
   0.200    5.566 ^ _14392_/Y (sky130_fd_sc_hd__xnor2_1)
   0.098    5.663 v _14633_/Y (sky130_fd_sc_hd__nand3_1)
   0.110    5.774 ^ _14634_/Y (sky130_fd_sc_hd__nand3_1)
   0.666    6.440 v _14641_/Y (sky130_fd_sc_hd__nand2_1)
   0.029    6.469 v dp.rf.rf[31][21]$_DFFE_PP_/D (sky130_fd_sc_hd__edfxtp_1)
            6.469   data arrival time

   7.000    7.000   clock clk (rise edge)
   0.775    7.775   clock network delay (ideal)
   0.000    7.775   clock reconvergence pessimism
            7.775 ^ dp.rf.rf[31][21]$_DFFE_PP_/CLK (sky130_fd_sc_hd__edfxtp_1)
  -0.549    7.226   library setup time
            7.226   data required time
-----------------------------------------------------------
            7.226   data required time
           -6.469   data arrival time
-----------------------------------------------------------
            0.756   slack (MET)


Startpoint: dp.rf.rf[5][0]$_DFFE_PP_
            (rising edge-triggered flip-flop clocked by clk)
Endpoint: dp.rf.rf[30][21]$_DFFE_PP_
          (rising edge-triggered flip-flop clocked by clk)
Path Group: clk
Path Type: max

   Delay     Time   Description
-----------------------------------------------------------
   0.000    0.000   clock clk (rise edge)
   0.775    0.775   clock network delay (ideal)
   0.000    0.775 ^ dp.rf.rf[5][0]$_DFFE_PP_/CLK (sky130_fd_sc_hd__edfxtp_1)
   0.323    1.098 ^ dp.rf.rf[5][0]$_DFFE_PP_/Q (sky130_fd_sc_hd__edfxtp_1)
   0.077    1.176 v _10298_/Y (sky130_fd_sc_hd__nand3_1)
   0.108    1.284 ^ _10299_/Y (sky130_fd_sc_hd__nand2_1)
   0.048    1.332 v _10300_/Y (sky130_fd_sc_hd__nand2_1)
   0.089    1.420 ^ _10301_/Y (sky130_fd_sc_hd__nand2_1)
   0.048    1.469 v _10302_/Y (sky130_fd_sc_hd__nand2_1)
   0.103    1.571 ^ _10303_/Y (sky130_fd_sc_hd__nand2_1)
   0.047    1.618 v _10304_/Y (sky130_fd_sc_hd__inv_1)
   0.087    1.705 ^ _10305_/Y (sky130_fd_sc_hd__nand2_1)
   0.087    1.793 v _10306_/Y (sky130_fd_sc_hd__nand2_1)
   0.355    2.148 ^ _12759_/Y (sky130_fd_sc_hd__nand2_1)
   0.279    2.427 ^ place713/X (sky130_fd_sc_hd__buf_4)
   0.063    2.490 v _15032_/Y (sky130_fd_sc_hd__nand2_1)
   0.093    2.583 ^ _15033_/Y (sky130_fd_sc_hd__o21ai_0)
   0.231    2.813 ^ _15388_/COUT (sky130_fd_sc_hd__ha_1)
   0.179    2.992 v _14262_/Y (sky130_fd_sc_hd__a31oi_1)
   0.495    3.487 ^ _14264_/Y (sky130_fd_sc_hd__o21ai_0)
   0.260    3.747 v _14268_/Y (sky130_fd_sc_hd__a21boi_0)
   0.403    4.150 ^ _14270_/Y (sky130_fd_sc_hd__o21ai_0)
   0.186    4.337 v _14277_/Y (sky130_fd_sc_hd__a21oi_1)
   0.445    4.782 ^ _14279_/Y (sky130_fd_sc_hd__o21ai_0)
   0.170    4.952 v _14284_/Y (sky130_fd_sc_hd__a21oi_1)
   0.414    5.366 ^ _14290_/Y (sky130_fd_sc_hd__o21ai_0)
   0.200    5.566 ^ _14392_/Y (sky130_fd_sc_hd__xnor2_1)
   0.098    5.663 v _14633_/Y (sky130_fd_sc_hd__nand3_1)
   0.110    5.774 ^ _14634_/Y (sky130_fd_sc_hd__nand3_1)
   0.666    6.440 v _14641_/Y (sky130_fd_sc_hd__nand2_1)
   0.029    6.469 v dp.rf.rf[30][21]$_DFFE_PP_/D (sky130_fd_sc_hd__edfxtp_1)
            6.469   data arrival time

   7.000    7.000   clock clk (rise edge)
   0.775    7.775   clock network delay (ideal)
   0.000    7.775   clock reconvergence pessimism
            7.775 ^ dp.rf.rf[30][21]$_DFFE_PP_/CLK (sky130_fd_sc_hd__edfxtp_1)
  -0.549    7.226   library setup time
            7.226   data required time
-----------------------------------------------------------
            7.226   data required time
           -6.469   data arrival time
-----------------------------------------------------------
            0.757   slack (MET)


Startpoint: dp.rf.rf[5][0]$_DFFE_PP_
            (rising edge-triggered flip-flop clocked by clk)
Endpoint: dp.rf.rf[16][21]$_DFFE_PP_
          (rising edge-triggered flip-flop clocked by clk)
Path Group: clk
Path Type: max

   Delay     Time   Description
-----------------------------------------------------------
   0.000    0.000   clock clk (rise edge)
   0.775    0.775   clock network delay (ideal)
   0.000    0.775 ^ dp.rf.rf[5][0]$_DFFE_PP_/CLK (sky130_fd_sc_hd__edfxtp_1)
   0.323    1.098 ^ dp.rf.rf[5][0]$_DFFE_PP_/Q (sky130_fd_sc_hd__edfxtp_1)
   0.077    1.176 v _10298_/Y (sky130_fd_sc_hd__nand3_1)
   0.108    1.284 ^ _10299_/Y (sky130_fd_sc_hd__nand2_1)
   0.048    1.332 v _10300_/Y (sky130_fd_sc_hd__nand2_1)
   0.089    1.420 ^ _10301_/Y (sky130_fd_sc_hd__nand2_1)
   0.048    1.469 v _10302_/Y (sky130_fd_sc_hd__nand2_1)
   0.103    1.571 ^ _10303_/Y (sky130_fd_sc_hd__nand2_1)
   0.047    1.618 v _10304_/Y (sky130_fd_sc_hd__inv_1)
   0.087    1.705 ^ _10305_/Y (sky130_fd_sc_hd__nand2_1)
   0.087    1.793 v _10306_/Y (sky130_fd_sc_hd__nand2_1)
   0.355    2.148 ^ _12759_/Y (sky130_fd_sc_hd__nand2_1)
   0.279    2.427 ^ place713/X (sky130_fd_sc_hd__buf_4)
   0.063    2.490 v _15032_/Y (sky130_fd_sc_hd__nand2_1)
   0.093    2.583 ^ _15033_/Y (sky130_fd_sc_hd__o21ai_0)
   0.231    2.813 ^ _15388_/COUT (sky130_fd_sc_hd__ha_1)
   0.179    2.992 v _14262_/Y (sky130_fd_sc_hd__a31oi_1)
   0.495    3.487 ^ _14264_/Y (sky130_fd_sc_hd__o21ai_0)
   0.260    3.747 v _14268_/Y (sky130_fd_sc_hd__a21boi_0)
   0.403    4.150 ^ _14270_/Y (sky130_fd_sc_hd__o21ai_0)
   0.186    4.337 v _14277_/Y (sky130_fd_sc_hd__a21oi_1)
   0.445    4.782 ^ _14279_/Y (sky130_fd_sc_hd__o21ai_0)
   0.170    4.952 v _14284_/Y (sky130_fd_sc_hd__a21oi_1)
   0.414    5.366 ^ _14290_/Y (sky130_fd_sc_hd__o21ai_0)
   0.200    5.566 ^ _14392_/Y (sky130_fd_sc_hd__xnor2_1)
   0.098    5.663 v _14633_/Y (sky130_fd_sc_hd__nand3_1)
   0.110    5.774 ^ _14634_/Y (sky130_fd_sc_hd__nand3_1)
   0.666    6.440 v _14641_/Y (sky130_fd_sc_hd__nand2_1)
   0.029    6.469 v dp.rf.rf[16][21]$_DFFE_PP_/D (sky130_fd_sc_hd__edfxtp_1)
            6.469   data arrival time

   7.000    7.000   clock clk (rise edge)
   0.775    7.775   clock network delay (ideal)
   0.000    7.775   clock reconvergence pessimism
            7.775 ^ dp.rf.rf[16][21]$_DFFE_PP_/CLK (sky130_fd_sc_hd__edfxtp_1)
  -0.549    7.226   library setup time
            7.226   data required time
-----------------------------------------------------------
            7.226   data required time
           -6.469   data arrival time
-----------------------------------------------------------
            0.757   slack (MET)


Startpoint: dp.rf.rf[5][0]$_DFFE_PP_
            (rising edge-triggered flip-flop clocked by clk)
Endpoint: dp.rf.rf[17][21]$_DFFE_PP_
          (rising edge-triggered flip-flop clocked by clk)
Path Group: clk
Path Type: max

   Delay     Time   Description
-----------------------------------------------------------
   0.000    0.000   clock clk (rise edge)
   0.775    0.775   clock network delay (ideal)
   0.000    0.775 ^ dp.rf.rf[5][0]$_DFFE_PP_/CLK (sky130_fd_sc_hd__edfxtp_1)
   0.323    1.098 ^ dp.rf.rf[5][0]$_DFFE_PP_/Q (sky130_fd_sc_hd__edfxtp_1)
   0.077    1.176 v _10298_/Y (sky130_fd_sc_hd__nand3_1)
   0.108    1.284 ^ _10299_/Y (sky130_fd_sc_hd__nand2_1)
   0.048    1.332 v _10300_/Y (sky130_fd_sc_hd__nand2_1)
   0.089    1.420 ^ _10301_/Y (sky130_fd_sc_hd__nand2_1)
   0.048    1.469 v _10302_/Y (sky130_fd_sc_hd__nand2_1)
   0.103    1.571 ^ _10303_/Y (sky130_fd_sc_hd__nand2_1)
   0.047    1.618 v _10304_/Y (sky130_fd_sc_hd__inv_1)
   0.087    1.705 ^ _10305_/Y (sky130_fd_sc_hd__nand2_1)
   0.087    1.793 v _10306_/Y (sky130_fd_sc_hd__nand2_1)
   0.355    2.148 ^ _12759_/Y (sky130_fd_sc_hd__nand2_1)
   0.279    2.427 ^ place713/X (sky130_fd_sc_hd__buf_4)
   0.063    2.490 v _15032_/Y (sky130_fd_sc_hd__nand2_1)
   0.093    2.583 ^ _15033_/Y (sky130_fd_sc_hd__o21ai_0)
   0.231    2.813 ^ _15388_/COUT (sky130_fd_sc_hd__ha_1)
   0.179    2.992 v _14262_/Y (sky130_fd_sc_hd__a31oi_1)
   0.495    3.487 ^ _14264_/Y (sky130_fd_sc_hd__o21ai_0)
   0.260    3.747 v _14268_/Y (sky130_fd_sc_hd__a21boi_0)
   0.403    4.150 ^ _14270_/Y (sky130_fd_sc_hd__o21ai_0)
   0.186    4.337 v _14277_/Y (sky130_fd_sc_hd__a21oi_1)
   0.445    4.782 ^ _14279_/Y (sky130_fd_sc_hd__o21ai_0)
   0.170    4.952 v _14284_/Y (sky130_fd_sc_hd__a21oi_1)
   0.414    5.366 ^ _14290_/Y (sky130_fd_sc_hd__o21ai_0)
   0.200    5.566 ^ _14392_/Y (sky130_fd_sc_hd__xnor2_1)
   0.098    5.663 v _14633_/Y (sky130_fd_sc_hd__nand3_1)
   0.110    5.774 ^ _14634_/Y (sky130_fd_sc_hd__nand3_1)
   0.666    6.440 v _14641_/Y (sky130_fd_sc_hd__nand2_1)
   0.029    6.469 v dp.rf.rf[17][21]$_DFFE_PP_/D (sky130_fd_sc_hd__edfxtp_1)
            6.469   data arrival time

   7.000    7.000   clock clk (rise edge)
   0.775    7.775   clock network delay (ideal)
   0.000    7.775   clock reconvergence pessimism
            7.775 ^ dp.rf.rf[17][21]$_DFFE_PP_/CLK (sky130_fd_sc_hd__edfxtp_1)
  -0.549    7.226   library setup time
            7.226   data required time
-----------------------------------------------------------
            7.226   data required time
           -6.469   data arrival time
-----------------------------------------------------------
            0.757   slack (MET)


Startpoint: dp.rf.rf[5][0]$_DFFE_PP_
            (rising edge-triggered flip-flop clocked by clk)
Endpoint: dp.rf.rf[23][21]$_DFFE_PP_
          (rising edge-triggered flip-flop clocked by clk)
Path Group: clk
Path Type: max

   Delay     Time   Description
-----------------------------------------------------------
   0.000    0.000   clock clk (rise edge)
   0.775    0.775   clock network delay (ideal)
   0.000    0.775 ^ dp.rf.rf[5][0]$_DFFE_PP_/CLK (sky130_fd_sc_hd__edfxtp_1)
   0.323    1.098 ^ dp.rf.rf[5][0]$_DFFE_PP_/Q (sky130_fd_sc_hd__edfxtp_1)
   0.077    1.176 v _10298_/Y (sky130_fd_sc_hd__nand3_1)
   0.108    1.284 ^ _10299_/Y (sky130_fd_sc_hd__nand2_1)
   0.048    1.332 v _10300_/Y (sky130_fd_sc_hd__nand2_1)
   0.089    1.420 ^ _10301_/Y (sky130_fd_sc_hd__nand2_1)
   0.048    1.469 v _10302_/Y (sky130_fd_sc_hd__nand2_1)
   0.103    1.571 ^ _10303_/Y (sky130_fd_sc_hd__nand2_1)
   0.047    1.618 v _10304_/Y (sky130_fd_sc_hd__inv_1)
   0.087    1.705 ^ _10305_/Y (sky130_fd_sc_hd__nand2_1)
   0.087    1.793 v _10306_/Y (sky130_fd_sc_hd__nand2_1)
   0.355    2.148 ^ _12759_/Y (sky130_fd_sc_hd__nand2_1)
   0.279    2.427 ^ place713/X (sky130_fd_sc_hd__buf_4)
   0.063    2.490 v _15032_/Y (sky130_fd_sc_hd__nand2_1)
   0.093    2.583 ^ _15033_/Y (sky130_fd_sc_hd__o21ai_0)
   0.231    2.813 ^ _15388_/COUT (sky130_fd_sc_hd__ha_1)
   0.179    2.992 v _14262_/Y (sky130_fd_sc_hd__a31oi_1)
   0.495    3.487 ^ _14264_/Y (sky130_fd_sc_hd__o21ai_0)
   0.260    3.747 v _14268_/Y (sky130_fd_sc_hd__a21boi_0)
   0.403    4.150 ^ _14270_/Y (sky130_fd_sc_hd__o21ai_0)
   0.186    4.337 v _14277_/Y (sky130_fd_sc_hd__a21oi_1)
   0.445    4.782 ^ _14279_/Y (sky130_fd_sc_hd__o21ai_0)
   0.170    4.952 v _14284_/Y (sky130_fd_sc_hd__a21oi_1)
   0.414    5.366 ^ _14290_/Y (sky130_fd_sc_hd__o21ai_0)
   0.200    5.566 ^ _14392_/Y (sky130_fd_sc_hd__xnor2_1)
   0.098    5.663 v _14633_/Y (sky130_fd_sc_hd__nand3_1)
   0.110    5.774 ^ _14634_/Y (sky130_fd_sc_hd__nand3_1)
   0.666    6.440 v _14641_/Y (sky130_fd_sc_hd__nand2_1)
   0.029    6.469 v dp.rf.rf[23][21]$_DFFE_PP_/D (sky130_fd_sc_hd__edfxtp_1)
            6.469   data arrival time

   7.000    7.000   clock clk (rise edge)
   0.775    7.775   clock network delay (ideal)
   0.000    7.775   clock reconvergence pessimism
            7.775 ^ dp.rf.rf[23][21]$_DFFE_PP_/CLK (sky130_fd_sc_hd__edfxtp_1)
  -0.549    7.226   library setup time
            7.226   data required time
-----------------------------------------------------------
            7.226   data required time
           -6.469   data arrival time
-----------------------------------------------------------
            0.757   slack (MET)


Startpoint: dp.rf.rf[5][0]$_DFFE_PP_
            (rising edge-triggered flip-flop clocked by clk)
Endpoint: dp.rf.rf[19][21]$_DFFE_PP_
          (rising edge-triggered flip-flop clocked by clk)
Path Group: clk
Path Type: max

   Delay     Time   Description
-----------------------------------------------------------
   0.000    0.000   clock clk (rise edge)
   0.775    0.775   clock network delay (ideal)
   0.000    0.775 ^ dp.rf.rf[5][0]$_DFFE_PP_/CLK (sky130_fd_sc_hd__edfxtp_1)
   0.323    1.098 ^ dp.rf.rf[5][0]$_DFFE_PP_/Q (sky130_fd_sc_hd__edfxtp_1)
   0.077    1.176 v _10298_/Y (sky130_fd_sc_hd__nand3_1)
   0.108    1.284 ^ _10299_/Y (sky130_fd_sc_hd__nand2_1)
   0.048    1.332 v _10300_/Y (sky130_fd_sc_hd__nand2_1)
   0.089    1.420 ^ _10301_/Y (sky130_fd_sc_hd__nand2_1)
   0.048    1.469 v _10302_/Y (sky130_fd_sc_hd__nand2_1)
   0.103    1.571 ^ _10303_/Y (sky130_fd_sc_hd__nand2_1)
   0.047    1.618 v _10304_/Y (sky130_fd_sc_hd__inv_1)
   0.087    1.705 ^ _10305_/Y (sky130_fd_sc_hd__nand2_1)
   0.087    1.793 v _10306_/Y (sky130_fd_sc_hd__nand2_1)
   0.355    2.148 ^ _12759_/Y (sky130_fd_sc_hd__nand2_1)
   0.279    2.427 ^ place713/X (sky130_fd_sc_hd__buf_4)
   0.063    2.490 v _15032_/Y (sky130_fd_sc_hd__nand2_1)
   0.093    2.583 ^ _15033_/Y (sky130_fd_sc_hd__o21ai_0)
   0.231    2.813 ^ _15388_/COUT (sky130_fd_sc_hd__ha_1)
   0.179    2.992 v _14262_/Y (sky130_fd_sc_hd__a31oi_1)
   0.495    3.487 ^ _14264_/Y (sky130_fd_sc_hd__o21ai_0)
   0.260    3.747 v _14268_/Y (sky130_fd_sc_hd__a21boi_0)
   0.403    4.150 ^ _14270_/Y (sky130_fd_sc_hd__o21ai_0)
   0.186    4.337 v _14277_/Y (sky130_fd_sc_hd__a21oi_1)
   0.445    4.782 ^ _14279_/Y (sky130_fd_sc_hd__o21ai_0)
   0.170    4.952 v _14284_/Y (sky130_fd_sc_hd__a21oi_1)
   0.414    5.366 ^ _14290_/Y (sky130_fd_sc_hd__o21ai_0)
   0.200    5.566 ^ _14392_/Y (sky130_fd_sc_hd__xnor2_1)
   0.098    5.663 v _14633_/Y (sky130_fd_sc_hd__nand3_1)
   0.110    5.774 ^ _14634_/Y (sky130_fd_sc_hd__nand3_1)
   0.666    6.440 v _14641_/Y (sky130_fd_sc_hd__nand2_1)
   0.029    6.469 v dp.rf.rf[19][21]$_DFFE_PP_/D (sky130_fd_sc_hd__edfxtp_1)
            6.469   data arrival time

   7.000    7.000   clock clk (rise edge)
   0.775    7.775   clock network delay (ideal)
   0.000    7.775   clock reconvergence pessimism
            7.775 ^ dp.rf.rf[19][21]$_DFFE_PP_/CLK (sky130_fd_sc_hd__edfxtp_1)
  -0.549    7.226   library setup time
            7.226   data required time
-----------------------------------------------------------
            7.226   data required time
           -6.469   data arrival time
-----------------------------------------------------------
            0.757   slack (MET)


Startpoint: dp.rf.rf[5][0]$_DFFE_PP_
            (rising edge-triggered flip-flop clocked by clk)
Endpoint: dp.rf.rf[18][21]$_DFFE_PP_
          (rising edge-triggered flip-flop clocked by clk)
Path Group: clk
Path Type: max

   Delay     Time   Description
-----------------------------------------------------------
   0.000    0.000   clock clk (rise edge)
   0.775    0.775   clock network delay (ideal)
   0.000    0.775 ^ dp.rf.rf[5][0]$_DFFE_PP_/CLK (sky130_fd_sc_hd__edfxtp_1)
   0.323    1.098 ^ dp.rf.rf[5][0]$_DFFE_PP_/Q (sky130_fd_sc_hd__edfxtp_1)
   0.077    1.176 v _10298_/Y (sky130_fd_sc_hd__nand3_1)
   0.108    1.284 ^ _10299_/Y (sky130_fd_sc_hd__nand2_1)
   0.048    1.332 v _10300_/Y (sky130_fd_sc_hd__nand2_1)
   0.089    1.420 ^ _10301_/Y (sky130_fd_sc_hd__nand2_1)
   0.048    1.469 v _10302_/Y (sky130_fd_sc_hd__nand2_1)
   0.103    1.571 ^ _10303_/Y (sky130_fd_sc_hd__nand2_1)
   0.047    1.618 v _10304_/Y (sky130_fd_sc_hd__inv_1)
   0.087    1.705 ^ _10305_/Y (sky130_fd_sc_hd__nand2_1)
   0.087    1.793 v _10306_/Y (sky130_fd_sc_hd__nand2_1)
   0.355    2.148 ^ _12759_/Y (sky130_fd_sc_hd__nand2_1)
   0.279    2.427 ^ place713/X (sky130_fd_sc_hd__buf_4)
   0.063    2.490 v _15032_/Y (sky130_fd_sc_hd__nand2_1)
   0.093    2.583 ^ _15033_/Y (sky130_fd_sc_hd__o21ai_0)
   0.231    2.813 ^ _15388_/COUT (sky130_fd_sc_hd__ha_1)
   0.179    2.992 v _14262_/Y (sky130_fd_sc_hd__a31oi_1)
   0.495    3.487 ^ _14264_/Y (sky130_fd_sc_hd__o21ai_0)
   0.260    3.747 v _14268_/Y (sky130_fd_sc_hd__a21boi_0)
   0.403    4.150 ^ _14270_/Y (sky130_fd_sc_hd__o21ai_0)
   0.186    4.337 v _14277_/Y (sky130_fd_sc_hd__a21oi_1)
   0.445    4.782 ^ _14279_/Y (sky130_fd_sc_hd__o21ai_0)
   0.170    4.952 v _14284_/Y (sky130_fd_sc_hd__a21oi_1)
   0.414    5.366 ^ _14290_/Y (sky130_fd_sc_hd__o21ai_0)
   0.200    5.566 ^ _14392_/Y (sky130_fd_sc_hd__xnor2_1)
   0.098    5.663 v _14633_/Y (sky130_fd_sc_hd__nand3_1)
   0.110    5.774 ^ _14634_/Y (sky130_fd_sc_hd__nand3_1)
   0.666    6.440 v _14641_/Y (sky130_fd_sc_hd__nand2_1)
   0.028    6.468 v dp.rf.rf[18][21]$_DFFE_PP_/D (sky130_fd_sc_hd__edfxtp_1)
            6.468   data arrival time

   7.000    7.000   clock clk (rise edge)
   0.775    7.775   clock network delay (ideal)
   0.000    7.775   clock reconvergence pessimism
            7.775 ^ dp.rf.rf[18][21]$_DFFE_PP_/CLK (sky130_fd_sc_hd__edfxtp_1)
  -0.549    7.226   library setup time
            7.226   data required time
-----------------------------------------------------------
            7.226   data required time
           -6.468   data arrival time
-----------------------------------------------------------
            0.758   slack (MET)


Startpoint: dp.rf.rf[5][0]$_DFFE_PP_
            (rising edge-triggered flip-flop clocked by clk)
Endpoint: dp.rf.rf[22][21]$_DFFE_PP_
          (rising edge-triggered flip-flop clocked by clk)
Path Group: clk
Path Type: max

   Delay     Time   Description
-----------------------------------------------------------
   0.000    0.000   clock clk (rise edge)
   0.775    0.775   clock network delay (ideal)
   0.000    0.775 ^ dp.rf.rf[5][0]$_DFFE_PP_/CLK (sky130_fd_sc_hd__edfxtp_1)
   0.323    1.098 ^ dp.rf.rf[5][0]$_DFFE_PP_/Q (sky130_fd_sc_hd__edfxtp_1)
   0.077    1.176 v _10298_/Y (sky130_fd_sc_hd__nand3_1)
   0.108    1.284 ^ _10299_/Y (sky130_fd_sc_hd__nand2_1)
   0.048    1.332 v _10300_/Y (sky130_fd_sc_hd__nand2_1)
   0.089    1.420 ^ _10301_/Y (sky130_fd_sc_hd__nand2_1)
   0.048    1.469 v _10302_/Y (sky130_fd_sc_hd__nand2_1)
   0.103    1.571 ^ _10303_/Y (sky130_fd_sc_hd__nand2_1)
   0.047    1.618 v _10304_/Y (sky130_fd_sc_hd__inv_1)
   0.087    1.705 ^ _10305_/Y (sky130_fd_sc_hd__nand2_1)
   0.087    1.793 v _10306_/Y (sky130_fd_sc_hd__nand2_1)
   0.355    2.148 ^ _12759_/Y (sky130_fd_sc_hd__nand2_1)
   0.279    2.427 ^ place713/X (sky130_fd_sc_hd__buf_4)
   0.063    2.490 v _15032_/Y (sky130_fd_sc_hd__nand2_1)
   0.093    2.583 ^ _15033_/Y (sky130_fd_sc_hd__o21ai_0)
   0.231    2.813 ^ _15388_/COUT (sky130_fd_sc_hd__ha_1)
   0.179    2.992 v _14262_/Y (sky130_fd_sc_hd__a31oi_1)
   0.495    3.487 ^ _14264_/Y (sky130_fd_sc_hd__o21ai_0)
   0.260    3.747 v _14268_/Y (sky130_fd_sc_hd__a21boi_0)
   0.403    4.150 ^ _14270_/Y (sky130_fd_sc_hd__o21ai_0)
   0.186    4.337 v _14277_/Y (sky130_fd_sc_hd__a21oi_1)
   0.445    4.782 ^ _14279_/Y (sky130_fd_sc_hd__o21ai_0)
   0.170    4.952 v _14284_/Y (sky130_fd_sc_hd__a21oi_1)
   0.414    5.366 ^ _14290_/Y (sky130_fd_sc_hd__o21ai_0)
   0.200    5.566 ^ _14392_/Y (sky130_fd_sc_hd__xnor2_1)
   0.098    5.663 v _14633_/Y (sky130_fd_sc_hd__nand3_1)
   0.110    5.774 ^ _14634_/Y (sky130_fd_sc_hd__nand3_1)
   0.666    6.440 v _14641_/Y (sky130_fd_sc_hd__nand2_1)
   0.028    6.468 v dp.rf.rf[22][21]$_DFFE_PP_/D (sky130_fd_sc_hd__edfxtp_1)
            6.468   data arrival time

   7.000    7.000   clock clk (rise edge)
   0.775    7.775   clock network delay (ideal)
   0.000    7.775   clock reconvergence pessimism
            7.775 ^ dp.rf.rf[22][21]$_DFFE_PP_/CLK (sky130_fd_sc_hd__edfxtp_1)
  -0.549    7.226   library setup time
            7.226   data required time
-----------------------------------------------------------
            7.226   data required time
           -6.468   data arrival time
-----------------------------------------------------------
            0.758   slack (MET)


Startpoint: dp.rf.rf[5][0]$_DFFE_PP_
            (rising edge-triggered flip-flop clocked by clk)
Endpoint: dp.rf.rf[20][21]$_DFFE_PP_
          (rising edge-triggered flip-flop clocked by clk)
Path Group: clk
Path Type: max

   Delay     Time   Description
-----------------------------------------------------------
   0.000    0.000   clock clk (rise edge)
   0.775    0.775   clock network delay (ideal)
   0.000    0.775 ^ dp.rf.rf[5][0]$_DFFE_PP_/CLK (sky130_fd_sc_hd__edfxtp_1)
   0.323    1.098 ^ dp.rf.rf[5][0]$_DFFE_PP_/Q (sky130_fd_sc_hd__edfxtp_1)
   0.077    1.176 v _10298_/Y (sky130_fd_sc_hd__nand3_1)
   0.108    1.284 ^ _10299_/Y (sky130_fd_sc_hd__nand2_1)
   0.048    1.332 v _10300_/Y (sky130_fd_sc_hd__nand2_1)
   0.089    1.420 ^ _10301_/Y (sky130_fd_sc_hd__nand2_1)
   0.048    1.469 v _10302_/Y (sky130_fd_sc_hd__nand2_1)
   0.103    1.571 ^ _10303_/Y (sky130_fd_sc_hd__nand2_1)
   0.047    1.618 v _10304_/Y (sky130_fd_sc_hd__inv_1)
   0.087    1.705 ^ _10305_/Y (sky130_fd_sc_hd__nand2_1)
   0.087    1.793 v _10306_/Y (sky130_fd_sc_hd__nand2_1)
   0.355    2.148 ^ _12759_/Y (sky130_fd_sc_hd__nand2_1)
   0.279    2.427 ^ place713/X (sky130_fd_sc_hd__buf_4)
   0.063    2.490 v _15032_/Y (sky130_fd_sc_hd__nand2_1)
   0.093    2.583 ^ _15033_/Y (sky130_fd_sc_hd__o21ai_0)
   0.231    2.813 ^ _15388_/COUT (sky130_fd_sc_hd__ha_1)
   0.179    2.992 v _14262_/Y (sky130_fd_sc_hd__a31oi_1)
   0.495    3.487 ^ _14264_/Y (sky130_fd_sc_hd__o21ai_0)
   0.260    3.747 v _14268_/Y (sky130_fd_sc_hd__a21boi_0)
   0.403    4.150 ^ _14270_/Y (sky130_fd_sc_hd__o21ai_0)
   0.186    4.337 v _14277_/Y (sky130_fd_sc_hd__a21oi_1)
   0.445    4.782 ^ _14279_/Y (sky130_fd_sc_hd__o21ai_0)
   0.170    4.952 v _14284_/Y (sky130_fd_sc_hd__a21oi_1)
   0.414    5.366 ^ _14290_/Y (sky130_fd_sc_hd__o21ai_0)
   0.200    5.566 ^ _14392_/Y (sky130_fd_sc_hd__xnor2_1)
   0.098    5.663 v _14633_/Y (sky130_fd_sc_hd__nand3_1)
   0.110    5.774 ^ _14634_/Y (sky130_fd_sc_hd__nand3_1)
   0.666    6.440 v _14641_/Y (sky130_fd_sc_hd__nand2_1)
   0.028    6.468 v dp.rf.rf[20][21]$_DFFE_PP_/D (sky130_fd_sc_hd__edfxtp_1)
            6.468   data arrival time

   7.000    7.000   clock clk (rise edge)
   0.775    7.775   clock network delay (ideal)
   0.000    7.775   clock reconvergence pessimism
            7.775 ^ dp.rf.rf[20][21]$_DFFE_PP_/CLK (sky130_fd_sc_hd__edfxtp_1)
  -0.549    7.226   library setup time
            7.226   data required time
-----------------------------------------------------------
            7.226   data required time
           -6.468   data arrival time
-----------------------------------------------------------
            0.758   slack (MET)


Startpoint: dp.rf.rf[5][0]$_DFFE_PP_
            (rising edge-triggered flip-flop clocked by clk)
Endpoint: dp.rf.rf[21][21]$_DFFE_PP_
          (rising edge-triggered flip-flop clocked by clk)
Path Group: clk
Path Type: max

   Delay     Time   Description
-----------------------------------------------------------
   0.000    0.000   clock clk (rise edge)
   0.775    0.775   clock network delay (ideal)
   0.000    0.775 ^ dp.rf.rf[5][0]$_DFFE_PP_/CLK (sky130_fd_sc_hd__edfxtp_1)
   0.323    1.098 ^ dp.rf.rf[5][0]$_DFFE_PP_/Q (sky130_fd_sc_hd__edfxtp_1)
   0.077    1.176 v _10298_/Y (sky130_fd_sc_hd__nand3_1)
   0.108    1.284 ^ _10299_/Y (sky130_fd_sc_hd__nand2_1)
   0.048    1.332 v _10300_/Y (sky130_fd_sc_hd__nand2_1)
   0.089    1.420 ^ _10301_/Y (sky130_fd_sc_hd__nand2_1)
   0.048    1.469 v _10302_/Y (sky130_fd_sc_hd__nand2_1)
   0.103    1.571 ^ _10303_/Y (sky130_fd_sc_hd__nand2_1)
   0.047    1.618 v _10304_/Y (sky130_fd_sc_hd__inv_1)
   0.087    1.705 ^ _10305_/Y (sky130_fd_sc_hd__nand2_1)
   0.087    1.793 v _10306_/Y (sky130_fd_sc_hd__nand2_1)
   0.355    2.148 ^ _12759_/Y (sky130_fd_sc_hd__nand2_1)
   0.279    2.427 ^ place713/X (sky130_fd_sc_hd__buf_4)
   0.063    2.490 v _15032_/Y (sky130_fd_sc_hd__nand2_1)
   0.093    2.583 ^ _15033_/Y (sky130_fd_sc_hd__o21ai_0)
   0.231    2.813 ^ _15388_/COUT (sky130_fd_sc_hd__ha_1)
   0.179    2.992 v _14262_/Y (sky130_fd_sc_hd__a31oi_1)
   0.495    3.487 ^ _14264_/Y (sky130_fd_sc_hd__o21ai_0)
   0.260    3.747 v _14268_/Y (sky130_fd_sc_hd__a21boi_0)
   0.403    4.150 ^ _14270_/Y (sky130_fd_sc_hd__o21ai_0)
   0.186    4.337 v _14277_/Y (sky130_fd_sc_hd__a21oi_1)
   0.445    4.782 ^ _14279_/Y (sky130_fd_sc_hd__o21ai_0)
   0.170    4.952 v _14284_/Y (sky130_fd_sc_hd__a21oi_1)
   0.414    5.366 ^ _14290_/Y (sky130_fd_sc_hd__o21ai_0)
   0.200    5.566 ^ _14392_/Y (sky130_fd_sc_hd__xnor2_1)
   0.098    5.663 v _14633_/Y (sky130_fd_sc_hd__nand3_1)
   0.110    5.774 ^ _14634_/Y (sky130_fd_sc_hd__nand3_1)
   0.666    6.440 v _14641_/Y (sky130_fd_sc_hd__nand2_1)
   0.028    6.468 v dp.rf.rf[21][21]$_DFFE_PP_/D (sky130_fd_sc_hd__edfxtp_1)
            6.468   data arrival time

   7.000    7.000   clock clk (rise edge)
   0.775    7.775   clock network delay (ideal)
   0.000    7.775   clock reconvergence pessimism
            7.775 ^ dp.rf.rf[21][21]$_DFFE_PP_/CLK (sky130_fd_sc_hd__edfxtp_1)
  -0.549    7.226   library setup time
            7.226   data required time
-----------------------------------------------------------
            7.226   data required time
           -6.468   data arrival time
-----------------------------------------------------------
            0.758   slack (MET)


Startpoint: dp.rf.rf[5][0]$_DFFE_PP_
            (rising edge-triggered flip-flop clocked by clk)
Endpoint: dp.rf.rf[3][21]$_DFFE_PP_
          (rising edge-triggered flip-flop clocked by clk)
Path Group: clk
Path Type: max

   Delay     Time   Description
-----------------------------------------------------------
   0.000    0.000   clock clk (rise edge)
   0.775    0.775   clock network delay (ideal)
   0.000    0.775 ^ dp.rf.rf[5][0]$_DFFE_PP_/CLK (sky130_fd_sc_hd__edfxtp_1)
   0.323    1.098 ^ dp.rf.rf[5][0]$_DFFE_PP_/Q (sky130_fd_sc_hd__edfxtp_1)
   0.077    1.176 v _10298_/Y (sky130_fd_sc_hd__nand3_1)
   0.108    1.284 ^ _10299_/Y (sky130_fd_sc_hd__nand2_1)
   0.048    1.332 v _10300_/Y (sky130_fd_sc_hd__nand2_1)
   0.089    1.420 ^ _10301_/Y (sky130_fd_sc_hd__nand2_1)
   0.048    1.469 v _10302_/Y (sky130_fd_sc_hd__nand2_1)
   0.103    1.571 ^ _10303_/Y (sky130_fd_sc_hd__nand2_1)
   0.047    1.618 v _10304_/Y (sky130_fd_sc_hd__inv_1)
   0.087    1.705 ^ _10305_/Y (sky130_fd_sc_hd__nand2_1)
   0.087    1.793 v _10306_/Y (sky130_fd_sc_hd__nand2_1)
   0.355    2.148 ^ _12759_/Y (sky130_fd_sc_hd__nand2_1)
   0.279    2.427 ^ place713/X (sky130_fd_sc_hd__buf_4)
   0.063    2.490 v _15032_/Y (sky130_fd_sc_hd__nand2_1)
   0.093    2.583 ^ _15033_/Y (sky130_fd_sc_hd__o21ai_0)
   0.231    2.813 ^ _15388_/COUT (sky130_fd_sc_hd__ha_1)
   0.179    2.992 v _14262_/Y (sky130_fd_sc_hd__a31oi_1)
   0.495    3.487 ^ _14264_/Y (sky130_fd_sc_hd__o21ai_0)
   0.260    3.747 v _14268_/Y (sky130_fd_sc_hd__a21boi_0)
   0.403    4.150 ^ _14270_/Y (sky130_fd_sc_hd__o21ai_0)
   0.186    4.337 v _14277_/Y (sky130_fd_sc_hd__a21oi_1)
   0.445    4.782 ^ _14279_/Y (sky130_fd_sc_hd__o21ai_0)
   0.170    4.952 v _14284_/Y (sky130_fd_sc_hd__a21oi_1)
   0.414    5.366 ^ _14290_/Y (sky130_fd_sc_hd__o21ai_0)
   0.200    5.566 ^ _14392_/Y (sky130_fd_sc_hd__xnor2_1)
   0.098    5.663 v _14633_/Y (sky130_fd_sc_hd__nand3_1)
   0.110    5.774 ^ _14634_/Y (sky130_fd_sc_hd__nand3_1)
   0.666    6.440 v _14641_/Y (sky130_fd_sc_hd__nand2_1)
   0.025    6.465 v dp.rf.rf[3][21]$_DFFE_PP_/D (sky130_fd_sc_hd__edfxtp_1)
            6.465   data arrival time

   7.000    7.000   clock clk (rise edge)
   0.775    7.775   clock network delay (ideal)
   0.000    7.775   clock reconvergence pessimism
            7.775 ^ dp.rf.rf[3][21]$_DFFE_PP_/CLK (sky130_fd_sc_hd__edfxtp_1)
  -0.549    7.226   library setup time
            7.226   data required time
-----------------------------------------------------------
            7.226   data required time
           -6.465   data arrival time
-----------------------------------------------------------
            0.761   slack (MET)


Startpoint: dp.rf.rf[5][0]$_DFFE_PP_
            (rising edge-triggered flip-flop clocked by clk)
Endpoint: dp.rf.rf[0][21]$_DFFE_PP_
          (rising edge-triggered flip-flop clocked by clk)
Path Group: clk
Path Type: max

   Delay     Time   Description
-----------------------------------------------------------
   0.000    0.000   clock clk (rise edge)
   0.775    0.775   clock network delay (ideal)
   0.000    0.775 ^ dp.rf.rf[5][0]$_DFFE_PP_/CLK (sky130_fd_sc_hd__edfxtp_1)
   0.323    1.098 ^ dp.rf.rf[5][0]$_DFFE_PP_/Q (sky130_fd_sc_hd__edfxtp_1)
   0.077    1.176 v _10298_/Y (sky130_fd_sc_hd__nand3_1)
   0.108    1.284 ^ _10299_/Y (sky130_fd_sc_hd__nand2_1)
   0.048    1.332 v _10300_/Y (sky130_fd_sc_hd__nand2_1)
   0.089    1.420 ^ _10301_/Y (sky130_fd_sc_hd__nand2_1)
   0.048    1.469 v _10302_/Y (sky130_fd_sc_hd__nand2_1)
   0.103    1.571 ^ _10303_/Y (sky130_fd_sc_hd__nand2_1)
   0.047    1.618 v _10304_/Y (sky130_fd_sc_hd__inv_1)
   0.087    1.705 ^ _10305_/Y (sky130_fd_sc_hd__nand2_1)
   0.087    1.793 v _10306_/Y (sky130_fd_sc_hd__nand2_1)
   0.355    2.148 ^ _12759_/Y (sky130_fd_sc_hd__nand2_1)
   0.279    2.427 ^ place713/X (sky130_fd_sc_hd__buf_4)
   0.063    2.490 v _15032_/Y (sky130_fd_sc_hd__nand2_1)
   0.093    2.583 ^ _15033_/Y (sky130_fd_sc_hd__o21ai_0)
   0.231    2.813 ^ _15388_/COUT (sky130_fd_sc_hd__ha_1)
   0.179    2.992 v _14262_/Y (sky130_fd_sc_hd__a31oi_1)
   0.495    3.487 ^ _14264_/Y (sky130_fd_sc_hd__o21ai_0)
   0.260    3.747 v _14268_/Y (sky130_fd_sc_hd__a21boi_0)
   0.403    4.150 ^ _14270_/Y (sky130_fd_sc_hd__o21ai_0)
   0.186    4.337 v _14277_/Y (sky130_fd_sc_hd__a21oi_1)
   0.445    4.782 ^ _14279_/Y (sky130_fd_sc_hd__o21ai_0)
   0.170    4.952 v _14284_/Y (sky130_fd_sc_hd__a21oi_1)
   0.414    5.366 ^ _14290_/Y (sky130_fd_sc_hd__o21ai_0)
   0.200    5.566 ^ _14392_/Y (sky130_fd_sc_hd__xnor2_1)
   0.098    5.663 v _14633_/Y (sky130_fd_sc_hd__nand3_1)
   0.110    5.774 ^ _14634_/Y (sky130_fd_sc_hd__nand3_1)
   0.666    6.440 v _14641_/Y (sky130_fd_sc_hd__nand2_1)
   0.024    6.464 v dp.rf.rf[0][21]$_DFFE_PP_/D (sky130_fd_sc_hd__edfxtp_1)
            6.464   data arrival time

   7.000    7.000   clock clk (rise edge)
   0.775    7.775   clock network delay (ideal)
   0.000    7.775   clock reconvergence pessimism
            7.775 ^ dp.rf.rf[0][21]$_DFFE_PP_/CLK (sky130_fd_sc_hd__edfxtp_1)
  -0.549    7.226   library setup time
            7.226   data required time
-----------------------------------------------------------
            7.226   data required time
           -6.464   data arrival time
-----------------------------------------------------------
            0.762   slack (MET)


Startpoint: dp.rf.rf[5][0]$_DFFE_PP_
            (rising edge-triggered flip-flop clocked by clk)
Endpoint: dp.rf.rf[1][21]$_DFFE_PP_
          (rising edge-triggered flip-flop clocked by clk)
Path Group: clk
Path Type: max

   Delay     Time   Description
-----------------------------------------------------------
   0.000    0.000   clock clk (rise edge)
   0.775    0.775   clock network delay (ideal)
   0.000    0.775 ^ dp.rf.rf[5][0]$_DFFE_PP_/CLK (sky130_fd_sc_hd__edfxtp_1)
   0.323    1.098 ^ dp.rf.rf[5][0]$_DFFE_PP_/Q (sky130_fd_sc_hd__edfxtp_1)
   0.077    1.176 v _10298_/Y (sky130_fd_sc_hd__nand3_1)
   0.108    1.284 ^ _10299_/Y (sky130_fd_sc_hd__nand2_1)
   0.048    1.332 v _10300_/Y (sky130_fd_sc_hd__nand2_1)
   0.089    1.420 ^ _10301_/Y (sky130_fd_sc_hd__nand2_1)
   0.048    1.469 v _10302_/Y (sky130_fd_sc_hd__nand2_1)
   0.103    1.571 ^ _10303_/Y (sky130_fd_sc_hd__nand2_1)
   0.047    1.618 v _10304_/Y (sky130_fd_sc_hd__inv_1)
   0.087    1.705 ^ _10305_/Y (sky130_fd_sc_hd__nand2_1)
   0.087    1.793 v _10306_/Y (sky130_fd_sc_hd__nand2_1)
   0.355    2.148 ^ _12759_/Y (sky130_fd_sc_hd__nand2_1)
   0.279    2.427 ^ place713/X (sky130_fd_sc_hd__buf_4)
   0.063    2.490 v _15032_/Y (sky130_fd_sc_hd__nand2_1)
   0.093    2.583 ^ _15033_/Y (sky130_fd_sc_hd__o21ai_0)
   0.231    2.813 ^ _15388_/COUT (sky130_fd_sc_hd__ha_1)
   0.179    2.992 v _14262_/Y (sky130_fd_sc_hd__a31oi_1)
   0.495    3.487 ^ _14264_/Y (sky130_fd_sc_hd__o21ai_0)
   0.260    3.747 v _14268_/Y (sky130_fd_sc_hd__a21boi_0)
   0.403    4.150 ^ _14270_/Y (sky130_fd_sc_hd__o21ai_0)
   0.186    4.337 v _14277_/Y (sky130_fd_sc_hd__a21oi_1)
   0.445    4.782 ^ _14279_/Y (sky130_fd_sc_hd__o21ai_0)
   0.170    4.952 v _14284_/Y (sky130_fd_sc_hd__a21oi_1)
   0.414    5.366 ^ _14290_/Y (sky130_fd_sc_hd__o21ai_0)
   0.200    5.566 ^ _14392_/Y (sky130_fd_sc_hd__xnor2_1)
   0.098    5.663 v _14633_/Y (sky130_fd_sc_hd__nand3_1)
   0.110    5.774 ^ _14634_/Y (sky130_fd_sc_hd__nand3_1)
   0.666    6.440 v _14641_/Y (sky130_fd_sc_hd__nand2_1)
   0.024    6.464 v dp.rf.rf[1][21]$_DFFE_PP_/D (sky130_fd_sc_hd__edfxtp_1)
            6.464   data arrival time

   7.000    7.000   clock clk (rise edge)
   0.775    7.775   clock network delay (ideal)
   0.000    7.775   clock reconvergence pessimism
            7.775 ^ dp.rf.rf[1][21]$_DFFE_PP_/CLK (sky130_fd_sc_hd__edfxtp_1)
  -0.549    7.226   library setup time
            7.226   data required time
-----------------------------------------------------------
            7.226   data required time
           -6.464   data arrival time
-----------------------------------------------------------
            0.762   slack (MET)


Startpoint: dp.rf.rf[5][0]$_DFFE_PP_
            (rising edge-triggered flip-flop clocked by clk)
Endpoint: dp.rf.rf[2][21]$_DFFE_PP_
          (rising edge-triggered flip-flop clocked by clk)
Path Group: clk
Path Type: max

   Delay     Time   Description
-----------------------------------------------------------
   0.000    0.000   clock clk (rise edge)
   0.775    0.775   clock network delay (ideal)
   0.000    0.775 ^ dp.rf.rf[5][0]$_DFFE_PP_/CLK (sky130_fd_sc_hd__edfxtp_1)
   0.323    1.098 ^ dp.rf.rf[5][0]$_DFFE_PP_/Q (sky130_fd_sc_hd__edfxtp_1)
   0.077    1.176 v _10298_/Y (sky130_fd_sc_hd__nand3_1)
   0.108    1.284 ^ _10299_/Y (sky130_fd_sc_hd__nand2_1)
   0.048    1.332 v _10300_/Y (sky130_fd_sc_hd__nand2_1)
   0.089    1.420 ^ _10301_/Y (sky130_fd_sc_hd__nand2_1)
   0.048    1.469 v _10302_/Y (sky130_fd_sc_hd__nand2_1)
   0.103    1.571 ^ _10303_/Y (sky130_fd_sc_hd__nand2_1)
   0.047    1.618 v _10304_/Y (sky130_fd_sc_hd__inv_1)
   0.087    1.705 ^ _10305_/Y (sky130_fd_sc_hd__nand2_1)
   0.087    1.793 v _10306_/Y (sky130_fd_sc_hd__nand2_1)
   0.355    2.148 ^ _12759_/Y (sky130_fd_sc_hd__nand2_1)
   0.279    2.427 ^ place713/X (sky130_fd_sc_hd__buf_4)
   0.063    2.490 v _15032_/Y (sky130_fd_sc_hd__nand2_1)
   0.093    2.583 ^ _15033_/Y (sky130_fd_sc_hd__o21ai_0)
   0.231    2.813 ^ _15388_/COUT (sky130_fd_sc_hd__ha_1)
   0.179    2.992 v _14262_/Y (sky130_fd_sc_hd__a31oi_1)
   0.495    3.487 ^ _14264_/Y (sky130_fd_sc_hd__o21ai_0)
   0.260    3.747 v _14268_/Y (sky130_fd_sc_hd__a21boi_0)
   0.403    4.150 ^ _14270_/Y (sky130_fd_sc_hd__o21ai_0)
   0.186    4.337 v _14277_/Y (sky130_fd_sc_hd__a21oi_1)
   0.445    4.782 ^ _14279_/Y (sky130_fd_sc_hd__o21ai_0)
   0.170    4.952 v _14284_/Y (sky130_fd_sc_hd__a21oi_1)
   0.414    5.366 ^ _14290_/Y (sky130_fd_sc_hd__o21ai_0)
   0.200    5.566 ^ _14392_/Y (sky130_fd_sc_hd__xnor2_1)
   0.098    5.663 v _14633_/Y (sky130_fd_sc_hd__nand3_1)
   0.110    5.774 ^ _14634_/Y (sky130_fd_sc_hd__nand3_1)
   0.666    6.440 v _14641_/Y (sky130_fd_sc_hd__nand2_1)
   0.024    6.464 v dp.rf.rf[2][21]$_DFFE_PP_/D (sky130_fd_sc_hd__edfxtp_1)
            6.464   data arrival time

   7.000    7.000   clock clk (rise edge)
   0.775    7.775   clock network delay (ideal)
   0.000    7.775   clock reconvergence pessimism
            7.775 ^ dp.rf.rf[2][21]$_DFFE_PP_/CLK (sky130_fd_sc_hd__edfxtp_1)
  -0.549    7.226   library setup time
            7.226   data required time
-----------------------------------------------------------
            7.226   data required time
           -6.464   data arrival time
-----------------------------------------------------------
            0.762   slack (MET)


Startpoint: dp.rf.rf[5][0]$_DFFE_PP_
            (rising edge-triggered flip-flop clocked by clk)
Endpoint: dp.rf.rf[4][21]$_DFFE_PP_
          (rising edge-triggered flip-flop clocked by clk)
Path Group: clk
Path Type: max

   Delay     Time   Description
-----------------------------------------------------------
   0.000    0.000   clock clk (rise edge)
   0.775    0.775   clock network delay (ideal)
   0.000    0.775 ^ dp.rf.rf[5][0]$_DFFE_PP_/CLK (sky130_fd_sc_hd__edfxtp_1)
   0.323    1.098 ^ dp.rf.rf[5][0]$_DFFE_PP_/Q (sky130_fd_sc_hd__edfxtp_1)
   0.077    1.176 v _10298_/Y (sky130_fd_sc_hd__nand3_1)
   0.108    1.284 ^ _10299_/Y (sky130_fd_sc_hd__nand2_1)
   0.048    1.332 v _10300_/Y (sky130_fd_sc_hd__nand2_1)
   0.089    1.420 ^ _10301_/Y (sky130_fd_sc_hd__nand2_1)
   0.048    1.469 v _10302_/Y (sky130_fd_sc_hd__nand2_1)
   0.103    1.571 ^ _10303_/Y (sky130_fd_sc_hd__nand2_1)
   0.047    1.618 v _10304_/Y (sky130_fd_sc_hd__inv_1)
   0.087    1.705 ^ _10305_/Y (sky130_fd_sc_hd__nand2_1)
   0.087    1.793 v _10306_/Y (sky130_fd_sc_hd__nand2_1)
   0.355    2.148 ^ _12759_/Y (sky130_fd_sc_hd__nand2_1)
   0.279    2.427 ^ place713/X (sky130_fd_sc_hd__buf_4)
   0.063    2.490 v _15032_/Y (sky130_fd_sc_hd__nand2_1)
   0.093    2.583 ^ _15033_/Y (sky130_fd_sc_hd__o21ai_0)
   0.231    2.813 ^ _15388_/COUT (sky130_fd_sc_hd__ha_1)
   0.179    2.992 v _14262_/Y (sky130_fd_sc_hd__a31oi_1)
   0.495    3.487 ^ _14264_/Y (sky130_fd_sc_hd__o21ai_0)
   0.260    3.747 v _14268_/Y (sky130_fd_sc_hd__a21boi_0)
   0.403    4.150 ^ _14270_/Y (sky130_fd_sc_hd__o21ai_0)
   0.186    4.337 v _14277_/Y (sky130_fd_sc_hd__a21oi_1)
   0.445    4.782 ^ _14279_/Y (sky130_fd_sc_hd__o21ai_0)
   0.170    4.952 v _14284_/Y (sky130_fd_sc_hd__a21oi_1)
   0.414    5.366 ^ _14290_/Y (sky130_fd_sc_hd__o21ai_0)
   0.200    5.566 ^ _14392_/Y (sky130_fd_sc_hd__xnor2_1)
   0.098    5.663 v _14633_/Y (sky130_fd_sc_hd__nand3_1)
   0.110    5.774 ^ _14634_/Y (sky130_fd_sc_hd__nand3_1)
   0.666    6.440 v _14641_/Y (sky130_fd_sc_hd__nand2_1)
   0.024    6.464 v dp.rf.rf[4][21]$_DFFE_PP_/D (sky130_fd_sc_hd__edfxtp_1)
            6.464   data arrival time

   7.000    7.000   clock clk (rise edge)
   0.775    7.775   clock network delay (ideal)
   0.000    7.775   clock reconvergence pessimism
            7.775 ^ dp.rf.rf[4][21]$_DFFE_PP_/CLK (sky130_fd_sc_hd__edfxtp_1)
  -0.549    7.226   library setup time
            7.226   data required time
-----------------------------------------------------------
            7.226   data required time
           -6.464   data arrival time
-----------------------------------------------------------
            0.762   slack (MET)


Startpoint: dp.rf.rf[5][0]$_DFFE_PP_
            (rising edge-triggered flip-flop clocked by clk)
Endpoint: dp.rf.rf[6][21]$_DFFE_PP_
          (rising edge-triggered flip-flop clocked by clk)
Path Group: clk
Path Type: max

   Delay     Time   Description
-----------------------------------------------------------
   0.000    0.000   clock clk (rise edge)
   0.775    0.775   clock network delay (ideal)
   0.000    0.775 ^ dp.rf.rf[5][0]$_DFFE_PP_/CLK (sky130_fd_sc_hd__edfxtp_1)
   0.323    1.098 ^ dp.rf.rf[5][0]$_DFFE_PP_/Q (sky130_fd_sc_hd__edfxtp_1)
   0.077    1.176 v _10298_/Y (sky130_fd_sc_hd__nand3_1)
   0.108    1.284 ^ _10299_/Y (sky130_fd_sc_hd__nand2_1)
   0.048    1.332 v _10300_/Y (sky130_fd_sc_hd__nand2_1)
   0.089    1.420 ^ _10301_/Y (sky130_fd_sc_hd__nand2_1)
   0.048    1.469 v _10302_/Y (sky130_fd_sc_hd__nand2_1)
   0.103    1.571 ^ _10303_/Y (sky130_fd_sc_hd__nand2_1)
   0.047    1.618 v _10304_/Y (sky130_fd_sc_hd__inv_1)
   0.087    1.705 ^ _10305_/Y (sky130_fd_sc_hd__nand2_1)
   0.087    1.793 v _10306_/Y (sky130_fd_sc_hd__nand2_1)
   0.355    2.148 ^ _12759_/Y (sky130_fd_sc_hd__nand2_1)
   0.279    2.427 ^ place713/X (sky130_fd_sc_hd__buf_4)
   0.063    2.490 v _15032_/Y (sky130_fd_sc_hd__nand2_1)
   0.093    2.583 ^ _15033_/Y (sky130_fd_sc_hd__o21ai_0)
   0.231    2.813 ^ _15388_/COUT (sky130_fd_sc_hd__ha_1)
   0.179    2.992 v _14262_/Y (sky130_fd_sc_hd__a31oi_1)
   0.495    3.487 ^ _14264_/Y (sky130_fd_sc_hd__o21ai_0)
   0.260    3.747 v _14268_/Y (sky130_fd_sc_hd__a21boi_0)
   0.403    4.150 ^ _14270_/Y (sky130_fd_sc_hd__o21ai_0)
   0.186    4.337 v _14277_/Y (sky130_fd_sc_hd__a21oi_1)
   0.445    4.782 ^ _14279_/Y (sky130_fd_sc_hd__o21ai_0)
   0.170    4.952 v _14284_/Y (sky130_fd_sc_hd__a21oi_1)
   0.414    5.366 ^ _14290_/Y (sky130_fd_sc_hd__o21ai_0)
   0.200    5.566 ^ _14392_/Y (sky130_fd_sc_hd__xnor2_1)
   0.098    5.663 v _14633_/Y (sky130_fd_sc_hd__nand3_1)
   0.110    5.774 ^ _14634_/Y (sky130_fd_sc_hd__nand3_1)
   0.666    6.440 v _14641_/Y (sky130_fd_sc_hd__nand2_1)
   0.023    6.463 v dp.rf.rf[6][21]$_DFFE_PP_/D (sky130_fd_sc_hd__edfxtp_1)
            6.463   data arrival time

   7.000    7.000   clock clk (rise edge)
   0.775    7.775   clock network delay (ideal)
   0.000    7.775   clock reconvergence pessimism
            7.775 ^ dp.rf.rf[6][21]$_DFFE_PP_/CLK (sky130_fd_sc_hd__edfxtp_1)
  -0.549    7.226   library setup time
            7.226   data required time
-----------------------------------------------------------
            7.226   data required time
           -6.463   data arrival time
-----------------------------------------------------------
            0.763   slack (MET)


Startpoint: dp.rf.rf[5][0]$_DFFE_PP_
            (rising edge-triggered flip-flop clocked by clk)
Endpoint: dp.rf.rf[7][21]$_DFFE_PP_
          (rising edge-triggered flip-flop clocked by clk)
Path Group: clk
Path Type: max

   Delay     Time   Description
-----------------------------------------------------------
   0.000    0.000   clock clk (rise edge)
   0.775    0.775   clock network delay (ideal)
   0.000    0.775 ^ dp.rf.rf[5][0]$_DFFE_PP_/CLK (sky130_fd_sc_hd__edfxtp_1)
   0.323    1.098 ^ dp.rf.rf[5][0]$_DFFE_PP_/Q (sky130_fd_sc_hd__edfxtp_1)
   0.077    1.176 v _10298_/Y (sky130_fd_sc_hd__nand3_1)
   0.108    1.284 ^ _10299_/Y (sky130_fd_sc_hd__nand2_1)
   0.048    1.332 v _10300_/Y (sky130_fd_sc_hd__nand2_1)
   0.089    1.420 ^ _10301_/Y (sky130_fd_sc_hd__nand2_1)
   0.048    1.469 v _10302_/Y (sky130_fd_sc_hd__nand2_1)
   0.103    1.571 ^ _10303_/Y (sky130_fd_sc_hd__nand2_1)
   0.047    1.618 v _10304_/Y (sky130_fd_sc_hd__inv_1)
   0.087    1.705 ^ _10305_/Y (sky130_fd_sc_hd__nand2_1)
   0.087    1.793 v _10306_/Y (sky130_fd_sc_hd__nand2_1)
   0.355    2.148 ^ _12759_/Y (sky130_fd_sc_hd__nand2_1)
   0.279    2.427 ^ place713/X (sky130_fd_sc_hd__buf_4)
   0.063    2.490 v _15032_/Y (sky130_fd_sc_hd__nand2_1)
   0.093    2.583 ^ _15033_/Y (sky130_fd_sc_hd__o21ai_0)
   0.231    2.813 ^ _15388_/COUT (sky130_fd_sc_hd__ha_1)
   0.179    2.992 v _14262_/Y (sky130_fd_sc_hd__a31oi_1)
   0.495    3.487 ^ _14264_/Y (sky130_fd_sc_hd__o21ai_0)
   0.260    3.747 v _14268_/Y (sky130_fd_sc_hd__a21boi_0)
   0.403    4.150 ^ _14270_/Y (sky130_fd_sc_hd__o21ai_0)
   0.186    4.337 v _14277_/Y (sky130_fd_sc_hd__a21oi_1)
   0.445    4.782 ^ _14279_/Y (sky130_fd_sc_hd__o21ai_0)
   0.170    4.952 v _14284_/Y (sky130_fd_sc_hd__a21oi_1)
   0.414    5.366 ^ _14290_/Y (sky130_fd_sc_hd__o21ai_0)
   0.200    5.566 ^ _14392_/Y (sky130_fd_sc_hd__xnor2_1)
   0.098    5.663 v _14633_/Y (sky130_fd_sc_hd__nand3_1)
   0.110    5.774 ^ _14634_/Y (sky130_fd_sc_hd__nand3_1)
   0.666    6.440 v _14641_/Y (sky130_fd_sc_hd__nand2_1)
   0.022    6.462 v dp.rf.rf[7][21]$_DFFE_PP_/D (sky130_fd_sc_hd__edfxtp_1)
            6.462   data arrival time

   7.000    7.000   clock clk (rise edge)
   0.775    7.775   clock network delay (ideal)
   0.000    7.775   clock reconvergence pessimism
            7.775 ^ dp.rf.rf[7][21]$_DFFE_PP_/CLK (sky130_fd_sc_hd__edfxtp_1)
  -0.549    7.226   library setup time
            7.226   data required time
-----------------------------------------------------------
            7.226   data required time
           -6.462   data arrival time
-----------------------------------------------------------
            0.764   slack (MET)


Startpoint: dp.rf.rf[5][0]$_DFFE_PP_
            (rising edge-triggered flip-flop clocked by clk)
Endpoint: dp.rf.rf[10][21]$_DFFE_PP_
          (rising edge-triggered flip-flop clocked by clk)
Path Group: clk
Path Type: max

   Delay     Time   Description
-----------------------------------------------------------
   0.000    0.000   clock clk (rise edge)
   0.775    0.775   clock network delay (ideal)
   0.000    0.775 ^ dp.rf.rf[5][0]$_DFFE_PP_/CLK (sky130_fd_sc_hd__edfxtp_1)
   0.323    1.098 ^ dp.rf.rf[5][0]$_DFFE_PP_/Q (sky130_fd_sc_hd__edfxtp_1)
   0.077    1.176 v _10298_/Y (sky130_fd_sc_hd__nand3_1)
   0.108    1.284 ^ _10299_/Y (sky130_fd_sc_hd__nand2_1)
   0.048    1.332 v _10300_/Y (sky130_fd_sc_hd__nand2_1)
   0.089    1.420 ^ _10301_/Y (sky130_fd_sc_hd__nand2_1)
   0.048    1.469 v _10302_/Y (sky130_fd_sc_hd__nand2_1)
   0.103    1.571 ^ _10303_/Y (sky130_fd_sc_hd__nand2_1)
   0.047    1.618 v _10304_/Y (sky130_fd_sc_hd__inv_1)
   0.087    1.705 ^ _10305_/Y (sky130_fd_sc_hd__nand2_1)
   0.087    1.793 v _10306_/Y (sky130_fd_sc_hd__nand2_1)
   0.355    2.148 ^ _12759_/Y (sky130_fd_sc_hd__nand2_1)
   0.279    2.427 ^ place713/X (sky130_fd_sc_hd__buf_4)
   0.063    2.490 v _15032_/Y (sky130_fd_sc_hd__nand2_1)
   0.093    2.583 ^ _15033_/Y (sky130_fd_sc_hd__o21ai_0)
   0.231    2.813 ^ _15388_/COUT (sky130_fd_sc_hd__ha_1)
   0.179    2.992 v _14262_/Y (sky130_fd_sc_hd__a31oi_1)
   0.495    3.487 ^ _14264_/Y (sky130_fd_sc_hd__o21ai_0)
   0.260    3.747 v _14268_/Y (sky130_fd_sc_hd__a21boi_0)
   0.403    4.150 ^ _14270_/Y (sky130_fd_sc_hd__o21ai_0)
   0.186    4.337 v _14277_/Y (sky130_fd_sc_hd__a21oi_1)
   0.445    4.782 ^ _14279_/Y (sky130_fd_sc_hd__o21ai_0)
   0.170    4.952 v _14284_/Y (sky130_fd_sc_hd__a21oi_1)
   0.414    5.366 ^ _14290_/Y (sky130_fd_sc_hd__o21ai_0)
   0.200    5.566 ^ _14392_/Y (sky130_fd_sc_hd__xnor2_1)
   0.098    5.663 v _14633_/Y (sky130_fd_sc_hd__nand3_1)
   0.110    5.774 ^ _14634_/Y (sky130_fd_sc_hd__nand3_1)
   0.666    6.440 v _14641_/Y (sky130_fd_sc_hd__nand2_1)
   0.021    6.461 v dp.rf.rf[10][21]$_DFFE_PP_/D (sky130_fd_sc_hd__edfxtp_1)
            6.461   data arrival time

   7.000    7.000   clock clk (rise edge)
   0.775    7.775   clock network delay (ideal)
   0.000    7.775   clock reconvergence pessimism
            7.775 ^ dp.rf.rf[10][21]$_DFFE_PP_/CLK (sky130_fd_sc_hd__edfxtp_1)
  -0.549    7.226   library setup time
            7.226   data required time
-----------------------------------------------------------
            7.226   data required time
           -6.461   data arrival time
-----------------------------------------------------------
            0.765   slack (MET)


Startpoint: dp.rf.rf[5][0]$_DFFE_PP_
            (rising edge-triggered flip-flop clocked by clk)
Endpoint: dp.rf.rf[11][21]$_DFFE_PP_
          (rising edge-triggered flip-flop clocked by clk)
Path Group: clk
Path Type: max

   Delay     Time   Description
-----------------------------------------------------------
   0.000    0.000   clock clk (rise edge)
   0.775    0.775   clock network delay (ideal)
   0.000    0.775 ^ dp.rf.rf[5][0]$_DFFE_PP_/CLK (sky130_fd_sc_hd__edfxtp_1)
   0.323    1.098 ^ dp.rf.rf[5][0]$_DFFE_PP_/Q (sky130_fd_sc_hd__edfxtp_1)
   0.077    1.176 v _10298_/Y (sky130_fd_sc_hd__nand3_1)
   0.108    1.284 ^ _10299_/Y (sky130_fd_sc_hd__nand2_1)
   0.048    1.332 v _10300_/Y (sky130_fd_sc_hd__nand2_1)
   0.089    1.420 ^ _10301_/Y (sky130_fd_sc_hd__nand2_1)
   0.048    1.469 v _10302_/Y (sky130_fd_sc_hd__nand2_1)
   0.103    1.571 ^ _10303_/Y (sky130_fd_sc_hd__nand2_1)
   0.047    1.618 v _10304_/Y (sky130_fd_sc_hd__inv_1)
   0.087    1.705 ^ _10305_/Y (sky130_fd_sc_hd__nand2_1)
   0.087    1.793 v _10306_/Y (sky130_fd_sc_hd__nand2_1)
   0.355    2.148 ^ _12759_/Y (sky130_fd_sc_hd__nand2_1)
   0.279    2.427 ^ place713/X (sky130_fd_sc_hd__buf_4)
   0.063    2.490 v _15032_/Y (sky130_fd_sc_hd__nand2_1)
   0.093    2.583 ^ _15033_/Y (sky130_fd_sc_hd__o21ai_0)
   0.231    2.813 ^ _15388_/COUT (sky130_fd_sc_hd__ha_1)
   0.179    2.992 v _14262_/Y (sky130_fd_sc_hd__a31oi_1)
   0.495    3.487 ^ _14264_/Y (sky130_fd_sc_hd__o21ai_0)
   0.260    3.747 v _14268_/Y (sky130_fd_sc_hd__a21boi_0)
   0.403    4.150 ^ _14270_/Y (sky130_fd_sc_hd__o21ai_0)
   0.186    4.337 v _14277_/Y (sky130_fd_sc_hd__a21oi_1)
   0.445    4.782 ^ _14279_/Y (sky130_fd_sc_hd__o21ai_0)
   0.170    4.952 v _14284_/Y (sky130_fd_sc_hd__a21oi_1)
   0.414    5.366 ^ _14290_/Y (sky130_fd_sc_hd__o21ai_0)
   0.200    5.566 ^ _14392_/Y (sky130_fd_sc_hd__xnor2_1)
   0.098    5.663 v _14633_/Y (sky130_fd_sc_hd__nand3_1)
   0.110    5.774 ^ _14634_/Y (sky130_fd_sc_hd__nand3_1)
   0.666    6.440 v _14641_/Y (sky130_fd_sc_hd__nand2_1)
   0.019    6.459 v dp.rf.rf[11][21]$_DFFE_PP_/D (sky130_fd_sc_hd__edfxtp_1)
            6.459   data arrival time

   7.000    7.000   clock clk (rise edge)
   0.775    7.775   clock network delay (ideal)
   0.000    7.775   clock reconvergence pessimism
            7.775 ^ dp.rf.rf[11][21]$_DFFE_PP_/CLK (sky130_fd_sc_hd__edfxtp_1)
  -0.549    7.226   library setup time
            7.226   data required time
-----------------------------------------------------------
            7.226   data required time
           -6.459   data arrival time
-----------------------------------------------------------
            0.767   slack (MET)


Startpoint: dp.rf.rf[5][0]$_DFFE_PP_
            (rising edge-triggered flip-flop clocked by clk)
Endpoint: dp.rf.rf[13][21]$_DFFE_PP_
          (rising edge-triggered flip-flop clocked by clk)
Path Group: clk
Path Type: max

   Delay     Time   Description
-----------------------------------------------------------
   0.000    0.000   clock clk (rise edge)
   0.775    0.775   clock network delay (ideal)
   0.000    0.775 ^ dp.rf.rf[5][0]$_DFFE_PP_/CLK (sky130_fd_sc_hd__edfxtp_1)
   0.323    1.098 ^ dp.rf.rf[5][0]$_DFFE_PP_/Q (sky130_fd_sc_hd__edfxtp_1)
   0.077    1.176 v _10298_/Y (sky130_fd_sc_hd__nand3_1)
   0.108    1.284 ^ _10299_/Y (sky130_fd_sc_hd__nand2_1)
   0.048    1.332 v _10300_/Y (sky130_fd_sc_hd__nand2_1)
   0.089    1.420 ^ _10301_/Y (sky130_fd_sc_hd__nand2_1)
   0.048    1.469 v _10302_/Y (sky130_fd_sc_hd__nand2_1)
   0.103    1.571 ^ _10303_/Y (sky130_fd_sc_hd__nand2_1)
   0.047    1.618 v _10304_/Y (sky130_fd_sc_hd__inv_1)
   0.087    1.705 ^ _10305_/Y (sky130_fd_sc_hd__nand2_1)
   0.087    1.793 v _10306_/Y (sky130_fd_sc_hd__nand2_1)
   0.355    2.148 ^ _12759_/Y (sky130_fd_sc_hd__nand2_1)
   0.279    2.427 ^ place713/X (sky130_fd_sc_hd__buf_4)
   0.063    2.490 v _15032_/Y (sky130_fd_sc_hd__nand2_1)
   0.093    2.583 ^ _15033_/Y (sky130_fd_sc_hd__o21ai_0)
   0.231    2.813 ^ _15388_/COUT (sky130_fd_sc_hd__ha_1)
   0.179    2.992 v _14262_/Y (sky130_fd_sc_hd__a31oi_1)
   0.495    3.487 ^ _14264_/Y (sky130_fd_sc_hd__o21ai_0)
   0.260    3.747 v _14268_/Y (sky130_fd_sc_hd__a21boi_0)
   0.403    4.150 ^ _14270_/Y (sky130_fd_sc_hd__o21ai_0)
   0.186    4.337 v _14277_/Y (sky130_fd_sc_hd__a21oi_1)
   0.445    4.782 ^ _14279_/Y (sky130_fd_sc_hd__o21ai_0)
   0.170    4.952 v _14284_/Y (sky130_fd_sc_hd__a21oi_1)
   0.414    5.366 ^ _14290_/Y (sky130_fd_sc_hd__o21ai_0)
   0.200    5.566 ^ _14392_/Y (sky130_fd_sc_hd__xnor2_1)
   0.098    5.663 v _14633_/Y (sky130_fd_sc_hd__nand3_1)
   0.110    5.774 ^ _14634_/Y (sky130_fd_sc_hd__nand3_1)
   0.666    6.440 v _14641_/Y (sky130_fd_sc_hd__nand2_1)
   0.017    6.457 v dp.rf.rf[13][21]$_DFFE_PP_/D (sky130_fd_sc_hd__edfxtp_1)
            6.457   data arrival time

   7.000    7.000   clock clk (rise edge)
   0.775    7.775   clock network delay (ideal)
   0.000    7.775   clock reconvergence pessimism
            7.775 ^ dp.rf.rf[13][21]$_DFFE_PP_/CLK (sky130_fd_sc_hd__edfxtp_1)
  -0.549    7.226   library setup time
            7.226   data required time
-----------------------------------------------------------
            7.226   data required time
           -6.457   data arrival time
-----------------------------------------------------------
            0.768   slack (MET)


Startpoint: dp.rf.rf[5][0]$_DFFE_PP_
            (rising edge-triggered flip-flop clocked by clk)
Endpoint: dp.rf.rf[12][21]$_DFFE_PP_
          (rising edge-triggered flip-flop clocked by clk)
Path Group: clk
Path Type: max

   Delay     Time   Description
-----------------------------------------------------------
   0.000    0.000   clock clk (rise edge)
   0.775    0.775   clock network delay (ideal)
   0.000    0.775 ^ dp.rf.rf[5][0]$_DFFE_PP_/CLK (sky130_fd_sc_hd__edfxtp_1)
   0.323    1.098 ^ dp.rf.rf[5][0]$_DFFE_PP_/Q (sky130_fd_sc_hd__edfxtp_1)
   0.077    1.176 v _10298_/Y (sky130_fd_sc_hd__nand3_1)
   0.108    1.284 ^ _10299_/Y (sky130_fd_sc_hd__nand2_1)
   0.048    1.332 v _10300_/Y (sky130_fd_sc_hd__nand2_1)
   0.089    1.420 ^ _10301_/Y (sky130_fd_sc_hd__nand2_1)
   0.048    1.469 v _10302_/Y (sky130_fd_sc_hd__nand2_1)
   0.103    1.571 ^ _10303_/Y (sky130_fd_sc_hd__nand2_1)
   0.047    1.618 v _10304_/Y (sky130_fd_sc_hd__inv_1)
   0.087    1.705 ^ _10305_/Y (sky130_fd_sc_hd__nand2_1)
   0.087    1.793 v _10306_/Y (sky130_fd_sc_hd__nand2_1)
   0.355    2.148 ^ _12759_/Y (sky130_fd_sc_hd__nand2_1)
   0.279    2.427 ^ place713/X (sky130_fd_sc_hd__buf_4)
   0.063    2.490 v _15032_/Y (sky130_fd_sc_hd__nand2_1)
   0.093    2.583 ^ _15033_/Y (sky130_fd_sc_hd__o21ai_0)
   0.231    2.813 ^ _15388_/COUT (sky130_fd_sc_hd__ha_1)
   0.179    2.992 v _14262_/Y (sky130_fd_sc_hd__a31oi_1)
   0.495    3.487 ^ _14264_/Y (sky130_fd_sc_hd__o21ai_0)
   0.260    3.747 v _14268_/Y (sky130_fd_sc_hd__a21boi_0)
   0.403    4.150 ^ _14270_/Y (sky130_fd_sc_hd__o21ai_0)
   0.186    4.337 v _14277_/Y (sky130_fd_sc_hd__a21oi_1)
   0.445    4.782 ^ _14279_/Y (sky130_fd_sc_hd__o21ai_0)
   0.170    4.952 v _14284_/Y (sky130_fd_sc_hd__a21oi_1)
   0.414    5.366 ^ _14290_/Y (sky130_fd_sc_hd__o21ai_0)
   0.200    5.566 ^ _14392_/Y (sky130_fd_sc_hd__xnor2_1)
   0.098    5.663 v _14633_/Y (sky130_fd_sc_hd__nand3_1)
   0.110    5.774 ^ _14634_/Y (sky130_fd_sc_hd__nand3_1)
   0.666    6.440 v _14641_/Y (sky130_fd_sc_hd__nand2_1)
   0.017    6.457 v dp.rf.rf[12][21]$_DFFE_PP_/D (sky130_fd_sc_hd__edfxtp_1)
            6.457   data arrival time

   7.000    7.000   clock clk (rise edge)
   0.775    7.775   clock network delay (ideal)
   0.000    7.775   clock reconvergence pessimism
            7.775 ^ dp.rf.rf[12][21]$_DFFE_PP_/CLK (sky130_fd_sc_hd__edfxtp_1)
  -0.549    7.226   library setup time
            7.226   data required time
-----------------------------------------------------------
            7.226   data required time
           -6.457   data arrival time
-----------------------------------------------------------
            0.769   slack (MET)


Startpoint: dp.rf.rf[5][0]$_DFFE_PP_
            (rising edge-triggered flip-flop clocked by clk)
Endpoint: dp.rf.rf[14][21]$_DFFE_PP_
          (rising edge-triggered flip-flop clocked by clk)
Path Group: clk
Path Type: max

   Delay     Time   Description
-----------------------------------------------------------
   0.000    0.000   clock clk (rise edge)
   0.775    0.775   clock network delay (ideal)
   0.000    0.775 ^ dp.rf.rf[5][0]$_DFFE_PP_/CLK (sky130_fd_sc_hd__edfxtp_1)
   0.323    1.098 ^ dp.rf.rf[5][0]$_DFFE_PP_/Q (sky130_fd_sc_hd__edfxtp_1)
   0.077    1.176 v _10298_/Y (sky130_fd_sc_hd__nand3_1)
   0.108    1.284 ^ _10299_/Y (sky130_fd_sc_hd__nand2_1)
   0.048    1.332 v _10300_/Y (sky130_fd_sc_hd__nand2_1)
   0.089    1.420 ^ _10301_/Y (sky130_fd_sc_hd__nand2_1)
   0.048    1.469 v _10302_/Y (sky130_fd_sc_hd__nand2_1)
   0.103    1.571 ^ _10303_/Y (sky130_fd_sc_hd__nand2_1)
   0.047    1.618 v _10304_/Y (sky130_fd_sc_hd__inv_1)
   0.087    1.705 ^ _10305_/Y (sky130_fd_sc_hd__nand2_1)
   0.087    1.793 v _10306_/Y (sky130_fd_sc_hd__nand2_1)
   0.355    2.148 ^ _12759_/Y (sky130_fd_sc_hd__nand2_1)
   0.279    2.427 ^ place713/X (sky130_fd_sc_hd__buf_4)
   0.063    2.490 v _15032_/Y (sky130_fd_sc_hd__nand2_1)
   0.093    2.583 ^ _15033_/Y (sky130_fd_sc_hd__o21ai_0)
   0.231    2.813 ^ _15388_/COUT (sky130_fd_sc_hd__ha_1)
   0.179    2.992 v _14262_/Y (sky130_fd_sc_hd__a31oi_1)
   0.495    3.487 ^ _14264_/Y (sky130_fd_sc_hd__o21ai_0)
   0.260    3.747 v _14268_/Y (sky130_fd_sc_hd__a21boi_0)
   0.403    4.150 ^ _14270_/Y (sky130_fd_sc_hd__o21ai_0)
   0.186    4.337 v _14277_/Y (sky130_fd_sc_hd__a21oi_1)
   0.445    4.782 ^ _14279_/Y (sky130_fd_sc_hd__o21ai_0)
   0.170    4.952 v _14284_/Y (sky130_fd_sc_hd__a21oi_1)
   0.414    5.366 ^ _14290_/Y (sky130_fd_sc_hd__o21ai_0)
   0.200    5.566 ^ _14392_/Y (sky130_fd_sc_hd__xnor2_1)
   0.098    5.663 v _14633_/Y (sky130_fd_sc_hd__nand3_1)
   0.110    5.774 ^ _14634_/Y (sky130_fd_sc_hd__nand3_1)
   0.666    6.440 v _14641_/Y (sky130_fd_sc_hd__nand2_1)
   0.017    6.457 v dp.rf.rf[14][21]$_DFFE_PP_/D (sky130_fd_sc_hd__edfxtp_1)
            6.457   data arrival time

   7.000    7.000   clock clk (rise edge)
   0.775    7.775   clock network delay (ideal)
   0.000    7.775   clock reconvergence pessimism
            7.775 ^ dp.rf.rf[14][21]$_DFFE_PP_/CLK (sky130_fd_sc_hd__edfxtp_1)
  -0.549    7.226   library setup time
            7.226   data required time
-----------------------------------------------------------
            7.226   data required time
           -6.457   data arrival time
-----------------------------------------------------------
            0.769   slack (MET)


Startpoint: dp.rf.rf[5][0]$_DFFE_PP_
            (rising edge-triggered flip-flop clocked by clk)
Endpoint: dp.rf.rf[15][21]$_DFFE_PP_
          (rising edge-triggered flip-flop clocked by clk)
Path Group: clk
Path Type: max

   Delay     Time   Description
-----------------------------------------------------------
   0.000    0.000   clock clk (rise edge)
   0.775    0.775   clock network delay (ideal)
   0.000    0.775 ^ dp.rf.rf[5][0]$_DFFE_PP_/CLK (sky130_fd_sc_hd__edfxtp_1)
   0.323    1.098 ^ dp.rf.rf[5][0]$_DFFE_PP_/Q (sky130_fd_sc_hd__edfxtp_1)
   0.077    1.176 v _10298_/Y (sky130_fd_sc_hd__nand3_1)
   0.108    1.284 ^ _10299_/Y (sky130_fd_sc_hd__nand2_1)
   0.048    1.332 v _10300_/Y (sky130_fd_sc_hd__nand2_1)
   0.089    1.420 ^ _10301_/Y (sky130_fd_sc_hd__nand2_1)
   0.048    1.469 v _10302_/Y (sky130_fd_sc_hd__nand2_1)
   0.103    1.571 ^ _10303_/Y (sky130_fd_sc_hd__nand2_1)
   0.047    1.618 v _10304_/Y (sky130_fd_sc_hd__inv_1)
   0.087    1.705 ^ _10305_/Y (sky130_fd_sc_hd__nand2_1)
   0.087    1.793 v _10306_/Y (sky130_fd_sc_hd__nand2_1)
   0.355    2.148 ^ _12759_/Y (sky130_fd_sc_hd__nand2_1)
   0.279    2.427 ^ place713/X (sky130_fd_sc_hd__buf_4)
   0.063    2.490 v _15032_/Y (sky130_fd_sc_hd__nand2_1)
   0.093    2.583 ^ _15033_/Y (sky130_fd_sc_hd__o21ai_0)
   0.231    2.813 ^ _15388_/COUT (sky130_fd_sc_hd__ha_1)
   0.179    2.992 v _14262_/Y (sky130_fd_sc_hd__a31oi_1)
   0.495    3.487 ^ _14264_/Y (sky130_fd_sc_hd__o21ai_0)
   0.260    3.747 v _14268_/Y (sky130_fd_sc_hd__a21boi_0)
   0.403    4.150 ^ _14270_/Y (sky130_fd_sc_hd__o21ai_0)
   0.186    4.337 v _14277_/Y (sky130_fd_sc_hd__a21oi_1)
   0.445    4.782 ^ _14279_/Y (sky130_fd_sc_hd__o21ai_0)
   0.170    4.952 v _14284_/Y (sky130_fd_sc_hd__a21oi_1)
   0.414    5.366 ^ _14290_/Y (sky130_fd_sc_hd__o21ai_0)
   0.200    5.566 ^ _14392_/Y (sky130_fd_sc_hd__xnor2_1)
   0.098    5.663 v _14633_/Y (sky130_fd_sc_hd__nand3_1)
   0.110    5.774 ^ _14634_/Y (sky130_fd_sc_hd__nand3_1)
   0.666    6.440 v _14641_/Y (sky130_fd_sc_hd__nand2_1)
   0.017    6.457 v dp.rf.rf[15][21]$_DFFE_PP_/D (sky130_fd_sc_hd__edfxtp_1)
            6.457   data arrival time

   7.000    7.000   clock clk (rise edge)
   0.775    7.775   clock network delay (ideal)
   0.000    7.775   clock reconvergence pessimism
            7.775 ^ dp.rf.rf[15][21]$_DFFE_PP_/CLK (sky130_fd_sc_hd__edfxtp_1)
  -0.549    7.226   library setup time
            7.226   data required time
-----------------------------------------------------------
            7.226   data required time
           -6.457   data arrival time
-----------------------------------------------------------
            0.769   slack (MET)


Startpoint: dp.rf.rf[5][0]$_DFFE_PP_
            (rising edge-triggered flip-flop clocked by clk)
Endpoint: dp.rf.rf[8][21]$_DFFE_PP_
          (rising edge-triggered flip-flop clocked by clk)
Path Group: clk
Path Type: max

   Delay     Time   Description
-----------------------------------------------------------
   0.000    0.000   clock clk (rise edge)
   0.775    0.775   clock network delay (ideal)
   0.000    0.775 ^ dp.rf.rf[5][0]$_DFFE_PP_/CLK (sky130_fd_sc_hd__edfxtp_1)
   0.323    1.098 ^ dp.rf.rf[5][0]$_DFFE_PP_/Q (sky130_fd_sc_hd__edfxtp_1)
   0.077    1.176 v _10298_/Y (sky130_fd_sc_hd__nand3_1)
   0.108    1.284 ^ _10299_/Y (sky130_fd_sc_hd__nand2_1)
   0.048    1.332 v _10300_/Y (sky130_fd_sc_hd__nand2_1)
   0.089    1.420 ^ _10301_/Y (sky130_fd_sc_hd__nand2_1)
   0.048    1.469 v _10302_/Y (sky130_fd_sc_hd__nand2_1)
   0.103    1.571 ^ _10303_/Y (sky130_fd_sc_hd__nand2_1)
   0.047    1.618 v _10304_/Y (sky130_fd_sc_hd__inv_1)
   0.087    1.705 ^ _10305_/Y (sky130_fd_sc_hd__nand2_1)
   0.087    1.793 v _10306_/Y (sky130_fd_sc_hd__nand2_1)
   0.355    2.148 ^ _12759_/Y (sky130_fd_sc_hd__nand2_1)
   0.279    2.427 ^ place713/X (sky130_fd_sc_hd__buf_4)
   0.063    2.490 v _15032_/Y (sky130_fd_sc_hd__nand2_1)
   0.093    2.583 ^ _15033_/Y (sky130_fd_sc_hd__o21ai_0)
   0.231    2.813 ^ _15388_/COUT (sky130_fd_sc_hd__ha_1)
   0.179    2.992 v _14262_/Y (sky130_fd_sc_hd__a31oi_1)
   0.495    3.487 ^ _14264_/Y (sky130_fd_sc_hd__o21ai_0)
   0.260    3.747 v _14268_/Y (sky130_fd_sc_hd__a21boi_0)
   0.403    4.150 ^ _14270_/Y (sky130_fd_sc_hd__o21ai_0)
   0.186    4.337 v _14277_/Y (sky130_fd_sc_hd__a21oi_1)
   0.445    4.782 ^ _14279_/Y (sky130_fd_sc_hd__o21ai_0)
   0.170    4.952 v _14284_/Y (sky130_fd_sc_hd__a21oi_1)
   0.414    5.366 ^ _14290_/Y (sky130_fd_sc_hd__o21ai_0)
   0.200    5.566 ^ _14392_/Y (sky130_fd_sc_hd__xnor2_1)
   0.098    5.663 v _14633_/Y (sky130_fd_sc_hd__nand3_1)
   0.110    5.774 ^ _14634_/Y (sky130_fd_sc_hd__nand3_1)
   0.666    6.440 v _14641_/Y (sky130_fd_sc_hd__nand2_1)
   0.015    6.455 v dp.rf.rf[8][21]$_DFFE_PP_/D (sky130_fd_sc_hd__edfxtp_1)
            6.455   data arrival time

   7.000    7.000   clock clk (rise edge)
   0.775    7.775   clock network delay (ideal)
   0.000    7.775   clock reconvergence pessimism
            7.775 ^ dp.rf.rf[8][21]$_DFFE_PP_/CLK (sky130_fd_sc_hd__edfxtp_1)
  -0.549    7.226   library setup time
            7.226   data required time
-----------------------------------------------------------
            7.226   data required time
           -6.455   data arrival time
-----------------------------------------------------------
            0.771   slack (MET)


Startpoint: dp.rf.rf[5][0]$_DFFE_PP_
            (rising edge-triggered flip-flop clocked by clk)
Endpoint: dp.rf.rf[9][21]$_DFFE_PP_
          (rising edge-triggered flip-flop clocked by clk)
Path Group: clk
Path Type: max

   Delay     Time   Description
-----------------------------------------------------------
   0.000    0.000   clock clk (rise edge)
   0.775    0.775   clock network delay (ideal)
   0.000    0.775 ^ dp.rf.rf[5][0]$_DFFE_PP_/CLK (sky130_fd_sc_hd__edfxtp_1)
   0.323    1.098 ^ dp.rf.rf[5][0]$_DFFE_PP_/Q (sky130_fd_sc_hd__edfxtp_1)
   0.077    1.176 v _10298_/Y (sky130_fd_sc_hd__nand3_1)
   0.108    1.284 ^ _10299_/Y (sky130_fd_sc_hd__nand2_1)
   0.048    1.332 v _10300_/Y (sky130_fd_sc_hd__nand2_1)
   0.089    1.420 ^ _10301_/Y (sky130_fd_sc_hd__nand2_1)
   0.048    1.469 v _10302_/Y (sky130_fd_sc_hd__nand2_1)
   0.103    1.571 ^ _10303_/Y (sky130_fd_sc_hd__nand2_1)
   0.047    1.618 v _10304_/Y (sky130_fd_sc_hd__inv_1)
   0.087    1.705 ^ _10305_/Y (sky130_fd_sc_hd__nand2_1)
   0.087    1.793 v _10306_/Y (sky130_fd_sc_hd__nand2_1)
   0.355    2.148 ^ _12759_/Y (sky130_fd_sc_hd__nand2_1)
   0.279    2.427 ^ place713/X (sky130_fd_sc_hd__buf_4)
   0.063    2.490 v _15032_/Y (sky130_fd_sc_hd__nand2_1)
   0.093    2.583 ^ _15033_/Y (sky130_fd_sc_hd__o21ai_0)
   0.231    2.813 ^ _15388_/COUT (sky130_fd_sc_hd__ha_1)
   0.179    2.992 v _14262_/Y (sky130_fd_sc_hd__a31oi_1)
   0.495    3.487 ^ _14264_/Y (sky130_fd_sc_hd__o21ai_0)
   0.260    3.747 v _14268_/Y (sky130_fd_sc_hd__a21boi_0)
   0.403    4.150 ^ _14270_/Y (sky130_fd_sc_hd__o21ai_0)
   0.186    4.337 v _14277_/Y (sky130_fd_sc_hd__a21oi_1)
   0.445    4.782 ^ _14279_/Y (sky130_fd_sc_hd__o21ai_0)
   0.170    4.952 v _14284_/Y (sky130_fd_sc_hd__a21oi_1)
   0.414    5.366 ^ _14290_/Y (sky130_fd_sc_hd__o21ai_0)
   0.200    5.566 ^ _14392_/Y (sky130_fd_sc_hd__xnor2_1)
   0.098    5.663 v _14633_/Y (sky130_fd_sc_hd__nand3_1)
   0.110    5.774 ^ _14634_/Y (sky130_fd_sc_hd__nand3_1)
   0.666    6.440 v _14641_/Y (sky130_fd_sc_hd__nand2_1)
   0.013    6.453 v dp.rf.rf[9][21]$_DFFE_PP_/D (sky130_fd_sc_hd__edfxtp_1)
            6.453   data arrival time

   7.000    7.000   clock clk (rise edge)
   0.775    7.775   clock network delay (ideal)
   0.000    7.775   clock reconvergence pessimism
            7.775 ^ dp.rf.rf[9][21]$_DFFE_PP_/CLK (sky130_fd_sc_hd__edfxtp_1)
  -0.549    7.226   library setup time
            7.226   data required time
-----------------------------------------------------------
            7.226   data required time
           -6.453   data arrival time
-----------------------------------------------------------
            0.773   slack (MET)


Startpoint: dp.rf.rf[5][0]$_DFFE_PP_
            (rising edge-triggered flip-flop clocked by clk)
Endpoint: dp.rf.rf[5][21]$_DFFE_PP_
          (rising edge-triggered flip-flop clocked by clk)
Path Group: clk
Path Type: max

   Delay     Time   Description
-----------------------------------------------------------
   0.000    0.000   clock clk (rise edge)
   0.775    0.775   clock network delay (ideal)
   0.000    0.775 ^ dp.rf.rf[5][0]$_DFFE_PP_/CLK (sky130_fd_sc_hd__edfxtp_1)
   0.323    1.098 ^ dp.rf.rf[5][0]$_DFFE_PP_/Q (sky130_fd_sc_hd__edfxtp_1)
   0.077    1.176 v _10298_/Y (sky130_fd_sc_hd__nand3_1)
   0.108    1.284 ^ _10299_/Y (sky130_fd_sc_hd__nand2_1)
   0.048    1.332 v _10300_/Y (sky130_fd_sc_hd__nand2_1)
   0.089    1.420 ^ _10301_/Y (sky130_fd_sc_hd__nand2_1)
   0.048    1.469 v _10302_/Y (sky130_fd_sc_hd__nand2_1)
   0.103    1.571 ^ _10303_/Y (sky130_fd_sc_hd__nand2_1)
   0.047    1.618 v _10304_/Y (sky130_fd_sc_hd__inv_1)
   0.087    1.705 ^ _10305_/Y (sky130_fd_sc_hd__nand2_1)
   0.087    1.793 v _10306_/Y (sky130_fd_sc_hd__nand2_1)
   0.355    2.148 ^ _12759_/Y (sky130_fd_sc_hd__nand2_1)
   0.279    2.427 ^ place713/X (sky130_fd_sc_hd__buf_4)
   0.063    2.490 v _15032_/Y (sky130_fd_sc_hd__nand2_1)
   0.093    2.583 ^ _15033_/Y (sky130_fd_sc_hd__o21ai_0)
   0.231    2.813 ^ _15388_/COUT (sky130_fd_sc_hd__ha_1)
   0.179    2.992 v _14262_/Y (sky130_fd_sc_hd__a31oi_1)
   0.495    3.487 ^ _14264_/Y (sky130_fd_sc_hd__o21ai_0)
   0.260    3.747 v _14268_/Y (sky130_fd_sc_hd__a21boi_0)
   0.403    4.150 ^ _14270_/Y (sky130_fd_sc_hd__o21ai_0)
   0.186    4.337 v _14277_/Y (sky130_fd_sc_hd__a21oi_1)
   0.445    4.782 ^ _14279_/Y (sky130_fd_sc_hd__o21ai_0)
   0.170    4.952 v _14284_/Y (sky130_fd_sc_hd__a21oi_1)
   0.414    5.366 ^ _14290_/Y (sky130_fd_sc_hd__o21ai_0)
   0.200    5.566 ^ _14392_/Y (sky130_fd_sc_hd__xnor2_1)
   0.098    5.663 v _14633_/Y (sky130_fd_sc_hd__nand3_1)
   0.110    5.774 ^ _14634_/Y (sky130_fd_sc_hd__nand3_1)
   0.666    6.440 v _14641_/Y (sky130_fd_sc_hd__nand2_1)
   0.011    6.451 v dp.rf.rf[5][21]$_DFFE_PP_/D (sky130_fd_sc_hd__edfxtp_1)
            6.451   data arrival time

   7.000    7.000   clock clk (rise edge)
   0.775    7.775   clock network delay (ideal)
   0.000    7.775   clock reconvergence pessimism
            7.775 ^ dp.rf.rf[5][21]$_DFFE_PP_/CLK (sky130_fd_sc_hd__edfxtp_1)
  -0.549    7.226   library setup time
            7.226   data required time
-----------------------------------------------------------
            7.226   data required time
           -6.451   data arrival time
-----------------------------------------------------------
            0.775   slack (MET)


Startpoint: dp.rf.rf[11][0]$_DFFE_PP_
            (rising edge-triggered flip-flop clocked by clk)
Endpoint: dp.rf.rf[12][18]$_DFFE_PP_
          (rising edge-triggered flip-flop clocked by clk)
Path Group: clk
Path Type: max

   Delay     Time   Description
-----------------------------------------------------------
   0.000    0.000   clock clk (rise edge)
   0.775    0.775   clock network delay (ideal)
   0.000    0.775 ^ dp.rf.rf[11][0]$_DFFE_PP_/CLK (sky130_fd_sc_hd__edfxtp_1)
   0.359    1.134 v dp.rf.rf[11][0]$_DFFE_PP_/Q (sky130_fd_sc_hd__edfxtp_1)
   0.114    1.248 ^ _10276_/Y (sky130_fd_sc_hd__nor2_1)
   0.064    1.312 v _10277_/Y (sky130_fd_sc_hd__nor2_1)
   0.144    1.456 ^ _10280_/Y (sky130_fd_sc_hd__a21oi_1)
   0.102    1.557 v _10281_/Y (sky130_fd_sc_hd__o21ai_0)
   0.085    1.642 ^ _10282_/Y (sky130_fd_sc_hd__nand3_1)
   0.094    1.736 v _10305_/Y (sky130_fd_sc_hd__nand2_1)
   0.101    1.837 ^ _10306_/Y (sky130_fd_sc_hd__nand2_1)
   0.276    2.113 v _12759_/Y (sky130_fd_sc_hd__nand2_1)
   0.306    2.419 v place713/X (sky130_fd_sc_hd__buf_4)
   0.064    2.483 ^ _15032_/Y (sky130_fd_sc_hd__nand2_1)
   0.090    2.573 v _15033_/Y (sky130_fd_sc_hd__o21ai_0)
   0.243    2.816 v _15388_/COUT (sky130_fd_sc_hd__ha_1)
   0.455    3.271 v _15290_/COUT (sky130_fd_sc_hd__fa_1)
   0.072    3.343 ^ _14173_/Y (sky130_fd_sc_hd__nand2_1)
   0.087    3.430 v _14175_/Y (sky130_fd_sc_hd__nand2_1)
   0.296    3.726 ^ _14176_/Y (sky130_fd_sc_hd__a21oi_1)
   0.226    3.952 v _14178_/Y (sky130_fd_sc_hd__o21ai_0)
   0.273    4.225 ^ _14181_/Y (sky130_fd_sc_hd__a31oi_1)
   0.236    4.460 v _14183_/Y (sky130_fd_sc_hd__o21ai_0)
   0.291    4.751 ^ _14190_/Y (sky130_fd_sc_hd__a21oi_1)
   0.223    4.974 v _14192_/Y (sky130_fd_sc_hd__o21ai_0)
   0.290    5.264 ^ _14374_/Y (sky130_fd_sc_hd__a31oi_1)
   0.228    5.492 ^ _14420_/X (sky130_fd_sc_hd__xor2_1)
   0.098    5.590 v _14668_/Y (sky130_fd_sc_hd__nand3_1)
   0.111    5.701 ^ _14669_/Y (sky130_fd_sc_hd__nand3_1)
   0.635    6.336 v _14677_/Y (sky130_fd_sc_hd__nand2_1)
   0.020    6.356 v dp.rf.rf[12][18]$_DFFE_PP_/D (sky130_fd_sc_hd__edfxtp_1)
            6.356   data arrival time

   7.000    7.000   clock clk (rise edge)
   0.775    7.775   clock network delay (ideal)
   0.000    7.775   clock reconvergence pessimism
            7.775 ^ dp.rf.rf[12][18]$_DFFE_PP_/CLK (sky130_fd_sc_hd__edfxtp_1)
  -0.535    7.240   library setup time
            7.240   data required time
-----------------------------------------------------------
            7.240   data required time
           -6.356   data arrival time
-----------------------------------------------------------
            0.884   slack (MET)


Startpoint: dp.rf.rf[11][0]$_DFFE_PP_
            (rising edge-triggered flip-flop clocked by clk)
Endpoint: dp.rf.rf[13][18]$_DFFE_PP_
          (rising edge-triggered flip-flop clocked by clk)
Path Group: clk
Path Type: max

   Delay     Time   Description
-----------------------------------------------------------
   0.000    0.000   clock clk (rise edge)
   0.775    0.775   clock network delay (ideal)
   0.000    0.775 ^ dp.rf.rf[11][0]$_DFFE_PP_/CLK (sky130_fd_sc_hd__edfxtp_1)
   0.359    1.134 v dp.rf.rf[11][0]$_DFFE_PP_/Q (sky130_fd_sc_hd__edfxtp_1)
   0.114    1.248 ^ _10276_/Y (sky130_fd_sc_hd__nor2_1)
   0.064    1.312 v _10277_/Y (sky130_fd_sc_hd__nor2_1)
   0.144    1.456 ^ _10280_/Y (sky130_fd_sc_hd__a21oi_1)
   0.102    1.557 v _10281_/Y (sky130_fd_sc_hd__o21ai_0)
   0.085    1.642 ^ _10282_/Y (sky130_fd_sc_hd__nand3_1)
   0.094    1.736 v _10305_/Y (sky130_fd_sc_hd__nand2_1)
   0.101    1.837 ^ _10306_/Y (sky130_fd_sc_hd__nand2_1)
   0.276    2.113 v _12759_/Y (sky130_fd_sc_hd__nand2_1)
   0.306    2.419 v place713/X (sky130_fd_sc_hd__buf_4)
   0.064    2.483 ^ _15032_/Y (sky130_fd_sc_hd__nand2_1)
   0.090    2.573 v _15033_/Y (sky130_fd_sc_hd__o21ai_0)
   0.243    2.816 v _15388_/COUT (sky130_fd_sc_hd__ha_1)
   0.455    3.271 v _15290_/COUT (sky130_fd_sc_hd__fa_1)
   0.072    3.343 ^ _14173_/Y (sky130_fd_sc_hd__nand2_1)
   0.087    3.430 v _14175_/Y (sky130_fd_sc_hd__nand2_1)
   0.296    3.726 ^ _14176_/Y (sky130_fd_sc_hd__a21oi_1)
   0.226    3.952 v _14178_/Y (sky130_fd_sc_hd__o21ai_0)
   0.273    4.225 ^ _14181_/Y (sky130_fd_sc_hd__a31oi_1)
   0.236    4.460 v _14183_/Y (sky130_fd_sc_hd__o21ai_0)
   0.291    4.751 ^ _14190_/Y (sky130_fd_sc_hd__a21oi_1)
   0.223    4.974 v _14192_/Y (sky130_fd_sc_hd__o21ai_0)
   0.290    5.264 ^ _14374_/Y (sky130_fd_sc_hd__a31oi_1)
   0.228    5.492 ^ _14420_/X (sky130_fd_sc_hd__xor2_1)
   0.098    5.590 v _14668_/Y (sky130_fd_sc_hd__nand3_1)
   0.111    5.701 ^ _14669_/Y (sky130_fd_sc_hd__nand3_1)
   0.635    6.336 v _14677_/Y (sky130_fd_sc_hd__nand2_1)
   0.020    6.356 v dp.rf.rf[13][18]$_DFFE_PP_/D (sky130_fd_sc_hd__edfxtp_1)
            6.356   data arrival time

   7.000    7.000   clock clk (rise edge)
   0.775    7.775   clock network delay (ideal)
   0.000    7.775   clock reconvergence pessimism
            7.775 ^ dp.rf.rf[13][18]$_DFFE_PP_/CLK (sky130_fd_sc_hd__edfxtp_1)
  -0.535    7.240   library setup time
            7.240   data required time
-----------------------------------------------------------
            7.240   data required time
           -6.356   data arrival time
-----------------------------------------------------------
            0.884   slack (MET)


Startpoint: dp.rf.rf[11][0]$_DFFE_PP_
            (rising edge-triggered flip-flop clocked by clk)
Endpoint: dp.rf.rf[15][18]$_DFFE_PP_
          (rising edge-triggered flip-flop clocked by clk)
Path Group: clk
Path Type: max

   Delay     Time   Description
-----------------------------------------------------------
   0.000    0.000   clock clk (rise edge)
   0.775    0.775   clock network delay (ideal)
   0.000    0.775 ^ dp.rf.rf[11][0]$_DFFE_PP_/CLK (sky130_fd_sc_hd__edfxtp_1)
   0.359    1.134 v dp.rf.rf[11][0]$_DFFE_PP_/Q (sky130_fd_sc_hd__edfxtp_1)
   0.114    1.248 ^ _10276_/Y (sky130_fd_sc_hd__nor2_1)
   0.064    1.312 v _10277_/Y (sky130_fd_sc_hd__nor2_1)
   0.144    1.456 ^ _10280_/Y (sky130_fd_sc_hd__a21oi_1)
   0.102    1.557 v _10281_/Y (sky130_fd_sc_hd__o21ai_0)
   0.085    1.642 ^ _10282_/Y (sky130_fd_sc_hd__nand3_1)
   0.094    1.736 v _10305_/Y (sky130_fd_sc_hd__nand2_1)
   0.101    1.837 ^ _10306_/Y (sky130_fd_sc_hd__nand2_1)
   0.276    2.113 v _12759_/Y (sky130_fd_sc_hd__nand2_1)
   0.306    2.419 v place713/X (sky130_fd_sc_hd__buf_4)
   0.064    2.483 ^ _15032_/Y (sky130_fd_sc_hd__nand2_1)
   0.090    2.573 v _15033_/Y (sky130_fd_sc_hd__o21ai_0)
   0.243    2.816 v _15388_/COUT (sky130_fd_sc_hd__ha_1)
   0.455    3.271 v _15290_/COUT (sky130_fd_sc_hd__fa_1)
   0.072    3.343 ^ _14173_/Y (sky130_fd_sc_hd__nand2_1)
   0.087    3.430 v _14175_/Y (sky130_fd_sc_hd__nand2_1)
   0.296    3.726 ^ _14176_/Y (sky130_fd_sc_hd__a21oi_1)
   0.226    3.952 v _14178_/Y (sky130_fd_sc_hd__o21ai_0)
   0.273    4.225 ^ _14181_/Y (sky130_fd_sc_hd__a31oi_1)
   0.236    4.460 v _14183_/Y (sky130_fd_sc_hd__o21ai_0)
   0.291    4.751 ^ _14190_/Y (sky130_fd_sc_hd__a21oi_1)
   0.223    4.974 v _14192_/Y (sky130_fd_sc_hd__o21ai_0)
   0.290    5.264 ^ _14374_/Y (sky130_fd_sc_hd__a31oi_1)
   0.228    5.492 ^ _14420_/X (sky130_fd_sc_hd__xor2_1)
   0.098    5.590 v _14668_/Y (sky130_fd_sc_hd__nand3_1)
   0.111    5.701 ^ _14669_/Y (sky130_fd_sc_hd__nand3_1)
   0.635    6.336 v _14677_/Y (sky130_fd_sc_hd__nand2_1)
   0.020    6.356 v dp.rf.rf[15][18]$_DFFE_PP_/D (sky130_fd_sc_hd__edfxtp_1)
            6.356   data arrival time

   7.000    7.000   clock clk (rise edge)
   0.775    7.775   clock network delay (ideal)
   0.000    7.775   clock reconvergence pessimism
            7.775 ^ dp.rf.rf[15][18]$_DFFE_PP_/CLK (sky130_fd_sc_hd__edfxtp_1)
  -0.535    7.240   library setup time
            7.240   data required time
-----------------------------------------------------------
            7.240   data required time
           -6.356   data arrival time
-----------------------------------------------------------
            0.884   slack (MET)


Startpoint: dp.rf.rf[11][0]$_DFFE_PP_
            (rising edge-triggered flip-flop clocked by clk)
Endpoint: dp.rf.rf[14][18]$_DFFE_PP_
          (rising edge-triggered flip-flop clocked by clk)
Path Group: clk
Path Type: max

   Delay     Time   Description
-----------------------------------------------------------
   0.000    0.000   clock clk (rise edge)
   0.775    0.775   clock network delay (ideal)
   0.000    0.775 ^ dp.rf.rf[11][0]$_DFFE_PP_/CLK (sky130_fd_sc_hd__edfxtp_1)
   0.359    1.134 v dp.rf.rf[11][0]$_DFFE_PP_/Q (sky130_fd_sc_hd__edfxtp_1)
   0.114    1.248 ^ _10276_/Y (sky130_fd_sc_hd__nor2_1)
   0.064    1.312 v _10277_/Y (sky130_fd_sc_hd__nor2_1)
   0.144    1.456 ^ _10280_/Y (sky130_fd_sc_hd__a21oi_1)
   0.102    1.557 v _10281_/Y (sky130_fd_sc_hd__o21ai_0)
   0.085    1.642 ^ _10282_/Y (sky130_fd_sc_hd__nand3_1)
   0.094    1.736 v _10305_/Y (sky130_fd_sc_hd__nand2_1)
   0.101    1.837 ^ _10306_/Y (sky130_fd_sc_hd__nand2_1)
   0.276    2.113 v _12759_/Y (sky130_fd_sc_hd__nand2_1)
   0.306    2.419 v place713/X (sky130_fd_sc_hd__buf_4)
   0.064    2.483 ^ _15032_/Y (sky130_fd_sc_hd__nand2_1)
   0.090    2.573 v _15033_/Y (sky130_fd_sc_hd__o21ai_0)
   0.243    2.816 v _15388_/COUT (sky130_fd_sc_hd__ha_1)
   0.455    3.271 v _15290_/COUT (sky130_fd_sc_hd__fa_1)
   0.072    3.343 ^ _14173_/Y (sky130_fd_sc_hd__nand2_1)
   0.087    3.430 v _14175_/Y (sky130_fd_sc_hd__nand2_1)
   0.296    3.726 ^ _14176_/Y (sky130_fd_sc_hd__a21oi_1)
   0.226    3.952 v _14178_/Y (sky130_fd_sc_hd__o21ai_0)
   0.273    4.225 ^ _14181_/Y (sky130_fd_sc_hd__a31oi_1)
   0.236    4.460 v _14183_/Y (sky130_fd_sc_hd__o21ai_0)
   0.291    4.751 ^ _14190_/Y (sky130_fd_sc_hd__a21oi_1)
   0.223    4.974 v _14192_/Y (sky130_fd_sc_hd__o21ai_0)
   0.290    5.264 ^ _14374_/Y (sky130_fd_sc_hd__a31oi_1)
   0.228    5.492 ^ _14420_/X (sky130_fd_sc_hd__xor2_1)
   0.098    5.590 v _14668_/Y (sky130_fd_sc_hd__nand3_1)
   0.111    5.701 ^ _14669_/Y (sky130_fd_sc_hd__nand3_1)
   0.635    6.336 v _14677_/Y (sky130_fd_sc_hd__nand2_1)
   0.020    6.356 v dp.rf.rf[14][18]$_DFFE_PP_/D (sky130_fd_sc_hd__edfxtp_1)
            6.356   data arrival time

   7.000    7.000   clock clk (rise edge)
   0.775    7.775   clock network delay (ideal)
   0.000    7.775   clock reconvergence pessimism
            7.775 ^ dp.rf.rf[14][18]$_DFFE_PP_/CLK (sky130_fd_sc_hd__edfxtp_1)
  -0.535    7.240   library setup time
            7.240   data required time
-----------------------------------------------------------
            7.240   data required time
           -6.356   data arrival time
-----------------------------------------------------------
            0.884   slack (MET)


Startpoint: dp.rf.rf[11][0]$_DFFE_PP_
            (rising edge-triggered flip-flop clocked by clk)
Endpoint: dp.rf.rf[10][18]$_DFFE_PP_
          (rising edge-triggered flip-flop clocked by clk)
Path Group: clk
Path Type: max

   Delay     Time   Description
-----------------------------------------------------------
   0.000    0.000   clock clk (rise edge)
   0.775    0.775   clock network delay (ideal)
   0.000    0.775 ^ dp.rf.rf[11][0]$_DFFE_PP_/CLK (sky130_fd_sc_hd__edfxtp_1)
   0.359    1.134 v dp.rf.rf[11][0]$_DFFE_PP_/Q (sky130_fd_sc_hd__edfxtp_1)
   0.114    1.248 ^ _10276_/Y (sky130_fd_sc_hd__nor2_1)
   0.064    1.312 v _10277_/Y (sky130_fd_sc_hd__nor2_1)
   0.144    1.456 ^ _10280_/Y (sky130_fd_sc_hd__a21oi_1)
   0.102    1.557 v _10281_/Y (sky130_fd_sc_hd__o21ai_0)
   0.085    1.642 ^ _10282_/Y (sky130_fd_sc_hd__nand3_1)
   0.094    1.736 v _10305_/Y (sky130_fd_sc_hd__nand2_1)
   0.101    1.837 ^ _10306_/Y (sky130_fd_sc_hd__nand2_1)
   0.276    2.113 v _12759_/Y (sky130_fd_sc_hd__nand2_1)
   0.306    2.419 v place713/X (sky130_fd_sc_hd__buf_4)
   0.064    2.483 ^ _15032_/Y (sky130_fd_sc_hd__nand2_1)
   0.090    2.573 v _15033_/Y (sky130_fd_sc_hd__o21ai_0)
   0.243    2.816 v _15388_/COUT (sky130_fd_sc_hd__ha_1)
   0.455    3.271 v _15290_/COUT (sky130_fd_sc_hd__fa_1)
   0.072    3.343 ^ _14173_/Y (sky130_fd_sc_hd__nand2_1)
   0.087    3.430 v _14175_/Y (sky130_fd_sc_hd__nand2_1)
   0.296    3.726 ^ _14176_/Y (sky130_fd_sc_hd__a21oi_1)
   0.226    3.952 v _14178_/Y (sky130_fd_sc_hd__o21ai_0)
   0.273    4.225 ^ _14181_/Y (sky130_fd_sc_hd__a31oi_1)
   0.236    4.460 v _14183_/Y (sky130_fd_sc_hd__o21ai_0)
   0.291    4.751 ^ _14190_/Y (sky130_fd_sc_hd__a21oi_1)
   0.223    4.974 v _14192_/Y (sky130_fd_sc_hd__o21ai_0)
   0.290    5.264 ^ _14374_/Y (sky130_fd_sc_hd__a31oi_1)
   0.228    5.492 ^ _14420_/X (sky130_fd_sc_hd__xor2_1)
   0.098    5.590 v _14668_/Y (sky130_fd_sc_hd__nand3_1)
   0.111    5.701 ^ _14669_/Y (sky130_fd_sc_hd__nand3_1)
   0.635    6.336 v _14677_/Y (sky130_fd_sc_hd__nand2_1)
   0.020    6.356 v dp.rf.rf[10][18]$_DFFE_PP_/D (sky130_fd_sc_hd__edfxtp_1)
            6.356   data arrival time

   7.000    7.000   clock clk (rise edge)
   0.775    7.775   clock network delay (ideal)
   0.000    7.775   clock reconvergence pessimism
            7.775 ^ dp.rf.rf[10][18]$_DFFE_PP_/CLK (sky130_fd_sc_hd__edfxtp_1)
  -0.535    7.240   library setup time
            7.240   data required time
-----------------------------------------------------------
            7.240   data required time
           -6.356   data arrival time
-----------------------------------------------------------
            0.884   slack (MET)


Startpoint: dp.rf.rf[11][0]$_DFFE_PP_
            (rising edge-triggered flip-flop clocked by clk)
Endpoint: dp.rf.rf[11][18]$_DFFE_PP_
          (rising edge-triggered flip-flop clocked by clk)
Path Group: clk
Path Type: max

   Delay     Time   Description
-----------------------------------------------------------
   0.000    0.000   clock clk (rise edge)
   0.775    0.775   clock network delay (ideal)
   0.000    0.775 ^ dp.rf.rf[11][0]$_DFFE_PP_/CLK (sky130_fd_sc_hd__edfxtp_1)
   0.359    1.134 v dp.rf.rf[11][0]$_DFFE_PP_/Q (sky130_fd_sc_hd__edfxtp_1)
   0.114    1.248 ^ _10276_/Y (sky130_fd_sc_hd__nor2_1)
   0.064    1.312 v _10277_/Y (sky130_fd_sc_hd__nor2_1)
   0.144    1.456 ^ _10280_/Y (sky130_fd_sc_hd__a21oi_1)
   0.102    1.557 v _10281_/Y (sky130_fd_sc_hd__o21ai_0)
   0.085    1.642 ^ _10282_/Y (sky130_fd_sc_hd__nand3_1)
   0.094    1.736 v _10305_/Y (sky130_fd_sc_hd__nand2_1)
   0.101    1.837 ^ _10306_/Y (sky130_fd_sc_hd__nand2_1)
   0.276    2.113 v _12759_/Y (sky130_fd_sc_hd__nand2_1)
   0.306    2.419 v place713/X (sky130_fd_sc_hd__buf_4)
   0.064    2.483 ^ _15032_/Y (sky130_fd_sc_hd__nand2_1)
   0.090    2.573 v _15033_/Y (sky130_fd_sc_hd__o21ai_0)
   0.243    2.816 v _15388_/COUT (sky130_fd_sc_hd__ha_1)
   0.455    3.271 v _15290_/COUT (sky130_fd_sc_hd__fa_1)
   0.072    3.343 ^ _14173_/Y (sky130_fd_sc_hd__nand2_1)
   0.087    3.430 v _14175_/Y (sky130_fd_sc_hd__nand2_1)
   0.296    3.726 ^ _14176_/Y (sky130_fd_sc_hd__a21oi_1)
   0.226    3.952 v _14178_/Y (sky130_fd_sc_hd__o21ai_0)
   0.273    4.225 ^ _14181_/Y (sky130_fd_sc_hd__a31oi_1)
   0.236    4.460 v _14183_/Y (sky130_fd_sc_hd__o21ai_0)
   0.291    4.751 ^ _14190_/Y (sky130_fd_sc_hd__a21oi_1)
   0.223    4.974 v _14192_/Y (sky130_fd_sc_hd__o21ai_0)
   0.290    5.264 ^ _14374_/Y (sky130_fd_sc_hd__a31oi_1)
   0.228    5.492 ^ _14420_/X (sky130_fd_sc_hd__xor2_1)
   0.098    5.590 v _14668_/Y (sky130_fd_sc_hd__nand3_1)
   0.111    5.701 ^ _14669_/Y (sky130_fd_sc_hd__nand3_1)
   0.635    6.336 v _14677_/Y (sky130_fd_sc_hd__nand2_1)
   0.020    6.356 v dp.rf.rf[11][18]$_DFFE_PP_/D (sky130_fd_sc_hd__edfxtp_1)
            6.356   data arrival time

   7.000    7.000   clock clk (rise edge)
   0.775    7.775   clock network delay (ideal)
   0.000    7.775   clock reconvergence pessimism
            7.775 ^ dp.rf.rf[11][18]$_DFFE_PP_/CLK (sky130_fd_sc_hd__edfxtp_1)
  -0.535    7.240   library setup time
            7.240   data required time
-----------------------------------------------------------
            7.240   data required time
           -6.356   data arrival time
-----------------------------------------------------------
            0.885   slack (MET)


Startpoint: dp.rf.rf[11][0]$_DFFE_PP_
            (rising edge-triggered flip-flop clocked by clk)
Endpoint: dp.rf.rf[0][18]$_DFFE_PP_
          (rising edge-triggered flip-flop clocked by clk)
Path Group: clk
Path Type: max

   Delay     Time   Description
-----------------------------------------------------------
   0.000    0.000   clock clk (rise edge)
   0.775    0.775   clock network delay (ideal)
   0.000    0.775 ^ dp.rf.rf[11][0]$_DFFE_PP_/CLK (sky130_fd_sc_hd__edfxtp_1)
   0.359    1.134 v dp.rf.rf[11][0]$_DFFE_PP_/Q (sky130_fd_sc_hd__edfxtp_1)
   0.114    1.248 ^ _10276_/Y (sky130_fd_sc_hd__nor2_1)
   0.064    1.312 v _10277_/Y (sky130_fd_sc_hd__nor2_1)
   0.144    1.456 ^ _10280_/Y (sky130_fd_sc_hd__a21oi_1)
   0.102    1.557 v _10281_/Y (sky130_fd_sc_hd__o21ai_0)
   0.085    1.642 ^ _10282_/Y (sky130_fd_sc_hd__nand3_1)
   0.094    1.736 v _10305_/Y (sky130_fd_sc_hd__nand2_1)
   0.101    1.837 ^ _10306_/Y (sky130_fd_sc_hd__nand2_1)
   0.276    2.113 v _12759_/Y (sky130_fd_sc_hd__nand2_1)
   0.306    2.419 v place713/X (sky130_fd_sc_hd__buf_4)
   0.064    2.483 ^ _15032_/Y (sky130_fd_sc_hd__nand2_1)
   0.090    2.573 v _15033_/Y (sky130_fd_sc_hd__o21ai_0)
   0.243    2.816 v _15388_/COUT (sky130_fd_sc_hd__ha_1)
   0.455    3.271 v _15290_/COUT (sky130_fd_sc_hd__fa_1)
   0.072    3.343 ^ _14173_/Y (sky130_fd_sc_hd__nand2_1)
   0.087    3.430 v _14175_/Y (sky130_fd_sc_hd__nand2_1)
   0.296    3.726 ^ _14176_/Y (sky130_fd_sc_hd__a21oi_1)
   0.226    3.952 v _14178_/Y (sky130_fd_sc_hd__o21ai_0)
   0.273    4.225 ^ _14181_/Y (sky130_fd_sc_hd__a31oi_1)
   0.236    4.460 v _14183_/Y (sky130_fd_sc_hd__o21ai_0)
   0.291    4.751 ^ _14190_/Y (sky130_fd_sc_hd__a21oi_1)
   0.223    4.974 v _14192_/Y (sky130_fd_sc_hd__o21ai_0)
   0.290    5.264 ^ _14374_/Y (sky130_fd_sc_hd__a31oi_1)
   0.228    5.492 ^ _14420_/X (sky130_fd_sc_hd__xor2_1)
   0.098    5.590 v _14668_/Y (sky130_fd_sc_hd__nand3_1)
   0.111    5.701 ^ _14669_/Y (sky130_fd_sc_hd__nand3_1)
   0.635    6.336 v _14677_/Y (sky130_fd_sc_hd__nand2_1)
   0.020    6.356 v dp.rf.rf[0][18]$_DFFE_PP_/D (sky130_fd_sc_hd__edfxtp_1)
            6.356   data arrival time

   7.000    7.000   clock clk (rise edge)
   0.775    7.775   clock network delay (ideal)
   0.000    7.775   clock reconvergence pessimism
            7.775 ^ dp.rf.rf[0][18]$_DFFE_PP_/CLK (sky130_fd_sc_hd__edfxtp_1)
  -0.535    7.240   library setup time
            7.240   data required time
-----------------------------------------------------------
            7.240   data required time
           -6.356   data arrival time
-----------------------------------------------------------
            0.885   slack (MET)


Startpoint: dp.rf.rf[11][0]$_DFFE_PP_
            (rising edge-triggered flip-flop clocked by clk)
Endpoint: dp.rf.rf[8][18]$_DFFE_PP_
          (rising edge-triggered flip-flop clocked by clk)
Path Group: clk
Path Type: max

   Delay     Time   Description
-----------------------------------------------------------
   0.000    0.000   clock clk (rise edge)
   0.775    0.775   clock network delay (ideal)
   0.000    0.775 ^ dp.rf.rf[11][0]$_DFFE_PP_/CLK (sky130_fd_sc_hd__edfxtp_1)
   0.359    1.134 v dp.rf.rf[11][0]$_DFFE_PP_/Q (sky130_fd_sc_hd__edfxtp_1)
   0.114    1.248 ^ _10276_/Y (sky130_fd_sc_hd__nor2_1)
   0.064    1.312 v _10277_/Y (sky130_fd_sc_hd__nor2_1)
   0.144    1.456 ^ _10280_/Y (sky130_fd_sc_hd__a21oi_1)
   0.102    1.557 v _10281_/Y (sky130_fd_sc_hd__o21ai_0)
   0.085    1.642 ^ _10282_/Y (sky130_fd_sc_hd__nand3_1)
   0.094    1.736 v _10305_/Y (sky130_fd_sc_hd__nand2_1)
   0.101    1.837 ^ _10306_/Y (sky130_fd_sc_hd__nand2_1)
   0.276    2.113 v _12759_/Y (sky130_fd_sc_hd__nand2_1)
   0.306    2.419 v place713/X (sky130_fd_sc_hd__buf_4)
   0.064    2.483 ^ _15032_/Y (sky130_fd_sc_hd__nand2_1)
   0.090    2.573 v _15033_/Y (sky130_fd_sc_hd__o21ai_0)
   0.243    2.816 v _15388_/COUT (sky130_fd_sc_hd__ha_1)
   0.455    3.271 v _15290_/COUT (sky130_fd_sc_hd__fa_1)
   0.072    3.343 ^ _14173_/Y (sky130_fd_sc_hd__nand2_1)
   0.087    3.430 v _14175_/Y (sky130_fd_sc_hd__nand2_1)
   0.296    3.726 ^ _14176_/Y (sky130_fd_sc_hd__a21oi_1)
   0.226    3.952 v _14178_/Y (sky130_fd_sc_hd__o21ai_0)
   0.273    4.225 ^ _14181_/Y (sky130_fd_sc_hd__a31oi_1)
   0.236    4.460 v _14183_/Y (sky130_fd_sc_hd__o21ai_0)
   0.291    4.751 ^ _14190_/Y (sky130_fd_sc_hd__a21oi_1)
   0.223    4.974 v _14192_/Y (sky130_fd_sc_hd__o21ai_0)
   0.290    5.264 ^ _14374_/Y (sky130_fd_sc_hd__a31oi_1)
   0.228    5.492 ^ _14420_/X (sky130_fd_sc_hd__xor2_1)
   0.098    5.590 v _14668_/Y (sky130_fd_sc_hd__nand3_1)
   0.111    5.701 ^ _14669_/Y (sky130_fd_sc_hd__nand3_1)
   0.635    6.336 v _14677_/Y (sky130_fd_sc_hd__nand2_1)
   0.020    6.356 v dp.rf.rf[8][18]$_DFFE_PP_/D (sky130_fd_sc_hd__edfxtp_1)
            6.356   data arrival time

   7.000    7.000   clock clk (rise edge)
   0.775    7.775   clock network delay (ideal)
   0.000    7.775   clock reconvergence pessimism
            7.775 ^ dp.rf.rf[8][18]$_DFFE_PP_/CLK (sky130_fd_sc_hd__edfxtp_1)
  -0.535    7.240   library setup time
            7.240   data required time
-----------------------------------------------------------
            7.240   data required time
           -6.356   data arrival time
-----------------------------------------------------------
            0.885   slack (MET)


Startpoint: dp.rf.rf[11][0]$_DFFE_PP_
            (rising edge-triggered flip-flop clocked by clk)
Endpoint: dp.rf.rf[9][18]$_DFFE_PP_
          (rising edge-triggered flip-flop clocked by clk)
Path Group: clk
Path Type: max

   Delay     Time   Description
-----------------------------------------------------------
   0.000    0.000   clock clk (rise edge)
   0.775    0.775   clock network delay (ideal)
   0.000    0.775 ^ dp.rf.rf[11][0]$_DFFE_PP_/CLK (sky130_fd_sc_hd__edfxtp_1)
   0.359    1.134 v dp.rf.rf[11][0]$_DFFE_PP_/Q (sky130_fd_sc_hd__edfxtp_1)
   0.114    1.248 ^ _10276_/Y (sky130_fd_sc_hd__nor2_1)
   0.064    1.312 v _10277_/Y (sky130_fd_sc_hd__nor2_1)
   0.144    1.456 ^ _10280_/Y (sky130_fd_sc_hd__a21oi_1)
   0.102    1.557 v _10281_/Y (sky130_fd_sc_hd__o21ai_0)
   0.085    1.642 ^ _10282_/Y (sky130_fd_sc_hd__nand3_1)
   0.094    1.736 v _10305_/Y (sky130_fd_sc_hd__nand2_1)
   0.101    1.837 ^ _10306_/Y (sky130_fd_sc_hd__nand2_1)
   0.276    2.113 v _12759_/Y (sky130_fd_sc_hd__nand2_1)
   0.306    2.419 v place713/X (sky130_fd_sc_hd__buf_4)
   0.064    2.483 ^ _15032_/Y (sky130_fd_sc_hd__nand2_1)
   0.090    2.573 v _15033_/Y (sky130_fd_sc_hd__o21ai_0)
   0.243    2.816 v _15388_/COUT (sky130_fd_sc_hd__ha_1)
   0.455    3.271 v _15290_/COUT (sky130_fd_sc_hd__fa_1)
   0.072    3.343 ^ _14173_/Y (sky130_fd_sc_hd__nand2_1)
   0.087    3.430 v _14175_/Y (sky130_fd_sc_hd__nand2_1)
   0.296    3.726 ^ _14176_/Y (sky130_fd_sc_hd__a21oi_1)
   0.226    3.952 v _14178_/Y (sky130_fd_sc_hd__o21ai_0)
   0.273    4.225 ^ _14181_/Y (sky130_fd_sc_hd__a31oi_1)
   0.236    4.460 v _14183_/Y (sky130_fd_sc_hd__o21ai_0)
   0.291    4.751 ^ _14190_/Y (sky130_fd_sc_hd__a21oi_1)
   0.223    4.974 v _14192_/Y (sky130_fd_sc_hd__o21ai_0)
   0.290    5.264 ^ _14374_/Y (sky130_fd_sc_hd__a31oi_1)
   0.228    5.492 ^ _14420_/X (sky130_fd_sc_hd__xor2_1)
   0.098    5.590 v _14668_/Y (sky130_fd_sc_hd__nand3_1)
   0.111    5.701 ^ _14669_/Y (sky130_fd_sc_hd__nand3_1)
   0.635    6.336 v _14677_/Y (sky130_fd_sc_hd__nand2_1)
   0.019    6.355 v dp.rf.rf[9][18]$_DFFE_PP_/D (sky130_fd_sc_hd__edfxtp_1)
            6.355   data arrival time

   7.000    7.000   clock clk (rise edge)
   0.775    7.775   clock network delay (ideal)
   0.000    7.775   clock reconvergence pessimism
            7.775 ^ dp.rf.rf[9][18]$_DFFE_PP_/CLK (sky130_fd_sc_hd__edfxtp_1)
  -0.535    7.240   library setup time
            7.240   data required time
-----------------------------------------------------------
            7.240   data required time
           -6.355   data arrival time
-----------------------------------------------------------
            0.885   slack (MET)


Startpoint: dp.rf.rf[11][0]$_DFFE_PP_
            (rising edge-triggered flip-flop clocked by clk)
Endpoint: dp.rf.rf[1][18]$_DFFE_PP_
          (rising edge-triggered flip-flop clocked by clk)
Path Group: clk
Path Type: max

   Delay     Time   Description
-----------------------------------------------------------
   0.000    0.000   clock clk (rise edge)
   0.775    0.775   clock network delay (ideal)
   0.000    0.775 ^ dp.rf.rf[11][0]$_DFFE_PP_/CLK (sky130_fd_sc_hd__edfxtp_1)
   0.359    1.134 v dp.rf.rf[11][0]$_DFFE_PP_/Q (sky130_fd_sc_hd__edfxtp_1)
   0.114    1.248 ^ _10276_/Y (sky130_fd_sc_hd__nor2_1)
   0.064    1.312 v _10277_/Y (sky130_fd_sc_hd__nor2_1)
   0.144    1.456 ^ _10280_/Y (sky130_fd_sc_hd__a21oi_1)
   0.102    1.557 v _10281_/Y (sky130_fd_sc_hd__o21ai_0)
   0.085    1.642 ^ _10282_/Y (sky130_fd_sc_hd__nand3_1)
   0.094    1.736 v _10305_/Y (sky130_fd_sc_hd__nand2_1)
   0.101    1.837 ^ _10306_/Y (sky130_fd_sc_hd__nand2_1)
   0.276    2.113 v _12759_/Y (sky130_fd_sc_hd__nand2_1)
   0.306    2.419 v place713/X (sky130_fd_sc_hd__buf_4)
   0.064    2.483 ^ _15032_/Y (sky130_fd_sc_hd__nand2_1)
   0.090    2.573 v _15033_/Y (sky130_fd_sc_hd__o21ai_0)
   0.243    2.816 v _15388_/COUT (sky130_fd_sc_hd__ha_1)
   0.455    3.271 v _15290_/COUT (sky130_fd_sc_hd__fa_1)
   0.072    3.343 ^ _14173_/Y (sky130_fd_sc_hd__nand2_1)
   0.087    3.430 v _14175_/Y (sky130_fd_sc_hd__nand2_1)
   0.296    3.726 ^ _14176_/Y (sky130_fd_sc_hd__a21oi_1)
   0.226    3.952 v _14178_/Y (sky130_fd_sc_hd__o21ai_0)
   0.273    4.225 ^ _14181_/Y (sky130_fd_sc_hd__a31oi_1)
   0.236    4.460 v _14183_/Y (sky130_fd_sc_hd__o21ai_0)
   0.291    4.751 ^ _14190_/Y (sky130_fd_sc_hd__a21oi_1)
   0.223    4.974 v _14192_/Y (sky130_fd_sc_hd__o21ai_0)
   0.290    5.264 ^ _14374_/Y (sky130_fd_sc_hd__a31oi_1)
   0.228    5.492 ^ _14420_/X (sky130_fd_sc_hd__xor2_1)
   0.098    5.590 v _14668_/Y (sky130_fd_sc_hd__nand3_1)
   0.111    5.701 ^ _14669_/Y (sky130_fd_sc_hd__nand3_1)
   0.635    6.336 v _14677_/Y (sky130_fd_sc_hd__nand2_1)
   0.019    6.355 v dp.rf.rf[1][18]$_DFFE_PP_/D (sky130_fd_sc_hd__edfxtp_1)
            6.355   data arrival time

   7.000    7.000   clock clk (rise edge)
   0.775    7.775   clock network delay (ideal)
   0.000    7.775   clock reconvergence pessimism
            7.775 ^ dp.rf.rf[1][18]$_DFFE_PP_/CLK (sky130_fd_sc_hd__edfxtp_1)
  -0.535    7.240   library setup time
            7.240   data required time
-----------------------------------------------------------
            7.240   data required time
           -6.355   data arrival time
-----------------------------------------------------------
            0.885   slack (MET)


Startpoint: dp.rf.rf[11][0]$_DFFE_PP_
            (rising edge-triggered flip-flop clocked by clk)
Endpoint: dp.rf.rf[2][18]$_DFFE_PP_
          (rising edge-triggered flip-flop clocked by clk)
Path Group: clk
Path Type: max

   Delay     Time   Description
-----------------------------------------------------------
   0.000    0.000   clock clk (rise edge)
   0.775    0.775   clock network delay (ideal)
   0.000    0.775 ^ dp.rf.rf[11][0]$_DFFE_PP_/CLK (sky130_fd_sc_hd__edfxtp_1)
   0.359    1.134 v dp.rf.rf[11][0]$_DFFE_PP_/Q (sky130_fd_sc_hd__edfxtp_1)
   0.114    1.248 ^ _10276_/Y (sky130_fd_sc_hd__nor2_1)
   0.064    1.312 v _10277_/Y (sky130_fd_sc_hd__nor2_1)
   0.144    1.456 ^ _10280_/Y (sky130_fd_sc_hd__a21oi_1)
   0.102    1.557 v _10281_/Y (sky130_fd_sc_hd__o21ai_0)
   0.085    1.642 ^ _10282_/Y (sky130_fd_sc_hd__nand3_1)
   0.094    1.736 v _10305_/Y (sky130_fd_sc_hd__nand2_1)
   0.101    1.837 ^ _10306_/Y (sky130_fd_sc_hd__nand2_1)
   0.276    2.113 v _12759_/Y (sky130_fd_sc_hd__nand2_1)
   0.306    2.419 v place713/X (sky130_fd_sc_hd__buf_4)
   0.064    2.483 ^ _15032_/Y (sky130_fd_sc_hd__nand2_1)
   0.090    2.573 v _15033_/Y (sky130_fd_sc_hd__o21ai_0)
   0.243    2.816 v _15388_/COUT (sky130_fd_sc_hd__ha_1)
   0.455    3.271 v _15290_/COUT (sky130_fd_sc_hd__fa_1)
   0.072    3.343 ^ _14173_/Y (sky130_fd_sc_hd__nand2_1)
   0.087    3.430 v _14175_/Y (sky130_fd_sc_hd__nand2_1)
   0.296    3.726 ^ _14176_/Y (sky130_fd_sc_hd__a21oi_1)
   0.226    3.952 v _14178_/Y (sky130_fd_sc_hd__o21ai_0)
   0.273    4.225 ^ _14181_/Y (sky130_fd_sc_hd__a31oi_1)
   0.236    4.460 v _14183_/Y (sky130_fd_sc_hd__o21ai_0)
   0.291    4.751 ^ _14190_/Y (sky130_fd_sc_hd__a21oi_1)
   0.223    4.974 v _14192_/Y (sky130_fd_sc_hd__o21ai_0)
   0.290    5.264 ^ _14374_/Y (sky130_fd_sc_hd__a31oi_1)
   0.228    5.492 ^ _14420_/X (sky130_fd_sc_hd__xor2_1)
   0.098    5.590 v _14668_/Y (sky130_fd_sc_hd__nand3_1)
   0.111    5.701 ^ _14669_/Y (sky130_fd_sc_hd__nand3_1)
   0.635    6.336 v _14677_/Y (sky130_fd_sc_hd__nand2_1)
   0.019    6.355 v dp.rf.rf[2][18]$_DFFE_PP_/D (sky130_fd_sc_hd__edfxtp_1)
            6.355   data arrival time

   7.000    7.000   clock clk (rise edge)
   0.775    7.775   clock network delay (ideal)
   0.000    7.775   clock reconvergence pessimism
            7.775 ^ dp.rf.rf[2][18]$_DFFE_PP_/CLK (sky130_fd_sc_hd__edfxtp_1)
  -0.535    7.240   library setup time
            7.240   data required time
-----------------------------------------------------------
            7.240   data required time
           -6.355   data arrival time
-----------------------------------------------------------
            0.885   slack (MET)


Startpoint: dp.rf.rf[11][0]$_DFFE_PP_
            (rising edge-triggered flip-flop clocked by clk)
Endpoint: dp.rf.rf[3][18]$_DFFE_PP_
          (rising edge-triggered flip-flop clocked by clk)
Path Group: clk
Path Type: max

   Delay     Time   Description
-----------------------------------------------------------
   0.000    0.000   clock clk (rise edge)
   0.775    0.775   clock network delay (ideal)
   0.000    0.775 ^ dp.rf.rf[11][0]$_DFFE_PP_/CLK (sky130_fd_sc_hd__edfxtp_1)
   0.359    1.134 v dp.rf.rf[11][0]$_DFFE_PP_/Q (sky130_fd_sc_hd__edfxtp_1)
   0.114    1.248 ^ _10276_/Y (sky130_fd_sc_hd__nor2_1)
   0.064    1.312 v _10277_/Y (sky130_fd_sc_hd__nor2_1)
   0.144    1.456 ^ _10280_/Y (sky130_fd_sc_hd__a21oi_1)
   0.102    1.557 v _10281_/Y (sky130_fd_sc_hd__o21ai_0)
   0.085    1.642 ^ _10282_/Y (sky130_fd_sc_hd__nand3_1)
   0.094    1.736 v _10305_/Y (sky130_fd_sc_hd__nand2_1)
   0.101    1.837 ^ _10306_/Y (sky130_fd_sc_hd__nand2_1)
   0.276    2.113 v _12759_/Y (sky130_fd_sc_hd__nand2_1)
   0.306    2.419 v place713/X (sky130_fd_sc_hd__buf_4)
   0.064    2.483 ^ _15032_/Y (sky130_fd_sc_hd__nand2_1)
   0.090    2.573 v _15033_/Y (sky130_fd_sc_hd__o21ai_0)
   0.243    2.816 v _15388_/COUT (sky130_fd_sc_hd__ha_1)
   0.455    3.271 v _15290_/COUT (sky130_fd_sc_hd__fa_1)
   0.072    3.343 ^ _14173_/Y (sky130_fd_sc_hd__nand2_1)
   0.087    3.430 v _14175_/Y (sky130_fd_sc_hd__nand2_1)
   0.296    3.726 ^ _14176_/Y (sky130_fd_sc_hd__a21oi_1)
   0.226    3.952 v _14178_/Y (sky130_fd_sc_hd__o21ai_0)
   0.273    4.225 ^ _14181_/Y (sky130_fd_sc_hd__a31oi_1)
   0.236    4.460 v _14183_/Y (sky130_fd_sc_hd__o21ai_0)
   0.291    4.751 ^ _14190_/Y (sky130_fd_sc_hd__a21oi_1)
   0.223    4.974 v _14192_/Y (sky130_fd_sc_hd__o21ai_0)
   0.290    5.264 ^ _14374_/Y (sky130_fd_sc_hd__a31oi_1)
   0.228    5.492 ^ _14420_/X (sky130_fd_sc_hd__xor2_1)
   0.098    5.590 v _14668_/Y (sky130_fd_sc_hd__nand3_1)
   0.111    5.701 ^ _14669_/Y (sky130_fd_sc_hd__nand3_1)
   0.635    6.336 v _14677_/Y (sky130_fd_sc_hd__nand2_1)
   0.019    6.355 v dp.rf.rf[3][18]$_DFFE_PP_/D (sky130_fd_sc_hd__edfxtp_1)
            6.355   data arrival time

   7.000    7.000   clock clk (rise edge)
   0.775    7.775   clock network delay (ideal)
   0.000    7.775   clock reconvergence pessimism
            7.775 ^ dp.rf.rf[3][18]$_DFFE_PP_/CLK (sky130_fd_sc_hd__edfxtp_1)
  -0.535    7.240   library setup time
            7.240   data required time
-----------------------------------------------------------
            7.240   data required time
           -6.355   data arrival time
-----------------------------------------------------------
            0.886   slack (MET)


Startpoint: dp.rf.rf[11][0]$_DFFE_PP_
            (rising edge-triggered flip-flop clocked by clk)
Endpoint: dp.rf.rf[7][18]$_DFFE_PP_
          (rising edge-triggered flip-flop clocked by clk)
Path Group: clk
Path Type: max

   Delay     Time   Description
-----------------------------------------------------------
   0.000    0.000   clock clk (rise edge)
   0.775    0.775   clock network delay (ideal)
   0.000    0.775 ^ dp.rf.rf[11][0]$_DFFE_PP_/CLK (sky130_fd_sc_hd__edfxtp_1)
   0.359    1.134 v dp.rf.rf[11][0]$_DFFE_PP_/Q (sky130_fd_sc_hd__edfxtp_1)
   0.114    1.248 ^ _10276_/Y (sky130_fd_sc_hd__nor2_1)
   0.064    1.312 v _10277_/Y (sky130_fd_sc_hd__nor2_1)
   0.144    1.456 ^ _10280_/Y (sky130_fd_sc_hd__a21oi_1)
   0.102    1.557 v _10281_/Y (sky130_fd_sc_hd__o21ai_0)
   0.085    1.642 ^ _10282_/Y (sky130_fd_sc_hd__nand3_1)
   0.094    1.736 v _10305_/Y (sky130_fd_sc_hd__nand2_1)
   0.101    1.837 ^ _10306_/Y (sky130_fd_sc_hd__nand2_1)
   0.276    2.113 v _12759_/Y (sky130_fd_sc_hd__nand2_1)
   0.306    2.419 v place713/X (sky130_fd_sc_hd__buf_4)
   0.064    2.483 ^ _15032_/Y (sky130_fd_sc_hd__nand2_1)
   0.090    2.573 v _15033_/Y (sky130_fd_sc_hd__o21ai_0)
   0.243    2.816 v _15388_/COUT (sky130_fd_sc_hd__ha_1)
   0.455    3.271 v _15290_/COUT (sky130_fd_sc_hd__fa_1)
   0.072    3.343 ^ _14173_/Y (sky130_fd_sc_hd__nand2_1)
   0.087    3.430 v _14175_/Y (sky130_fd_sc_hd__nand2_1)
   0.296    3.726 ^ _14176_/Y (sky130_fd_sc_hd__a21oi_1)
   0.226    3.952 v _14178_/Y (sky130_fd_sc_hd__o21ai_0)
   0.273    4.225 ^ _14181_/Y (sky130_fd_sc_hd__a31oi_1)
   0.236    4.460 v _14183_/Y (sky130_fd_sc_hd__o21ai_0)
   0.291    4.751 ^ _14190_/Y (sky130_fd_sc_hd__a21oi_1)
   0.223    4.974 v _14192_/Y (sky130_fd_sc_hd__o21ai_0)
   0.290    5.264 ^ _14374_/Y (sky130_fd_sc_hd__a31oi_1)
   0.228    5.492 ^ _14420_/X (sky130_fd_sc_hd__xor2_1)
   0.098    5.590 v _14668_/Y (sky130_fd_sc_hd__nand3_1)
   0.111    5.701 ^ _14669_/Y (sky130_fd_sc_hd__nand3_1)
   0.635    6.336 v _14677_/Y (sky130_fd_sc_hd__nand2_1)
   0.018    6.354 v dp.rf.rf[7][18]$_DFFE_PP_/D (sky130_fd_sc_hd__edfxtp_1)
            6.354   data arrival time

   7.000    7.000   clock clk (rise edge)
   0.775    7.775   clock network delay (ideal)
   0.000    7.775   clock reconvergence pessimism
            7.775 ^ dp.rf.rf[7][18]$_DFFE_PP_/CLK (sky130_fd_sc_hd__edfxtp_1)
  -0.535    7.240   library setup time
            7.240   data required time
-----------------------------------------------------------
            7.240   data required time
           -6.354   data arrival time
-----------------------------------------------------------
            0.886   slack (MET)


Startpoint: dp.rf.rf[11][0]$_DFFE_PP_
            (rising edge-triggered flip-flop clocked by clk)
Endpoint: dp.rf.rf[4][18]$_DFFE_PP_
          (rising edge-triggered flip-flop clocked by clk)
Path Group: clk
Path Type: max

   Delay     Time   Description
-----------------------------------------------------------
   0.000    0.000   clock clk (rise edge)
   0.775    0.775   clock network delay (ideal)
   0.000    0.775 ^ dp.rf.rf[11][0]$_DFFE_PP_/CLK (sky130_fd_sc_hd__edfxtp_1)
   0.359    1.134 v dp.rf.rf[11][0]$_DFFE_PP_/Q (sky130_fd_sc_hd__edfxtp_1)
   0.114    1.248 ^ _10276_/Y (sky130_fd_sc_hd__nor2_1)
   0.064    1.312 v _10277_/Y (sky130_fd_sc_hd__nor2_1)
   0.144    1.456 ^ _10280_/Y (sky130_fd_sc_hd__a21oi_1)
   0.102    1.557 v _10281_/Y (sky130_fd_sc_hd__o21ai_0)
   0.085    1.642 ^ _10282_/Y (sky130_fd_sc_hd__nand3_1)
   0.094    1.736 v _10305_/Y (sky130_fd_sc_hd__nand2_1)
   0.101    1.837 ^ _10306_/Y (sky130_fd_sc_hd__nand2_1)
   0.276    2.113 v _12759_/Y (sky130_fd_sc_hd__nand2_1)
   0.306    2.419 v place713/X (sky130_fd_sc_hd__buf_4)
   0.064    2.483 ^ _15032_/Y (sky130_fd_sc_hd__nand2_1)
   0.090    2.573 v _15033_/Y (sky130_fd_sc_hd__o21ai_0)
   0.243    2.816 v _15388_/COUT (sky130_fd_sc_hd__ha_1)
   0.455    3.271 v _15290_/COUT (sky130_fd_sc_hd__fa_1)
   0.072    3.343 ^ _14173_/Y (sky130_fd_sc_hd__nand2_1)
   0.087    3.430 v _14175_/Y (sky130_fd_sc_hd__nand2_1)
   0.296    3.726 ^ _14176_/Y (sky130_fd_sc_hd__a21oi_1)
   0.226    3.952 v _14178_/Y (sky130_fd_sc_hd__o21ai_0)
   0.273    4.225 ^ _14181_/Y (sky130_fd_sc_hd__a31oi_1)
   0.236    4.460 v _14183_/Y (sky130_fd_sc_hd__o21ai_0)
   0.291    4.751 ^ _14190_/Y (sky130_fd_sc_hd__a21oi_1)
   0.223    4.974 v _14192_/Y (sky130_fd_sc_hd__o21ai_0)
   0.290    5.264 ^ _14374_/Y (sky130_fd_sc_hd__a31oi_1)
   0.228    5.492 ^ _14420_/X (sky130_fd_sc_hd__xor2_1)
   0.098    5.590 v _14668_/Y (sky130_fd_sc_hd__nand3_1)
   0.111    5.701 ^ _14669_/Y (sky130_fd_sc_hd__nand3_1)
   0.635    6.336 v _14677_/Y (sky130_fd_sc_hd__nand2_1)
   0.018    6.354 v dp.rf.rf[4][18]$_DFFE_PP_/D (sky130_fd_sc_hd__edfxtp_1)
            6.354   data arrival time

   7.000    7.000   clock clk (rise edge)
   0.775    7.775   clock network delay (ideal)
   0.000    7.775   clock reconvergence pessimism
            7.775 ^ dp.rf.rf[4][18]$_DFFE_PP_/CLK (sky130_fd_sc_hd__edfxtp_1)
  -0.535    7.240   library setup time
            7.240   data required time
-----------------------------------------------------------
            7.240   data required time
           -6.354   data arrival time
-----------------------------------------------------------
            0.887   slack (MET)


Startpoint: dp.rf.rf[11][0]$_DFFE_PP_
            (rising edge-triggered flip-flop clocked by clk)
Endpoint: dp.rf.rf[6][18]$_DFFE_PP_
          (rising edge-triggered flip-flop clocked by clk)
Path Group: clk
Path Type: max

   Delay     Time   Description
-----------------------------------------------------------
   0.000    0.000   clock clk (rise edge)
   0.775    0.775   clock network delay (ideal)
   0.000    0.775 ^ dp.rf.rf[11][0]$_DFFE_PP_/CLK (sky130_fd_sc_hd__edfxtp_1)
   0.359    1.134 v dp.rf.rf[11][0]$_DFFE_PP_/Q (sky130_fd_sc_hd__edfxtp_1)
   0.114    1.248 ^ _10276_/Y (sky130_fd_sc_hd__nor2_1)
   0.064    1.312 v _10277_/Y (sky130_fd_sc_hd__nor2_1)
   0.144    1.456 ^ _10280_/Y (sky130_fd_sc_hd__a21oi_1)
   0.102    1.557 v _10281_/Y (sky130_fd_sc_hd__o21ai_0)
   0.085    1.642 ^ _10282_/Y (sky130_fd_sc_hd__nand3_1)
   0.094    1.736 v _10305_/Y (sky130_fd_sc_hd__nand2_1)
   0.101    1.837 ^ _10306_/Y (sky130_fd_sc_hd__nand2_1)
   0.276    2.113 v _12759_/Y (sky130_fd_sc_hd__nand2_1)
   0.306    2.419 v place713/X (sky130_fd_sc_hd__buf_4)
   0.064    2.483 ^ _15032_/Y (sky130_fd_sc_hd__nand2_1)
   0.090    2.573 v _15033_/Y (sky130_fd_sc_hd__o21ai_0)
   0.243    2.816 v _15388_/COUT (sky130_fd_sc_hd__ha_1)
   0.455    3.271 v _15290_/COUT (sky130_fd_sc_hd__fa_1)
   0.072    3.343 ^ _14173_/Y (sky130_fd_sc_hd__nand2_1)
   0.087    3.430 v _14175_/Y (sky130_fd_sc_hd__nand2_1)
   0.296    3.726 ^ _14176_/Y (sky130_fd_sc_hd__a21oi_1)
   0.226    3.952 v _14178_/Y (sky130_fd_sc_hd__o21ai_0)
   0.273    4.225 ^ _14181_/Y (sky130_fd_sc_hd__a31oi_1)
   0.236    4.460 v _14183_/Y (sky130_fd_sc_hd__o21ai_0)
   0.291    4.751 ^ _14190_/Y (sky130_fd_sc_hd__a21oi_1)
   0.223    4.974 v _14192_/Y (sky130_fd_sc_hd__o21ai_0)
   0.290    5.264 ^ _14374_/Y (sky130_fd_sc_hd__a31oi_1)
   0.228    5.492 ^ _14420_/X (sky130_fd_sc_hd__xor2_1)
   0.098    5.590 v _14668_/Y (sky130_fd_sc_hd__nand3_1)
   0.111    5.701 ^ _14669_/Y (sky130_fd_sc_hd__nand3_1)
   0.635    6.336 v _14677_/Y (sky130_fd_sc_hd__nand2_1)
   0.017    6.353 v dp.rf.rf[6][18]$_DFFE_PP_/D (sky130_fd_sc_hd__edfxtp_1)
            6.353   data arrival time

   7.000    7.000   clock clk (rise edge)
   0.775    7.775   clock network delay (ideal)
   0.000    7.775   clock reconvergence pessimism
            7.775 ^ dp.rf.rf[6][18]$_DFFE_PP_/CLK (sky130_fd_sc_hd__edfxtp_1)
  -0.535    7.240   library setup time
            7.240   data required time
-----------------------------------------------------------
            7.240   data required time
           -6.353   data arrival time
-----------------------------------------------------------
            0.887   slack (MET)


Startpoint: dp.rf.rf[11][0]$_DFFE_PP_
            (rising edge-triggered flip-flop clocked by clk)
Endpoint: dp.rf.rf[5][18]$_DFFE_PP_
          (rising edge-triggered flip-flop clocked by clk)
Path Group: clk
Path Type: max

   Delay     Time   Description
-----------------------------------------------------------
   0.000    0.000   clock clk (rise edge)
   0.775    0.775   clock network delay (ideal)
   0.000    0.775 ^ dp.rf.rf[11][0]$_DFFE_PP_/CLK (sky130_fd_sc_hd__edfxtp_1)
   0.359    1.134 v dp.rf.rf[11][0]$_DFFE_PP_/Q (sky130_fd_sc_hd__edfxtp_1)
   0.114    1.248 ^ _10276_/Y (sky130_fd_sc_hd__nor2_1)
   0.064    1.312 v _10277_/Y (sky130_fd_sc_hd__nor2_1)
   0.144    1.456 ^ _10280_/Y (sky130_fd_sc_hd__a21oi_1)
   0.102    1.557 v _10281_/Y (sky130_fd_sc_hd__o21ai_0)
   0.085    1.642 ^ _10282_/Y (sky130_fd_sc_hd__nand3_1)
   0.094    1.736 v _10305_/Y (sky130_fd_sc_hd__nand2_1)
   0.101    1.837 ^ _10306_/Y (sky130_fd_sc_hd__nand2_1)
   0.276    2.113 v _12759_/Y (sky130_fd_sc_hd__nand2_1)
   0.306    2.419 v place713/X (sky130_fd_sc_hd__buf_4)
   0.064    2.483 ^ _15032_/Y (sky130_fd_sc_hd__nand2_1)
   0.090    2.573 v _15033_/Y (sky130_fd_sc_hd__o21ai_0)
   0.243    2.816 v _15388_/COUT (sky130_fd_sc_hd__ha_1)
   0.455    3.271 v _15290_/COUT (sky130_fd_sc_hd__fa_1)
   0.072    3.343 ^ _14173_/Y (sky130_fd_sc_hd__nand2_1)
   0.087    3.430 v _14175_/Y (sky130_fd_sc_hd__nand2_1)
   0.296    3.726 ^ _14176_/Y (sky130_fd_sc_hd__a21oi_1)
   0.226    3.952 v _14178_/Y (sky130_fd_sc_hd__o21ai_0)
   0.273    4.225 ^ _14181_/Y (sky130_fd_sc_hd__a31oi_1)
   0.236    4.460 v _14183_/Y (sky130_fd_sc_hd__o21ai_0)
   0.291    4.751 ^ _14190_/Y (sky130_fd_sc_hd__a21oi_1)
   0.223    4.974 v _14192_/Y (sky130_fd_sc_hd__o21ai_0)
   0.290    5.264 ^ _14374_/Y (sky130_fd_sc_hd__a31oi_1)
   0.228    5.492 ^ _14420_/X (sky130_fd_sc_hd__xor2_1)
   0.098    5.590 v _14668_/Y (sky130_fd_sc_hd__nand3_1)
   0.111    5.701 ^ _14669_/Y (sky130_fd_sc_hd__nand3_1)
   0.635    6.336 v _14677_/Y (sky130_fd_sc_hd__nand2_1)
   0.017    6.353 v dp.rf.rf[5][18]$_DFFE_PP_/D (sky130_fd_sc_hd__edfxtp_1)
            6.353   data arrival time

   7.000    7.000   clock clk (rise edge)
   0.775    7.775   clock network delay (ideal)
   0.000    7.775   clock reconvergence pessimism
            7.775 ^ dp.rf.rf[5][18]$_DFFE_PP_/CLK (sky130_fd_sc_hd__edfxtp_1)
  -0.535    7.240   library setup time
            7.240   data required time
-----------------------------------------------------------
            7.240   data required time
           -6.353   data arrival time
-----------------------------------------------------------
            0.887   slack (MET)


Startpoint: dp.rf.rf[11][0]$_DFFE_PP_
            (rising edge-triggered flip-flop clocked by clk)
Endpoint: dp.rf.rf[24][18]$_DFFE_PP_
          (rising edge-triggered flip-flop clocked by clk)
Path Group: clk
Path Type: max

   Delay     Time   Description
-----------------------------------------------------------
   0.000    0.000   clock clk (rise edge)
   0.775    0.775   clock network delay (ideal)
   0.000    0.775 ^ dp.rf.rf[11][0]$_DFFE_PP_/CLK (sky130_fd_sc_hd__edfxtp_1)
   0.359    1.134 v dp.rf.rf[11][0]$_DFFE_PP_/Q (sky130_fd_sc_hd__edfxtp_1)
   0.114    1.248 ^ _10276_/Y (sky130_fd_sc_hd__nor2_1)
   0.064    1.312 v _10277_/Y (sky130_fd_sc_hd__nor2_1)
   0.144    1.456 ^ _10280_/Y (sky130_fd_sc_hd__a21oi_1)
   0.102    1.557 v _10281_/Y (sky130_fd_sc_hd__o21ai_0)
   0.085    1.642 ^ _10282_/Y (sky130_fd_sc_hd__nand3_1)
   0.094    1.736 v _10305_/Y (sky130_fd_sc_hd__nand2_1)
   0.101    1.837 ^ _10306_/Y (sky130_fd_sc_hd__nand2_1)
   0.276    2.113 v _12759_/Y (sky130_fd_sc_hd__nand2_1)
   0.306    2.419 v place713/X (sky130_fd_sc_hd__buf_4)
   0.064    2.483 ^ _15032_/Y (sky130_fd_sc_hd__nand2_1)
   0.090    2.573 v _15033_/Y (sky130_fd_sc_hd__o21ai_0)
   0.243    2.816 v _15388_/COUT (sky130_fd_sc_hd__ha_1)
   0.455    3.271 v _15290_/COUT (sky130_fd_sc_hd__fa_1)
   0.072    3.343 ^ _14173_/Y (sky130_fd_sc_hd__nand2_1)
   0.087    3.430 v _14175_/Y (sky130_fd_sc_hd__nand2_1)
   0.296    3.726 ^ _14176_/Y (sky130_fd_sc_hd__a21oi_1)
   0.226    3.952 v _14178_/Y (sky130_fd_sc_hd__o21ai_0)
   0.273    4.225 ^ _14181_/Y (sky130_fd_sc_hd__a31oi_1)
   0.236    4.460 v _14183_/Y (sky130_fd_sc_hd__o21ai_0)
   0.291    4.751 ^ _14190_/Y (sky130_fd_sc_hd__a21oi_1)
   0.223    4.974 v _14192_/Y (sky130_fd_sc_hd__o21ai_0)
   0.290    5.264 ^ _14374_/Y (sky130_fd_sc_hd__a31oi_1)
   0.228    5.492 ^ _14420_/X (sky130_fd_sc_hd__xor2_1)
   0.098    5.590 v _14668_/Y (sky130_fd_sc_hd__nand3_1)
   0.111    5.701 ^ _14669_/Y (sky130_fd_sc_hd__nand3_1)
   0.635    6.336 v _14677_/Y (sky130_fd_sc_hd__nand2_1)
   0.017    6.353 v dp.rf.rf[24][18]$_DFFE_PP_/D (sky130_fd_sc_hd__edfxtp_1)
            6.353   data arrival time

   7.000    7.000   clock clk (rise edge)
   0.775    7.775   clock network delay (ideal)
   0.000    7.775   clock reconvergence pessimism
            7.775 ^ dp.rf.rf[24][18]$_DFFE_PP_/CLK (sky130_fd_sc_hd__edfxtp_1)
  -0.535    7.240   library setup time
            7.240   data required time
-----------------------------------------------------------
            7.240   data required time
           -6.353   data arrival time
-----------------------------------------------------------
            0.887   slack (MET)


Startpoint: dp.rf.rf[11][0]$_DFFE_PP_
            (rising edge-triggered flip-flop clocked by clk)
Endpoint: dp.rf.rf[25][18]$_DFFE_PP_
          (rising edge-triggered flip-flop clocked by clk)
Path Group: clk
Path Type: max

   Delay     Time   Description
-----------------------------------------------------------
   0.000    0.000   clock clk (rise edge)
   0.775    0.775   clock network delay (ideal)
   0.000    0.775 ^ dp.rf.rf[11][0]$_DFFE_PP_/CLK (sky130_fd_sc_hd__edfxtp_1)
   0.359    1.134 v dp.rf.rf[11][0]$_DFFE_PP_/Q (sky130_fd_sc_hd__edfxtp_1)
   0.114    1.248 ^ _10276_/Y (sky130_fd_sc_hd__nor2_1)
   0.064    1.312 v _10277_/Y (sky130_fd_sc_hd__nor2_1)
   0.144    1.456 ^ _10280_/Y (sky130_fd_sc_hd__a21oi_1)
   0.102    1.557 v _10281_/Y (sky130_fd_sc_hd__o21ai_0)
   0.085    1.642 ^ _10282_/Y (sky130_fd_sc_hd__nand3_1)
   0.094    1.736 v _10305_/Y (sky130_fd_sc_hd__nand2_1)
   0.101    1.837 ^ _10306_/Y (sky130_fd_sc_hd__nand2_1)
   0.276    2.113 v _12759_/Y (sky130_fd_sc_hd__nand2_1)
   0.306    2.419 v place713/X (sky130_fd_sc_hd__buf_4)
   0.064    2.483 ^ _15032_/Y (sky130_fd_sc_hd__nand2_1)
   0.090    2.573 v _15033_/Y (sky130_fd_sc_hd__o21ai_0)
   0.243    2.816 v _15388_/COUT (sky130_fd_sc_hd__ha_1)
   0.455    3.271 v _15290_/COUT (sky130_fd_sc_hd__fa_1)
   0.072    3.343 ^ _14173_/Y (sky130_fd_sc_hd__nand2_1)
   0.087    3.430 v _14175_/Y (sky130_fd_sc_hd__nand2_1)
   0.296    3.726 ^ _14176_/Y (sky130_fd_sc_hd__a21oi_1)
   0.226    3.952 v _14178_/Y (sky130_fd_sc_hd__o21ai_0)
   0.273    4.225 ^ _14181_/Y (sky130_fd_sc_hd__a31oi_1)
   0.236    4.460 v _14183_/Y (sky130_fd_sc_hd__o21ai_0)
   0.291    4.751 ^ _14190_/Y (sky130_fd_sc_hd__a21oi_1)
   0.223    4.974 v _14192_/Y (sky130_fd_sc_hd__o21ai_0)
   0.290    5.264 ^ _14374_/Y (sky130_fd_sc_hd__a31oi_1)
   0.228    5.492 ^ _14420_/X (sky130_fd_sc_hd__xor2_1)
   0.098    5.590 v _14668_/Y (sky130_fd_sc_hd__nand3_1)
   0.111    5.701 ^ _14669_/Y (sky130_fd_sc_hd__nand3_1)
   0.635    6.336 v _14677_/Y (sky130_fd_sc_hd__nand2_1)
   0.017    6.353 v dp.rf.rf[25][18]$_DFFE_PP_/D (sky130_fd_sc_hd__edfxtp_1)
            6.353   data arrival time

   7.000    7.000   clock clk (rise edge)
   0.775    7.775   clock network delay (ideal)
   0.000    7.775   clock reconvergence pessimism
            7.775 ^ dp.rf.rf[25][18]$_DFFE_PP_/CLK (sky130_fd_sc_hd__edfxtp_1)
  -0.535    7.240   library setup time
            7.240   data required time
-----------------------------------------------------------
            7.240   data required time
           -6.353   data arrival time
-----------------------------------------------------------
            0.888   slack (MET)


Startpoint: dp.rf.rf[11][0]$_DFFE_PP_
            (rising edge-triggered flip-flop clocked by clk)
Endpoint: dp.rf.rf[29][18]$_DFFE_PP_
          (rising edge-triggered flip-flop clocked by clk)
Path Group: clk
Path Type: max

   Delay     Time   Description
-----------------------------------------------------------
   0.000    0.000   clock clk (rise edge)
   0.775    0.775   clock network delay (ideal)
   0.000    0.775 ^ dp.rf.rf[11][0]$_DFFE_PP_/CLK (sky130_fd_sc_hd__edfxtp_1)
   0.359    1.134 v dp.rf.rf[11][0]$_DFFE_PP_/Q (sky130_fd_sc_hd__edfxtp_1)
   0.114    1.248 ^ _10276_/Y (sky130_fd_sc_hd__nor2_1)
   0.064    1.312 v _10277_/Y (sky130_fd_sc_hd__nor2_1)
   0.144    1.456 ^ _10280_/Y (sky130_fd_sc_hd__a21oi_1)
   0.102    1.557 v _10281_/Y (sky130_fd_sc_hd__o21ai_0)
   0.085    1.642 ^ _10282_/Y (sky130_fd_sc_hd__nand3_1)
   0.094    1.736 v _10305_/Y (sky130_fd_sc_hd__nand2_1)
   0.101    1.837 ^ _10306_/Y (sky130_fd_sc_hd__nand2_1)
   0.276    2.113 v _12759_/Y (sky130_fd_sc_hd__nand2_1)
   0.306    2.419 v place713/X (sky130_fd_sc_hd__buf_4)
   0.064    2.483 ^ _15032_/Y (sky130_fd_sc_hd__nand2_1)
   0.090    2.573 v _15033_/Y (sky130_fd_sc_hd__o21ai_0)
   0.243    2.816 v _15388_/COUT (sky130_fd_sc_hd__ha_1)
   0.455    3.271 v _15290_/COUT (sky130_fd_sc_hd__fa_1)
   0.072    3.343 ^ _14173_/Y (sky130_fd_sc_hd__nand2_1)
   0.087    3.430 v _14175_/Y (sky130_fd_sc_hd__nand2_1)
   0.296    3.726 ^ _14176_/Y (sky130_fd_sc_hd__a21oi_1)
   0.226    3.952 v _14178_/Y (sky130_fd_sc_hd__o21ai_0)
   0.273    4.225 ^ _14181_/Y (sky130_fd_sc_hd__a31oi_1)
   0.236    4.460 v _14183_/Y (sky130_fd_sc_hd__o21ai_0)
   0.291    4.751 ^ _14190_/Y (sky130_fd_sc_hd__a21oi_1)
   0.223    4.974 v _14192_/Y (sky130_fd_sc_hd__o21ai_0)
   0.290    5.264 ^ _14374_/Y (sky130_fd_sc_hd__a31oi_1)
   0.228    5.492 ^ _14420_/X (sky130_fd_sc_hd__xor2_1)
   0.098    5.590 v _14668_/Y (sky130_fd_sc_hd__nand3_1)
   0.111    5.701 ^ _14669_/Y (sky130_fd_sc_hd__nand3_1)
   0.635    6.336 v _14677_/Y (sky130_fd_sc_hd__nand2_1)
   0.017    6.353 v dp.rf.rf[29][18]$_DFFE_PP_/D (sky130_fd_sc_hd__edfxtp_1)
            6.353   data arrival time

   7.000    7.000   clock clk (rise edge)
   0.775    7.775   clock network delay (ideal)
   0.000    7.775   clock reconvergence pessimism
            7.775 ^ dp.rf.rf[29][18]$_DFFE_PP_/CLK (sky130_fd_sc_hd__edfxtp_1)
  -0.535    7.240   library setup time
            7.240   data required time
-----------------------------------------------------------
            7.240   data required time
           -6.353   data arrival time
-----------------------------------------------------------
            0.888   slack (MET)


Startpoint: dp.rf.rf[11][0]$_DFFE_PP_
            (rising edge-triggered flip-flop clocked by clk)
Endpoint: dp.rf.rf[28][18]$_DFFE_PP_
          (rising edge-triggered flip-flop clocked by clk)
Path Group: clk
Path Type: max

   Delay     Time   Description
-----------------------------------------------------------
   0.000    0.000   clock clk (rise edge)
   0.775    0.775   clock network delay (ideal)
   0.000    0.775 ^ dp.rf.rf[11][0]$_DFFE_PP_/CLK (sky130_fd_sc_hd__edfxtp_1)
   0.359    1.134 v dp.rf.rf[11][0]$_DFFE_PP_/Q (sky130_fd_sc_hd__edfxtp_1)
   0.114    1.248 ^ _10276_/Y (sky130_fd_sc_hd__nor2_1)
   0.064    1.312 v _10277_/Y (sky130_fd_sc_hd__nor2_1)
   0.144    1.456 ^ _10280_/Y (sky130_fd_sc_hd__a21oi_1)
   0.102    1.557 v _10281_/Y (sky130_fd_sc_hd__o21ai_0)
   0.085    1.642 ^ _10282_/Y (sky130_fd_sc_hd__nand3_1)
   0.094    1.736 v _10305_/Y (sky130_fd_sc_hd__nand2_1)
   0.101    1.837 ^ _10306_/Y (sky130_fd_sc_hd__nand2_1)
   0.276    2.113 v _12759_/Y (sky130_fd_sc_hd__nand2_1)
   0.306    2.419 v place713/X (sky130_fd_sc_hd__buf_4)
   0.064    2.483 ^ _15032_/Y (sky130_fd_sc_hd__nand2_1)
   0.090    2.573 v _15033_/Y (sky130_fd_sc_hd__o21ai_0)
   0.243    2.816 v _15388_/COUT (sky130_fd_sc_hd__ha_1)
   0.455    3.271 v _15290_/COUT (sky130_fd_sc_hd__fa_1)
   0.072    3.343 ^ _14173_/Y (sky130_fd_sc_hd__nand2_1)
   0.087    3.430 v _14175_/Y (sky130_fd_sc_hd__nand2_1)
   0.296    3.726 ^ _14176_/Y (sky130_fd_sc_hd__a21oi_1)
   0.226    3.952 v _14178_/Y (sky130_fd_sc_hd__o21ai_0)
   0.273    4.225 ^ _14181_/Y (sky130_fd_sc_hd__a31oi_1)
   0.236    4.460 v _14183_/Y (sky130_fd_sc_hd__o21ai_0)
   0.291    4.751 ^ _14190_/Y (sky130_fd_sc_hd__a21oi_1)
   0.223    4.974 v _14192_/Y (sky130_fd_sc_hd__o21ai_0)
   0.290    5.264 ^ _14374_/Y (sky130_fd_sc_hd__a31oi_1)
   0.228    5.492 ^ _14420_/X (sky130_fd_sc_hd__xor2_1)
   0.098    5.590 v _14668_/Y (sky130_fd_sc_hd__nand3_1)
   0.111    5.701 ^ _14669_/Y (sky130_fd_sc_hd__nand3_1)
   0.635    6.336 v _14677_/Y (sky130_fd_sc_hd__nand2_1)
   0.017    6.353 v dp.rf.rf[28][18]$_DFFE_PP_/D (sky130_fd_sc_hd__edfxtp_1)
            6.353   data arrival time

   7.000    7.000   clock clk (rise edge)
   0.775    7.775   clock network delay (ideal)
   0.000    7.775   clock reconvergence pessimism
            7.775 ^ dp.rf.rf[28][18]$_DFFE_PP_/CLK (sky130_fd_sc_hd__edfxtp_1)
  -0.535    7.240   library setup time
            7.240   data required time
-----------------------------------------------------------
            7.240   data required time
           -6.353   data arrival time
-----------------------------------------------------------
            0.888   slack (MET)


Startpoint: dp.rf.rf[11][0]$_DFFE_PP_
            (rising edge-triggered flip-flop clocked by clk)
Endpoint: dp.rf.rf[26][18]$_DFFE_PP_
          (rising edge-triggered flip-flop clocked by clk)
Path Group: clk
Path Type: max

   Delay     Time   Description
-----------------------------------------------------------
   0.000    0.000   clock clk (rise edge)
   0.775    0.775   clock network delay (ideal)
   0.000    0.775 ^ dp.rf.rf[11][0]$_DFFE_PP_/CLK (sky130_fd_sc_hd__edfxtp_1)
   0.359    1.134 v dp.rf.rf[11][0]$_DFFE_PP_/Q (sky130_fd_sc_hd__edfxtp_1)
   0.114    1.248 ^ _10276_/Y (sky130_fd_sc_hd__nor2_1)
   0.064    1.312 v _10277_/Y (sky130_fd_sc_hd__nor2_1)
   0.144    1.456 ^ _10280_/Y (sky130_fd_sc_hd__a21oi_1)
   0.102    1.557 v _10281_/Y (sky130_fd_sc_hd__o21ai_0)
   0.085    1.642 ^ _10282_/Y (sky130_fd_sc_hd__nand3_1)
   0.094    1.736 v _10305_/Y (sky130_fd_sc_hd__nand2_1)
   0.101    1.837 ^ _10306_/Y (sky130_fd_sc_hd__nand2_1)
   0.276    2.113 v _12759_/Y (sky130_fd_sc_hd__nand2_1)
   0.306    2.419 v place713/X (sky130_fd_sc_hd__buf_4)
   0.064    2.483 ^ _15032_/Y (sky130_fd_sc_hd__nand2_1)
   0.090    2.573 v _15033_/Y (sky130_fd_sc_hd__o21ai_0)
   0.243    2.816 v _15388_/COUT (sky130_fd_sc_hd__ha_1)
   0.455    3.271 v _15290_/COUT (sky130_fd_sc_hd__fa_1)
   0.072    3.343 ^ _14173_/Y (sky130_fd_sc_hd__nand2_1)
   0.087    3.430 v _14175_/Y (sky130_fd_sc_hd__nand2_1)
   0.296    3.726 ^ _14176_/Y (sky130_fd_sc_hd__a21oi_1)
   0.226    3.952 v _14178_/Y (sky130_fd_sc_hd__o21ai_0)
   0.273    4.225 ^ _14181_/Y (sky130_fd_sc_hd__a31oi_1)
   0.236    4.460 v _14183_/Y (sky130_fd_sc_hd__o21ai_0)
   0.291    4.751 ^ _14190_/Y (sky130_fd_sc_hd__a21oi_1)
   0.223    4.974 v _14192_/Y (sky130_fd_sc_hd__o21ai_0)
   0.290    5.264 ^ _14374_/Y (sky130_fd_sc_hd__a31oi_1)
   0.228    5.492 ^ _14420_/X (sky130_fd_sc_hd__xor2_1)
   0.098    5.590 v _14668_/Y (sky130_fd_sc_hd__nand3_1)
   0.111    5.701 ^ _14669_/Y (sky130_fd_sc_hd__nand3_1)
   0.635    6.336 v _14677_/Y (sky130_fd_sc_hd__nand2_1)
   0.016    6.352 v dp.rf.rf[26][18]$_DFFE_PP_/D (sky130_fd_sc_hd__edfxtp_1)
            6.352   data arrival time

   7.000    7.000   clock clk (rise edge)
   0.775    7.775   clock network delay (ideal)
   0.000    7.775   clock reconvergence pessimism
            7.775 ^ dp.rf.rf[26][18]$_DFFE_PP_/CLK (sky130_fd_sc_hd__edfxtp_1)
  -0.535    7.240   library setup time
            7.240   data required time
-----------------------------------------------------------
            7.240   data required time
           -6.352   data arrival time
-----------------------------------------------------------
            0.888   slack (MET)


Startpoint: dp.rf.rf[11][0]$_DFFE_PP_
            (rising edge-triggered flip-flop clocked by clk)
Endpoint: dp.rf.rf[27][18]$_DFFE_PP_
          (rising edge-triggered flip-flop clocked by clk)
Path Group: clk
Path Type: max

   Delay     Time   Description
-----------------------------------------------------------
   0.000    0.000   clock clk (rise edge)
   0.775    0.775   clock network delay (ideal)
   0.000    0.775 ^ dp.rf.rf[11][0]$_DFFE_PP_/CLK (sky130_fd_sc_hd__edfxtp_1)
   0.359    1.134 v dp.rf.rf[11][0]$_DFFE_PP_/Q (sky130_fd_sc_hd__edfxtp_1)
   0.114    1.248 ^ _10276_/Y (sky130_fd_sc_hd__nor2_1)
   0.064    1.312 v _10277_/Y (sky130_fd_sc_hd__nor2_1)
   0.144    1.456 ^ _10280_/Y (sky130_fd_sc_hd__a21oi_1)
   0.102    1.557 v _10281_/Y (sky130_fd_sc_hd__o21ai_0)
   0.085    1.642 ^ _10282_/Y (sky130_fd_sc_hd__nand3_1)
   0.094    1.736 v _10305_/Y (sky130_fd_sc_hd__nand2_1)
   0.101    1.837 ^ _10306_/Y (sky130_fd_sc_hd__nand2_1)
   0.276    2.113 v _12759_/Y (sky130_fd_sc_hd__nand2_1)
   0.306    2.419 v place713/X (sky130_fd_sc_hd__buf_4)
   0.064    2.483 ^ _15032_/Y (sky130_fd_sc_hd__nand2_1)
   0.090    2.573 v _15033_/Y (sky130_fd_sc_hd__o21ai_0)
   0.243    2.816 v _15388_/COUT (sky130_fd_sc_hd__ha_1)
   0.455    3.271 v _15290_/COUT (sky130_fd_sc_hd__fa_1)
   0.072    3.343 ^ _14173_/Y (sky130_fd_sc_hd__nand2_1)
   0.087    3.430 v _14175_/Y (sky130_fd_sc_hd__nand2_1)
   0.296    3.726 ^ _14176_/Y (sky130_fd_sc_hd__a21oi_1)
   0.226    3.952 v _14178_/Y (sky130_fd_sc_hd__o21ai_0)
   0.273    4.225 ^ _14181_/Y (sky130_fd_sc_hd__a31oi_1)
   0.236    4.460 v _14183_/Y (sky130_fd_sc_hd__o21ai_0)
   0.291    4.751 ^ _14190_/Y (sky130_fd_sc_hd__a21oi_1)
   0.223    4.974 v _14192_/Y (sky130_fd_sc_hd__o21ai_0)
   0.290    5.264 ^ _14374_/Y (sky130_fd_sc_hd__a31oi_1)
   0.228    5.492 ^ _14420_/X (sky130_fd_sc_hd__xor2_1)
   0.098    5.590 v _14668_/Y (sky130_fd_sc_hd__nand3_1)
   0.111    5.701 ^ _14669_/Y (sky130_fd_sc_hd__nand3_1)
   0.635    6.336 v _14677_/Y (sky130_fd_sc_hd__nand2_1)
   0.016    6.352 v dp.rf.rf[27][18]$_DFFE_PP_/D (sky130_fd_sc_hd__edfxtp_1)
            6.352   data arrival time

   7.000    7.000   clock clk (rise edge)
   0.775    7.775   clock network delay (ideal)
   0.000    7.775   clock reconvergence pessimism
            7.775 ^ dp.rf.rf[27][18]$_DFFE_PP_/CLK (sky130_fd_sc_hd__edfxtp_1)
  -0.535    7.240   library setup time
            7.240   data required time
-----------------------------------------------------------
            7.240   data required time
           -6.352   data arrival time
-----------------------------------------------------------
            0.888   slack (MET)


Startpoint: dp.rf.rf[11][0]$_DFFE_PP_
            (rising edge-triggered flip-flop clocked by clk)
Endpoint: dp.rf.rf[30][18]$_DFFE_PP_
          (rising edge-triggered flip-flop clocked by clk)
Path Group: clk
Path Type: max

   Delay     Time   Description
-----------------------------------------------------------
   0.000    0.000   clock clk (rise edge)
   0.775    0.775   clock network delay (ideal)
   0.000    0.775 ^ dp.rf.rf[11][0]$_DFFE_PP_/CLK (sky130_fd_sc_hd__edfxtp_1)
   0.359    1.134 v dp.rf.rf[11][0]$_DFFE_PP_/Q (sky130_fd_sc_hd__edfxtp_1)
   0.114    1.248 ^ _10276_/Y (sky130_fd_sc_hd__nor2_1)
   0.064    1.312 v _10277_/Y (sky130_fd_sc_hd__nor2_1)
   0.144    1.456 ^ _10280_/Y (sky130_fd_sc_hd__a21oi_1)
   0.102    1.557 v _10281_/Y (sky130_fd_sc_hd__o21ai_0)
   0.085    1.642 ^ _10282_/Y (sky130_fd_sc_hd__nand3_1)
   0.094    1.736 v _10305_/Y (sky130_fd_sc_hd__nand2_1)
   0.101    1.837 ^ _10306_/Y (sky130_fd_sc_hd__nand2_1)
   0.276    2.113 v _12759_/Y (sky130_fd_sc_hd__nand2_1)
   0.306    2.419 v place713/X (sky130_fd_sc_hd__buf_4)
   0.064    2.483 ^ _15032_/Y (sky130_fd_sc_hd__nand2_1)
   0.090    2.573 v _15033_/Y (sky130_fd_sc_hd__o21ai_0)
   0.243    2.816 v _15388_/COUT (sky130_fd_sc_hd__ha_1)
   0.455    3.271 v _15290_/COUT (sky130_fd_sc_hd__fa_1)
   0.072    3.343 ^ _14173_/Y (sky130_fd_sc_hd__nand2_1)
   0.087    3.430 v _14175_/Y (sky130_fd_sc_hd__nand2_1)
   0.296    3.726 ^ _14176_/Y (sky130_fd_sc_hd__a21oi_1)
   0.226    3.952 v _14178_/Y (sky130_fd_sc_hd__o21ai_0)
   0.273    4.225 ^ _14181_/Y (sky130_fd_sc_hd__a31oi_1)
   0.236    4.460 v _14183_/Y (sky130_fd_sc_hd__o21ai_0)
   0.291    4.751 ^ _14190_/Y (sky130_fd_sc_hd__a21oi_1)
   0.223    4.974 v _14192_/Y (sky130_fd_sc_hd__o21ai_0)
   0.290    5.264 ^ _14374_/Y (sky130_fd_sc_hd__a31oi_1)
   0.228    5.492 ^ _14420_/X (sky130_fd_sc_hd__xor2_1)
   0.098    5.590 v _14668_/Y (sky130_fd_sc_hd__nand3_1)
   0.111    5.701 ^ _14669_/Y (sky130_fd_sc_hd__nand3_1)
   0.635    6.336 v _14677_/Y (sky130_fd_sc_hd__nand2_1)
   0.015    6.351 v dp.rf.rf[30][18]$_DFFE_PP_/D (sky130_fd_sc_hd__edfxtp_1)
            6.351   data arrival time

   7.000    7.000   clock clk (rise edge)
   0.775    7.775   clock network delay (ideal)
   0.000    7.775   clock reconvergence pessimism
            7.775 ^ dp.rf.rf[30][18]$_DFFE_PP_/CLK (sky130_fd_sc_hd__edfxtp_1)
  -0.535    7.240   library setup time
            7.240   data required time
-----------------------------------------------------------
            7.240   data required time
           -6.351   data arrival time
-----------------------------------------------------------
            0.889   slack (MET)


Startpoint: dp.rf.rf[11][0]$_DFFE_PP_
            (rising edge-triggered flip-flop clocked by clk)
Endpoint: dp.rf.rf[31][18]$_DFFE_PP_
          (rising edge-triggered flip-flop clocked by clk)
Path Group: clk
Path Type: max

   Delay     Time   Description
-----------------------------------------------------------
   0.000    0.000   clock clk (rise edge)
   0.775    0.775   clock network delay (ideal)
   0.000    0.775 ^ dp.rf.rf[11][0]$_DFFE_PP_/CLK (sky130_fd_sc_hd__edfxtp_1)
   0.359    1.134 v dp.rf.rf[11][0]$_DFFE_PP_/Q (sky130_fd_sc_hd__edfxtp_1)
   0.114    1.248 ^ _10276_/Y (sky130_fd_sc_hd__nor2_1)
   0.064    1.312 v _10277_/Y (sky130_fd_sc_hd__nor2_1)
   0.144    1.456 ^ _10280_/Y (sky130_fd_sc_hd__a21oi_1)
   0.102    1.557 v _10281_/Y (sky130_fd_sc_hd__o21ai_0)
   0.085    1.642 ^ _10282_/Y (sky130_fd_sc_hd__nand3_1)
   0.094    1.736 v _10305_/Y (sky130_fd_sc_hd__nand2_1)
   0.101    1.837 ^ _10306_/Y (sky130_fd_sc_hd__nand2_1)
   0.276    2.113 v _12759_/Y (sky130_fd_sc_hd__nand2_1)
   0.306    2.419 v place713/X (sky130_fd_sc_hd__buf_4)
   0.064    2.483 ^ _15032_/Y (sky130_fd_sc_hd__nand2_1)
   0.090    2.573 v _15033_/Y (sky130_fd_sc_hd__o21ai_0)
   0.243    2.816 v _15388_/COUT (sky130_fd_sc_hd__ha_1)
   0.455    3.271 v _15290_/COUT (sky130_fd_sc_hd__fa_1)
   0.072    3.343 ^ _14173_/Y (sky130_fd_sc_hd__nand2_1)
   0.087    3.430 v _14175_/Y (sky130_fd_sc_hd__nand2_1)
   0.296    3.726 ^ _14176_/Y (sky130_fd_sc_hd__a21oi_1)
   0.226    3.952 v _14178_/Y (sky130_fd_sc_hd__o21ai_0)
   0.273    4.225 ^ _14181_/Y (sky130_fd_sc_hd__a31oi_1)
   0.236    4.460 v _14183_/Y (sky130_fd_sc_hd__o21ai_0)
   0.291    4.751 ^ _14190_/Y (sky130_fd_sc_hd__a21oi_1)
   0.223    4.974 v _14192_/Y (sky130_fd_sc_hd__o21ai_0)
   0.290    5.264 ^ _14374_/Y (sky130_fd_sc_hd__a31oi_1)
   0.228    5.492 ^ _14420_/X (sky130_fd_sc_hd__xor2_1)
   0.098    5.590 v _14668_/Y (sky130_fd_sc_hd__nand3_1)
   0.111    5.701 ^ _14669_/Y (sky130_fd_sc_hd__nand3_1)
   0.635    6.336 v _14677_/Y (sky130_fd_sc_hd__nand2_1)
   0.014    6.350 v dp.rf.rf[31][18]$_DFFE_PP_/D (sky130_fd_sc_hd__edfxtp_1)
            6.350   data arrival time

   7.000    7.000   clock clk (rise edge)
   0.775    7.775   clock network delay (ideal)
   0.000    7.775   clock reconvergence pessimism
            7.775 ^ dp.rf.rf[31][18]$_DFFE_PP_/CLK (sky130_fd_sc_hd__edfxtp_1)
  -0.535    7.240   library setup time
            7.240   data required time
-----------------------------------------------------------
            7.240   data required time
           -6.350   data arrival time
-----------------------------------------------------------
            0.890   slack (MET)


Startpoint: dp.rf.rf[11][0]$_DFFE_PP_
            (rising edge-triggered flip-flop clocked by clk)
Endpoint: dp.rf.rf[17][18]$_DFFE_PP_
          (rising edge-triggered flip-flop clocked by clk)
Path Group: clk
Path Type: max

   Delay     Time   Description
-----------------------------------------------------------
   0.000    0.000   clock clk (rise edge)
   0.775    0.775   clock network delay (ideal)
   0.000    0.775 ^ dp.rf.rf[11][0]$_DFFE_PP_/CLK (sky130_fd_sc_hd__edfxtp_1)
   0.359    1.134 v dp.rf.rf[11][0]$_DFFE_PP_/Q (sky130_fd_sc_hd__edfxtp_1)
   0.114    1.248 ^ _10276_/Y (sky130_fd_sc_hd__nor2_1)
   0.064    1.312 v _10277_/Y (sky130_fd_sc_hd__nor2_1)
   0.144    1.456 ^ _10280_/Y (sky130_fd_sc_hd__a21oi_1)
   0.102    1.557 v _10281_/Y (sky130_fd_sc_hd__o21ai_0)
   0.085    1.642 ^ _10282_/Y (sky130_fd_sc_hd__nand3_1)
   0.094    1.736 v _10305_/Y (sky130_fd_sc_hd__nand2_1)
   0.101    1.837 ^ _10306_/Y (sky130_fd_sc_hd__nand2_1)
   0.276    2.113 v _12759_/Y (sky130_fd_sc_hd__nand2_1)
   0.306    2.419 v place713/X (sky130_fd_sc_hd__buf_4)
   0.064    2.483 ^ _15032_/Y (sky130_fd_sc_hd__nand2_1)
   0.090    2.573 v _15033_/Y (sky130_fd_sc_hd__o21ai_0)
   0.243    2.816 v _15388_/COUT (sky130_fd_sc_hd__ha_1)
   0.455    3.271 v _15290_/COUT (sky130_fd_sc_hd__fa_1)
   0.072    3.343 ^ _14173_/Y (sky130_fd_sc_hd__nand2_1)
   0.087    3.430 v _14175_/Y (sky130_fd_sc_hd__nand2_1)
   0.296    3.726 ^ _14176_/Y (sky130_fd_sc_hd__a21oi_1)
   0.226    3.952 v _14178_/Y (sky130_fd_sc_hd__o21ai_0)
   0.273    4.225 ^ _14181_/Y (sky130_fd_sc_hd__a31oi_1)
   0.236    4.460 v _14183_/Y (sky130_fd_sc_hd__o21ai_0)
   0.291    4.751 ^ _14190_/Y (sky130_fd_sc_hd__a21oi_1)
   0.223    4.974 v _14192_/Y (sky130_fd_sc_hd__o21ai_0)
   0.290    5.264 ^ _14374_/Y (sky130_fd_sc_hd__a31oi_1)
   0.228    5.492 ^ _14420_/X (sky130_fd_sc_hd__xor2_1)
   0.098    5.590 v _14668_/Y (sky130_fd_sc_hd__nand3_1)
   0.111    5.701 ^ _14669_/Y (sky130_fd_sc_hd__nand3_1)
   0.635    6.336 v _14677_/Y (sky130_fd_sc_hd__nand2_1)
   0.013    6.349 v dp.rf.rf[17][18]$_DFFE_PP_/D (sky130_fd_sc_hd__edfxtp_1)
            6.349   data arrival time

   7.000    7.000   clock clk (rise edge)
   0.775    7.775   clock network delay (ideal)
   0.000    7.775   clock reconvergence pessimism
            7.775 ^ dp.rf.rf[17][18]$_DFFE_PP_/CLK (sky130_fd_sc_hd__edfxtp_1)
  -0.535    7.240   library setup time
            7.240   data required time
-----------------------------------------------------------
            7.240   data required time
           -6.349   data arrival time
-----------------------------------------------------------
            0.891   slack (MET)


Startpoint: dp.rf.rf[11][0]$_DFFE_PP_
            (rising edge-triggered flip-flop clocked by clk)
Endpoint: dp.rf.rf[18][18]$_DFFE_PP_
          (rising edge-triggered flip-flop clocked by clk)
Path Group: clk
Path Type: max

   Delay     Time   Description
-----------------------------------------------------------
   0.000    0.000   clock clk (rise edge)
   0.775    0.775   clock network delay (ideal)
   0.000    0.775 ^ dp.rf.rf[11][0]$_DFFE_PP_/CLK (sky130_fd_sc_hd__edfxtp_1)
   0.359    1.134 v dp.rf.rf[11][0]$_DFFE_PP_/Q (sky130_fd_sc_hd__edfxtp_1)
   0.114    1.248 ^ _10276_/Y (sky130_fd_sc_hd__nor2_1)
   0.064    1.312 v _10277_/Y (sky130_fd_sc_hd__nor2_1)
   0.144    1.456 ^ _10280_/Y (sky130_fd_sc_hd__a21oi_1)
   0.102    1.557 v _10281_/Y (sky130_fd_sc_hd__o21ai_0)
   0.085    1.642 ^ _10282_/Y (sky130_fd_sc_hd__nand3_1)
   0.094    1.736 v _10305_/Y (sky130_fd_sc_hd__nand2_1)
   0.101    1.837 ^ _10306_/Y (sky130_fd_sc_hd__nand2_1)
   0.276    2.113 v _12759_/Y (sky130_fd_sc_hd__nand2_1)
   0.306    2.419 v place713/X (sky130_fd_sc_hd__buf_4)
   0.064    2.483 ^ _15032_/Y (sky130_fd_sc_hd__nand2_1)
   0.090    2.573 v _15033_/Y (sky130_fd_sc_hd__o21ai_0)
   0.243    2.816 v _15388_/COUT (sky130_fd_sc_hd__ha_1)
   0.455    3.271 v _15290_/COUT (sky130_fd_sc_hd__fa_1)
   0.072    3.343 ^ _14173_/Y (sky130_fd_sc_hd__nand2_1)
   0.087    3.430 v _14175_/Y (sky130_fd_sc_hd__nand2_1)
   0.296    3.726 ^ _14176_/Y (sky130_fd_sc_hd__a21oi_1)
   0.226    3.952 v _14178_/Y (sky130_fd_sc_hd__o21ai_0)
   0.273    4.225 ^ _14181_/Y (sky130_fd_sc_hd__a31oi_1)
   0.236    4.460 v _14183_/Y (sky130_fd_sc_hd__o21ai_0)
   0.291    4.751 ^ _14190_/Y (sky130_fd_sc_hd__a21oi_1)
   0.223    4.974 v _14192_/Y (sky130_fd_sc_hd__o21ai_0)
   0.290    5.264 ^ _14374_/Y (sky130_fd_sc_hd__a31oi_1)
   0.228    5.492 ^ _14420_/X (sky130_fd_sc_hd__xor2_1)
   0.098    5.590 v _14668_/Y (sky130_fd_sc_hd__nand3_1)
   0.111    5.701 ^ _14669_/Y (sky130_fd_sc_hd__nand3_1)
   0.635    6.336 v _14677_/Y (sky130_fd_sc_hd__nand2_1)
   0.013    6.349 v dp.rf.rf[18][18]$_DFFE_PP_/D (sky130_fd_sc_hd__edfxtp_1)
            6.349   data arrival time

   7.000    7.000   clock clk (rise edge)
   0.775    7.775   clock network delay (ideal)
   0.000    7.775   clock reconvergence pessimism
            7.775 ^ dp.rf.rf[18][18]$_DFFE_PP_/CLK (sky130_fd_sc_hd__edfxtp_1)
  -0.535    7.240   library setup time
            7.240   data required time
-----------------------------------------------------------
            7.240   data required time
           -6.349   data arrival time
-----------------------------------------------------------
            0.891   slack (MET)


Startpoint: dp.rf.rf[11][0]$_DFFE_PP_
            (rising edge-triggered flip-flop clocked by clk)
Endpoint: dp.rf.rf[16][18]$_DFFE_PP_
          (rising edge-triggered flip-flop clocked by clk)
Path Group: clk
Path Type: max

   Delay     Time   Description
-----------------------------------------------------------
   0.000    0.000   clock clk (rise edge)
   0.775    0.775   clock network delay (ideal)
   0.000    0.775 ^ dp.rf.rf[11][0]$_DFFE_PP_/CLK (sky130_fd_sc_hd__edfxtp_1)
   0.359    1.134 v dp.rf.rf[11][0]$_DFFE_PP_/Q (sky130_fd_sc_hd__edfxtp_1)
   0.114    1.248 ^ _10276_/Y (sky130_fd_sc_hd__nor2_1)
   0.064    1.312 v _10277_/Y (sky130_fd_sc_hd__nor2_1)
   0.144    1.456 ^ _10280_/Y (sky130_fd_sc_hd__a21oi_1)
   0.102    1.557 v _10281_/Y (sky130_fd_sc_hd__o21ai_0)
   0.085    1.642 ^ _10282_/Y (sky130_fd_sc_hd__nand3_1)
   0.094    1.736 v _10305_/Y (sky130_fd_sc_hd__nand2_1)
   0.101    1.837 ^ _10306_/Y (sky130_fd_sc_hd__nand2_1)
   0.276    2.113 v _12759_/Y (sky130_fd_sc_hd__nand2_1)
   0.306    2.419 v place713/X (sky130_fd_sc_hd__buf_4)
   0.064    2.483 ^ _15032_/Y (sky130_fd_sc_hd__nand2_1)
   0.090    2.573 v _15033_/Y (sky130_fd_sc_hd__o21ai_0)
   0.243    2.816 v _15388_/COUT (sky130_fd_sc_hd__ha_1)
   0.455    3.271 v _15290_/COUT (sky130_fd_sc_hd__fa_1)
   0.072    3.343 ^ _14173_/Y (sky130_fd_sc_hd__nand2_1)
   0.087    3.430 v _14175_/Y (sky130_fd_sc_hd__nand2_1)
   0.296    3.726 ^ _14176_/Y (sky130_fd_sc_hd__a21oi_1)
   0.226    3.952 v _14178_/Y (sky130_fd_sc_hd__o21ai_0)
   0.273    4.225 ^ _14181_/Y (sky130_fd_sc_hd__a31oi_1)
   0.236    4.460 v _14183_/Y (sky130_fd_sc_hd__o21ai_0)
   0.291    4.751 ^ _14190_/Y (sky130_fd_sc_hd__a21oi_1)
   0.223    4.974 v _14192_/Y (sky130_fd_sc_hd__o21ai_0)
   0.290    5.264 ^ _14374_/Y (sky130_fd_sc_hd__a31oi_1)
   0.228    5.492 ^ _14420_/X (sky130_fd_sc_hd__xor2_1)
   0.098    5.590 v _14668_/Y (sky130_fd_sc_hd__nand3_1)
   0.111    5.701 ^ _14669_/Y (sky130_fd_sc_hd__nand3_1)
   0.635    6.336 v _14677_/Y (sky130_fd_sc_hd__nand2_1)
   0.013    6.349 v dp.rf.rf[16][18]$_DFFE_PP_/D (sky130_fd_sc_hd__edfxtp_1)
            6.349   data arrival time

   7.000    7.000   clock clk (rise edge)
   0.775    7.775   clock network delay (ideal)
   0.000    7.775   clock reconvergence pessimism
            7.775 ^ dp.rf.rf[16][18]$_DFFE_PP_/CLK (sky130_fd_sc_hd__edfxtp_1)
  -0.535    7.240   library setup time
            7.240   data required time
-----------------------------------------------------------
            7.240   data required time
           -6.349   data arrival time
-----------------------------------------------------------
            0.891   slack (MET)


Startpoint: dp.rf.rf[11][0]$_DFFE_PP_
            (rising edge-triggered flip-flop clocked by clk)
Endpoint: dp.rf.rf[19][18]$_DFFE_PP_
          (rising edge-triggered flip-flop clocked by clk)
Path Group: clk
Path Type: max

   Delay     Time   Description
-----------------------------------------------------------
   0.000    0.000   clock clk (rise edge)
   0.775    0.775   clock network delay (ideal)
   0.000    0.775 ^ dp.rf.rf[11][0]$_DFFE_PP_/CLK (sky130_fd_sc_hd__edfxtp_1)
   0.359    1.134 v dp.rf.rf[11][0]$_DFFE_PP_/Q (sky130_fd_sc_hd__edfxtp_1)
   0.114    1.248 ^ _10276_/Y (sky130_fd_sc_hd__nor2_1)
   0.064    1.312 v _10277_/Y (sky130_fd_sc_hd__nor2_1)
   0.144    1.456 ^ _10280_/Y (sky130_fd_sc_hd__a21oi_1)
   0.102    1.557 v _10281_/Y (sky130_fd_sc_hd__o21ai_0)
   0.085    1.642 ^ _10282_/Y (sky130_fd_sc_hd__nand3_1)
   0.094    1.736 v _10305_/Y (sky130_fd_sc_hd__nand2_1)
   0.101    1.837 ^ _10306_/Y (sky130_fd_sc_hd__nand2_1)
   0.276    2.113 v _12759_/Y (sky130_fd_sc_hd__nand2_1)
   0.306    2.419 v place713/X (sky130_fd_sc_hd__buf_4)
   0.064    2.483 ^ _15032_/Y (sky130_fd_sc_hd__nand2_1)
   0.090    2.573 v _15033_/Y (sky130_fd_sc_hd__o21ai_0)
   0.243    2.816 v _15388_/COUT (sky130_fd_sc_hd__ha_1)
   0.455    3.271 v _15290_/COUT (sky130_fd_sc_hd__fa_1)
   0.072    3.343 ^ _14173_/Y (sky130_fd_sc_hd__nand2_1)
   0.087    3.430 v _14175_/Y (sky130_fd_sc_hd__nand2_1)
   0.296    3.726 ^ _14176_/Y (sky130_fd_sc_hd__a21oi_1)
   0.226    3.952 v _14178_/Y (sky130_fd_sc_hd__o21ai_0)
   0.273    4.225 ^ _14181_/Y (sky130_fd_sc_hd__a31oi_1)
   0.236    4.460 v _14183_/Y (sky130_fd_sc_hd__o21ai_0)
   0.291    4.751 ^ _14190_/Y (sky130_fd_sc_hd__a21oi_1)
   0.223    4.974 v _14192_/Y (sky130_fd_sc_hd__o21ai_0)
   0.290    5.264 ^ _14374_/Y (sky130_fd_sc_hd__a31oi_1)
   0.228    5.492 ^ _14420_/X (sky130_fd_sc_hd__xor2_1)
   0.098    5.590 v _14668_/Y (sky130_fd_sc_hd__nand3_1)
   0.111    5.701 ^ _14669_/Y (sky130_fd_sc_hd__nand3_1)
   0.635    6.336 v _14677_/Y (sky130_fd_sc_hd__nand2_1)
   0.013    6.349 v dp.rf.rf[19][18]$_DFFE_PP_/D (sky130_fd_sc_hd__edfxtp_1)
            6.349   data arrival time

   7.000    7.000   clock clk (rise edge)
   0.775    7.775   clock network delay (ideal)
   0.000    7.775   clock reconvergence pessimism
            7.775 ^ dp.rf.rf[19][18]$_DFFE_PP_/CLK (sky130_fd_sc_hd__edfxtp_1)
  -0.535    7.240   library setup time
            7.240   data required time
-----------------------------------------------------------
            7.240   data required time
           -6.349   data arrival time
-----------------------------------------------------------
            0.891   slack (MET)


Startpoint: dp.rf.rf[11][0]$_DFFE_PP_
            (rising edge-triggered flip-flop clocked by clk)
Endpoint: dp.rf.rf[21][18]$_DFFE_PP_
          (rising edge-triggered flip-flop clocked by clk)
Path Group: clk
Path Type: max

   Delay     Time   Description
-----------------------------------------------------------
   0.000    0.000   clock clk (rise edge)
   0.775    0.775   clock network delay (ideal)
   0.000    0.775 ^ dp.rf.rf[11][0]$_DFFE_PP_/CLK (sky130_fd_sc_hd__edfxtp_1)
   0.359    1.134 v dp.rf.rf[11][0]$_DFFE_PP_/Q (sky130_fd_sc_hd__edfxtp_1)
   0.114    1.248 ^ _10276_/Y (sky130_fd_sc_hd__nor2_1)
   0.064    1.312 v _10277_/Y (sky130_fd_sc_hd__nor2_1)
   0.144    1.456 ^ _10280_/Y (sky130_fd_sc_hd__a21oi_1)
   0.102    1.557 v _10281_/Y (sky130_fd_sc_hd__o21ai_0)
   0.085    1.642 ^ _10282_/Y (sky130_fd_sc_hd__nand3_1)
   0.094    1.736 v _10305_/Y (sky130_fd_sc_hd__nand2_1)
   0.101    1.837 ^ _10306_/Y (sky130_fd_sc_hd__nand2_1)
   0.276    2.113 v _12759_/Y (sky130_fd_sc_hd__nand2_1)
   0.306    2.419 v place713/X (sky130_fd_sc_hd__buf_4)
   0.064    2.483 ^ _15032_/Y (sky130_fd_sc_hd__nand2_1)
   0.090    2.573 v _15033_/Y (sky130_fd_sc_hd__o21ai_0)
   0.243    2.816 v _15388_/COUT (sky130_fd_sc_hd__ha_1)
   0.455    3.271 v _15290_/COUT (sky130_fd_sc_hd__fa_1)
   0.072    3.343 ^ _14173_/Y (sky130_fd_sc_hd__nand2_1)
   0.087    3.430 v _14175_/Y (sky130_fd_sc_hd__nand2_1)
   0.296    3.726 ^ _14176_/Y (sky130_fd_sc_hd__a21oi_1)
   0.226    3.952 v _14178_/Y (sky130_fd_sc_hd__o21ai_0)
   0.273    4.225 ^ _14181_/Y (sky130_fd_sc_hd__a31oi_1)
   0.236    4.460 v _14183_/Y (sky130_fd_sc_hd__o21ai_0)
   0.291    4.751 ^ _14190_/Y (sky130_fd_sc_hd__a21oi_1)
   0.223    4.974 v _14192_/Y (sky130_fd_sc_hd__o21ai_0)
   0.290    5.264 ^ _14374_/Y (sky130_fd_sc_hd__a31oi_1)
   0.228    5.492 ^ _14420_/X (sky130_fd_sc_hd__xor2_1)
   0.098    5.590 v _14668_/Y (sky130_fd_sc_hd__nand3_1)
   0.111    5.701 ^ _14669_/Y (sky130_fd_sc_hd__nand3_1)
   0.635    6.336 v _14677_/Y (sky130_fd_sc_hd__nand2_1)
   0.013    6.349 v dp.rf.rf[21][18]$_DFFE_PP_/D (sky130_fd_sc_hd__edfxtp_1)
            6.349   data arrival time

   7.000    7.000   clock clk (rise edge)
   0.775    7.775   clock network delay (ideal)
   0.000    7.775   clock reconvergence pessimism
            7.775 ^ dp.rf.rf[21][18]$_DFFE_PP_/CLK (sky130_fd_sc_hd__edfxtp_1)
  -0.535    7.240   library setup time
            7.240   data required time
-----------------------------------------------------------
            7.240   data required time
           -6.349   data arrival time
-----------------------------------------------------------
            0.891   slack (MET)


Startpoint: dp.rf.rf[11][0]$_DFFE_PP_
            (rising edge-triggered flip-flop clocked by clk)
Endpoint: dp.rf.rf[20][18]$_DFFE_PP_
          (rising edge-triggered flip-flop clocked by clk)
Path Group: clk
Path Type: max

   Delay     Time   Description
-----------------------------------------------------------
   0.000    0.000   clock clk (rise edge)
   0.775    0.775   clock network delay (ideal)
   0.000    0.775 ^ dp.rf.rf[11][0]$_DFFE_PP_/CLK (sky130_fd_sc_hd__edfxtp_1)
   0.359    1.134 v dp.rf.rf[11][0]$_DFFE_PP_/Q (sky130_fd_sc_hd__edfxtp_1)
   0.114    1.248 ^ _10276_/Y (sky130_fd_sc_hd__nor2_1)
   0.064    1.312 v _10277_/Y (sky130_fd_sc_hd__nor2_1)
   0.144    1.456 ^ _10280_/Y (sky130_fd_sc_hd__a21oi_1)
   0.102    1.557 v _10281_/Y (sky130_fd_sc_hd__o21ai_0)
   0.085    1.642 ^ _10282_/Y (sky130_fd_sc_hd__nand3_1)
   0.094    1.736 v _10305_/Y (sky130_fd_sc_hd__nand2_1)
   0.101    1.837 ^ _10306_/Y (sky130_fd_sc_hd__nand2_1)
   0.276    2.113 v _12759_/Y (sky130_fd_sc_hd__nand2_1)
   0.306    2.419 v place713/X (sky130_fd_sc_hd__buf_4)
   0.064    2.483 ^ _15032_/Y (sky130_fd_sc_hd__nand2_1)
   0.090    2.573 v _15033_/Y (sky130_fd_sc_hd__o21ai_0)
   0.243    2.816 v _15388_/COUT (sky130_fd_sc_hd__ha_1)
   0.455    3.271 v _15290_/COUT (sky130_fd_sc_hd__fa_1)
   0.072    3.343 ^ _14173_/Y (sky130_fd_sc_hd__nand2_1)
   0.087    3.430 v _14175_/Y (sky130_fd_sc_hd__nand2_1)
   0.296    3.726 ^ _14176_/Y (sky130_fd_sc_hd__a21oi_1)
   0.226    3.952 v _14178_/Y (sky130_fd_sc_hd__o21ai_0)
   0.273    4.225 ^ _14181_/Y (sky130_fd_sc_hd__a31oi_1)
   0.236    4.460 v _14183_/Y (sky130_fd_sc_hd__o21ai_0)
   0.291    4.751 ^ _14190_/Y (sky130_fd_sc_hd__a21oi_1)
   0.223    4.974 v _14192_/Y (sky130_fd_sc_hd__o21ai_0)
   0.290    5.264 ^ _14374_/Y (sky130_fd_sc_hd__a31oi_1)
   0.228    5.492 ^ _14420_/X (sky130_fd_sc_hd__xor2_1)
   0.098    5.590 v _14668_/Y (sky130_fd_sc_hd__nand3_1)
   0.111    5.701 ^ _14669_/Y (sky130_fd_sc_hd__nand3_1)
   0.635    6.336 v _14677_/Y (sky130_fd_sc_hd__nand2_1)
   0.013    6.349 v dp.rf.rf[20][18]$_DFFE_PP_/D (sky130_fd_sc_hd__edfxtp_1)
            6.349   data arrival time

   7.000    7.000   clock clk (rise edge)
   0.775    7.775   clock network delay (ideal)
   0.000    7.775   clock reconvergence pessimism
            7.775 ^ dp.rf.rf[20][18]$_DFFE_PP_/CLK (sky130_fd_sc_hd__edfxtp_1)
  -0.535    7.240   library setup time
            7.240   data required time
-----------------------------------------------------------
            7.240   data required time
           -6.349   data arrival time
-----------------------------------------------------------
            0.891   slack (MET)


Startpoint: dp.rf.rf[11][0]$_DFFE_PP_
            (rising edge-triggered flip-flop clocked by clk)
Endpoint: dp.rf.rf[23][18]$_DFFE_PP_
          (rising edge-triggered flip-flop clocked by clk)
Path Group: clk
Path Type: max

   Delay     Time   Description
-----------------------------------------------------------
   0.000    0.000   clock clk (rise edge)
   0.775    0.775   clock network delay (ideal)
   0.000    0.775 ^ dp.rf.rf[11][0]$_DFFE_PP_/CLK (sky130_fd_sc_hd__edfxtp_1)
   0.359    1.134 v dp.rf.rf[11][0]$_DFFE_PP_/Q (sky130_fd_sc_hd__edfxtp_1)
   0.114    1.248 ^ _10276_/Y (sky130_fd_sc_hd__nor2_1)
   0.064    1.312 v _10277_/Y (sky130_fd_sc_hd__nor2_1)
   0.144    1.456 ^ _10280_/Y (sky130_fd_sc_hd__a21oi_1)
   0.102    1.557 v _10281_/Y (sky130_fd_sc_hd__o21ai_0)
   0.085    1.642 ^ _10282_/Y (sky130_fd_sc_hd__nand3_1)
   0.094    1.736 v _10305_/Y (sky130_fd_sc_hd__nand2_1)
   0.101    1.837 ^ _10306_/Y (sky130_fd_sc_hd__nand2_1)
   0.276    2.113 v _12759_/Y (sky130_fd_sc_hd__nand2_1)
   0.306    2.419 v place713/X (sky130_fd_sc_hd__buf_4)
   0.064    2.483 ^ _15032_/Y (sky130_fd_sc_hd__nand2_1)
   0.090    2.573 v _15033_/Y (sky130_fd_sc_hd__o21ai_0)
   0.243    2.816 v _15388_/COUT (sky130_fd_sc_hd__ha_1)
   0.455    3.271 v _15290_/COUT (sky130_fd_sc_hd__fa_1)
   0.072    3.343 ^ _14173_/Y (sky130_fd_sc_hd__nand2_1)
   0.087    3.430 v _14175_/Y (sky130_fd_sc_hd__nand2_1)
   0.296    3.726 ^ _14176_/Y (sky130_fd_sc_hd__a21oi_1)
   0.226    3.952 v _14178_/Y (sky130_fd_sc_hd__o21ai_0)
   0.273    4.225 ^ _14181_/Y (sky130_fd_sc_hd__a31oi_1)
   0.236    4.460 v _14183_/Y (sky130_fd_sc_hd__o21ai_0)
   0.291    4.751 ^ _14190_/Y (sky130_fd_sc_hd__a21oi_1)
   0.223    4.974 v _14192_/Y (sky130_fd_sc_hd__o21ai_0)
   0.290    5.264 ^ _14374_/Y (sky130_fd_sc_hd__a31oi_1)
   0.228    5.492 ^ _14420_/X (sky130_fd_sc_hd__xor2_1)
   0.098    5.590 v _14668_/Y (sky130_fd_sc_hd__nand3_1)
   0.111    5.701 ^ _14669_/Y (sky130_fd_sc_hd__nand3_1)
   0.635    6.336 v _14677_/Y (sky130_fd_sc_hd__nand2_1)
   0.013    6.349 v dp.rf.rf[23][18]$_DFFE_PP_/D (sky130_fd_sc_hd__edfxtp_1)
            6.349   data arrival time

   7.000    7.000   clock clk (rise edge)
   0.775    7.775   clock network delay (ideal)
   0.000    7.775   clock reconvergence pessimism
            7.775 ^ dp.rf.rf[23][18]$_DFFE_PP_/CLK (sky130_fd_sc_hd__edfxtp_1)
  -0.535    7.240   library setup time
            7.240   data required time
-----------------------------------------------------------
            7.240   data required time
           -6.349   data arrival time
-----------------------------------------------------------
            0.892   slack (MET)


Startpoint: dp.rf.rf[11][0]$_DFFE_PP_
            (rising edge-triggered flip-flop clocked by clk)
Endpoint: dp.rf.rf[22][18]$_DFFE_PP_
          (rising edge-triggered flip-flop clocked by clk)
Path Group: clk
Path Type: max

   Delay     Time   Description
-----------------------------------------------------------
   0.000    0.000   clock clk (rise edge)
   0.775    0.775   clock network delay (ideal)
   0.000    0.775 ^ dp.rf.rf[11][0]$_DFFE_PP_/CLK (sky130_fd_sc_hd__edfxtp_1)
   0.359    1.134 v dp.rf.rf[11][0]$_DFFE_PP_/Q (sky130_fd_sc_hd__edfxtp_1)
   0.114    1.248 ^ _10276_/Y (sky130_fd_sc_hd__nor2_1)
   0.064    1.312 v _10277_/Y (sky130_fd_sc_hd__nor2_1)
   0.144    1.456 ^ _10280_/Y (sky130_fd_sc_hd__a21oi_1)
   0.102    1.557 v _10281_/Y (sky130_fd_sc_hd__o21ai_0)
   0.085    1.642 ^ _10282_/Y (sky130_fd_sc_hd__nand3_1)
   0.094    1.736 v _10305_/Y (sky130_fd_sc_hd__nand2_1)
   0.101    1.837 ^ _10306_/Y (sky130_fd_sc_hd__nand2_1)
   0.276    2.113 v _12759_/Y (sky130_fd_sc_hd__nand2_1)
   0.306    2.419 v place713/X (sky130_fd_sc_hd__buf_4)
   0.064    2.483 ^ _15032_/Y (sky130_fd_sc_hd__nand2_1)
   0.090    2.573 v _15033_/Y (sky130_fd_sc_hd__o21ai_0)
   0.243    2.816 v _15388_/COUT (sky130_fd_sc_hd__ha_1)
   0.455    3.271 v _15290_/COUT (sky130_fd_sc_hd__fa_1)
   0.072    3.343 ^ _14173_/Y (sky130_fd_sc_hd__nand2_1)
   0.087    3.430 v _14175_/Y (sky130_fd_sc_hd__nand2_1)
   0.296    3.726 ^ _14176_/Y (sky130_fd_sc_hd__a21oi_1)
   0.226    3.952 v _14178_/Y (sky130_fd_sc_hd__o21ai_0)
   0.273    4.225 ^ _14181_/Y (sky130_fd_sc_hd__a31oi_1)
   0.236    4.460 v _14183_/Y (sky130_fd_sc_hd__o21ai_0)
   0.291    4.751 ^ _14190_/Y (sky130_fd_sc_hd__a21oi_1)
   0.223    4.974 v _14192_/Y (sky130_fd_sc_hd__o21ai_0)
   0.290    5.264 ^ _14374_/Y (sky130_fd_sc_hd__a31oi_1)
   0.228    5.492 ^ _14420_/X (sky130_fd_sc_hd__xor2_1)
   0.098    5.590 v _14668_/Y (sky130_fd_sc_hd__nand3_1)
   0.111    5.701 ^ _14669_/Y (sky130_fd_sc_hd__nand3_1)
   0.635    6.336 v _14677_/Y (sky130_fd_sc_hd__nand2_1)
   0.012    6.348 v dp.rf.rf[22][18]$_DFFE_PP_/D (sky130_fd_sc_hd__edfxtp_1)
            6.348   data arrival time

   7.000    7.000   clock clk (rise edge)
   0.775    7.775   clock network delay (ideal)
   0.000    7.775   clock reconvergence pessimism
            7.775 ^ dp.rf.rf[22][18]$_DFFE_PP_/CLK (sky130_fd_sc_hd__edfxtp_1)
  -0.535    7.240   library setup time
            7.240   data required time
-----------------------------------------------------------
            7.240   data required time
           -6.348   data arrival time
-----------------------------------------------------------
            0.893   slack (MET)


Startpoint: dp.rf.rf[11][0]$_DFFE_PP_
            (rising edge-triggered flip-flop clocked by clk)
Endpoint: dp.rf.rf[21][26]$_DFFE_PP_
          (rising edge-triggered flip-flop clocked by clk)
Path Group: clk
Path Type: max

   Delay     Time   Description
-----------------------------------------------------------
   0.000    0.000   clock clk (rise edge)
   0.775    0.775   clock network delay (ideal)
   0.000    0.775 ^ dp.rf.rf[11][0]$_DFFE_PP_/CLK (sky130_fd_sc_hd__edfxtp_1)
   0.359    1.134 v dp.rf.rf[11][0]$_DFFE_PP_/Q (sky130_fd_sc_hd__edfxtp_1)
   0.114    1.248 ^ _10276_/Y (sky130_fd_sc_hd__nor2_1)
   0.064    1.312 v _10277_/Y (sky130_fd_sc_hd__nor2_1)
   0.144    1.456 ^ _10280_/Y (sky130_fd_sc_hd__a21oi_1)
   0.102    1.557 v _10281_/Y (sky130_fd_sc_hd__o21ai_0)
   0.085    1.642 ^ _10282_/Y (sky130_fd_sc_hd__nand3_1)
   0.094    1.736 v _10305_/Y (sky130_fd_sc_hd__nand2_1)
   0.101    1.837 ^ _10306_/Y (sky130_fd_sc_hd__nand2_1)
   0.276    2.113 v _12759_/Y (sky130_fd_sc_hd__nand2_1)
   0.306    2.419 v place713/X (sky130_fd_sc_hd__buf_4)
   0.064    2.483 ^ _15032_/Y (sky130_fd_sc_hd__nand2_1)
   0.090    2.573 v _15033_/Y (sky130_fd_sc_hd__o21ai_0)
   0.243    2.816 v _15388_/COUT (sky130_fd_sc_hd__ha_1)
   0.455    3.271 v _15290_/COUT (sky130_fd_sc_hd__fa_1)
   0.072    3.343 ^ _14173_/Y (sky130_fd_sc_hd__nand2_1)
   0.087    3.430 v _14175_/Y (sky130_fd_sc_hd__nand2_1)
   0.296    3.726 ^ _14176_/Y (sky130_fd_sc_hd__a21oi_1)
   0.226    3.952 v _14178_/Y (sky130_fd_sc_hd__o21ai_0)
   0.273    4.225 ^ _14181_/Y (sky130_fd_sc_hd__a31oi_1)
   0.236    4.460 v _14183_/Y (sky130_fd_sc_hd__o21ai_0)
   0.291    4.751 ^ _14190_/Y (sky130_fd_sc_hd__a21oi_1)
   0.223    4.974 v _14192_/Y (sky130_fd_sc_hd__o21ai_0)
   0.366    5.340 ^ _14199_/Y (sky130_fd_sc_hd__a21boi_0)
   0.200    5.540 v _14203_/Y (sky130_fd_sc_hd__o21bai_1)
   0.096    5.636 ^ _14206_/Y (sky130_fd_sc_hd__nand2_1)
   0.119    5.755 v _14208_/Y (sky130_fd_sc_hd__nand2_1)
   0.274    6.028 ^ _14352_/Y (sky130_fd_sc_hd__xnor2_1)
   0.114    6.142 v _14577_/Y (sky130_fd_sc_hd__nand3_1)
   0.111    6.253 ^ _14578_/Y (sky130_fd_sc_hd__nand3_1)
   0.062    6.315 v _14585_/Y (sky130_fd_sc_hd__nand2_1)
   0.224    6.539 v place666/X (sky130_fd_sc_hd__buf_4)
   0.028    6.567 v dp.rf.rf[21][26]$_DFFE_PP_/D (sky130_fd_sc_hd__edfxtp_1)
            6.567   data arrival time

   7.000    7.000   clock clk (rise edge)
   0.775    7.775   clock network delay (ideal)
   0.000    7.775   clock reconvergence pessimism
            7.775 ^ dp.rf.rf[21][26]$_DFFE_PP_/CLK (sky130_fd_sc_hd__edfxtp_1)
  -0.303    7.472   library setup time
            7.472   data required time
-----------------------------------------------------------
            7.472   data required time
           -6.567   data arrival time
-----------------------------------------------------------
            0.905   slack (MET)


Startpoint: dp.rf.rf[11][0]$_DFFE_PP_
            (rising edge-triggered flip-flop clocked by clk)
Endpoint: dp.rf.rf[20][26]$_DFFE_PP_
          (rising edge-triggered flip-flop clocked by clk)
Path Group: clk
Path Type: max

   Delay     Time   Description
-----------------------------------------------------------
   0.000    0.000   clock clk (rise edge)
   0.775    0.775   clock network delay (ideal)
   0.000    0.775 ^ dp.rf.rf[11][0]$_DFFE_PP_/CLK (sky130_fd_sc_hd__edfxtp_1)
   0.359    1.134 v dp.rf.rf[11][0]$_DFFE_PP_/Q (sky130_fd_sc_hd__edfxtp_1)
   0.114    1.248 ^ _10276_/Y (sky130_fd_sc_hd__nor2_1)
   0.064    1.312 v _10277_/Y (sky130_fd_sc_hd__nor2_1)
   0.144    1.456 ^ _10280_/Y (sky130_fd_sc_hd__a21oi_1)
   0.102    1.557 v _10281_/Y (sky130_fd_sc_hd__o21ai_0)
   0.085    1.642 ^ _10282_/Y (sky130_fd_sc_hd__nand3_1)
   0.094    1.736 v _10305_/Y (sky130_fd_sc_hd__nand2_1)
   0.101    1.837 ^ _10306_/Y (sky130_fd_sc_hd__nand2_1)
   0.276    2.113 v _12759_/Y (sky130_fd_sc_hd__nand2_1)
   0.306    2.419 v place713/X (sky130_fd_sc_hd__buf_4)
   0.064    2.483 ^ _15032_/Y (sky130_fd_sc_hd__nand2_1)
   0.090    2.573 v _15033_/Y (sky130_fd_sc_hd__o21ai_0)
   0.243    2.816 v _15388_/COUT (sky130_fd_sc_hd__ha_1)
   0.455    3.271 v _15290_/COUT (sky130_fd_sc_hd__fa_1)
   0.072    3.343 ^ _14173_/Y (sky130_fd_sc_hd__nand2_1)
   0.087    3.430 v _14175_/Y (sky130_fd_sc_hd__nand2_1)
   0.296    3.726 ^ _14176_/Y (sky130_fd_sc_hd__a21oi_1)
   0.226    3.952 v _14178_/Y (sky130_fd_sc_hd__o21ai_0)
   0.273    4.225 ^ _14181_/Y (sky130_fd_sc_hd__a31oi_1)
   0.236    4.460 v _14183_/Y (sky130_fd_sc_hd__o21ai_0)
   0.291    4.751 ^ _14190_/Y (sky130_fd_sc_hd__a21oi_1)
   0.223    4.974 v _14192_/Y (sky130_fd_sc_hd__o21ai_0)
   0.366    5.340 ^ _14199_/Y (sky130_fd_sc_hd__a21boi_0)
   0.200    5.540 v _14203_/Y (sky130_fd_sc_hd__o21bai_1)
   0.096    5.636 ^ _14206_/Y (sky130_fd_sc_hd__nand2_1)
   0.119    5.755 v _14208_/Y (sky130_fd_sc_hd__nand2_1)
   0.274    6.028 ^ _14352_/Y (sky130_fd_sc_hd__xnor2_1)
   0.114    6.142 v _14577_/Y (sky130_fd_sc_hd__nand3_1)
   0.111    6.253 ^ _14578_/Y (sky130_fd_sc_hd__nand3_1)
   0.062    6.315 v _14585_/Y (sky130_fd_sc_hd__nand2_1)
   0.224    6.539 v place666/X (sky130_fd_sc_hd__buf_4)
   0.027    6.567 v dp.rf.rf[20][26]$_DFFE_PP_/D (sky130_fd_sc_hd__edfxtp_1)
            6.567   data arrival time

   7.000    7.000   clock clk (rise edge)
   0.775    7.775   clock network delay (ideal)
   0.000    7.775   clock reconvergence pessimism
            7.775 ^ dp.rf.rf[20][26]$_DFFE_PP_/CLK (sky130_fd_sc_hd__edfxtp_1)
  -0.303    7.472   library setup time
            7.472   data required time
-----------------------------------------------------------
            7.472   data required time
           -6.567   data arrival time
-----------------------------------------------------------
            0.905   slack (MET)


Startpoint: dp.rf.rf[11][0]$_DFFE_PP_
            (rising edge-triggered flip-flop clocked by clk)
Endpoint: dp.rf.rf[18][26]$_DFFE_PP_
          (rising edge-triggered flip-flop clocked by clk)
Path Group: clk
Path Type: max

   Delay     Time   Description
-----------------------------------------------------------
   0.000    0.000   clock clk (rise edge)
   0.775    0.775   clock network delay (ideal)
   0.000    0.775 ^ dp.rf.rf[11][0]$_DFFE_PP_/CLK (sky130_fd_sc_hd__edfxtp_1)
   0.359    1.134 v dp.rf.rf[11][0]$_DFFE_PP_/Q (sky130_fd_sc_hd__edfxtp_1)
   0.114    1.248 ^ _10276_/Y (sky130_fd_sc_hd__nor2_1)
   0.064    1.312 v _10277_/Y (sky130_fd_sc_hd__nor2_1)
   0.144    1.456 ^ _10280_/Y (sky130_fd_sc_hd__a21oi_1)
   0.102    1.557 v _10281_/Y (sky130_fd_sc_hd__o21ai_0)
   0.085    1.642 ^ _10282_/Y (sky130_fd_sc_hd__nand3_1)
   0.094    1.736 v _10305_/Y (sky130_fd_sc_hd__nand2_1)
   0.101    1.837 ^ _10306_/Y (sky130_fd_sc_hd__nand2_1)
   0.276    2.113 v _12759_/Y (sky130_fd_sc_hd__nand2_1)
   0.306    2.419 v place713/X (sky130_fd_sc_hd__buf_4)
   0.064    2.483 ^ _15032_/Y (sky130_fd_sc_hd__nand2_1)
   0.090    2.573 v _15033_/Y (sky130_fd_sc_hd__o21ai_0)
   0.243    2.816 v _15388_/COUT (sky130_fd_sc_hd__ha_1)
   0.455    3.271 v _15290_/COUT (sky130_fd_sc_hd__fa_1)
   0.072    3.343 ^ _14173_/Y (sky130_fd_sc_hd__nand2_1)
   0.087    3.430 v _14175_/Y (sky130_fd_sc_hd__nand2_1)
   0.296    3.726 ^ _14176_/Y (sky130_fd_sc_hd__a21oi_1)
   0.226    3.952 v _14178_/Y (sky130_fd_sc_hd__o21ai_0)
   0.273    4.225 ^ _14181_/Y (sky130_fd_sc_hd__a31oi_1)
   0.236    4.460 v _14183_/Y (sky130_fd_sc_hd__o21ai_0)
   0.291    4.751 ^ _14190_/Y (sky130_fd_sc_hd__a21oi_1)
   0.223    4.974 v _14192_/Y (sky130_fd_sc_hd__o21ai_0)
   0.366    5.340 ^ _14199_/Y (sky130_fd_sc_hd__a21boi_0)
   0.200    5.540 v _14203_/Y (sky130_fd_sc_hd__o21bai_1)
   0.096    5.636 ^ _14206_/Y (sky130_fd_sc_hd__nand2_1)
   0.119    5.755 v _14208_/Y (sky130_fd_sc_hd__nand2_1)
   0.274    6.028 ^ _14352_/Y (sky130_fd_sc_hd__xnor2_1)
   0.114    6.142 v _14577_/Y (sky130_fd_sc_hd__nand3_1)
   0.111    6.253 ^ _14578_/Y (sky130_fd_sc_hd__nand3_1)
   0.062    6.315 v _14585_/Y (sky130_fd_sc_hd__nand2_1)
   0.224    6.539 v place666/X (sky130_fd_sc_hd__buf_4)
   0.027    6.566 v dp.rf.rf[18][26]$_DFFE_PP_/D (sky130_fd_sc_hd__edfxtp_1)
            6.566   data arrival time

   7.000    7.000   clock clk (rise edge)
   0.775    7.775   clock network delay (ideal)
   0.000    7.775   clock reconvergence pessimism
            7.775 ^ dp.rf.rf[18][26]$_DFFE_PP_/CLK (sky130_fd_sc_hd__edfxtp_1)
  -0.303    7.472   library setup time
            7.472   data required time
-----------------------------------------------------------
            7.472   data required time
           -6.566   data arrival time
-----------------------------------------------------------
            0.905   slack (MET)


Startpoint: dp.rf.rf[11][0]$_DFFE_PP_
            (rising edge-triggered flip-flop clocked by clk)
Endpoint: dp.rf.rf[17][26]$_DFFE_PP_
          (rising edge-triggered flip-flop clocked by clk)
Path Group: clk
Path Type: max

   Delay     Time   Description
-----------------------------------------------------------
   0.000    0.000   clock clk (rise edge)
   0.775    0.775   clock network delay (ideal)
   0.000    0.775 ^ dp.rf.rf[11][0]$_DFFE_PP_/CLK (sky130_fd_sc_hd__edfxtp_1)
   0.359    1.134 v dp.rf.rf[11][0]$_DFFE_PP_/Q (sky130_fd_sc_hd__edfxtp_1)
   0.114    1.248 ^ _10276_/Y (sky130_fd_sc_hd__nor2_1)
   0.064    1.312 v _10277_/Y (sky130_fd_sc_hd__nor2_1)
   0.144    1.456 ^ _10280_/Y (sky130_fd_sc_hd__a21oi_1)
   0.102    1.557 v _10281_/Y (sky130_fd_sc_hd__o21ai_0)
   0.085    1.642 ^ _10282_/Y (sky130_fd_sc_hd__nand3_1)
   0.094    1.736 v _10305_/Y (sky130_fd_sc_hd__nand2_1)
   0.101    1.837 ^ _10306_/Y (sky130_fd_sc_hd__nand2_1)
   0.276    2.113 v _12759_/Y (sky130_fd_sc_hd__nand2_1)
   0.306    2.419 v place713/X (sky130_fd_sc_hd__buf_4)
   0.064    2.483 ^ _15032_/Y (sky130_fd_sc_hd__nand2_1)
   0.090    2.573 v _15033_/Y (sky130_fd_sc_hd__o21ai_0)
   0.243    2.816 v _15388_/COUT (sky130_fd_sc_hd__ha_1)
   0.455    3.271 v _15290_/COUT (sky130_fd_sc_hd__fa_1)
   0.072    3.343 ^ _14173_/Y (sky130_fd_sc_hd__nand2_1)
   0.087    3.430 v _14175_/Y (sky130_fd_sc_hd__nand2_1)
   0.296    3.726 ^ _14176_/Y (sky130_fd_sc_hd__a21oi_1)
   0.226    3.952 v _14178_/Y (sky130_fd_sc_hd__o21ai_0)
   0.273    4.225 ^ _14181_/Y (sky130_fd_sc_hd__a31oi_1)
   0.236    4.460 v _14183_/Y (sky130_fd_sc_hd__o21ai_0)
   0.291    4.751 ^ _14190_/Y (sky130_fd_sc_hd__a21oi_1)
   0.223    4.974 v _14192_/Y (sky130_fd_sc_hd__o21ai_0)
   0.366    5.340 ^ _14199_/Y (sky130_fd_sc_hd__a21boi_0)
   0.200    5.540 v _14203_/Y (sky130_fd_sc_hd__o21bai_1)
   0.096    5.636 ^ _14206_/Y (sky130_fd_sc_hd__nand2_1)
   0.119    5.755 v _14208_/Y (sky130_fd_sc_hd__nand2_1)
   0.274    6.028 ^ _14352_/Y (sky130_fd_sc_hd__xnor2_1)
   0.114    6.142 v _14577_/Y (sky130_fd_sc_hd__nand3_1)
   0.111    6.253 ^ _14578_/Y (sky130_fd_sc_hd__nand3_1)
   0.062    6.315 v _14585_/Y (sky130_fd_sc_hd__nand2_1)
   0.224    6.539 v place666/X (sky130_fd_sc_hd__buf_4)
   0.027    6.566 v dp.rf.rf[17][26]$_DFFE_PP_/D (sky130_fd_sc_hd__edfxtp_1)
            6.566   data arrival time

   7.000    7.000   clock clk (rise edge)
   0.775    7.775   clock network delay (ideal)
   0.000    7.775   clock reconvergence pessimism
            7.775 ^ dp.rf.rf[17][26]$_DFFE_PP_/CLK (sky130_fd_sc_hd__edfxtp_1)
  -0.303    7.472   library setup time
            7.472   data required time
-----------------------------------------------------------
            7.472   data required time
           -6.566   data arrival time
-----------------------------------------------------------
            0.905   slack (MET)


Startpoint: dp.rf.rf[11][0]$_DFFE_PP_
            (rising edge-triggered flip-flop clocked by clk)
Endpoint: dp.rf.rf[19][26]$_DFFE_PP_
          (rising edge-triggered flip-flop clocked by clk)
Path Group: clk
Path Type: max

   Delay     Time   Description
-----------------------------------------------------------
   0.000    0.000   clock clk (rise edge)
   0.775    0.775   clock network delay (ideal)
   0.000    0.775 ^ dp.rf.rf[11][0]$_DFFE_PP_/CLK (sky130_fd_sc_hd__edfxtp_1)
   0.359    1.134 v dp.rf.rf[11][0]$_DFFE_PP_/Q (sky130_fd_sc_hd__edfxtp_1)
   0.114    1.248 ^ _10276_/Y (sky130_fd_sc_hd__nor2_1)
   0.064    1.312 v _10277_/Y (sky130_fd_sc_hd__nor2_1)
   0.144    1.456 ^ _10280_/Y (sky130_fd_sc_hd__a21oi_1)
   0.102    1.557 v _10281_/Y (sky130_fd_sc_hd__o21ai_0)
   0.085    1.642 ^ _10282_/Y (sky130_fd_sc_hd__nand3_1)
   0.094    1.736 v _10305_/Y (sky130_fd_sc_hd__nand2_1)
   0.101    1.837 ^ _10306_/Y (sky130_fd_sc_hd__nand2_1)
   0.276    2.113 v _12759_/Y (sky130_fd_sc_hd__nand2_1)
   0.306    2.419 v place713/X (sky130_fd_sc_hd__buf_4)
   0.064    2.483 ^ _15032_/Y (sky130_fd_sc_hd__nand2_1)
   0.090    2.573 v _15033_/Y (sky130_fd_sc_hd__o21ai_0)
   0.243    2.816 v _15388_/COUT (sky130_fd_sc_hd__ha_1)
   0.455    3.271 v _15290_/COUT (sky130_fd_sc_hd__fa_1)
   0.072    3.343 ^ _14173_/Y (sky130_fd_sc_hd__nand2_1)
   0.087    3.430 v _14175_/Y (sky130_fd_sc_hd__nand2_1)
   0.296    3.726 ^ _14176_/Y (sky130_fd_sc_hd__a21oi_1)
   0.226    3.952 v _14178_/Y (sky130_fd_sc_hd__o21ai_0)
   0.273    4.225 ^ _14181_/Y (sky130_fd_sc_hd__a31oi_1)
   0.236    4.460 v _14183_/Y (sky130_fd_sc_hd__o21ai_0)
   0.291    4.751 ^ _14190_/Y (sky130_fd_sc_hd__a21oi_1)
   0.223    4.974 v _14192_/Y (sky130_fd_sc_hd__o21ai_0)
   0.366    5.340 ^ _14199_/Y (sky130_fd_sc_hd__a21boi_0)
   0.200    5.540 v _14203_/Y (sky130_fd_sc_hd__o21bai_1)
   0.096    5.636 ^ _14206_/Y (sky130_fd_sc_hd__nand2_1)
   0.119    5.755 v _14208_/Y (sky130_fd_sc_hd__nand2_1)
   0.274    6.028 ^ _14352_/Y (sky130_fd_sc_hd__xnor2_1)
   0.114    6.142 v _14577_/Y (sky130_fd_sc_hd__nand3_1)
   0.111    6.253 ^ _14578_/Y (sky130_fd_sc_hd__nand3_1)
   0.062    6.315 v _14585_/Y (sky130_fd_sc_hd__nand2_1)
   0.224    6.539 v place666/X (sky130_fd_sc_hd__buf_4)
   0.027    6.566 v dp.rf.rf[19][26]$_DFFE_PP_/D (sky130_fd_sc_hd__edfxtp_1)
            6.566   data arrival time

   7.000    7.000   clock clk (rise edge)
   0.775    7.775   clock network delay (ideal)
   0.000    7.775   clock reconvergence pessimism
            7.775 ^ dp.rf.rf[19][26]$_DFFE_PP_/CLK (sky130_fd_sc_hd__edfxtp_1)
  -0.303    7.472   library setup time
            7.472   data required time
-----------------------------------------------------------
            7.472   data required time
           -6.566   data arrival time
-----------------------------------------------------------
            0.905   slack (MET)


Startpoint: dp.rf.rf[11][0]$_DFFE_PP_
            (rising edge-triggered flip-flop clocked by clk)
Endpoint: dp.rf.rf[16][26]$_DFFE_PP_
          (rising edge-triggered flip-flop clocked by clk)
Path Group: clk
Path Type: max

   Delay     Time   Description
-----------------------------------------------------------
   0.000    0.000   clock clk (rise edge)
   0.775    0.775   clock network delay (ideal)
   0.000    0.775 ^ dp.rf.rf[11][0]$_DFFE_PP_/CLK (sky130_fd_sc_hd__edfxtp_1)
   0.359    1.134 v dp.rf.rf[11][0]$_DFFE_PP_/Q (sky130_fd_sc_hd__edfxtp_1)
   0.114    1.248 ^ _10276_/Y (sky130_fd_sc_hd__nor2_1)
   0.064    1.312 v _10277_/Y (sky130_fd_sc_hd__nor2_1)
   0.144    1.456 ^ _10280_/Y (sky130_fd_sc_hd__a21oi_1)
   0.102    1.557 v _10281_/Y (sky130_fd_sc_hd__o21ai_0)
   0.085    1.642 ^ _10282_/Y (sky130_fd_sc_hd__nand3_1)
   0.094    1.736 v _10305_/Y (sky130_fd_sc_hd__nand2_1)
   0.101    1.837 ^ _10306_/Y (sky130_fd_sc_hd__nand2_1)
   0.276    2.113 v _12759_/Y (sky130_fd_sc_hd__nand2_1)
   0.306    2.419 v place713/X (sky130_fd_sc_hd__buf_4)
   0.064    2.483 ^ _15032_/Y (sky130_fd_sc_hd__nand2_1)
   0.090    2.573 v _15033_/Y (sky130_fd_sc_hd__o21ai_0)
   0.243    2.816 v _15388_/COUT (sky130_fd_sc_hd__ha_1)
   0.455    3.271 v _15290_/COUT (sky130_fd_sc_hd__fa_1)
   0.072    3.343 ^ _14173_/Y (sky130_fd_sc_hd__nand2_1)
   0.087    3.430 v _14175_/Y (sky130_fd_sc_hd__nand2_1)
   0.296    3.726 ^ _14176_/Y (sky130_fd_sc_hd__a21oi_1)
   0.226    3.952 v _14178_/Y (sky130_fd_sc_hd__o21ai_0)
   0.273    4.225 ^ _14181_/Y (sky130_fd_sc_hd__a31oi_1)
   0.236    4.460 v _14183_/Y (sky130_fd_sc_hd__o21ai_0)
   0.291    4.751 ^ _14190_/Y (sky130_fd_sc_hd__a21oi_1)
   0.223    4.974 v _14192_/Y (sky130_fd_sc_hd__o21ai_0)
   0.366    5.340 ^ _14199_/Y (sky130_fd_sc_hd__a21boi_0)
   0.200    5.540 v _14203_/Y (sky130_fd_sc_hd__o21bai_1)
   0.096    5.636 ^ _14206_/Y (sky130_fd_sc_hd__nand2_1)
   0.119    5.755 v _14208_/Y (sky130_fd_sc_hd__nand2_1)
   0.274    6.028 ^ _14352_/Y (sky130_fd_sc_hd__xnor2_1)
   0.114    6.142 v _14577_/Y (sky130_fd_sc_hd__nand3_1)
   0.111    6.253 ^ _14578_/Y (sky130_fd_sc_hd__nand3_1)
   0.062    6.315 v _14585_/Y (sky130_fd_sc_hd__nand2_1)
   0.224    6.539 v place666/X (sky130_fd_sc_hd__buf_4)
   0.027    6.566 v dp.rf.rf[16][26]$_DFFE_PP_/D (sky130_fd_sc_hd__edfxtp_1)
            6.566   data arrival time

   7.000    7.000   clock clk (rise edge)
   0.775    7.775   clock network delay (ideal)
   0.000    7.775   clock reconvergence pessimism
            7.775 ^ dp.rf.rf[16][26]$_DFFE_PP_/CLK (sky130_fd_sc_hd__edfxtp_1)
  -0.303    7.472   library setup time
            7.472   data required time
-----------------------------------------------------------
            7.472   data required time
           -6.566   data arrival time
-----------------------------------------------------------
            0.906   slack (MET)


Startpoint: dp.rf.rf[11][0]$_DFFE_PP_
            (rising edge-triggered flip-flop clocked by clk)
Endpoint: dp.rf.rf[23][26]$_DFFE_PP_
          (rising edge-triggered flip-flop clocked by clk)
Path Group: clk
Path Type: max

   Delay     Time   Description
-----------------------------------------------------------
   0.000    0.000   clock clk (rise edge)
   0.775    0.775   clock network delay (ideal)
   0.000    0.775 ^ dp.rf.rf[11][0]$_DFFE_PP_/CLK (sky130_fd_sc_hd__edfxtp_1)
   0.359    1.134 v dp.rf.rf[11][0]$_DFFE_PP_/Q (sky130_fd_sc_hd__edfxtp_1)
   0.114    1.248 ^ _10276_/Y (sky130_fd_sc_hd__nor2_1)
   0.064    1.312 v _10277_/Y (sky130_fd_sc_hd__nor2_1)
   0.144    1.456 ^ _10280_/Y (sky130_fd_sc_hd__a21oi_1)
   0.102    1.557 v _10281_/Y (sky130_fd_sc_hd__o21ai_0)
   0.085    1.642 ^ _10282_/Y (sky130_fd_sc_hd__nand3_1)
   0.094    1.736 v _10305_/Y (sky130_fd_sc_hd__nand2_1)
   0.101    1.837 ^ _10306_/Y (sky130_fd_sc_hd__nand2_1)
   0.276    2.113 v _12759_/Y (sky130_fd_sc_hd__nand2_1)
   0.306    2.419 v place713/X (sky130_fd_sc_hd__buf_4)
   0.064    2.483 ^ _15032_/Y (sky130_fd_sc_hd__nand2_1)
   0.090    2.573 v _15033_/Y (sky130_fd_sc_hd__o21ai_0)
   0.243    2.816 v _15388_/COUT (sky130_fd_sc_hd__ha_1)
   0.455    3.271 v _15290_/COUT (sky130_fd_sc_hd__fa_1)
   0.072    3.343 ^ _14173_/Y (sky130_fd_sc_hd__nand2_1)
   0.087    3.430 v _14175_/Y (sky130_fd_sc_hd__nand2_1)
   0.296    3.726 ^ _14176_/Y (sky130_fd_sc_hd__a21oi_1)
   0.226    3.952 v _14178_/Y (sky130_fd_sc_hd__o21ai_0)
   0.273    4.225 ^ _14181_/Y (sky130_fd_sc_hd__a31oi_1)
   0.236    4.460 v _14183_/Y (sky130_fd_sc_hd__o21ai_0)
   0.291    4.751 ^ _14190_/Y (sky130_fd_sc_hd__a21oi_1)
   0.223    4.974 v _14192_/Y (sky130_fd_sc_hd__o21ai_0)
   0.366    5.340 ^ _14199_/Y (sky130_fd_sc_hd__a21boi_0)
   0.200    5.540 v _14203_/Y (sky130_fd_sc_hd__o21bai_1)
   0.096    5.636 ^ _14206_/Y (sky130_fd_sc_hd__nand2_1)
   0.119    5.755 v _14208_/Y (sky130_fd_sc_hd__nand2_1)
   0.274    6.028 ^ _14352_/Y (sky130_fd_sc_hd__xnor2_1)
   0.114    6.142 v _14577_/Y (sky130_fd_sc_hd__nand3_1)
   0.111    6.253 ^ _14578_/Y (sky130_fd_sc_hd__nand3_1)
   0.062    6.315 v _14585_/Y (sky130_fd_sc_hd__nand2_1)
   0.224    6.539 v place666/X (sky130_fd_sc_hd__buf_4)
   0.027    6.566 v dp.rf.rf[23][26]$_DFFE_PP_/D (sky130_fd_sc_hd__edfxtp_1)
            6.566   data arrival time

   7.000    7.000   clock clk (rise edge)
   0.775    7.775   clock network delay (ideal)
   0.000    7.775   clock reconvergence pessimism
            7.775 ^ dp.rf.rf[23][26]$_DFFE_PP_/CLK (sky130_fd_sc_hd__edfxtp_1)
  -0.303    7.472   library setup time
            7.472   data required time
-----------------------------------------------------------
            7.472   data required time
           -6.566   data arrival time
-----------------------------------------------------------
            0.906   slack (MET)


Startpoint: dp.rf.rf[11][0]$_DFFE_PP_
            (rising edge-triggered flip-flop clocked by clk)
Endpoint: dp.rf.rf[22][26]$_DFFE_PP_
          (rising edge-triggered flip-flop clocked by clk)
Path Group: clk
Path Type: max

   Delay     Time   Description
-----------------------------------------------------------
   0.000    0.000   clock clk (rise edge)
   0.775    0.775   clock network delay (ideal)
   0.000    0.775 ^ dp.rf.rf[11][0]$_DFFE_PP_/CLK (sky130_fd_sc_hd__edfxtp_1)
   0.359    1.134 v dp.rf.rf[11][0]$_DFFE_PP_/Q (sky130_fd_sc_hd__edfxtp_1)
   0.114    1.248 ^ _10276_/Y (sky130_fd_sc_hd__nor2_1)
   0.064    1.312 v _10277_/Y (sky130_fd_sc_hd__nor2_1)
   0.144    1.456 ^ _10280_/Y (sky130_fd_sc_hd__a21oi_1)
   0.102    1.557 v _10281_/Y (sky130_fd_sc_hd__o21ai_0)
   0.085    1.642 ^ _10282_/Y (sky130_fd_sc_hd__nand3_1)
   0.094    1.736 v _10305_/Y (sky130_fd_sc_hd__nand2_1)
   0.101    1.837 ^ _10306_/Y (sky130_fd_sc_hd__nand2_1)
   0.276    2.113 v _12759_/Y (sky130_fd_sc_hd__nand2_1)
   0.306    2.419 v place713/X (sky130_fd_sc_hd__buf_4)
   0.064    2.483 ^ _15032_/Y (sky130_fd_sc_hd__nand2_1)
   0.090    2.573 v _15033_/Y (sky130_fd_sc_hd__o21ai_0)
   0.243    2.816 v _15388_/COUT (sky130_fd_sc_hd__ha_1)
   0.455    3.271 v _15290_/COUT (sky130_fd_sc_hd__fa_1)
   0.072    3.343 ^ _14173_/Y (sky130_fd_sc_hd__nand2_1)
   0.087    3.430 v _14175_/Y (sky130_fd_sc_hd__nand2_1)
   0.296    3.726 ^ _14176_/Y (sky130_fd_sc_hd__a21oi_1)
   0.226    3.952 v _14178_/Y (sky130_fd_sc_hd__o21ai_0)
   0.273    4.225 ^ _14181_/Y (sky130_fd_sc_hd__a31oi_1)
   0.236    4.460 v _14183_/Y (sky130_fd_sc_hd__o21ai_0)
   0.291    4.751 ^ _14190_/Y (sky130_fd_sc_hd__a21oi_1)
   0.223    4.974 v _14192_/Y (sky130_fd_sc_hd__o21ai_0)
   0.366    5.340 ^ _14199_/Y (sky130_fd_sc_hd__a21boi_0)
   0.200    5.540 v _14203_/Y (sky130_fd_sc_hd__o21bai_1)
   0.096    5.636 ^ _14206_/Y (sky130_fd_sc_hd__nand2_1)
   0.119    5.755 v _14208_/Y (sky130_fd_sc_hd__nand2_1)
   0.274    6.028 ^ _14352_/Y (sky130_fd_sc_hd__xnor2_1)
   0.114    6.142 v _14577_/Y (sky130_fd_sc_hd__nand3_1)
   0.111    6.253 ^ _14578_/Y (sky130_fd_sc_hd__nand3_1)
   0.062    6.315 v _14585_/Y (sky130_fd_sc_hd__nand2_1)
   0.224    6.539 v place666/X (sky130_fd_sc_hd__buf_4)
   0.027    6.566 v dp.rf.rf[22][26]$_DFFE_PP_/D (sky130_fd_sc_hd__edfxtp_1)
            6.566   data arrival time

   7.000    7.000   clock clk (rise edge)
   0.775    7.775   clock network delay (ideal)
   0.000    7.775   clock reconvergence pessimism
            7.775 ^ dp.rf.rf[22][26]$_DFFE_PP_/CLK (sky130_fd_sc_hd__edfxtp_1)
  -0.303    7.472   library setup time
            7.472   data required time
-----------------------------------------------------------
            7.472   data required time
           -6.566   data arrival time
-----------------------------------------------------------
            0.906   slack (MET)


Startpoint: dp.rf.rf[8][28]$_DFFE_PP_
            (rising edge-triggered flip-flop clocked by clk)
Endpoint: aluout[0] (output port clocked by vclk_clk)
Path Group: vclk_clk
Path Type: max

   Delay     Time   Description
-----------------------------------------------------------
   0.000    0.000   clock clk (rise edge)
   0.775    0.775   clock network delay (ideal)
   0.000    0.775 ^ dp.rf.rf[8][28]$_DFFE_PP_/CLK (sky130_fd_sc_hd__edfxtp_1)
   0.324    1.099 ^ dp.rf.rf[8][28]$_DFFE_PP_/Q (sky130_fd_sc_hd__edfxtp_1)
   0.043    1.141 v _11309_/Y (sky130_fd_sc_hd__inv_1)
   0.074    1.215 ^ _11310_/Y (sky130_fd_sc_hd__nor2_1)
   0.045    1.260 v _11311_/Y (sky130_fd_sc_hd__a21oi_1)
   0.183    1.443 ^ _11312_/Y (sky130_fd_sc_hd__o21ai_0)
   0.074    1.517 v _11313_/Y (sky130_fd_sc_hd__a21oi_1)
   0.103    1.621 ^ _11321_/Y (sky130_fd_sc_hd__nand2_1)
   0.113    1.734 v _11322_/Y (sky130_fd_sc_hd__nand3_1)
   0.459    2.192 ^ _11348_/Y (sky130_fd_sc_hd__a21oi_1)
   0.306    2.499 v _11550_/Y (sky130_fd_sc_hd__inv_1)
   0.211    2.710 ^ _15115_/Y (sky130_fd_sc_hd__nand2_1)
   0.314    3.024 v _15116_/Y (sky130_fd_sc_hd__o21ai_0)
   0.357    3.381 ^ _15117_/X (sky130_fd_sc_hd__xor2_1)
   0.081    3.462 v _15142_/Y (sky130_fd_sc_hd__inv_1)
   0.442    3.904 ^ _15310_/SUM (sky130_fd_sc_hd__ha_1)
   0.148    4.052 v _12876_/Y (sky130_fd_sc_hd__nand2_1)
   0.426    4.478 ^ _14134_/Y (sky130_fd_sc_hd__nor4_1)
   0.198    4.676 v _14139_/Y (sky130_fd_sc_hd__a2111oi_0)
   0.163    4.839 v place698/X (sky130_fd_sc_hd__buf_4)
   0.128    4.967 ^ _14140_/Y (sky130_fd_sc_hd__nand2_1)
   0.093    5.060 v _14141_/X (sky130_fd_sc_hd__xor2_1)
   0.310    5.371 v _14142_/X (sky130_fd_sc_hd__or2_2)
   0.068    5.438 ^ _14145_/Y (sky130_fd_sc_hd__nand3_1)
   0.069    5.507 v _14150_/Y (sky130_fd_sc_hd__nand3_1)
   0.101    5.609 ^ _14151_/Y (sky130_fd_sc_hd__nand2_1)
   0.101    5.709 v _14162_/Y (sky130_fd_sc_hd__nand2_1)
   0.414    6.123 v output98/X (sky130_fd_sc_hd__clkdlybuf4s50_1)
   0.000    6.123 v aluout[0] (out)
            6.123   data arrival time

   7.000    7.000   clock vclk_clk (rise edge)
   0.775    7.775   clock network delay (ideal)
   0.000    7.775   clock reconvergence pessimism
  -1.400    6.375   output external delay
            6.375   data required time
-----------------------------------------------------------
            6.375   data required time
           -6.123   data arrival time
-----------------------------------------------------------
            0.252   slack (MET)


Startpoint: dp.rf.rf[13][0]$_DFFE_PP_
            (rising edge-triggered flip-flop clocked by clk)
Endpoint: aluout[30] (output port clocked by vclk_clk)
Path Group: vclk_clk
Path Type: max

   Delay     Time   Description
-----------------------------------------------------------
   0.000    0.000   clock clk (rise edge)
   0.775    0.775   clock network delay (ideal)
   0.000    0.775 ^ dp.rf.rf[13][0]$_DFFE_PP_/CLK (sky130_fd_sc_hd__edfxtp_1)
   0.294    1.069 ^ dp.rf.rf[13][0]$_DFFE_PP_/Q (sky130_fd_sc_hd__edfxtp_1)
   0.046    1.115 v _10265_/Y (sky130_fd_sc_hd__inv_1)
   0.103    1.219 ^ _10360_/Y (sky130_fd_sc_hd__a21oi_1)
   0.091    1.309 v _10361_/Y (sky130_fd_sc_hd__o21ai_0)
   0.100    1.410 ^ _10362_/Y (sky130_fd_sc_hd__o21ai_0)
   0.080    1.490 v _10363_/Y (sky130_fd_sc_hd__nand2_1)
   0.096    1.586 ^ _10364_/Y (sky130_fd_sc_hd__nand2_1)
   0.097    1.684 v _10381_/Y (sky130_fd_sc_hd__nand3_1)
   0.243    1.927 ^ _10410_/Y (sky130_fd_sc_hd__a21oi_2)
   0.170    2.097 ^ place789/X (sky130_fd_sc_hd__buf_6)
   0.080    2.177 v _12961_/Y (sky130_fd_sc_hd__nand2_1)
   0.106    2.282 ^ _12962_/Y (sky130_fd_sc_hd__o21ai_2)
   0.206    2.489 ^ _15139_/X (sky130_fd_sc_hd__xor2_1)
   0.109    2.598 v _15140_/Y (sky130_fd_sc_hd__inv_1)
   0.379    2.977 v _15289_/COUT (sky130_fd_sc_hd__fa_2)
   0.400    3.377 v _15288_/COUT (sky130_fd_sc_hd__fa_2)
   0.079    3.456 ^ _12827_/Y (sky130_fd_sc_hd__nand3_1)
   0.084    3.540 v _12828_/Y (sky130_fd_sc_hd__nand2_1)
   0.178    3.718 ^ _12832_/Y (sky130_fd_sc_hd__a21boi_2)
   0.104    3.822 v _12834_/Y (sky130_fd_sc_hd__o21ai_1)
   0.065    3.886 ^ _12835_/Y (sky130_fd_sc_hd__inv_1)
   0.043    3.929 v _12836_/Y (sky130_fd_sc_hd__nor2_1)
   0.120    4.049 ^ _12837_/Y (sky130_fd_sc_hd__nor2_2)
   0.087    4.136 v _12839_/Y (sky130_fd_sc_hd__o21ai_2)
   0.064    4.200 ^ _12842_/Y (sky130_fd_sc_hd__nand2_1)
   0.104    4.304 v _12844_/Y (sky130_fd_sc_hd__nand2_1)
   0.085    4.389 ^ _12848_/Y (sky130_fd_sc_hd__nand2_1)
   0.081    4.471 v _12854_/Y (sky130_fd_sc_hd__nand2_1)
   0.071    4.541 ^ _12858_/Y (sky130_fd_sc_hd__nand2_1)
   0.083    4.624 v _12864_/Y (sky130_fd_sc_hd__nand2_1)
   0.070    4.695 ^ _12868_/Y (sky130_fd_sc_hd__nand2_1)
   0.086    4.781 v _12874_/Y (sky130_fd_sc_hd__nand2_1)
   0.077    4.858 ^ _12879_/Y (sky130_fd_sc_hd__nand2_1)
   0.065    4.923 v _12885_/Y (sky130_fd_sc_hd__nand2_1)
   0.118    5.041 ^ _12889_/Y (sky130_fd_sc_hd__a21oi_1)
   0.094    5.135 v _12890_/Y (sky130_fd_sc_hd__o21ai_1)
   0.086    5.221 ^ _12891_/Y (sky130_fd_sc_hd__o211ai_1)
   0.066    5.286 v _12895_/Y (sky130_fd_sc_hd__nand2_1)
   0.106    5.392 ^ _13100_/Y (sky130_fd_sc_hd__nand2_1)
   0.482    5.875 ^ output121/X (sky130_fd_sc_hd__clkdlybuf4s50_1)
   0.000    5.875 ^ aluout[30] (out)
            5.875   data arrival time

   7.000    7.000   clock vclk_clk (rise edge)
   0.775    7.775   clock network delay (ideal)
   0.000    7.775   clock reconvergence pessimism
  -1.400    6.375   output external delay
            6.375   data required time
-----------------------------------------------------------
            6.375   data required time
           -5.875   data arrival time
-----------------------------------------------------------
            0.500   slack (MET)


Startpoint: dp.rf.rf[13][0]$_DFFE_PP_
            (rising edge-triggered flip-flop clocked by clk)
Endpoint: aluout[28] (output port clocked by vclk_clk)
Path Group: vclk_clk
Path Type: max

   Delay     Time   Description
-----------------------------------------------------------
   0.000    0.000   clock clk (rise edge)
   0.775    0.775   clock network delay (ideal)
   0.000    0.775 ^ dp.rf.rf[13][0]$_DFFE_PP_/CLK (sky130_fd_sc_hd__edfxtp_1)
   0.294    1.069 ^ dp.rf.rf[13][0]$_DFFE_PP_/Q (sky130_fd_sc_hd__edfxtp_1)
   0.046    1.115 v _10265_/Y (sky130_fd_sc_hd__inv_1)
   0.103    1.219 ^ _10360_/Y (sky130_fd_sc_hd__a21oi_1)
   0.091    1.309 v _10361_/Y (sky130_fd_sc_hd__o21ai_0)
   0.100    1.410 ^ _10362_/Y (sky130_fd_sc_hd__o21ai_0)
   0.080    1.490 v _10363_/Y (sky130_fd_sc_hd__nand2_1)
   0.096    1.586 ^ _10364_/Y (sky130_fd_sc_hd__nand2_1)
   0.097    1.684 v _10381_/Y (sky130_fd_sc_hd__nand3_1)
   0.243    1.927 ^ _10410_/Y (sky130_fd_sc_hd__a21oi_2)
   0.170    2.097 ^ place789/X (sky130_fd_sc_hd__buf_6)
   0.080    2.177 v _12961_/Y (sky130_fd_sc_hd__nand2_1)
   0.106    2.282 ^ _12962_/Y (sky130_fd_sc_hd__o21ai_2)
   0.206    2.489 ^ _15139_/X (sky130_fd_sc_hd__xor2_1)
   0.109    2.598 v _15140_/Y (sky130_fd_sc_hd__inv_1)
   0.379    2.977 v _15289_/COUT (sky130_fd_sc_hd__fa_2)
   0.400    3.377 v _15288_/COUT (sky130_fd_sc_hd__fa_2)
   0.079    3.456 ^ _12827_/Y (sky130_fd_sc_hd__nand3_1)
   0.084    3.540 v _12828_/Y (sky130_fd_sc_hd__nand2_1)
   0.178    3.718 ^ _12832_/Y (sky130_fd_sc_hd__a21boi_2)
   0.104    3.822 v _12834_/Y (sky130_fd_sc_hd__o21ai_1)
   0.065    3.886 ^ _12835_/Y (sky130_fd_sc_hd__inv_1)
   0.043    3.929 v _12836_/Y (sky130_fd_sc_hd__nor2_1)
   0.120    4.049 ^ _12837_/Y (sky130_fd_sc_hd__nor2_2)
   0.087    4.136 v _12839_/Y (sky130_fd_sc_hd__o21ai_2)
   0.064    4.200 ^ _12842_/Y (sky130_fd_sc_hd__nand2_1)
   0.104    4.304 v _12844_/Y (sky130_fd_sc_hd__nand2_1)
   0.095    4.399 ^ _13338_/Y (sky130_fd_sc_hd__nand3_1)
   0.098    4.497 v _13339_/Y (sky130_fd_sc_hd__nand2_1)
   0.099    4.596 ^ _13341_/Y (sky130_fd_sc_hd__nand2_1)
   0.050    4.647 v _13342_/Y (sky130_fd_sc_hd__nor2_1)
   0.134    4.780 ^ _13343_/Y (sky130_fd_sc_hd__nor2_1)
   0.148    4.928 v _13346_/Y (sky130_fd_sc_hd__o21ai_0)
   0.171    5.099 ^ _13347_/Y (sky130_fd_sc_hd__o21ai_0)
   0.055    5.154 v _13348_/Y (sky130_fd_sc_hd__a21oi_1)
   0.178    5.332 ^ _13350_/Y (sky130_fd_sc_hd__o21ai_1)
   0.083    5.414 v _13351_/Y (sky130_fd_sc_hd__nand2_1)
   0.419    5.833 v output118/X (sky130_fd_sc_hd__clkdlybuf4s50_1)
   0.000    5.833 v aluout[28] (out)
            5.833   data arrival time

   7.000    7.000   clock vclk_clk (rise edge)
   0.775    7.775   clock network delay (ideal)
   0.000    7.775   clock reconvergence pessimism
  -1.400    6.375   output external delay
            6.375   data required time
-----------------------------------------------------------
            6.375   data required time
           -5.833   data arrival time
-----------------------------------------------------------
            0.542   slack (MET)


Startpoint: dp.rf.rf[13][2]$_DFFE_PP_
            (rising edge-triggered flip-flop clocked by clk)
Endpoint: aluout[29] (output port clocked by vclk_clk)
Path Group: vclk_clk
Path Type: max

   Delay     Time   Description
-----------------------------------------------------------
   0.000    0.000   clock clk (rise edge)
   0.775    0.775   clock network delay (ideal)
   0.000    0.775 ^ dp.rf.rf[13][2]$_DFFE_PP_/CLK (sky130_fd_sc_hd__edfxtp_1)
   0.297    1.072 ^ dp.rf.rf[13][2]$_DFFE_PP_/Q (sky130_fd_sc_hd__edfxtp_1)
   0.043    1.115 v _09975_/Y (sky130_fd_sc_hd__inv_1)
   0.104    1.220 ^ _10069_/Y (sky130_fd_sc_hd__a21oi_1)
   0.097    1.317 v _10070_/Y (sky130_fd_sc_hd__o21ai_0)
   0.098    1.415 ^ _10071_/Y (sky130_fd_sc_hd__o21ai_0)
   0.071    1.486 v _10072_/Y (sky130_fd_sc_hd__nand2_1)
   0.122    1.608 ^ _10073_/Y (sky130_fd_sc_hd__o211ai_1)
   0.136    1.744 v _10086_/Y (sky130_fd_sc_hd__nand3_1)
   0.260    2.004 ^ _10114_/Y (sky130_fd_sc_hd__nand2_1)
   0.134    2.138 v _10115_/Y (sky130_fd_sc_hd__nand2_1)
   0.124    2.262 ^ _12944_/Y (sky130_fd_sc_hd__inv_1)
   0.057    2.318 v _12945_/Y (sky130_fd_sc_hd__nand2_1)
   0.118    2.436 ^ _12946_/Y (sky130_fd_sc_hd__nand2_1)
   0.088    2.525 v _15137_/X (sky130_fd_sc_hd__xor2_1)
   0.444    2.969 ^ _15362_/SUM (sky130_fd_sc_hd__ha_1)
   0.112    3.080 v _13216_/Y (sky130_fd_sc_hd__nand3_1)
   0.130    3.210 ^ _13217_/Y (sky130_fd_sc_hd__nand2_1)
   0.087    3.297 v _13221_/Y (sky130_fd_sc_hd__a21oi_2)
   0.176    3.474 ^ _13223_/Y (sky130_fd_sc_hd__o21ai_2)
   0.095    3.569 v _13227_/Y (sky130_fd_sc_hd__a21boi_2)
   0.246    3.815 ^ _13229_/Y (sky130_fd_sc_hd__o21ai_1)
   0.134    3.950 v _13233_/Y (sky130_fd_sc_hd__a21boi_0)
   0.170    4.120 v place696/X (sky130_fd_sc_hd__buf_4)
   0.288    4.408 ^ _13237_/Y (sky130_fd_sc_hd__o21ai_0)
   0.103    4.512 v _13241_/Y (sky130_fd_sc_hd__nand2_1)
   0.121    4.633 ^ _13247_/Y (sky130_fd_sc_hd__nand2_1)
   0.061    4.693 v _13251_/Y (sky130_fd_sc_hd__nand2_1)
   0.104    4.797 ^ _13255_/Y (sky130_fd_sc_hd__nand2_1)
   0.106    4.903 v _13262_/Y (sky130_fd_sc_hd__a21oi_1)
   0.069    4.972 ^ _13264_/Y (sky130_fd_sc_hd__nand2_1)
   0.045    5.017 v _13266_/Y (sky130_fd_sc_hd__nand2_1)
   0.165    5.182 ^ _13271_/Y (sky130_fd_sc_hd__o211ai_1)
   0.085    5.267 v _13273_/Y (sky130_fd_sc_hd__nand2_1)
   0.086    5.353 ^ _13274_/Y (sky130_fd_sc_hd__nand2_1)
   0.464    5.817 ^ output119/X (sky130_fd_sc_hd__clkdlybuf4s50_1)
   0.000    5.817 ^ aluout[29] (out)
            5.817   data arrival time

   7.000    7.000   clock vclk_clk (rise edge)
   0.775    7.775   clock network delay (ideal)
   0.000    7.775   clock reconvergence pessimism
  -1.400    6.375   output external delay
            6.375   data required time
-----------------------------------------------------------
            6.375   data required time
           -5.817   data arrival time
-----------------------------------------------------------
            0.558   slack (MET)


Startpoint: dp.rf.rf[13][2]$_DFFE_PP_
            (rising edge-triggered flip-flop clocked by clk)
Endpoint: aluout[27] (output port clocked by vclk_clk)
Path Group: vclk_clk
Path Type: max

   Delay     Time   Description
-----------------------------------------------------------
   0.000    0.000   clock clk (rise edge)
   0.775    0.775   clock network delay (ideal)
   0.000    0.775 ^ dp.rf.rf[13][2]$_DFFE_PP_/CLK (sky130_fd_sc_hd__edfxtp_1)
   0.297    1.072 ^ dp.rf.rf[13][2]$_DFFE_PP_/Q (sky130_fd_sc_hd__edfxtp_1)
   0.043    1.115 v _09975_/Y (sky130_fd_sc_hd__inv_1)
   0.104    1.220 ^ _10069_/Y (sky130_fd_sc_hd__a21oi_1)
   0.097    1.317 v _10070_/Y (sky130_fd_sc_hd__o21ai_0)
   0.098    1.415 ^ _10071_/Y (sky130_fd_sc_hd__o21ai_0)
   0.071    1.486 v _10072_/Y (sky130_fd_sc_hd__nand2_1)
   0.122    1.608 ^ _10073_/Y (sky130_fd_sc_hd__o211ai_1)
   0.136    1.744 v _10086_/Y (sky130_fd_sc_hd__nand3_1)
   0.260    2.004 ^ _10114_/Y (sky130_fd_sc_hd__nand2_1)
   0.134    2.138 v _10115_/Y (sky130_fd_sc_hd__nand2_1)
   0.124    2.262 ^ _12944_/Y (sky130_fd_sc_hd__inv_1)
   0.057    2.318 v _12945_/Y (sky130_fd_sc_hd__nand2_1)
   0.118    2.436 ^ _12946_/Y (sky130_fd_sc_hd__nand2_1)
   0.088    2.525 v _15137_/X (sky130_fd_sc_hd__xor2_1)
   0.444    2.969 ^ _15362_/SUM (sky130_fd_sc_hd__ha_1)
   0.112    3.080 v _13216_/Y (sky130_fd_sc_hd__nand3_1)
   0.130    3.210 ^ _13217_/Y (sky130_fd_sc_hd__nand2_1)
   0.087    3.297 v _13221_/Y (sky130_fd_sc_hd__a21oi_2)
   0.176    3.474 ^ _13223_/Y (sky130_fd_sc_hd__o21ai_2)
   0.095    3.569 v _13227_/Y (sky130_fd_sc_hd__a21boi_2)
   0.246    3.815 ^ _13229_/Y (sky130_fd_sc_hd__o21ai_1)
   0.134    3.950 v _13233_/Y (sky130_fd_sc_hd__a21boi_0)
   0.170    4.120 v place696/X (sky130_fd_sc_hd__buf_4)
   0.150    4.270 ^ _13354_/Y (sky130_fd_sc_hd__o21ai_1)
   0.087    4.357 v _13357_/Y (sky130_fd_sc_hd__nand3_1)
   0.136    4.494 ^ _13361_/Y (sky130_fd_sc_hd__nand3_1)
   0.087    4.581 v _13364_/Y (sky130_fd_sc_hd__a21oi_1)
   0.153    4.734 v place693/X (sky130_fd_sc_hd__buf_4)
   0.129    4.863 v _13366_/X (sky130_fd_sc_hd__and2_1)
   0.141    5.003 ^ _13367_/Y (sky130_fd_sc_hd__o21ai_0)
   0.082    5.085 v _13370_/Y (sky130_fd_sc_hd__nand3_1)
   0.211    5.296 ^ _13371_/Y (sky130_fd_sc_hd__o21ai_0)
   0.080    5.376 v _13422_/Y (sky130_fd_sc_hd__nand2_1)
   0.440    5.816 v output117/X (sky130_fd_sc_hd__clkdlybuf4s50_1)
   0.000    5.817 v aluout[27] (out)
            5.817   data arrival time

   7.000    7.000   clock vclk_clk (rise edge)
   0.775    7.775   clock network delay (ideal)
   0.000    7.775   clock reconvergence pessimism
  -1.400    6.375   output external delay
            6.375   data required time
-----------------------------------------------------------
            6.375   data required time
           -5.817   data arrival time
-----------------------------------------------------------
            0.558   slack (MET)


Startpoint: dp.rf.rf[13][2]$_DFFE_PP_
            (rising edge-triggered flip-flop clocked by clk)
Endpoint: aluout[5] (output port clocked by vclk_clk)
Path Group: vclk_clk
Path Type: max

   Delay     Time   Description
-----------------------------------------------------------
   0.000    0.000   clock clk (rise edge)
   0.775    0.775   clock network delay (ideal)
   0.000    0.775 ^ dp.rf.rf[13][2]$_DFFE_PP_/CLK (sky130_fd_sc_hd__edfxtp_1)
   0.297    1.072 ^ dp.rf.rf[13][2]$_DFFE_PP_/Q (sky130_fd_sc_hd__edfxtp_1)
   0.043    1.115 v _09975_/Y (sky130_fd_sc_hd__inv_1)
   0.104    1.220 ^ _10069_/Y (sky130_fd_sc_hd__a21oi_1)
   0.097    1.317 v _10070_/Y (sky130_fd_sc_hd__o21ai_0)
   0.098    1.415 ^ _10071_/Y (sky130_fd_sc_hd__o21ai_0)
   0.071    1.486 v _10072_/Y (sky130_fd_sc_hd__nand2_1)
   0.122    1.608 ^ _10073_/Y (sky130_fd_sc_hd__o211ai_1)
   0.136    1.744 v _10086_/Y (sky130_fd_sc_hd__nand3_1)
   0.260    2.004 ^ _10114_/Y (sky130_fd_sc_hd__nand2_1)
   0.134    2.138 v _10115_/Y (sky130_fd_sc_hd__nand2_1)
   0.124    2.262 ^ _12944_/Y (sky130_fd_sc_hd__inv_1)
   0.057    2.318 v _12945_/Y (sky130_fd_sc_hd__nand2_1)
   0.118    2.436 ^ _12946_/Y (sky130_fd_sc_hd__nand2_1)
   0.481    2.918 ^ place735/X (sky130_fd_sc_hd__buf_4)
   0.484    3.401 v _12947_/Y (sky130_fd_sc_hd__inv_2)
   0.702    4.103 ^ _13403_/Y (sky130_fd_sc_hd__nor2_1)
   0.351    4.455 v _13404_/Y (sky130_fd_sc_hd__inv_1)
   0.324    4.779 ^ _14022_/Y (sky130_fd_sc_hd__o211ai_1)
   0.119    4.898 v _14025_/Y (sky130_fd_sc_hd__o21ai_0)
   0.187    5.085 ^ _14026_/Y (sky130_fd_sc_hd__o21ai_0)
   0.096    5.181 v _14027_/Y (sky130_fd_sc_hd__nand2_1)
   0.110    5.291 ^ _14030_/Y (sky130_fd_sc_hd__nand2_1)
   0.087    5.378 v _14037_/Y (sky130_fd_sc_hd__nand2_1)
   0.412    5.790 v output125/X (sky130_fd_sc_hd__clkdlybuf4s50_1)
   0.000    5.790 v aluout[5] (out)
            5.790   data arrival time

   7.000    7.000   clock vclk_clk (rise edge)
   0.775    7.775   clock network delay (ideal)
   0.000    7.775   clock reconvergence pessimism
  -1.400    6.375   output external delay
            6.375   data required time
-----------------------------------------------------------
            6.375   data required time
           -5.790   data arrival time
-----------------------------------------------------------
            0.585   slack (MET)


Startpoint: dp.rf.rf[13][0]$_DFFE_PP_
            (rising edge-triggered flip-flop clocked by clk)
Endpoint: aluout[26] (output port clocked by vclk_clk)
Path Group: vclk_clk
Path Type: max

   Delay     Time   Description
-----------------------------------------------------------
   0.000    0.000   clock clk (rise edge)
   0.775    0.775   clock network delay (ideal)
   0.000    0.775 ^ dp.rf.rf[13][0]$_DFFE_PP_/CLK (sky130_fd_sc_hd__edfxtp_1)
   0.294    1.069 ^ dp.rf.rf[13][0]$_DFFE_PP_/Q (sky130_fd_sc_hd__edfxtp_1)
   0.046    1.115 v _10265_/Y (sky130_fd_sc_hd__inv_1)
   0.103    1.219 ^ _10360_/Y (sky130_fd_sc_hd__a21oi_1)
   0.091    1.309 v _10361_/Y (sky130_fd_sc_hd__o21ai_0)
   0.100    1.410 ^ _10362_/Y (sky130_fd_sc_hd__o21ai_0)
   0.080    1.490 v _10363_/Y (sky130_fd_sc_hd__nand2_1)
   0.096    1.586 ^ _10364_/Y (sky130_fd_sc_hd__nand2_1)
   0.097    1.684 v _10381_/Y (sky130_fd_sc_hd__nand3_1)
   0.243    1.927 ^ _10410_/Y (sky130_fd_sc_hd__a21oi_2)
   0.170    2.097 ^ place789/X (sky130_fd_sc_hd__buf_6)
   0.080    2.177 v _12961_/Y (sky130_fd_sc_hd__nand2_1)
   0.106    2.282 ^ _12962_/Y (sky130_fd_sc_hd__o21ai_2)
   0.206    2.489 ^ _15139_/X (sky130_fd_sc_hd__xor2_1)
   0.109    2.598 v _15140_/Y (sky130_fd_sc_hd__inv_1)
   0.379    2.977 v _15289_/COUT (sky130_fd_sc_hd__fa_2)
   0.400    3.377 v _15288_/COUT (sky130_fd_sc_hd__fa_2)
   0.079    3.456 ^ _12827_/Y (sky130_fd_sc_hd__nand3_1)
   0.084    3.540 v _12828_/Y (sky130_fd_sc_hd__nand2_1)
   0.178    3.718 ^ _12832_/Y (sky130_fd_sc_hd__a21boi_2)
   0.104    3.822 v _12834_/Y (sky130_fd_sc_hd__o21ai_1)
   0.065    3.886 ^ _12835_/Y (sky130_fd_sc_hd__inv_1)
   0.043    3.929 v _12836_/Y (sky130_fd_sc_hd__nor2_1)
   0.120    4.049 ^ _12837_/Y (sky130_fd_sc_hd__nor2_2)
   0.087    4.136 v _12839_/Y (sky130_fd_sc_hd__o21ai_2)
   0.064    4.200 ^ _12842_/Y (sky130_fd_sc_hd__nand2_1)
   0.104    4.304 v _12844_/Y (sky130_fd_sc_hd__nand2_1)
   0.085    4.389 ^ _12848_/Y (sky130_fd_sc_hd__nand2_1)
   0.081    4.471 v _12854_/Y (sky130_fd_sc_hd__nand2_1)
   0.071    4.541 ^ _12858_/Y (sky130_fd_sc_hd__nand2_1)
   0.083    4.624 v _12864_/Y (sky130_fd_sc_hd__nand2_1)
   0.070    4.695 ^ _12868_/Y (sky130_fd_sc_hd__nand2_1)
   0.086    4.781 v _12874_/Y (sky130_fd_sc_hd__nand2_1)
   0.122    4.903 ^ _13463_/Y (sky130_fd_sc_hd__a21oi_1)
   0.121    5.023 v _13464_/Y (sky130_fd_sc_hd__o21ai_0)
   0.090    5.113 ^ _13465_/Y (sky130_fd_sc_hd__o2111ai_1)
   0.098    5.211 v _13466_/Y (sky130_fd_sc_hd__nand2_1)
   0.090    5.301 ^ _13467_/Y (sky130_fd_sc_hd__nand2_1)
   0.487    5.787 ^ output116/X (sky130_fd_sc_hd__clkdlybuf4s50_1)
   0.000    5.788 ^ aluout[26] (out)
            5.788   data arrival time

   7.000    7.000   clock vclk_clk (rise edge)
   0.775    7.775   clock network delay (ideal)
   0.000    7.775   clock reconvergence pessimism
  -1.400    6.375   output external delay
            6.375   data required time
-----------------------------------------------------------
            6.375   data required time
           -5.788   data arrival time
-----------------------------------------------------------
            0.587   slack (MET)


Startpoint: dp.rf.rf[13][0]$_DFFE_PP_
            (rising edge-triggered flip-flop clocked by clk)
Endpoint: aluout[22] (output port clocked by vclk_clk)
Path Group: vclk_clk
Path Type: max

   Delay     Time   Description
-----------------------------------------------------------
   0.000    0.000   clock clk (rise edge)
   0.775    0.775   clock network delay (ideal)
   0.000    0.775 ^ dp.rf.rf[13][0]$_DFFE_PP_/CLK (sky130_fd_sc_hd__edfxtp_1)
   0.294    1.069 ^ dp.rf.rf[13][0]$_DFFE_PP_/Q (sky130_fd_sc_hd__edfxtp_1)
   0.046    1.115 v _10265_/Y (sky130_fd_sc_hd__inv_1)
   0.103    1.219 ^ _10360_/Y (sky130_fd_sc_hd__a21oi_1)
   0.091    1.309 v _10361_/Y (sky130_fd_sc_hd__o21ai_0)
   0.100    1.410 ^ _10362_/Y (sky130_fd_sc_hd__o21ai_0)
   0.080    1.490 v _10363_/Y (sky130_fd_sc_hd__nand2_1)
   0.096    1.586 ^ _10364_/Y (sky130_fd_sc_hd__nand2_1)
   0.097    1.684 v _10381_/Y (sky130_fd_sc_hd__nand3_1)
   0.243    1.927 ^ _10410_/Y (sky130_fd_sc_hd__a21oi_2)
   0.170    2.097 ^ place789/X (sky130_fd_sc_hd__buf_6)
   0.080    2.177 v _12961_/Y (sky130_fd_sc_hd__nand2_1)
   0.106    2.282 ^ _12962_/Y (sky130_fd_sc_hd__o21ai_2)
   0.206    2.489 ^ _15139_/X (sky130_fd_sc_hd__xor2_1)
   0.109    2.598 v _15140_/Y (sky130_fd_sc_hd__inv_1)
   0.379    2.977 v _15289_/COUT (sky130_fd_sc_hd__fa_2)
   0.400    3.377 v _15288_/COUT (sky130_fd_sc_hd__fa_2)
   0.079    3.456 ^ _12827_/Y (sky130_fd_sc_hd__nand3_1)
   0.084    3.540 v _12828_/Y (sky130_fd_sc_hd__nand2_1)
   0.178    3.718 ^ _12832_/Y (sky130_fd_sc_hd__a21boi_2)
   0.104    3.822 v _12834_/Y (sky130_fd_sc_hd__o21ai_1)
   0.065    3.886 ^ _12835_/Y (sky130_fd_sc_hd__inv_1)
   0.043    3.929 v _12836_/Y (sky130_fd_sc_hd__nor2_1)
   0.120    4.049 ^ _12837_/Y (sky130_fd_sc_hd__nor2_2)
   0.087    4.136 v _12839_/Y (sky130_fd_sc_hd__o21ai_2)
   0.064    4.200 ^ _12842_/Y (sky130_fd_sc_hd__nand2_1)
   0.104    4.304 v _12844_/Y (sky130_fd_sc_hd__nand2_1)
   0.085    4.389 ^ _12848_/Y (sky130_fd_sc_hd__nand2_1)
   0.081    4.471 v _12854_/Y (sky130_fd_sc_hd__nand2_1)
   0.071    4.541 ^ _12858_/Y (sky130_fd_sc_hd__nand2_1)
   0.083    4.624 v _12864_/Y (sky130_fd_sc_hd__nand2_1)
   0.147    4.771 v place686/X (sky130_fd_sc_hd__buf_4)
   0.096    4.868 ^ _13606_/Y (sky130_fd_sc_hd__a21oi_1)
   0.113    4.981 v _13607_/Y (sky130_fd_sc_hd__o21ai_0)
   0.085    5.066 ^ _13608_/Y (sky130_fd_sc_hd__o2111ai_1)
   0.096    5.162 v _13609_/Y (sky130_fd_sc_hd__nand2_1)
   0.141    5.303 ^ _13610_/Y (sky130_fd_sc_hd__nand2_1)
   0.476    5.779 ^ output112/X (sky130_fd_sc_hd__clkdlybuf4s50_1)
   0.000    5.779 ^ aluout[22] (out)
            5.779   data arrival time

   7.000    7.000   clock vclk_clk (rise edge)
   0.775    7.775   clock network delay (ideal)
   0.000    7.775   clock reconvergence pessimism
  -1.400    6.375   output external delay
            6.375   data required time
-----------------------------------------------------------
            6.375   data required time
           -5.779   data arrival time
-----------------------------------------------------------
            0.596   slack (MET)


Startpoint: dp.rf.rf[13][2]$_DFFE_PP_
            (rising edge-triggered flip-flop clocked by clk)
Endpoint: aluout[4] (output port clocked by vclk_clk)
Path Group: vclk_clk
Path Type: max

   Delay     Time   Description
-----------------------------------------------------------
   0.000    0.000   clock clk (rise edge)
   0.775    0.775   clock network delay (ideal)
   0.000    0.775 ^ dp.rf.rf[13][2]$_DFFE_PP_/CLK (sky130_fd_sc_hd__edfxtp_1)
   0.297    1.072 ^ dp.rf.rf[13][2]$_DFFE_PP_/Q (sky130_fd_sc_hd__edfxtp_1)
   0.043    1.115 v _09975_/Y (sky130_fd_sc_hd__inv_1)
   0.104    1.220 ^ _10069_/Y (sky130_fd_sc_hd__a21oi_1)
   0.097    1.317 v _10070_/Y (sky130_fd_sc_hd__o21ai_0)
   0.098    1.415 ^ _10071_/Y (sky130_fd_sc_hd__o21ai_0)
   0.071    1.486 v _10072_/Y (sky130_fd_sc_hd__nand2_1)
   0.122    1.608 ^ _10073_/Y (sky130_fd_sc_hd__o211ai_1)
   0.136    1.744 v _10086_/Y (sky130_fd_sc_hd__nand3_1)
   0.260    2.004 ^ _10114_/Y (sky130_fd_sc_hd__nand2_1)
   0.134    2.138 v _10115_/Y (sky130_fd_sc_hd__nand2_1)
   0.124    2.262 ^ _12944_/Y (sky130_fd_sc_hd__inv_1)
   0.057    2.318 v _12945_/Y (sky130_fd_sc_hd__nand2_1)
   0.118    2.436 ^ _12946_/Y (sky130_fd_sc_hd__nand2_1)
   0.481    2.918 ^ place735/X (sky130_fd_sc_hd__buf_4)
   0.484    3.401 v _12947_/Y (sky130_fd_sc_hd__inv_2)
   0.702    4.103 ^ _13403_/Y (sky130_fd_sc_hd__nor2_1)
   0.351    4.455 v _13404_/Y (sky130_fd_sc_hd__inv_1)
   0.224    4.678 ^ _14041_/Y (sky130_fd_sc_hd__a21oi_1)
   0.087    4.766 v _14042_/Y (sky130_fd_sc_hd__a211oi_1)
   0.105    4.871 ^ _14043_/Y (sky130_fd_sc_hd__o21ai_0)
   0.066    4.937 v _14046_/Y (sky130_fd_sc_hd__nand2_1)
   0.120    5.057 ^ _14048_/Y (sky130_fd_sc_hd__nand2_1)
   0.078    5.136 v _14049_/Y (sky130_fd_sc_hd__nand2_1)
   0.088    5.223 ^ _14052_/Y (sky130_fd_sc_hd__nand3_1)
   0.093    5.316 v _14059_/Y (sky130_fd_sc_hd__nand2_1)
   0.424    5.741 v output124/X (sky130_fd_sc_hd__clkdlybuf4s50_1)
   0.000    5.741 v aluout[4] (out)
            5.741   data arrival time

   7.000    7.000   clock vclk_clk (rise edge)
   0.775    7.775   clock network delay (ideal)
   0.000    7.775   clock reconvergence pessimism
  -1.400    6.375   output external delay
            6.375   data required time
-----------------------------------------------------------
            6.375   data required time
           -5.741   data arrival time
-----------------------------------------------------------
            0.634   slack (MET)


Startpoint: dp.rf.rf[13][0]$_DFFE_PP_
            (rising edge-triggered flip-flop clocked by clk)
Endpoint: aluout[20] (output port clocked by vclk_clk)
Path Group: vclk_clk
Path Type: max

   Delay     Time   Description
-----------------------------------------------------------
   0.000    0.000   clock clk (rise edge)
   0.775    0.775   clock network delay (ideal)
   0.000    0.775 ^ dp.rf.rf[13][0]$_DFFE_PP_/CLK (sky130_fd_sc_hd__edfxtp_1)
   0.294    1.069 ^ dp.rf.rf[13][0]$_DFFE_PP_/Q (sky130_fd_sc_hd__edfxtp_1)
   0.046    1.115 v _10265_/Y (sky130_fd_sc_hd__inv_1)
   0.103    1.219 ^ _10360_/Y (sky130_fd_sc_hd__a21oi_1)
   0.091    1.309 v _10361_/Y (sky130_fd_sc_hd__o21ai_0)
   0.100    1.410 ^ _10362_/Y (sky130_fd_sc_hd__o21ai_0)
   0.080    1.490 v _10363_/Y (sky130_fd_sc_hd__nand2_1)
   0.096    1.586 ^ _10364_/Y (sky130_fd_sc_hd__nand2_1)
   0.097    1.684 v _10381_/Y (sky130_fd_sc_hd__nand3_1)
   0.243    1.927 ^ _10410_/Y (sky130_fd_sc_hd__a21oi_2)
   0.170    2.097 ^ place789/X (sky130_fd_sc_hd__buf_6)
   0.080    2.177 v _12961_/Y (sky130_fd_sc_hd__nand2_1)
   0.106    2.282 ^ _12962_/Y (sky130_fd_sc_hd__o21ai_2)
   0.206    2.489 ^ _15139_/X (sky130_fd_sc_hd__xor2_1)
   0.109    2.598 v _15140_/Y (sky130_fd_sc_hd__inv_1)
   0.379    2.977 v _15289_/COUT (sky130_fd_sc_hd__fa_2)
   0.400    3.377 v _15288_/COUT (sky130_fd_sc_hd__fa_2)
   0.079    3.456 ^ _12827_/Y (sky130_fd_sc_hd__nand3_1)
   0.084    3.540 v _12828_/Y (sky130_fd_sc_hd__nand2_1)
   0.178    3.718 ^ _12832_/Y (sky130_fd_sc_hd__a21boi_2)
   0.104    3.822 v _12834_/Y (sky130_fd_sc_hd__o21ai_1)
   0.065    3.886 ^ _12835_/Y (sky130_fd_sc_hd__inv_1)
   0.043    3.929 v _12836_/Y (sky130_fd_sc_hd__nor2_1)
   0.120    4.049 ^ _12837_/Y (sky130_fd_sc_hd__nor2_2)
   0.087    4.136 v _12839_/Y (sky130_fd_sc_hd__o21ai_2)
   0.064    4.200 ^ _12842_/Y (sky130_fd_sc_hd__nand2_1)
   0.104    4.304 v _12844_/Y (sky130_fd_sc_hd__nand2_1)
   0.095    4.399 ^ _13338_/Y (sky130_fd_sc_hd__nand3_1)
   0.098    4.497 v _13339_/Y (sky130_fd_sc_hd__nand2_1)
   0.099    4.596 ^ _13341_/Y (sky130_fd_sc_hd__nand2_1)
   0.060    4.657 v _13668_/Y (sky130_fd_sc_hd__nand2_1)
   0.272    4.929 v _13669_/X (sky130_fd_sc_hd__or2_2)
   0.065    4.993 ^ _13671_/Y (sky130_fd_sc_hd__nand3_1)
   0.097    5.090 v _13672_/Y (sky130_fd_sc_hd__o2111ai_1)
   0.139    5.229 ^ _13673_/Y (sky130_fd_sc_hd__nand2_1)
   0.074    5.302 v _13674_/Y (sky130_fd_sc_hd__nand2_1)
   0.434    5.737 v output110/X (sky130_fd_sc_hd__clkdlybuf4s50_1)
   0.000    5.737 v aluout[20] (out)
            5.737   data arrival time

   7.000    7.000   clock vclk_clk (rise edge)
   0.775    7.775   clock network delay (ideal)
   0.000    7.775   clock reconvergence pessimism
  -1.400    6.375   output external delay
            6.375   data required time
-----------------------------------------------------------
            6.375   data required time
           -5.737   data arrival time
-----------------------------------------------------------
            0.638   slack (MET)


Startpoint: dp.rf.rf[13][2]$_DFFE_PP_
            (rising edge-triggered flip-flop clocked by clk)
Endpoint: aluout[6] (output port clocked by vclk_clk)
Path Group: vclk_clk
Path Type: max

   Delay     Time   Description
-----------------------------------------------------------
   0.000    0.000   clock clk (rise edge)
   0.775    0.775   clock network delay (ideal)
   0.000    0.775 ^ dp.rf.rf[13][2]$_DFFE_PP_/CLK (sky130_fd_sc_hd__edfxtp_1)
   0.297    1.072 ^ dp.rf.rf[13][2]$_DFFE_PP_/Q (sky130_fd_sc_hd__edfxtp_1)
   0.043    1.115 v _09975_/Y (sky130_fd_sc_hd__inv_1)
   0.104    1.220 ^ _10069_/Y (sky130_fd_sc_hd__a21oi_1)
   0.097    1.317 v _10070_/Y (sky130_fd_sc_hd__o21ai_0)
   0.098    1.415 ^ _10071_/Y (sky130_fd_sc_hd__o21ai_0)
   0.071    1.486 v _10072_/Y (sky130_fd_sc_hd__nand2_1)
   0.122    1.608 ^ _10073_/Y (sky130_fd_sc_hd__o211ai_1)
   0.136    1.744 v _10086_/Y (sky130_fd_sc_hd__nand3_1)
   0.260    2.004 ^ _10114_/Y (sky130_fd_sc_hd__nand2_1)
   0.134    2.138 v _10115_/Y (sky130_fd_sc_hd__nand2_1)
   0.124    2.262 ^ _12944_/Y (sky130_fd_sc_hd__inv_1)
   0.057    2.318 v _12945_/Y (sky130_fd_sc_hd__nand2_1)
   0.118    2.436 ^ _12946_/Y (sky130_fd_sc_hd__nand2_1)
   0.481    2.918 ^ place735/X (sky130_fd_sc_hd__buf_4)
   0.484    3.401 v _12947_/Y (sky130_fd_sc_hd__inv_2)
   0.702    4.103 ^ _13403_/Y (sky130_fd_sc_hd__nor2_1)
   0.351    4.455 v _13404_/Y (sky130_fd_sc_hd__inv_1)
   0.177    4.631 ^ _13995_/Y (sky130_fd_sc_hd__nor2_1)
   0.073    4.704 v _14002_/Y (sky130_fd_sc_hd__nor2_1)
   0.078    4.782 ^ _14003_/Y (sky130_fd_sc_hd__o21ai_0)
   0.060    4.842 v _14005_/Y (sky130_fd_sc_hd__nand2_1)
   0.178    5.021 ^ _14006_/Y (sky130_fd_sc_hd__o21ai_0)
   0.094    5.114 v _14007_/Y (sky130_fd_sc_hd__nand2_1)
   0.103    5.217 ^ _14010_/Y (sky130_fd_sc_hd__nand2_1)
   0.052    5.270 v _14017_/Y (sky130_fd_sc_hd__nand2_1)
   0.434    5.704 v output126/X (sky130_fd_sc_hd__clkdlybuf4s50_1)
   0.000    5.704 v aluout[6] (out)
            5.704   data arrival time

   7.000    7.000   clock vclk_clk (rise edge)
   0.775    7.775   clock network delay (ideal)
   0.000    7.775   clock reconvergence pessimism
  -1.400    6.375   output external delay
            6.375   data required time
-----------------------------------------------------------
            6.375   data required time
           -5.704   data arrival time
-----------------------------------------------------------
            0.671   slack (MET)


Startpoint: dp.rf.rf[13][0]$_DFFE_PP_
            (rising edge-triggered flip-flop clocked by clk)
Endpoint: aluout[16] (output port clocked by vclk_clk)
Path Group: vclk_clk
Path Type: max

   Delay     Time   Description
-----------------------------------------------------------
   0.000    0.000   clock clk (rise edge)
   0.775    0.775   clock network delay (ideal)
   0.000    0.775 ^ dp.rf.rf[13][0]$_DFFE_PP_/CLK (sky130_fd_sc_hd__edfxtp_1)
   0.294    1.069 ^ dp.rf.rf[13][0]$_DFFE_PP_/Q (sky130_fd_sc_hd__edfxtp_1)
   0.046    1.115 v _10265_/Y (sky130_fd_sc_hd__inv_1)
   0.103    1.219 ^ _10360_/Y (sky130_fd_sc_hd__a21oi_1)
   0.091    1.309 v _10361_/Y (sky130_fd_sc_hd__o21ai_0)
   0.100    1.410 ^ _10362_/Y (sky130_fd_sc_hd__o21ai_0)
   0.080    1.490 v _10363_/Y (sky130_fd_sc_hd__nand2_1)
   0.096    1.586 ^ _10364_/Y (sky130_fd_sc_hd__nand2_1)
   0.097    1.684 v _10381_/Y (sky130_fd_sc_hd__nand3_1)
   0.243    1.927 ^ _10410_/Y (sky130_fd_sc_hd__a21oi_2)
   0.170    2.097 ^ place789/X (sky130_fd_sc_hd__buf_6)
   0.080    2.177 v _12961_/Y (sky130_fd_sc_hd__nand2_1)
   0.106    2.282 ^ _12962_/Y (sky130_fd_sc_hd__o21ai_2)
   0.206    2.489 ^ _15139_/X (sky130_fd_sc_hd__xor2_1)
   0.109    2.598 v _15140_/Y (sky130_fd_sc_hd__inv_1)
   0.379    2.977 v _15289_/COUT (sky130_fd_sc_hd__fa_2)
   0.400    3.377 v _15288_/COUT (sky130_fd_sc_hd__fa_2)
   0.079    3.456 ^ _12827_/Y (sky130_fd_sc_hd__nand3_1)
   0.084    3.540 v _12828_/Y (sky130_fd_sc_hd__nand2_1)
   0.178    3.718 ^ _12832_/Y (sky130_fd_sc_hd__a21boi_2)
   0.104    3.822 v _12834_/Y (sky130_fd_sc_hd__o21ai_1)
   0.065    3.886 ^ _12835_/Y (sky130_fd_sc_hd__inv_1)
   0.043    3.929 v _12836_/Y (sky130_fd_sc_hd__nor2_1)
   0.120    4.049 ^ _12837_/Y (sky130_fd_sc_hd__nor2_2)
   0.087    4.136 v _12839_/Y (sky130_fd_sc_hd__o21ai_2)
   0.064    4.200 ^ _12842_/Y (sky130_fd_sc_hd__nand2_1)
   0.104    4.304 v _12844_/Y (sky130_fd_sc_hd__nand2_1)
   0.095    4.399 ^ _13338_/Y (sky130_fd_sc_hd__nand3_1)
   0.098    4.497 v _13339_/Y (sky130_fd_sc_hd__nand2_1)
   0.158    4.655 v place690/X (sky130_fd_sc_hd__buf_4)
   0.098    4.754 ^ _13791_/Y (sky130_fd_sc_hd__a21oi_1)
   0.117    4.871 v _13792_/Y (sky130_fd_sc_hd__o21ai_0)
   0.082    4.953 ^ _13793_/Y (sky130_fd_sc_hd__o2111ai_1)
   0.092    5.045 v _13794_/Y (sky130_fd_sc_hd__nand2_1)
   0.161    5.207 ^ _13795_/Y (sky130_fd_sc_hd__nand2_1)
   0.496    5.703 ^ output105/X (sky130_fd_sc_hd__clkdlybuf4s50_1)
   0.000    5.703 ^ aluout[16] (out)
            5.703   data arrival time

   7.000    7.000   clock vclk_clk (rise edge)
   0.775    7.775   clock network delay (ideal)
   0.000    7.775   clock reconvergence pessimism
  -1.400    6.375   output external delay
            6.375   data required time
-----------------------------------------------------------
            6.375   data required time
           -5.703   data arrival time
-----------------------------------------------------------
            0.672   slack (MET)


Startpoint: dp.rf.rf[13][2]$_DFFE_PP_
            (rising edge-triggered flip-flop clocked by clk)
Endpoint: aluout[25] (output port clocked by vclk_clk)
Path Group: vclk_clk
Path Type: max

   Delay     Time   Description
-----------------------------------------------------------
   0.000    0.000   clock clk (rise edge)
   0.775    0.775   clock network delay (ideal)
   0.000    0.775 ^ dp.rf.rf[13][2]$_DFFE_PP_/CLK (sky130_fd_sc_hd__edfxtp_1)
   0.297    1.072 ^ dp.rf.rf[13][2]$_DFFE_PP_/Q (sky130_fd_sc_hd__edfxtp_1)
   0.043    1.115 v _09975_/Y (sky130_fd_sc_hd__inv_1)
   0.104    1.220 ^ _10069_/Y (sky130_fd_sc_hd__a21oi_1)
   0.097    1.317 v _10070_/Y (sky130_fd_sc_hd__o21ai_0)
   0.098    1.415 ^ _10071_/Y (sky130_fd_sc_hd__o21ai_0)
   0.071    1.486 v _10072_/Y (sky130_fd_sc_hd__nand2_1)
   0.122    1.608 ^ _10073_/Y (sky130_fd_sc_hd__o211ai_1)
   0.136    1.744 v _10086_/Y (sky130_fd_sc_hd__nand3_1)
   0.260    2.004 ^ _10114_/Y (sky130_fd_sc_hd__nand2_1)
   0.134    2.138 v _10115_/Y (sky130_fd_sc_hd__nand2_1)
   0.124    2.262 ^ _12944_/Y (sky130_fd_sc_hd__inv_1)
   0.057    2.318 v _12945_/Y (sky130_fd_sc_hd__nand2_1)
   0.118    2.436 ^ _12946_/Y (sky130_fd_sc_hd__nand2_1)
   0.088    2.525 v _15137_/X (sky130_fd_sc_hd__xor2_1)
   0.444    2.969 ^ _15362_/SUM (sky130_fd_sc_hd__ha_1)
   0.112    3.080 v _13216_/Y (sky130_fd_sc_hd__nand3_1)
   0.130    3.210 ^ _13217_/Y (sky130_fd_sc_hd__nand2_1)
   0.087    3.297 v _13221_/Y (sky130_fd_sc_hd__a21oi_2)
   0.176    3.474 ^ _13223_/Y (sky130_fd_sc_hd__o21ai_2)
   0.095    3.569 v _13227_/Y (sky130_fd_sc_hd__a21boi_2)
   0.246    3.815 ^ _13229_/Y (sky130_fd_sc_hd__o21ai_1)
   0.134    3.950 v _13233_/Y (sky130_fd_sc_hd__a21boi_0)
   0.170    4.120 v place696/X (sky130_fd_sc_hd__buf_4)
   0.288    4.408 ^ _13237_/Y (sky130_fd_sc_hd__o21ai_0)
   0.103    4.512 v _13241_/Y (sky130_fd_sc_hd__nand2_1)
   0.121    4.633 ^ _13247_/Y (sky130_fd_sc_hd__nand2_1)
   0.061    4.693 v _13251_/Y (sky130_fd_sc_hd__nand2_1)
   0.104    4.797 ^ _13255_/Y (sky130_fd_sc_hd__nand2_1)
   0.069    4.866 v _13502_/Y (sky130_fd_sc_hd__a21oi_1)
   0.099    4.965 ^ _13503_/Y (sky130_fd_sc_hd__o21ai_0)
   0.118    5.083 v _13504_/Y (sky130_fd_sc_hd__o2111ai_1)
   0.100    5.183 ^ _13505_/Y (sky130_fd_sc_hd__nand2_1)
   0.089    5.272 v _13506_/Y (sky130_fd_sc_hd__nand2_1)
   0.424    5.696 v output115/X (sky130_fd_sc_hd__clkdlybuf4s50_1)
   0.000    5.696 v aluout[25] (out)
            5.696   data arrival time

   7.000    7.000   clock vclk_clk (rise edge)
   0.775    7.775   clock network delay (ideal)
   0.000    7.775   clock reconvergence pessimism
  -1.400    6.375   output external delay
            6.375   data required time
-----------------------------------------------------------
            6.375   data required time
           -5.696   data arrival time
-----------------------------------------------------------
            0.679   slack (MET)


Startpoint: dp.rf.rf[13][2]$_DFFE_PP_
            (rising edge-triggered flip-flop clocked by clk)
Endpoint: aluout[31] (output port clocked by vclk_clk)
Path Group: vclk_clk
Path Type: max

   Delay     Time   Description
-----------------------------------------------------------
   0.000    0.000   clock clk (rise edge)
   0.775    0.775   clock network delay (ideal)
   0.000    0.775 ^ dp.rf.rf[13][2]$_DFFE_PP_/CLK (sky130_fd_sc_hd__edfxtp_1)
   0.297    1.072 ^ dp.rf.rf[13][2]$_DFFE_PP_/Q (sky130_fd_sc_hd__edfxtp_1)
   0.043    1.115 v _09975_/Y (sky130_fd_sc_hd__inv_1)
   0.104    1.220 ^ _10069_/Y (sky130_fd_sc_hd__a21oi_1)
   0.097    1.317 v _10070_/Y (sky130_fd_sc_hd__o21ai_0)
   0.098    1.415 ^ _10071_/Y (sky130_fd_sc_hd__o21ai_0)
   0.071    1.486 v _10072_/Y (sky130_fd_sc_hd__nand2_1)
   0.122    1.608 ^ _10073_/Y (sky130_fd_sc_hd__o211ai_1)
   0.136    1.744 v _10086_/Y (sky130_fd_sc_hd__nand3_1)
   0.260    2.004 ^ _10114_/Y (sky130_fd_sc_hd__nand2_1)
   0.134    2.138 v _10115_/Y (sky130_fd_sc_hd__nand2_1)
   0.124    2.262 ^ _12944_/Y (sky130_fd_sc_hd__inv_1)
   0.057    2.318 v _12945_/Y (sky130_fd_sc_hd__nand2_1)
   0.118    2.436 ^ _12946_/Y (sky130_fd_sc_hd__nand2_1)
   0.088    2.525 v _15137_/X (sky130_fd_sc_hd__xor2_1)
   0.444    2.969 ^ _15362_/SUM (sky130_fd_sc_hd__ha_1)
   0.112    3.080 v _13216_/Y (sky130_fd_sc_hd__nand3_1)
   0.130    3.210 ^ _13217_/Y (sky130_fd_sc_hd__nand2_1)
   0.087    3.297 v _13221_/Y (sky130_fd_sc_hd__a21oi_2)
   0.176    3.474 ^ _13223_/Y (sky130_fd_sc_hd__o21ai_2)
   0.095    3.569 v _13227_/Y (sky130_fd_sc_hd__a21boi_2)
   0.246    3.815 ^ _13229_/Y (sky130_fd_sc_hd__o21ai_1)
   0.134    3.950 v _13233_/Y (sky130_fd_sc_hd__a21boi_0)
   0.170    4.120 v place696/X (sky130_fd_sc_hd__buf_4)
   0.150    4.270 ^ _13354_/Y (sky130_fd_sc_hd__o21ai_1)
   0.087    4.357 v _13357_/Y (sky130_fd_sc_hd__nand3_1)
   0.136    4.494 ^ _13361_/Y (sky130_fd_sc_hd__nand3_1)
   0.087    4.581 v _13364_/Y (sky130_fd_sc_hd__a21oi_1)
   0.153    4.734 v place693/X (sky130_fd_sc_hd__buf_4)
   0.165    4.899 ^ _15254_/Y (sky130_fd_sc_hd__o211ai_1)
   0.095    4.995 v _15257_/Y (sky130_fd_sc_hd__nand3_1)
   0.077    5.072 ^ _15261_/Y (sky130_fd_sc_hd__nand3_1)
   0.070    5.141 v _15262_/Y (sky130_fd_sc_hd__nand2_1)
   0.075    5.217 ^ _15275_/Y (sky130_fd_sc_hd__nand2_1)
   0.475    5.691 ^ output122/X (sky130_fd_sc_hd__clkdlybuf4s50_1)
   0.000    5.691 ^ aluout[31] (out)
            5.691   data arrival time

   7.000    7.000   clock vclk_clk (rise edge)
   0.775    7.775   clock network delay (ideal)
   0.000    7.775   clock reconvergence pessimism
  -1.400    6.375   output external delay
            6.375   data required time
-----------------------------------------------------------
            6.375   data required time
           -5.691   data arrival time
-----------------------------------------------------------
            0.684   slack (MET)


Startpoint: dp.rf.rf[13][2]$_DFFE_PP_
            (rising edge-triggered flip-flop clocked by clk)
Endpoint: aluout[2] (output port clocked by vclk_clk)
Path Group: vclk_clk
Path Type: max

   Delay     Time   Description
-----------------------------------------------------------
   0.000    0.000   clock clk (rise edge)
   0.775    0.775   clock network delay (ideal)
   0.000    0.775 ^ dp.rf.rf[13][2]$_DFFE_PP_/CLK (sky130_fd_sc_hd__edfxtp_1)
   0.297    1.072 ^ dp.rf.rf[13][2]$_DFFE_PP_/Q (sky130_fd_sc_hd__edfxtp_1)
   0.043    1.115 v _09975_/Y (sky130_fd_sc_hd__inv_1)
   0.104    1.220 ^ _10069_/Y (sky130_fd_sc_hd__a21oi_1)
   0.097    1.317 v _10070_/Y (sky130_fd_sc_hd__o21ai_0)
   0.098    1.415 ^ _10071_/Y (sky130_fd_sc_hd__o21ai_0)
   0.071    1.486 v _10072_/Y (sky130_fd_sc_hd__nand2_1)
   0.122    1.608 ^ _10073_/Y (sky130_fd_sc_hd__o211ai_1)
   0.136    1.744 v _10086_/Y (sky130_fd_sc_hd__nand3_1)
   0.260    2.004 ^ _10114_/Y (sky130_fd_sc_hd__nand2_1)
   0.134    2.138 v _10115_/Y (sky130_fd_sc_hd__nand2_1)
   0.124    2.262 ^ _12944_/Y (sky130_fd_sc_hd__inv_1)
   0.057    2.318 v _12945_/Y (sky130_fd_sc_hd__nand2_1)
   0.118    2.436 ^ _12946_/Y (sky130_fd_sc_hd__nand2_1)
   0.481    2.918 ^ place735/X (sky130_fd_sc_hd__buf_4)
   0.484    3.401 v _12947_/Y (sky130_fd_sc_hd__inv_2)
   0.702    4.103 ^ _13403_/Y (sky130_fd_sc_hd__nor2_1)
   0.351    4.455 v _13404_/Y (sky130_fd_sc_hd__inv_1)
   0.206    4.660 ^ _14081_/Y (sky130_fd_sc_hd__o21ai_1)
   0.069    4.729 v _14084_/Y (sky130_fd_sc_hd__nor2_1)
   0.102    4.831 ^ _14085_/Y (sky130_fd_sc_hd__o21ai_0)
   0.097    4.928 v _14086_/Y (sky130_fd_sc_hd__nand3b_1)
   0.111    5.039 ^ _14088_/Y (sky130_fd_sc_hd__nand2_1)
   0.068    5.107 v _14089_/Y (sky130_fd_sc_hd__nand2_1)
   0.098    5.205 ^ _14092_/Y (sky130_fd_sc_hd__nand2_1)
   0.068    5.273 v _14099_/Y (sky130_fd_sc_hd__nand2_1)
   0.414    5.687 v output120/X (sky130_fd_sc_hd__clkdlybuf4s50_1)
   0.000    5.687 v aluout[2] (out)
            5.687   data arrival time

   7.000    7.000   clock vclk_clk (rise edge)
   0.775    7.775   clock network delay (ideal)
   0.000    7.775   clock reconvergence pessimism
  -1.400    6.375   output external delay
            6.375   data required time
-----------------------------------------------------------
            6.375   data required time
           -5.687   data arrival time
-----------------------------------------------------------
            0.688   slack (MET)


Startpoint: dp.rf.rf[13][0]$_DFFE_PP_
            (rising edge-triggered flip-flop clocked by clk)
Endpoint: aluout[24] (output port clocked by vclk_clk)
Path Group: vclk_clk
Path Type: max

   Delay     Time   Description
-----------------------------------------------------------
   0.000    0.000   clock clk (rise edge)
   0.775    0.775   clock network delay (ideal)
   0.000    0.775 ^ dp.rf.rf[13][0]$_DFFE_PP_/CLK (sky130_fd_sc_hd__edfxtp_1)
   0.294    1.069 ^ dp.rf.rf[13][0]$_DFFE_PP_/Q (sky130_fd_sc_hd__edfxtp_1)
   0.046    1.115 v _10265_/Y (sky130_fd_sc_hd__inv_1)
   0.103    1.219 ^ _10360_/Y (sky130_fd_sc_hd__a21oi_1)
   0.091    1.309 v _10361_/Y (sky130_fd_sc_hd__o21ai_0)
   0.100    1.410 ^ _10362_/Y (sky130_fd_sc_hd__o21ai_0)
   0.080    1.490 v _10363_/Y (sky130_fd_sc_hd__nand2_1)
   0.096    1.586 ^ _10364_/Y (sky130_fd_sc_hd__nand2_1)
   0.097    1.684 v _10381_/Y (sky130_fd_sc_hd__nand3_1)
   0.243    1.927 ^ _10410_/Y (sky130_fd_sc_hd__a21oi_2)
   0.170    2.097 ^ place789/X (sky130_fd_sc_hd__buf_6)
   0.080    2.177 v _12961_/Y (sky130_fd_sc_hd__nand2_1)
   0.106    2.282 ^ _12962_/Y (sky130_fd_sc_hd__o21ai_2)
   0.206    2.489 ^ _15139_/X (sky130_fd_sc_hd__xor2_1)
   0.109    2.598 v _15140_/Y (sky130_fd_sc_hd__inv_1)
   0.379    2.977 v _15289_/COUT (sky130_fd_sc_hd__fa_2)
   0.400    3.377 v _15288_/COUT (sky130_fd_sc_hd__fa_2)
   0.079    3.456 ^ _12827_/Y (sky130_fd_sc_hd__nand3_1)
   0.084    3.540 v _12828_/Y (sky130_fd_sc_hd__nand2_1)
   0.178    3.718 ^ _12832_/Y (sky130_fd_sc_hd__a21boi_2)
   0.104    3.822 v _12834_/Y (sky130_fd_sc_hd__o21ai_1)
   0.065    3.886 ^ _12835_/Y (sky130_fd_sc_hd__inv_1)
   0.043    3.929 v _12836_/Y (sky130_fd_sc_hd__nor2_1)
   0.120    4.049 ^ _12837_/Y (sky130_fd_sc_hd__nor2_2)
   0.087    4.136 v _12839_/Y (sky130_fd_sc_hd__o21ai_2)
   0.064    4.200 ^ _12842_/Y (sky130_fd_sc_hd__nand2_1)
   0.104    4.304 v _12844_/Y (sky130_fd_sc_hd__nand2_1)
   0.095    4.399 ^ _13338_/Y (sky130_fd_sc_hd__nand3_1)
   0.098    4.497 v _13339_/Y (sky130_fd_sc_hd__nand2_1)
   0.099    4.596 ^ _13341_/Y (sky130_fd_sc_hd__nand2_1)
   0.050    4.647 v _13342_/Y (sky130_fd_sc_hd__nor2_1)
   0.138    4.785 ^ _13535_/Y (sky130_fd_sc_hd__o21ai_0)
   0.100    4.884 v _13538_/Y (sky130_fd_sc_hd__nand3_1)
   0.090    4.974 ^ _13539_/Y (sky130_fd_sc_hd__o2111ai_1)
   0.111    5.085 v _13540_/Y (sky130_fd_sc_hd__nand2_1)
   0.118    5.203 ^ _13541_/Y (sky130_fd_sc_hd__nand2_1)
   0.465    5.669 ^ output114/X (sky130_fd_sc_hd__clkdlybuf4s50_1)
   0.000    5.669 ^ aluout[24] (out)
            5.669   data arrival time

   7.000    7.000   clock vclk_clk (rise edge)
   0.775    7.775   clock network delay (ideal)
   0.000    7.775   clock reconvergence pessimism
  -1.400    6.375   output external delay
            6.375   data required time
-----------------------------------------------------------
            6.375   data required time
           -5.669   data arrival time
-----------------------------------------------------------
            0.706   slack (MET)


Startpoint: dp.rf.rf[13][2]$_DFFE_PP_
            (rising edge-triggered flip-flop clocked by clk)
Endpoint: aluout[7] (output port clocked by vclk_clk)
Path Group: vclk_clk
Path Type: max

   Delay     Time   Description
-----------------------------------------------------------
   0.000    0.000   clock clk (rise edge)
   0.775    0.775   clock network delay (ideal)
   0.000    0.775 ^ dp.rf.rf[13][2]$_DFFE_PP_/CLK (sky130_fd_sc_hd__edfxtp_1)
   0.297    1.072 ^ dp.rf.rf[13][2]$_DFFE_PP_/Q (sky130_fd_sc_hd__edfxtp_1)
   0.043    1.115 v _09975_/Y (sky130_fd_sc_hd__inv_1)
   0.104    1.220 ^ _10069_/Y (sky130_fd_sc_hd__a21oi_1)
   0.097    1.317 v _10070_/Y (sky130_fd_sc_hd__o21ai_0)
   0.098    1.415 ^ _10071_/Y (sky130_fd_sc_hd__o21ai_0)
   0.071    1.486 v _10072_/Y (sky130_fd_sc_hd__nand2_1)
   0.122    1.608 ^ _10073_/Y (sky130_fd_sc_hd__o211ai_1)
   0.136    1.744 v _10086_/Y (sky130_fd_sc_hd__nand3_1)
   0.260    2.004 ^ _10114_/Y (sky130_fd_sc_hd__nand2_1)
   0.134    2.138 v _10115_/Y (sky130_fd_sc_hd__nand2_1)
   0.124    2.262 ^ _12944_/Y (sky130_fd_sc_hd__inv_1)
   0.057    2.318 v _12945_/Y (sky130_fd_sc_hd__nand2_1)
   0.118    2.436 ^ _12946_/Y (sky130_fd_sc_hd__nand2_1)
   0.481    2.918 ^ place735/X (sky130_fd_sc_hd__buf_4)
   0.484    3.401 v _12947_/Y (sky130_fd_sc_hd__inv_2)
   0.702    4.103 ^ _13403_/Y (sky130_fd_sc_hd__nor2_1)
   0.351    4.455 v _13404_/Y (sky130_fd_sc_hd__inv_1)
   0.240    4.695 ^ _13976_/Y (sky130_fd_sc_hd__o21ai_0)
   0.060    4.755 v _13977_/Y (sky130_fd_sc_hd__nor2_1)
   0.066    4.821 ^ _13978_/Y (sky130_fd_sc_hd__o21ai_0)
   0.069    4.890 v _13981_/Y (sky130_fd_sc_hd__nand2_1)
   0.088    4.979 ^ _13983_/Y (sky130_fd_sc_hd__nand2_1)
   0.054    5.032 v _13984_/Y (sky130_fd_sc_hd__nand2_1)
   0.092    5.124 ^ _13987_/Y (sky130_fd_sc_hd__nand2_1)
   0.097    5.221 v _13994_/Y (sky130_fd_sc_hd__nand2_1)
   0.437    5.658 v output127/X (sky130_fd_sc_hd__clkdlybuf4s50_1)
   0.000    5.658 v aluout[7] (out)
            5.658   data arrival time

   7.000    7.000   clock vclk_clk (rise edge)
   0.775    7.775   clock network delay (ideal)
   0.000    7.775   clock reconvergence pessimism
  -1.400    6.375   output external delay
            6.375   data required time
-----------------------------------------------------------
            6.375   data required time
           -5.658   data arrival time
-----------------------------------------------------------
            0.717   slack (MET)


Startpoint: dp.rf.rf[13][2]$_DFFE_PP_
            (rising edge-triggered flip-flop clocked by clk)
Endpoint: aluout[3] (output port clocked by vclk_clk)
Path Group: vclk_clk
Path Type: max

   Delay     Time   Description
-----------------------------------------------------------
   0.000    0.000   clock clk (rise edge)
   0.775    0.775   clock network delay (ideal)
   0.000    0.775 ^ dp.rf.rf[13][2]$_DFFE_PP_/CLK (sky130_fd_sc_hd__edfxtp_1)
   0.297    1.072 ^ dp.rf.rf[13][2]$_DFFE_PP_/Q (sky130_fd_sc_hd__edfxtp_1)
   0.043    1.115 v _09975_/Y (sky130_fd_sc_hd__inv_1)
   0.104    1.220 ^ _10069_/Y (sky130_fd_sc_hd__a21oi_1)
   0.097    1.317 v _10070_/Y (sky130_fd_sc_hd__o21ai_0)
   0.098    1.415 ^ _10071_/Y (sky130_fd_sc_hd__o21ai_0)
   0.071    1.486 v _10072_/Y (sky130_fd_sc_hd__nand2_1)
   0.122    1.608 ^ _10073_/Y (sky130_fd_sc_hd__o211ai_1)
   0.136    1.744 v _10086_/Y (sky130_fd_sc_hd__nand3_1)
   0.260    2.004 ^ _10114_/Y (sky130_fd_sc_hd__nand2_1)
   0.134    2.138 v _10115_/Y (sky130_fd_sc_hd__nand2_1)
   0.124    2.262 ^ _12944_/Y (sky130_fd_sc_hd__inv_1)
   0.057    2.318 v _12945_/Y (sky130_fd_sc_hd__nand2_1)
   0.118    2.436 ^ _12946_/Y (sky130_fd_sc_hd__nand2_1)
   0.481    2.918 ^ place735/X (sky130_fd_sc_hd__buf_4)
   0.484    3.401 v _12947_/Y (sky130_fd_sc_hd__inv_2)
   0.702    4.103 ^ _13403_/Y (sky130_fd_sc_hd__nor2_1)
   0.351    4.455 v _13404_/Y (sky130_fd_sc_hd__inv_1)
   0.182    4.637 ^ _14064_/Y (sky130_fd_sc_hd__nor2_1)
   0.065    4.702 v _14065_/Y (sky130_fd_sc_hd__a211oi_1)
   0.094    4.796 ^ _14066_/Y (sky130_fd_sc_hd__o21ai_0)
   0.062    4.858 v _14068_/Y (sky130_fd_sc_hd__nand2_1)
   0.115    4.973 ^ _14069_/Y (sky130_fd_sc_hd__nand2_1)
   0.064    5.037 v _14070_/Y (sky130_fd_sc_hd__nand2_1)
   0.102    5.139 ^ _14073_/Y (sky130_fd_sc_hd__nand2_1)
   0.065    5.204 v _14080_/Y (sky130_fd_sc_hd__nand2_1)
   0.433    5.637 v output123/X (sky130_fd_sc_hd__clkdlybuf4s50_1)
   0.000    5.637 v aluout[3] (out)
            5.637   data arrival time

   7.000    7.000   clock vclk_clk (rise edge)
   0.775    7.775   clock network delay (ideal)
   0.000    7.775   clock reconvergence pessimism
  -1.400    6.375   output external delay
            6.375   data required time
-----------------------------------------------------------
            6.375   data required time
           -5.637   data arrival time
-----------------------------------------------------------
            0.738   slack (MET)


Startpoint: dp.rf.rf[13][2]$_DFFE_PP_
            (rising edge-triggered flip-flop clocked by clk)
Endpoint: aluout[21] (output port clocked by vclk_clk)
Path Group: vclk_clk
Path Type: max

   Delay     Time   Description
-----------------------------------------------------------
   0.000    0.000   clock clk (rise edge)
   0.775    0.775   clock network delay (ideal)
   0.000    0.775 ^ dp.rf.rf[13][2]$_DFFE_PP_/CLK (sky130_fd_sc_hd__edfxtp_1)
   0.297    1.072 ^ dp.rf.rf[13][2]$_DFFE_PP_/Q (sky130_fd_sc_hd__edfxtp_1)
   0.043    1.115 v _09975_/Y (sky130_fd_sc_hd__inv_1)
   0.104    1.220 ^ _10069_/Y (sky130_fd_sc_hd__a21oi_1)
   0.097    1.317 v _10070_/Y (sky130_fd_sc_hd__o21ai_0)
   0.098    1.415 ^ _10071_/Y (sky130_fd_sc_hd__o21ai_0)
   0.071    1.486 v _10072_/Y (sky130_fd_sc_hd__nand2_1)
   0.122    1.608 ^ _10073_/Y (sky130_fd_sc_hd__o211ai_1)
   0.136    1.744 v _10086_/Y (sky130_fd_sc_hd__nand3_1)
   0.260    2.004 ^ _10114_/Y (sky130_fd_sc_hd__nand2_1)
   0.134    2.138 v _10115_/Y (sky130_fd_sc_hd__nand2_1)
   0.124    2.262 ^ _12944_/Y (sky130_fd_sc_hd__inv_1)
   0.057    2.318 v _12945_/Y (sky130_fd_sc_hd__nand2_1)
   0.118    2.436 ^ _12946_/Y (sky130_fd_sc_hd__nand2_1)
   0.088    2.525 v _15137_/X (sky130_fd_sc_hd__xor2_1)
   0.444    2.969 ^ _15362_/SUM (sky130_fd_sc_hd__ha_1)
   0.112    3.080 v _13216_/Y (sky130_fd_sc_hd__nand3_1)
   0.130    3.210 ^ _13217_/Y (sky130_fd_sc_hd__nand2_1)
   0.087    3.297 v _13221_/Y (sky130_fd_sc_hd__a21oi_2)
   0.176    3.474 ^ _13223_/Y (sky130_fd_sc_hd__o21ai_2)
   0.095    3.569 v _13227_/Y (sky130_fd_sc_hd__a21boi_2)
   0.246    3.815 ^ _13229_/Y (sky130_fd_sc_hd__o21ai_1)
   0.134    3.950 v _13233_/Y (sky130_fd_sc_hd__a21boi_0)
   0.170    4.120 v place696/X (sky130_fd_sc_hd__buf_4)
   0.288    4.408 ^ _13237_/Y (sky130_fd_sc_hd__o21ai_0)
   0.103    4.512 v _13241_/Y (sky130_fd_sc_hd__nand2_1)
   0.121    4.633 ^ _13247_/Y (sky130_fd_sc_hd__nand2_1)
   0.068    4.701 v _13639_/Y (sky130_fd_sc_hd__a21oi_1)
   0.125    4.826 ^ _13640_/Y (sky130_fd_sc_hd__o21ai_0)
   0.131    4.957 v _13641_/Y (sky130_fd_sc_hd__o2111ai_1)
   0.095    5.052 ^ _13642_/Y (sky130_fd_sc_hd__nand2_1)
   0.122    5.174 v _13643_/Y (sky130_fd_sc_hd__nand2_1)
   0.448    5.622 v output111/X (sky130_fd_sc_hd__clkdlybuf4s50_1)
   0.000    5.622 v aluout[21] (out)
            5.622   data arrival time

   7.000    7.000   clock vclk_clk (rise edge)
   0.775    7.775   clock network delay (ideal)
   0.000    7.775   clock reconvergence pessimism
  -1.400    6.375   output external delay
            6.375   data required time
-----------------------------------------------------------
            6.375   data required time
           -5.622   data arrival time
-----------------------------------------------------------
            0.753   slack (MET)


Startpoint: dp.rf.rf[13][2]$_DFFE_PP_
            (rising edge-triggered flip-flop clocked by clk)
Endpoint: aluout[19] (output port clocked by vclk_clk)
Path Group: vclk_clk
Path Type: max

   Delay     Time   Description
-----------------------------------------------------------
   0.000    0.000   clock clk (rise edge)
   0.775    0.775   clock network delay (ideal)
   0.000    0.775 ^ dp.rf.rf[13][2]$_DFFE_PP_/CLK (sky130_fd_sc_hd__edfxtp_1)
   0.297    1.072 ^ dp.rf.rf[13][2]$_DFFE_PP_/Q (sky130_fd_sc_hd__edfxtp_1)
   0.043    1.115 v _09975_/Y (sky130_fd_sc_hd__inv_1)
   0.104    1.220 ^ _10069_/Y (sky130_fd_sc_hd__a21oi_1)
   0.097    1.317 v _10070_/Y (sky130_fd_sc_hd__o21ai_0)
   0.098    1.415 ^ _10071_/Y (sky130_fd_sc_hd__o21ai_0)
   0.071    1.486 v _10072_/Y (sky130_fd_sc_hd__nand2_1)
   0.122    1.608 ^ _10073_/Y (sky130_fd_sc_hd__o211ai_1)
   0.136    1.744 v _10086_/Y (sky130_fd_sc_hd__nand3_1)
   0.260    2.004 ^ _10114_/Y (sky130_fd_sc_hd__nand2_1)
   0.134    2.138 v _10115_/Y (sky130_fd_sc_hd__nand2_1)
   0.124    2.262 ^ _12944_/Y (sky130_fd_sc_hd__inv_1)
   0.057    2.318 v _12945_/Y (sky130_fd_sc_hd__nand2_1)
   0.118    2.436 ^ _12946_/Y (sky130_fd_sc_hd__nand2_1)
   0.198    2.634 ^ _15137_/X (sky130_fd_sc_hd__xor2_1)
   0.335    2.969 v _15362_/SUM (sky130_fd_sc_hd__ha_1)
   0.160    3.130 ^ _13215_/Y (sky130_fd_sc_hd__a21oi_1)
   0.111    3.240 v _13217_/Y (sky130_fd_sc_hd__nand2_1)
   0.196    3.437 ^ _13221_/Y (sky130_fd_sc_hd__a21oi_2)
   0.096    3.533 v _13223_/Y (sky130_fd_sc_hd__o21ai_2)
   0.181    3.714 ^ _13227_/Y (sky130_fd_sc_hd__a21boi_2)
   0.130    3.844 v _13229_/Y (sky130_fd_sc_hd__o21ai_1)
   0.183    4.027 ^ _13233_/Y (sky130_fd_sc_hd__a21boi_0)
   0.159    4.186 ^ place696/X (sky130_fd_sc_hd__buf_4)
   0.071    4.257 v _13354_/Y (sky130_fd_sc_hd__o21ai_1)
   0.153    4.410 v place695/X (sky130_fd_sc_hd__buf_4)
   0.151    4.561 ^ _13706_/Y (sky130_fd_sc_hd__a21oi_1)
   0.133    4.693 ^ _13707_/X (sky130_fd_sc_hd__or2_2)
   0.082    4.775 v _13709_/Y (sky130_fd_sc_hd__nand3_1)
   0.097    4.872 ^ _13710_/Y (sky130_fd_sc_hd__o2111ai_1)
   0.090    4.962 v _13711_/Y (sky130_fd_sc_hd__nand2_1)
   0.158    5.120 ^ _13712_/Y (sky130_fd_sc_hd__nand2_1)
   0.479    5.599 ^ output108/X (sky130_fd_sc_hd__clkdlybuf4s50_1)
   0.000    5.599 ^ aluout[19] (out)
            5.599   data arrival time

   7.000    7.000   clock vclk_clk (rise edge)
   0.775    7.775   clock network delay (ideal)
   0.000    7.775   clock reconvergence pessimism
  -1.400    6.375   output external delay
            6.375   data required time
-----------------------------------------------------------
            6.375   data required time
           -5.599   data arrival time
-----------------------------------------------------------
            0.776   slack (MET)


Startpoint: dp.rf.rf[13][0]$_DFFE_PP_
            (rising edge-triggered flip-flop clocked by clk)
Endpoint: aluout[14] (output port clocked by vclk_clk)
Path Group: vclk_clk
Path Type: max

   Delay     Time   Description
-----------------------------------------------------------
   0.000    0.000   clock clk (rise edge)
   0.775    0.775   clock network delay (ideal)
   0.000    0.775 ^ dp.rf.rf[13][0]$_DFFE_PP_/CLK (sky130_fd_sc_hd__edfxtp_1)
   0.294    1.069 ^ dp.rf.rf[13][0]$_DFFE_PP_/Q (sky130_fd_sc_hd__edfxtp_1)
   0.046    1.115 v _10265_/Y (sky130_fd_sc_hd__inv_1)
   0.103    1.219 ^ _10360_/Y (sky130_fd_sc_hd__a21oi_1)
   0.091    1.309 v _10361_/Y (sky130_fd_sc_hd__o21ai_0)
   0.100    1.410 ^ _10362_/Y (sky130_fd_sc_hd__o21ai_0)
   0.080    1.490 v _10363_/Y (sky130_fd_sc_hd__nand2_1)
   0.096    1.586 ^ _10364_/Y (sky130_fd_sc_hd__nand2_1)
   0.097    1.684 v _10381_/Y (sky130_fd_sc_hd__nand3_1)
   0.243    1.927 ^ _10410_/Y (sky130_fd_sc_hd__a21oi_2)
   0.170    2.097 ^ place789/X (sky130_fd_sc_hd__buf_6)
   0.080    2.177 v _12961_/Y (sky130_fd_sc_hd__nand2_1)
   0.106    2.282 ^ _12962_/Y (sky130_fd_sc_hd__o21ai_2)
   0.206    2.489 ^ _15139_/X (sky130_fd_sc_hd__xor2_1)
   0.109    2.598 v _15140_/Y (sky130_fd_sc_hd__inv_1)
   0.379    2.977 v _15289_/COUT (sky130_fd_sc_hd__fa_2)
   0.400    3.377 v _15288_/COUT (sky130_fd_sc_hd__fa_2)
   0.079    3.456 ^ _12827_/Y (sky130_fd_sc_hd__nand3_1)
   0.084    3.540 v _12828_/Y (sky130_fd_sc_hd__nand2_1)
   0.178    3.718 ^ _12832_/Y (sky130_fd_sc_hd__a21boi_2)
   0.104    3.822 v _12834_/Y (sky130_fd_sc_hd__o21ai_1)
   0.065    3.886 ^ _12835_/Y (sky130_fd_sc_hd__inv_1)
   0.043    3.929 v _12836_/Y (sky130_fd_sc_hd__nor2_1)
   0.120    4.049 ^ _12837_/Y (sky130_fd_sc_hd__nor2_2)
   0.087    4.136 v _12839_/Y (sky130_fd_sc_hd__o21ai_2)
   0.064    4.200 ^ _12842_/Y (sky130_fd_sc_hd__nand2_1)
   0.104    4.304 v _12844_/Y (sky130_fd_sc_hd__nand2_1)
   0.159    4.463 v place694/X (sky130_fd_sc_hd__buf_4)
   0.104    4.567 ^ _13833_/Y (sky130_fd_sc_hd__a21oi_1)
   0.114    4.681 v _13834_/Y (sky130_fd_sc_hd__o21ai_0)
   0.084    4.765 ^ _13835_/Y (sky130_fd_sc_hd__o2111ai_1)
   0.087    4.852 v _13836_/Y (sky130_fd_sc_hd__nand2_1)
   0.190    5.042 ^ _13837_/Y (sky130_fd_sc_hd__nand2_1)
   0.515    5.557 ^ output103/X (sky130_fd_sc_hd__clkdlybuf4s50_1)
   0.000    5.557 ^ aluout[14] (out)
            5.557   data arrival time

   7.000    7.000   clock vclk_clk (rise edge)
   0.775    7.775   clock network delay (ideal)
   0.000    7.775   clock reconvergence pessimism
  -1.400    6.375   output external delay
            6.375   data required time
-----------------------------------------------------------
            6.375   data required time
           -5.557   data arrival time
-----------------------------------------------------------
            0.818   slack (MET)


Startpoint: dp.rf.rf[13][2]$_DFFE_PP_
            (rising edge-triggered flip-flop clocked by clk)
Endpoint: aluout[23] (output port clocked by vclk_clk)
Path Group: vclk_clk
Path Type: max

   Delay     Time   Description
-----------------------------------------------------------
   0.000    0.000   clock clk (rise edge)
   0.775    0.775   clock network delay (ideal)
   0.000    0.775 ^ dp.rf.rf[13][2]$_DFFE_PP_/CLK (sky130_fd_sc_hd__edfxtp_1)
   0.297    1.072 ^ dp.rf.rf[13][2]$_DFFE_PP_/Q (sky130_fd_sc_hd__edfxtp_1)
   0.043    1.115 v _09975_/Y (sky130_fd_sc_hd__inv_1)
   0.104    1.220 ^ _10069_/Y (sky130_fd_sc_hd__a21oi_1)
   0.097    1.317 v _10070_/Y (sky130_fd_sc_hd__o21ai_0)
   0.098    1.415 ^ _10071_/Y (sky130_fd_sc_hd__o21ai_0)
   0.071    1.486 v _10072_/Y (sky130_fd_sc_hd__nand2_1)
   0.122    1.608 ^ _10073_/Y (sky130_fd_sc_hd__o211ai_1)
   0.136    1.744 v _10086_/Y (sky130_fd_sc_hd__nand3_1)
   0.260    2.004 ^ _10114_/Y (sky130_fd_sc_hd__nand2_1)
   0.134    2.138 v _10115_/Y (sky130_fd_sc_hd__nand2_1)
   0.124    2.262 ^ _12944_/Y (sky130_fd_sc_hd__inv_1)
   0.057    2.318 v _12945_/Y (sky130_fd_sc_hd__nand2_1)
   0.118    2.436 ^ _12946_/Y (sky130_fd_sc_hd__nand2_1)
   0.198    2.634 ^ _15137_/X (sky130_fd_sc_hd__xor2_1)
   0.335    2.969 v _15362_/SUM (sky130_fd_sc_hd__ha_1)
   0.160    3.130 ^ _13215_/Y (sky130_fd_sc_hd__a21oi_1)
   0.111    3.240 v _13217_/Y (sky130_fd_sc_hd__nand2_1)
   0.196    3.437 ^ _13221_/Y (sky130_fd_sc_hd__a21oi_2)
   0.096    3.533 v _13223_/Y (sky130_fd_sc_hd__o21ai_2)
   0.181    3.714 ^ _13227_/Y (sky130_fd_sc_hd__a21boi_2)
   0.130    3.844 v _13229_/Y (sky130_fd_sc_hd__o21ai_1)
   0.183    4.027 ^ _13233_/Y (sky130_fd_sc_hd__a21boi_0)
   0.159    4.186 ^ place696/X (sky130_fd_sc_hd__buf_4)
   0.071    4.257 v _13354_/Y (sky130_fd_sc_hd__o21ai_1)
   0.077    4.334 ^ _13357_/Y (sky130_fd_sc_hd__nand3_1)
   0.128    4.463 v _13361_/Y (sky130_fd_sc_hd__nand3_1)
   0.148    4.610 ^ _13573_/Y (sky130_fd_sc_hd__a21oi_1)
   0.116    4.727 v _13574_/Y (sky130_fd_sc_hd__o21ai_0)
   0.105    4.831 ^ _13575_/Y (sky130_fd_sc_hd__o2111ai_1)
   0.103    4.934 v _13576_/Y (sky130_fd_sc_hd__nand2_1)
   0.123    5.057 ^ _13577_/Y (sky130_fd_sc_hd__nand2_1)
   0.500    5.557 ^ output113/X (sky130_fd_sc_hd__clkdlybuf4s50_1)
   0.000    5.557 ^ aluout[23] (out)
            5.557   data arrival time

   7.000    7.000   clock vclk_clk (rise edge)
   0.775    7.775   clock network delay (ideal)
   0.000    7.775   clock reconvergence pessimism
  -1.400    6.375   output external delay
            6.375   data required time
-----------------------------------------------------------
            6.375   data required time
           -5.557   data arrival time
-----------------------------------------------------------
            0.818   slack (MET)


Startpoint: dp.rf.rf[13][0]$_DFFE_PP_
            (rising edge-triggered flip-flop clocked by clk)
Endpoint: aluout[18] (output port clocked by vclk_clk)
Path Group: vclk_clk
Path Type: max

   Delay     Time   Description
-----------------------------------------------------------
   0.000    0.000   clock clk (rise edge)
   0.775    0.775   clock network delay (ideal)
   0.000    0.775 ^ dp.rf.rf[13][0]$_DFFE_PP_/CLK (sky130_fd_sc_hd__edfxtp_1)
   0.294    1.069 ^ dp.rf.rf[13][0]$_DFFE_PP_/Q (sky130_fd_sc_hd__edfxtp_1)
   0.046    1.115 v _10265_/Y (sky130_fd_sc_hd__inv_1)
   0.103    1.219 ^ _10360_/Y (sky130_fd_sc_hd__a21oi_1)
   0.091    1.309 v _10361_/Y (sky130_fd_sc_hd__o21ai_0)
   0.100    1.410 ^ _10362_/Y (sky130_fd_sc_hd__o21ai_0)
   0.080    1.490 v _10363_/Y (sky130_fd_sc_hd__nand2_1)
   0.096    1.586 ^ _10364_/Y (sky130_fd_sc_hd__nand2_1)
   0.097    1.684 v _10381_/Y (sky130_fd_sc_hd__nand3_1)
   0.243    1.927 ^ _10410_/Y (sky130_fd_sc_hd__a21oi_2)
   0.170    2.097 ^ place789/X (sky130_fd_sc_hd__buf_6)
   0.080    2.177 v _12961_/Y (sky130_fd_sc_hd__nand2_1)
   0.106    2.282 ^ _12962_/Y (sky130_fd_sc_hd__o21ai_2)
   0.206    2.489 ^ _15139_/X (sky130_fd_sc_hd__xor2_1)
   0.109    2.598 v _15140_/Y (sky130_fd_sc_hd__inv_1)
   0.379    2.977 v _15289_/COUT (sky130_fd_sc_hd__fa_2)
   0.400    3.377 v _15288_/COUT (sky130_fd_sc_hd__fa_2)
   0.079    3.456 ^ _12827_/Y (sky130_fd_sc_hd__nand3_1)
   0.084    3.540 v _12828_/Y (sky130_fd_sc_hd__nand2_1)
   0.178    3.718 ^ _12832_/Y (sky130_fd_sc_hd__a21boi_2)
   0.104    3.822 v _12834_/Y (sky130_fd_sc_hd__o21ai_1)
   0.065    3.886 ^ _12835_/Y (sky130_fd_sc_hd__inv_1)
   0.043    3.929 v _12836_/Y (sky130_fd_sc_hd__nor2_1)
   0.120    4.049 ^ _12837_/Y (sky130_fd_sc_hd__nor2_2)
   0.087    4.136 v _12839_/Y (sky130_fd_sc_hd__o21ai_2)
   0.064    4.200 ^ _12842_/Y (sky130_fd_sc_hd__nand2_1)
   0.104    4.304 v _12844_/Y (sky130_fd_sc_hd__nand2_1)
   0.085    4.389 ^ _12848_/Y (sky130_fd_sc_hd__nand2_1)
   0.081    4.471 v _12854_/Y (sky130_fd_sc_hd__nand2_1)
   0.117    4.587 ^ _13740_/Y (sky130_fd_sc_hd__a21oi_1)
   0.145    4.733 v _13741_/Y (sky130_fd_sc_hd__o21ai_0)
   0.093    4.826 ^ _13742_/Y (sky130_fd_sc_hd__o2111ai_1)
   0.087    4.913 v _13744_/Y (sky130_fd_sc_hd__nand2_1)
   0.162    5.075 ^ _13745_/Y (sky130_fd_sc_hd__nand2_1)
   0.482    5.557 ^ output107/X (sky130_fd_sc_hd__clkdlybuf4s50_1)
   0.000    5.557 ^ aluout[18] (out)
            5.557   data arrival time

   7.000    7.000   clock vclk_clk (rise edge)
   0.775    7.775   clock network delay (ideal)
   0.000    7.775   clock reconvergence pessimism
  -1.400    6.375   output external delay
            6.375   data required time
-----------------------------------------------------------
            6.375   data required time
           -5.557   data arrival time
-----------------------------------------------------------
            0.818   slack (MET)


Startpoint: dp.rf.rf[13][2]$_DFFE_PP_
            (rising edge-triggered flip-flop clocked by clk)
Endpoint: aluout[17] (output port clocked by vclk_clk)
Path Group: vclk_clk
Path Type: max

   Delay     Time   Description
-----------------------------------------------------------
   0.000    0.000   clock clk (rise edge)
   0.775    0.775   clock network delay (ideal)
   0.000    0.775 ^ dp.rf.rf[13][2]$_DFFE_PP_/CLK (sky130_fd_sc_hd__edfxtp_1)
   0.297    1.072 ^ dp.rf.rf[13][2]$_DFFE_PP_/Q (sky130_fd_sc_hd__edfxtp_1)
   0.043    1.115 v _09975_/Y (sky130_fd_sc_hd__inv_1)
   0.104    1.220 ^ _10069_/Y (sky130_fd_sc_hd__a21oi_1)
   0.097    1.317 v _10070_/Y (sky130_fd_sc_hd__o21ai_0)
   0.098    1.415 ^ _10071_/Y (sky130_fd_sc_hd__o21ai_0)
   0.071    1.486 v _10072_/Y (sky130_fd_sc_hd__nand2_1)
   0.122    1.608 ^ _10073_/Y (sky130_fd_sc_hd__o211ai_1)
   0.136    1.744 v _10086_/Y (sky130_fd_sc_hd__nand3_1)
   0.260    2.004 ^ _10114_/Y (sky130_fd_sc_hd__nand2_1)
   0.134    2.138 v _10115_/Y (sky130_fd_sc_hd__nand2_1)
   0.124    2.262 ^ _12944_/Y (sky130_fd_sc_hd__inv_1)
   0.057    2.318 v _12945_/Y (sky130_fd_sc_hd__nand2_1)
   0.118    2.436 ^ _12946_/Y (sky130_fd_sc_hd__nand2_1)
   0.198    2.634 ^ _15137_/X (sky130_fd_sc_hd__xor2_1)
   0.335    2.969 v _15362_/SUM (sky130_fd_sc_hd__ha_1)
   0.160    3.130 ^ _13215_/Y (sky130_fd_sc_hd__a21oi_1)
   0.111    3.240 v _13217_/Y (sky130_fd_sc_hd__nand2_1)
   0.196    3.437 ^ _13221_/Y (sky130_fd_sc_hd__a21oi_2)
   0.096    3.533 v _13223_/Y (sky130_fd_sc_hd__o21ai_2)
   0.181    3.714 ^ _13227_/Y (sky130_fd_sc_hd__a21boi_2)
   0.130    3.844 v _13229_/Y (sky130_fd_sc_hd__o21ai_1)
   0.183    4.027 ^ _13233_/Y (sky130_fd_sc_hd__a21boi_0)
   0.159    4.186 ^ place696/X (sky130_fd_sc_hd__buf_4)
   0.132    4.318 v _13237_/Y (sky130_fd_sc_hd__o21ai_0)
   0.141    4.459 ^ _13769_/Y (sky130_fd_sc_hd__a21oi_1)
   0.137    4.597 v _13770_/Y (sky130_fd_sc_hd__o21ai_0)
   0.094    4.691 ^ _13771_/Y (sky130_fd_sc_hd__o2111ai_1)
   0.089    4.780 v _13772_/Y (sky130_fd_sc_hd__nand2_1)
   0.192    4.972 ^ _13773_/Y (sky130_fd_sc_hd__nand2_1)
   0.522    5.494 ^ output106/X (sky130_fd_sc_hd__clkdlybuf4s50_1)
   0.000    5.494 ^ aluout[17] (out)
            5.494   data arrival time

   7.000    7.000   clock vclk_clk (rise edge)
   0.775    7.775   clock network delay (ideal)
   0.000    7.775   clock reconvergence pessimism
  -1.400    6.375   output external delay
            6.375   data required time
-----------------------------------------------------------
            6.375   data required time
           -5.494   data arrival time
-----------------------------------------------------------
            0.881   slack (MET)


Startpoint: dp.rf.rf[13][2]$_DFFE_PP_
            (rising edge-triggered flip-flop clocked by clk)
Endpoint: aluout[15] (output port clocked by vclk_clk)
Path Group: vclk_clk
Path Type: max

   Delay     Time   Description
-----------------------------------------------------------
   0.000    0.000   clock clk (rise edge)
   0.775    0.775   clock network delay (ideal)
   0.000    0.775 ^ dp.rf.rf[13][2]$_DFFE_PP_/CLK (sky130_fd_sc_hd__edfxtp_1)
   0.297    1.072 ^ dp.rf.rf[13][2]$_DFFE_PP_/Q (sky130_fd_sc_hd__edfxtp_1)
   0.043    1.115 v _09975_/Y (sky130_fd_sc_hd__inv_1)
   0.104    1.220 ^ _10069_/Y (sky130_fd_sc_hd__a21oi_1)
   0.097    1.317 v _10070_/Y (sky130_fd_sc_hd__o21ai_0)
   0.098    1.415 ^ _10071_/Y (sky130_fd_sc_hd__o21ai_0)
   0.071    1.486 v _10072_/Y (sky130_fd_sc_hd__nand2_1)
   0.122    1.608 ^ _10073_/Y (sky130_fd_sc_hd__o211ai_1)
   0.136    1.744 v _10086_/Y (sky130_fd_sc_hd__nand3_1)
   0.260    2.004 ^ _10114_/Y (sky130_fd_sc_hd__nand2_1)
   0.134    2.138 v _10115_/Y (sky130_fd_sc_hd__nand2_1)
   0.124    2.262 ^ _12944_/Y (sky130_fd_sc_hd__inv_1)
   0.057    2.318 v _12945_/Y (sky130_fd_sc_hd__nand2_1)
   0.118    2.436 ^ _12946_/Y (sky130_fd_sc_hd__nand2_1)
   0.198    2.634 ^ _15137_/X (sky130_fd_sc_hd__xor2_1)
   0.335    2.969 v _15362_/SUM (sky130_fd_sc_hd__ha_1)
   0.160    3.130 ^ _13215_/Y (sky130_fd_sc_hd__a21oi_1)
   0.111    3.240 v _13217_/Y (sky130_fd_sc_hd__nand2_1)
   0.196    3.437 ^ _13221_/Y (sky130_fd_sc_hd__a21oi_2)
   0.096    3.533 v _13223_/Y (sky130_fd_sc_hd__o21ai_2)
   0.181    3.714 ^ _13227_/Y (sky130_fd_sc_hd__a21boi_2)
   0.130    3.844 v _13229_/Y (sky130_fd_sc_hd__o21ai_1)
   0.183    4.027 ^ _13233_/Y (sky130_fd_sc_hd__a21boi_0)
   0.159    4.186 ^ place696/X (sky130_fd_sc_hd__buf_4)
   0.071    4.257 v _13354_/Y (sky130_fd_sc_hd__o21ai_1)
   0.153    4.410 v place695/X (sky130_fd_sc_hd__buf_4)
   0.119    4.529 v _13809_/Y (sky130_fd_sc_hd__xnor2_1)
   0.153    4.682 ^ _13813_/Y (sky130_fd_sc_hd__o21ai_0)
   0.096    4.778 v _13814_/Y (sky130_fd_sc_hd__nand2_1)
   0.203    4.981 ^ _13815_/Y (sky130_fd_sc_hd__nand2_1)
   0.494    5.475 ^ output104/X (sky130_fd_sc_hd__clkdlybuf4s50_1)
   0.000    5.475 ^ aluout[15] (out)
            5.475   data arrival time

   7.000    7.000   clock vclk_clk (rise edge)
   0.775    7.775   clock network delay (ideal)
   0.000    7.775   clock reconvergence pessimism
  -1.400    6.375   output external delay
            6.375   data required time
-----------------------------------------------------------
            6.375   data required time
           -5.475   data arrival time
-----------------------------------------------------------
            0.900   slack (MET)


Startpoint: dp.rf.rf[13][2]$_DFFE_PP_
            (rising edge-triggered flip-flop clocked by clk)
Endpoint: aluout[12] (output port clocked by vclk_clk)
Path Group: vclk_clk
Path Type: max

   Delay     Time   Description
-----------------------------------------------------------
   0.000    0.000   clock clk (rise edge)
   0.775    0.775   clock network delay (ideal)
   0.000    0.775 ^ dp.rf.rf[13][2]$_DFFE_PP_/CLK (sky130_fd_sc_hd__edfxtp_1)
   0.297    1.072 ^ dp.rf.rf[13][2]$_DFFE_PP_/Q (sky130_fd_sc_hd__edfxtp_1)
   0.043    1.115 v _09975_/Y (sky130_fd_sc_hd__inv_1)
   0.104    1.220 ^ _10069_/Y (sky130_fd_sc_hd__a21oi_1)
   0.097    1.317 v _10070_/Y (sky130_fd_sc_hd__o21ai_0)
   0.098    1.415 ^ _10071_/Y (sky130_fd_sc_hd__o21ai_0)
   0.071    1.486 v _10072_/Y (sky130_fd_sc_hd__nand2_1)
   0.122    1.608 ^ _10073_/Y (sky130_fd_sc_hd__o211ai_1)
   0.136    1.744 v _10086_/Y (sky130_fd_sc_hd__nand3_1)
   0.260    2.004 ^ _10114_/Y (sky130_fd_sc_hd__nand2_1)
   0.134    2.138 v _10115_/Y (sky130_fd_sc_hd__nand2_1)
   0.124    2.262 ^ _12944_/Y (sky130_fd_sc_hd__inv_1)
   0.057    2.318 v _12945_/Y (sky130_fd_sc_hd__nand2_1)
   0.118    2.436 ^ _12946_/Y (sky130_fd_sc_hd__nand2_1)
   0.481    2.918 ^ place735/X (sky130_fd_sc_hd__buf_4)
   0.484    3.401 v _12947_/Y (sky130_fd_sc_hd__inv_2)
   0.573    3.974 ^ _13286_/Y (sky130_fd_sc_hd__o21ai_0)
   0.093    4.067 v _13287_/Y (sky130_fd_sc_hd__nand2_1)
   0.143    4.210 ^ _13288_/Y (sky130_fd_sc_hd__o21ai_1)
   0.054    4.264 v _13866_/Y (sky130_fd_sc_hd__inv_1)
   0.066    4.330 ^ _13867_/Y (sky130_fd_sc_hd__o21ai_0)
   0.064    4.395 v _13868_/Y (sky130_fd_sc_hd__nand2_1)
   0.195    4.590 ^ _13871_/Y (sky130_fd_sc_hd__nand2_1)
   0.104    4.694 v _13874_/Y (sky130_fd_sc_hd__nand2_1)
   0.173    4.867 ^ _13881_/Y (sky130_fd_sc_hd__nand2_1)
   0.527    5.394 ^ output101/X (sky130_fd_sc_hd__clkdlybuf4s50_1)
   0.000    5.394 ^ aluout[12] (out)
            5.394   data arrival time

   7.000    7.000   clock vclk_clk (rise edge)
   0.775    7.775   clock network delay (ideal)
   0.000    7.775   clock reconvergence pessimism
  -1.400    6.375   output external delay
            6.375   data required time
-----------------------------------------------------------
            6.375   data required time
           -5.394   data arrival time
-----------------------------------------------------------
            0.981   slack (MET)


Startpoint: dp.rf.rf[13][2]$_DFFE_PP_
            (rising edge-triggered flip-flop clocked by clk)
Endpoint: aluout[11] (output port clocked by vclk_clk)
Path Group: vclk_clk
Path Type: max

   Delay     Time   Description
-----------------------------------------------------------
   0.000    0.000   clock clk (rise edge)
   0.775    0.775   clock network delay (ideal)
   0.000    0.775 ^ dp.rf.rf[13][2]$_DFFE_PP_/CLK (sky130_fd_sc_hd__edfxtp_1)
   0.297    1.072 ^ dp.rf.rf[13][2]$_DFFE_PP_/Q (sky130_fd_sc_hd__edfxtp_1)
   0.043    1.115 v _09975_/Y (sky130_fd_sc_hd__inv_1)
   0.104    1.220 ^ _10069_/Y (sky130_fd_sc_hd__a21oi_1)
   0.097    1.317 v _10070_/Y (sky130_fd_sc_hd__o21ai_0)
   0.098    1.415 ^ _10071_/Y (sky130_fd_sc_hd__o21ai_0)
   0.071    1.486 v _10072_/Y (sky130_fd_sc_hd__nand2_1)
   0.122    1.608 ^ _10073_/Y (sky130_fd_sc_hd__o211ai_1)
   0.136    1.744 v _10086_/Y (sky130_fd_sc_hd__nand3_1)
   0.260    2.004 ^ _10114_/Y (sky130_fd_sc_hd__nand2_1)
   0.134    2.138 v _10115_/Y (sky130_fd_sc_hd__nand2_1)
   0.124    2.262 ^ _12944_/Y (sky130_fd_sc_hd__inv_1)
   0.057    2.318 v _12945_/Y (sky130_fd_sc_hd__nand2_1)
   0.118    2.436 ^ _12946_/Y (sky130_fd_sc_hd__nand2_1)
   0.481    2.918 ^ place735/X (sky130_fd_sc_hd__buf_4)
   0.484    3.401 v _12947_/Y (sky130_fd_sc_hd__inv_2)
   0.318    3.719 v place711/X (sky130_fd_sc_hd__buf_4)
   0.297    4.016 v _13887_/X (sky130_fd_sc_hd__or2_2)
   0.078    4.094 ^ _13888_/Y (sky130_fd_sc_hd__nand2_1)
   0.147    4.241 v _13889_/Y (sky130_fd_sc_hd__o21ai_0)
   0.152    4.393 ^ _13890_/Y (sky130_fd_sc_hd__nor2_1)
   0.051    4.444 v _13891_/Y (sky130_fd_sc_hd__nor2_1)
   0.156    4.599 ^ _13893_/Y (sky130_fd_sc_hd__nand2_1)
   0.117    4.717 v _13896_/Y (sky130_fd_sc_hd__nand3_1)
   0.180    4.897 ^ _13903_/Y (sky130_fd_sc_hd__nand2_1)
   0.482    5.379 ^ output100/X (sky130_fd_sc_hd__clkdlybuf4s50_1)
   0.000    5.379 ^ aluout[11] (out)
            5.379   data arrival time

   7.000    7.000   clock vclk_clk (rise edge)
   0.775    7.775   clock network delay (ideal)
   0.000    7.775   clock reconvergence pessimism
  -1.400    6.375   output external delay
            6.375   data required time
-----------------------------------------------------------
            6.375   data required time
           -5.379   data arrival time
-----------------------------------------------------------
            0.996   slack (MET)


Startpoint: dp.rf.rf[13][2]$_DFFE_PP_
            (rising edge-triggered flip-flop clocked by clk)
Endpoint: aluout[1] (output port clocked by vclk_clk)
Path Group: vclk_clk
Path Type: max

   Delay     Time   Description
-----------------------------------------------------------
   0.000    0.000   clock clk (rise edge)
   0.775    0.775   clock network delay (ideal)
   0.000    0.775 ^ dp.rf.rf[13][2]$_DFFE_PP_/CLK (sky130_fd_sc_hd__edfxtp_1)
   0.297    1.072 ^ dp.rf.rf[13][2]$_DFFE_PP_/Q (sky130_fd_sc_hd__edfxtp_1)
   0.043    1.115 v _09975_/Y (sky130_fd_sc_hd__inv_1)
   0.104    1.220 ^ _10069_/Y (sky130_fd_sc_hd__a21oi_1)
   0.097    1.317 v _10070_/Y (sky130_fd_sc_hd__o21ai_0)
   0.098    1.415 ^ _10071_/Y (sky130_fd_sc_hd__o21ai_0)
   0.071    1.486 v _10072_/Y (sky130_fd_sc_hd__nand2_1)
   0.122    1.608 ^ _10073_/Y (sky130_fd_sc_hd__o211ai_1)
   0.136    1.744 v _10086_/Y (sky130_fd_sc_hd__nand3_1)
   0.260    2.004 ^ _10114_/Y (sky130_fd_sc_hd__nand2_1)
   0.134    2.138 v _10115_/Y (sky130_fd_sc_hd__nand2_1)
   0.124    2.262 ^ _12944_/Y (sky130_fd_sc_hd__inv_1)
   0.057    2.318 v _12945_/Y (sky130_fd_sc_hd__nand2_1)
   0.118    2.436 ^ _12946_/Y (sky130_fd_sc_hd__nand2_1)
   0.481    2.918 ^ place735/X (sky130_fd_sc_hd__buf_4)
   0.484    3.401 v _12947_/Y (sky130_fd_sc_hd__inv_2)
   0.325    3.726 v place709/X (sky130_fd_sc_hd__buf_4)
   0.318    4.045 ^ _13756_/Y (sky130_fd_sc_hd__o21ai_0)
   0.112    4.157 v _13757_/Y (sky130_fd_sc_hd__nand2_1)
   0.082    4.240 ^ _13758_/Y (sky130_fd_sc_hd__nand2_1)
   0.064    4.304 v _13759_/Y (sky130_fd_sc_hd__nand2_1)
   0.119    4.422 ^ _14100_/Y (sky130_fd_sc_hd__nand2_1)
   0.056    4.479 v _14101_/Y (sky130_fd_sc_hd__nand2_1)
   0.102    4.580 ^ _14111_/Y (sky130_fd_sc_hd__nand2_1)
   0.120    4.701 v _14114_/Y (sky130_fd_sc_hd__nand3_1)
   0.182    4.883 ^ _14120_/Y (sky130_fd_sc_hd__nand2_1)
   0.482    5.366 ^ output109/X (sky130_fd_sc_hd__clkdlybuf4s50_1)
   0.000    5.366 ^ aluout[1] (out)
            5.366   data arrival time

   7.000    7.000   clock vclk_clk (rise edge)
   0.775    7.775   clock network delay (ideal)
   0.000    7.775   clock reconvergence pessimism
  -1.400    6.375   output external delay
            6.375   data required time
-----------------------------------------------------------
            6.375   data required time
           -5.366   data arrival time
-----------------------------------------------------------
            1.009   slack (MET)


Startpoint: dp.rf.rf[13][2]$_DFFE_PP_
            (rising edge-triggered flip-flop clocked by clk)
Endpoint: aluout[13] (output port clocked by vclk_clk)
Path Group: vclk_clk
Path Type: max

   Delay     Time   Description
-----------------------------------------------------------
   0.000    0.000   clock clk (rise edge)
   0.775    0.775   clock network delay (ideal)
   0.000    0.775 ^ dp.rf.rf[13][2]$_DFFE_PP_/CLK (sky130_fd_sc_hd__edfxtp_1)
   0.297    1.072 ^ dp.rf.rf[13][2]$_DFFE_PP_/Q (sky130_fd_sc_hd__edfxtp_1)
   0.043    1.115 v _09975_/Y (sky130_fd_sc_hd__inv_1)
   0.104    1.220 ^ _10069_/Y (sky130_fd_sc_hd__a21oi_1)
   0.097    1.317 v _10070_/Y (sky130_fd_sc_hd__o21ai_0)
   0.098    1.415 ^ _10071_/Y (sky130_fd_sc_hd__o21ai_0)
   0.071    1.486 v _10072_/Y (sky130_fd_sc_hd__nand2_1)
   0.122    1.608 ^ _10073_/Y (sky130_fd_sc_hd__o211ai_1)
   0.136    1.744 v _10086_/Y (sky130_fd_sc_hd__nand3_1)
   0.260    2.004 ^ _10114_/Y (sky130_fd_sc_hd__nand2_1)
   0.134    2.138 v _10115_/Y (sky130_fd_sc_hd__nand2_1)
   0.124    2.262 ^ _12944_/Y (sky130_fd_sc_hd__inv_1)
   0.057    2.318 v _12945_/Y (sky130_fd_sc_hd__nand2_1)
   0.118    2.436 ^ _12946_/Y (sky130_fd_sc_hd__nand2_1)
   0.481    2.918 ^ place735/X (sky130_fd_sc_hd__buf_4)
   0.484    3.401 v _12947_/Y (sky130_fd_sc_hd__inv_2)
   0.559    3.960 ^ _13155_/Y (sky130_fd_sc_hd__o21ai_0)
   0.086    4.046 v _13156_/Y (sky130_fd_sc_hd__nor2_1)
   0.222    4.267 ^ _13157_/Y (sky130_fd_sc_hd__a21oi_1)
   0.126    4.393 v _13846_/Y (sky130_fd_sc_hd__o21ai_0)
   0.068    4.461 ^ _13847_/Y (sky130_fd_sc_hd__nand2_1)
   0.124    4.586 v _13849_/Y (sky130_fd_sc_hd__nand2_1)
   0.137    4.722 ^ _13852_/Y (sky130_fd_sc_hd__nand2_1)
   0.164    4.886 v _13859_/Y (sky130_fd_sc_hd__nand2_1)
   0.453    5.339 v output102/X (sky130_fd_sc_hd__clkdlybuf4s50_1)
   0.000    5.339 v aluout[13] (out)
            5.339   data arrival time

   7.000    7.000   clock vclk_clk (rise edge)
   0.775    7.775   clock network delay (ideal)
   0.000    7.775   clock reconvergence pessimism
  -1.400    6.375   output external delay
            6.375   data required time
-----------------------------------------------------------
            6.375   data required time
           -5.339   data arrival time
-----------------------------------------------------------
            1.036   slack (MET)


Startpoint: dp.rf.rf[0][0]$_DFFE_PP_
            (rising edge-triggered flip-flop clocked by clk)
Endpoint: aluout[8] (output port clocked by vclk_clk)
Path Group: vclk_clk
Path Type: max

   Delay     Time   Description
-----------------------------------------------------------
   0.000    0.000   clock clk (rise edge)
   0.775    0.775   clock network delay (ideal)
   0.000    0.775 ^ dp.rf.rf[0][0]$_DFFE_PP_/CLK (sky130_fd_sc_hd__edfxtp_1)
   0.357    1.132 v dp.rf.rf[0][0]$_DFFE_PP_/Q (sky130_fd_sc_hd__edfxtp_1)
   0.067    1.200 ^ _10368_/Y (sky130_fd_sc_hd__inv_1)
   0.034    1.234 v _10369_/Y (sky130_fd_sc_hd__nor2_1)
   0.115    1.350 ^ _10370_/Y (sky130_fd_sc_hd__a21oi_1)
   0.080    1.430 v _10371_/Y (sky130_fd_sc_hd__o21ai_0)
   0.149    1.579 ^ _10372_/Y (sky130_fd_sc_hd__nor2_1)
   0.080    1.659 v _10380_/Y (sky130_fd_sc_hd__nand2_1)
   0.117    1.776 ^ _10381_/Y (sky130_fd_sc_hd__nand3_1)
   0.094    1.870 v _10410_/Y (sky130_fd_sc_hd__a21oi_2)
   0.160    2.031 v place789/X (sky130_fd_sc_hd__buf_6)
   0.081    2.112 ^ _12961_/Y (sky130_fd_sc_hd__nand2_1)
   0.078    2.190 v _12962_/Y (sky130_fd_sc_hd__o21ai_2)
   0.268    2.458 v place746/X (sky130_fd_sc_hd__buf_4)
   0.499    2.957 ^ _12963_/Y (sky130_fd_sc_hd__inv_2)
   0.240    3.197 v _13004_/Y (sky130_fd_sc_hd__nand2_1)
   0.139    3.336 ^ _13280_/Y (sky130_fd_sc_hd__nand3_1)
   0.075    3.411 v _13281_/Y (sky130_fd_sc_hd__nand2_1)
   0.163    3.574 ^ _13523_/Y (sky130_fd_sc_hd__o21ai_0)
   0.100    3.674 v _13524_/Y (sky130_fd_sc_hd__inv_1)
   0.477    4.152 ^ _13527_/Y (sky130_fd_sc_hd__o21ai_0)
   0.089    4.240 v _13948_/Y (sky130_fd_sc_hd__nor2_1)
   0.075    4.315 ^ _13956_/Y (sky130_fd_sc_hd__nand2_1)
   0.098    4.413 v _13958_/Y (sky130_fd_sc_hd__nand2_1)
   0.109    4.522 ^ _13959_/Y (sky130_fd_sc_hd__nand2_1)
   0.091    4.613 v _13962_/Y (sky130_fd_sc_hd__nand3_1)
   0.159    4.772 ^ _13969_/Y (sky130_fd_sc_hd__nand2_1)
   0.489    5.261 ^ output128/X (sky130_fd_sc_hd__clkdlybuf4s50_1)
   0.000    5.262 ^ aluout[8] (out)
            5.262   data arrival time

   7.000    7.000   clock vclk_clk (rise edge)
   0.775    7.775   clock network delay (ideal)
   0.000    7.775   clock reconvergence pessimism
  -1.400    6.375   output external delay
            6.375   data required time
-----------------------------------------------------------
            6.375   data required time
           -5.262   data arrival time
-----------------------------------------------------------
            1.113   slack (MET)


Startpoint: dp.rf.rf[13][0]$_DFFE_PP_
            (rising edge-triggered flip-flop clocked by clk)
Endpoint: aluout[10] (output port clocked by vclk_clk)
Path Group: vclk_clk
Path Type: max

   Delay     Time   Description
-----------------------------------------------------------
   0.000    0.000   clock clk (rise edge)
   0.775    0.775   clock network delay (ideal)
   0.000    0.775 ^ dp.rf.rf[13][0]$_DFFE_PP_/CLK (sky130_fd_sc_hd__edfxtp_1)
   0.294    1.069 ^ dp.rf.rf[13][0]$_DFFE_PP_/Q (sky130_fd_sc_hd__edfxtp_1)
   0.046    1.115 v _10265_/Y (sky130_fd_sc_hd__inv_1)
   0.103    1.219 ^ _10360_/Y (sky130_fd_sc_hd__a21oi_1)
   0.091    1.309 v _10361_/Y (sky130_fd_sc_hd__o21ai_0)
   0.100    1.410 ^ _10362_/Y (sky130_fd_sc_hd__o21ai_0)
   0.080    1.490 v _10363_/Y (sky130_fd_sc_hd__nand2_1)
   0.096    1.586 ^ _10364_/Y (sky130_fd_sc_hd__nand2_1)
   0.097    1.684 v _10381_/Y (sky130_fd_sc_hd__nand3_1)
   0.243    1.927 ^ _10410_/Y (sky130_fd_sc_hd__a21oi_2)
   0.170    2.097 ^ place789/X (sky130_fd_sc_hd__buf_6)
   0.080    2.177 v _12961_/Y (sky130_fd_sc_hd__nand2_1)
   0.106    2.282 ^ _12962_/Y (sky130_fd_sc_hd__o21ai_2)
   0.357    2.639 ^ place746/X (sky130_fd_sc_hd__buf_4)
   0.353    2.992 v _12963_/Y (sky130_fd_sc_hd__inv_2)
   0.529    3.521 ^ _13032_/Y (sky130_fd_sc_hd__o21ai_0)
   0.092    3.614 v _13429_/Y (sky130_fd_sc_hd__nand2_1)
   0.074    3.688 ^ _13430_/Y (sky130_fd_sc_hd__nand2_1)
   0.138    3.825 v _13431_/Y (sky130_fd_sc_hd__nand2_1)
   0.110    3.935 ^ _13434_/Y (sky130_fd_sc_hd__nand2_1)
   0.051    3.986 v _13435_/Y (sky130_fd_sc_hd__nand2_1)
   0.125    4.111 ^ _13436_/Y (sky130_fd_sc_hd__o211ai_1)
   0.173    4.284 v _13915_/Y (sky130_fd_sc_hd__nand2_1)
   0.194    4.478 ^ _13916_/Y (sky130_fd_sc_hd__nand2_1)
   0.110    4.588 v _13919_/Y (sky130_fd_sc_hd__nand3_1)
   0.172    4.760 ^ _13926_/Y (sky130_fd_sc_hd__nand2_1)
   0.493    5.253 ^ output99/X (sky130_fd_sc_hd__clkdlybuf4s50_1)
   0.000    5.253 ^ aluout[10] (out)
            5.253   data arrival time

   7.000    7.000   clock vclk_clk (rise edge)
   0.775    7.775   clock network delay (ideal)
   0.000    7.775   clock reconvergence pessimism
  -1.400    6.375   output external delay
            6.375   data required time
-----------------------------------------------------------
            6.375   data required time
           -5.253   data arrival time
-----------------------------------------------------------
            1.122   slack (MET)


Startpoint: dp.rf.rf[13][2]$_DFFE_PP_
            (rising edge-triggered flip-flop clocked by clk)
Endpoint: aluout[9] (output port clocked by vclk_clk)
Path Group: vclk_clk
Path Type: max

   Delay     Time   Description
-----------------------------------------------------------
   0.000    0.000   clock clk (rise edge)
   0.775    0.775   clock network delay (ideal)
   0.000    0.775 ^ dp.rf.rf[13][2]$_DFFE_PP_/CLK (sky130_fd_sc_hd__edfxtp_1)
   0.297    1.072 ^ dp.rf.rf[13][2]$_DFFE_PP_/Q (sky130_fd_sc_hd__edfxtp_1)
   0.043    1.115 v _09975_/Y (sky130_fd_sc_hd__inv_1)
   0.104    1.220 ^ _10069_/Y (sky130_fd_sc_hd__a21oi_1)
   0.097    1.317 v _10070_/Y (sky130_fd_sc_hd__o21ai_0)
   0.098    1.415 ^ _10071_/Y (sky130_fd_sc_hd__o21ai_0)
   0.071    1.486 v _10072_/Y (sky130_fd_sc_hd__nand2_1)
   0.122    1.608 ^ _10073_/Y (sky130_fd_sc_hd__o211ai_1)
   0.136    1.744 v _10086_/Y (sky130_fd_sc_hd__nand3_1)
   0.260    2.004 ^ _10114_/Y (sky130_fd_sc_hd__nand2_1)
   0.134    2.138 v _10115_/Y (sky130_fd_sc_hd__nand2_1)
   0.124    2.262 ^ _12944_/Y (sky130_fd_sc_hd__inv_1)
   0.057    2.318 v _12945_/Y (sky130_fd_sc_hd__nand2_1)
   0.118    2.436 ^ _12946_/Y (sky130_fd_sc_hd__nand2_1)
   0.481    2.918 ^ place735/X (sky130_fd_sc_hd__buf_4)
   0.484    3.401 v _12947_/Y (sky130_fd_sc_hd__inv_2)
   0.254    3.655 ^ _13432_/Y (sky130_fd_sc_hd__nor2_1)
   0.137    3.792 v _13433_/Y (sky130_fd_sc_hd__nand2_1)
   0.149    3.941 ^ _13487_/Y (sky130_fd_sc_hd__o211ai_1)
   0.078    4.019 v _13488_/Y (sky130_fd_sc_hd__nand2_1)
   0.132    4.151 ^ _13492_/Y (sky130_fd_sc_hd__nand3_1)
   0.150    4.301 v _13927_/Y (sky130_fd_sc_hd__nand2_1)
   0.143    4.444 ^ _13936_/Y (sky130_fd_sc_hd__nand4_1)
   0.096    4.540 v _13939_/Y (sky130_fd_sc_hd__nand3_1)
   0.185    4.725 ^ _13947_/Y (sky130_fd_sc_hd__nand2_1)
   0.493    5.218 ^ output129/X (sky130_fd_sc_hd__clkdlybuf4s50_1)
   0.000    5.218 ^ aluout[9] (out)
            5.218   data arrival time

   7.000    7.000   clock vclk_clk (rise edge)
   0.775    7.775   clock network delay (ideal)
   0.000    7.775   clock reconvergence pessimism
  -1.400    6.375   output external delay
            6.375   data required time
-----------------------------------------------------------
            6.375   data required time
           -5.218   data arrival time
-----------------------------------------------------------
            1.157   slack (MET)


Startpoint: dp.rf.rf[8][28]$_DFFE_PP_
            (rising edge-triggered flip-flop clocked by clk)
Endpoint: writedata[28] (output port clocked by vclk_clk)
Path Group: vclk_clk
Path Type: max

   Delay     Time   Description
-----------------------------------------------------------
   0.000    0.000   clock clk (rise edge)
   0.775    0.775   clock network delay (ideal)
   0.000    0.775 ^ dp.rf.rf[8][28]$_DFFE_PP_/CLK (sky130_fd_sc_hd__edfxtp_1)
   0.324    1.099 ^ dp.rf.rf[8][28]$_DFFE_PP_/Q (sky130_fd_sc_hd__edfxtp_1)
   0.043    1.141 v _11309_/Y (sky130_fd_sc_hd__inv_1)
   0.074    1.215 ^ _11310_/Y (sky130_fd_sc_hd__nor2_1)
   0.045    1.260 v _11311_/Y (sky130_fd_sc_hd__a21oi_1)
   0.183    1.443 ^ _11312_/Y (sky130_fd_sc_hd__o21ai_0)
   0.074    1.517 v _11313_/Y (sky130_fd_sc_hd__a21oi_1)
   0.103    1.621 ^ _11321_/Y (sky130_fd_sc_hd__nand2_1)
   0.113    1.734 v _11322_/Y (sky130_fd_sc_hd__nand3_1)
   0.459    2.192 ^ _11348_/Y (sky130_fd_sc_hd__a21oi_1)
   0.306    2.499 v _11550_/Y (sky130_fd_sc_hd__inv_1)
   0.219    2.718 v place780/X (sky130_fd_sc_hd__buf_4)
   0.240    2.958 ^ _15147_/Y (sky130_fd_sc_hd__nor2_1)
   0.547    3.505 ^ output185/X (sky130_fd_sc_hd__clkdlybuf4s50_1)
   0.000    3.505 ^ writedata[28] (out)
            3.505   data arrival time

   7.000    7.000   clock vclk_clk (rise edge)
   0.775    7.775   clock network delay (ideal)
   0.000    7.775   clock reconvergence pessimism
  -1.400    6.375   output external delay
            6.375   data required time
-----------------------------------------------------------
            6.375   data required time
           -3.505   data arrival time
-----------------------------------------------------------
            2.870   slack (MET)


Startpoint: dp.rf.rf[2][11]$_DFFE_PP_
            (rising edge-triggered flip-flop clocked by clk)
Endpoint: writedata[11] (output port clocked by vclk_clk)
Path Group: vclk_clk
Path Type: max

   Delay     Time   Description
-----------------------------------------------------------
   0.000    0.000   clock clk (rise edge)
   0.775    0.775   clock network delay (ideal)
   0.000    0.775 ^ dp.rf.rf[2][11]$_DFFE_PP_/CLK (sky130_fd_sc_hd__edfxtp_1)
   0.322    1.097 ^ dp.rf.rf[2][11]$_DFFE_PP_/Q (sky130_fd_sc_hd__edfxtp_1)
   0.055    1.153 v _08853_/Y (sky130_fd_sc_hd__nand2_1)
   0.167    1.320 ^ _08855_/Y (sky130_fd_sc_hd__a21oi_1)
   0.088    1.407 v _08860_/Y (sky130_fd_sc_hd__nor3_1)
   0.143    1.550 ^ _08866_/Y (sky130_fd_sc_hd__nand2_1)
   0.082    1.632 v _08882_/Y (sky130_fd_sc_hd__nand3_1)
   0.550    2.182 ^ _08883_/Y (sky130_fd_sc_hd__a21oi_1)
   0.290    2.472 v _08887_/Y (sky130_fd_sc_hd__inv_1)
   0.404    2.876 ^ _15165_/Y (sky130_fd_sc_hd__nor2_1)
   0.547    3.423 ^ output167/X (sky130_fd_sc_hd__clkdlybuf4s50_1)
   0.000    3.423 ^ writedata[11] (out)
            3.423   data arrival time

   7.000    7.000   clock vclk_clk (rise edge)
   0.775    7.775   clock network delay (ideal)
   0.000    7.775   clock reconvergence pessimism
  -1.400    6.375   output external delay
            6.375   data required time
-----------------------------------------------------------
            6.375   data required time
           -3.423   data arrival time
-----------------------------------------------------------
            2.952   slack (MET)


Startpoint: dp.rf.rf[5][27]$_DFFE_PP_
            (rising edge-triggered flip-flop clocked by clk)
Endpoint: writedata[27] (output port clocked by vclk_clk)
Path Group: vclk_clk
Path Type: max

   Delay     Time   Description
-----------------------------------------------------------
   0.000    0.000   clock clk (rise edge)
   0.775    0.775   clock network delay (ideal)
   0.000    0.775 ^ dp.rf.rf[5][27]$_DFFE_PP_/CLK (sky130_fd_sc_hd__edfxtp_1)
   0.295    1.070 ^ dp.rf.rf[5][27]$_DFFE_PP_/Q (sky130_fd_sc_hd__edfxtp_1)
   0.043    1.113 v _10588_/Y (sky130_fd_sc_hd__inv_1)
   0.140    1.253 ^ _10589_/Y (sky130_fd_sc_hd__o21ai_0)
   0.074    1.327 v _10590_/Y (sky130_fd_sc_hd__a21oi_1)
   0.271    1.598 ^ _10598_/Y (sky130_fd_sc_hd__o31ai_1)
   0.133    1.731 v _10615_/Y (sky130_fd_sc_hd__nand3_1)
   0.336    2.067 ^ _10648_/Y (sky130_fd_sc_hd__a21oi_1)
   0.267    2.334 v _10727_/Y (sky130_fd_sc_hd__inv_1)
   0.217    2.551 v place781/X (sky130_fd_sc_hd__buf_4)
   0.320    2.871 ^ _15148_/Y (sky130_fd_sc_hd__nor2_1)
   0.546    3.417 ^ output184/X (sky130_fd_sc_hd__clkdlybuf4s50_1)
   0.000    3.417 ^ writedata[27] (out)
            3.417   data arrival time

   7.000    7.000   clock vclk_clk (rise edge)
   0.775    7.775   clock network delay (ideal)
   0.000    7.775   clock reconvergence pessimism
  -1.400    6.375   output external delay
            6.375   data required time
-----------------------------------------------------------
            6.375   data required time
           -3.417   data arrival time
-----------------------------------------------------------
            2.958   slack (MET)


Startpoint: dp.rf.rf[2][10]$_DFFE_PP_
            (rising edge-triggered flip-flop clocked by clk)
Endpoint: writedata[10] (output port clocked by vclk_clk)
Path Group: vclk_clk
Path Type: max

   Delay     Time   Description
-----------------------------------------------------------
   0.000    0.000   clock clk (rise edge)
   0.775    0.775   clock network delay (ideal)
   0.000    0.775 ^ dp.rf.rf[2][10]$_DFFE_PP_/CLK (sky130_fd_sc_hd__edfxtp_1)
   0.318    1.093 ^ dp.rf.rf[2][10]$_DFFE_PP_/Q (sky130_fd_sc_hd__edfxtp_1)
   0.057    1.150 v _08663_/Y (sky130_fd_sc_hd__nand2_1)
   0.169    1.319 ^ _08665_/Y (sky130_fd_sc_hd__a21oi_1)
   0.079    1.397 v _08666_/Y (sky130_fd_sc_hd__a211oi_1)
   0.141    1.539 ^ _08676_/Y (sky130_fd_sc_hd__nand2_1)
   0.195    1.734 v _08695_/Y (sky130_fd_sc_hd__nand3_1)
   0.521    2.255 ^ _08696_/Y (sky130_fd_sc_hd__a21oi_2)
   0.269    2.524 v _09226_/Y (sky130_fd_sc_hd__inv_1)
   0.320    2.844 ^ _15166_/Y (sky130_fd_sc_hd__nor2_1)
   0.523    3.367 ^ output166/X (sky130_fd_sc_hd__clkdlybuf4s50_1)
   0.000    3.367 ^ writedata[10] (out)
            3.367   data arrival time

   7.000    7.000   clock vclk_clk (rise edge)
   0.775    7.775   clock network delay (ideal)
   0.000    7.775   clock reconvergence pessimism
  -1.400    6.375   output external delay
            6.375   data required time
-----------------------------------------------------------
            6.375   data required time
           -3.367   data arrival time
-----------------------------------------------------------
            3.008   slack (MET)


Startpoint: dp.rf.rf[9][17]$_DFFE_PP_
            (rising edge-triggered flip-flop clocked by clk)
Endpoint: writedata[17] (output port clocked by vclk_clk)
Path Group: vclk_clk
Path Type: max

   Delay     Time   Description
-----------------------------------------------------------
   0.000    0.000   clock clk (rise edge)
   0.775    0.775   clock network delay (ideal)
   0.000    0.775 ^ dp.rf.rf[9][17]$_DFFE_PP_/CLK (sky130_fd_sc_hd__edfxtp_1)
   0.318    1.093 ^ dp.rf.rf[9][17]$_DFFE_PP_/Q (sky130_fd_sc_hd__edfxtp_1)
   0.056    1.149 v _12650_/Y (sky130_fd_sc_hd__nand2_1)
   0.062    1.212 ^ _12651_/Y (sky130_fd_sc_hd__inv_1)
   0.033    1.244 v _12652_/Y (sky130_fd_sc_hd__a21oi_1)
   0.169    1.414 ^ _12653_/Y (sky130_fd_sc_hd__o21ai_0)
   0.064    1.478 v _12654_/Y (sky130_fd_sc_hd__a21oi_1)
   0.100    1.577 ^ _12662_/Y (sky130_fd_sc_hd__nand2_1)
   0.109    1.686 v _12678_/Y (sky130_fd_sc_hd__nand3_1)
   0.618    2.304 ^ _12704_/Y (sky130_fd_sc_hd__a21oi_2)
   0.144    2.448 v _12705_/Y (sky130_fd_sc_hd__inv_1)
   0.358    2.806 ^ _15158_/Y (sky130_fd_sc_hd__nor2_1)
   0.557    3.363 ^ output173/X (sky130_fd_sc_hd__clkdlybuf4s50_1)
   0.000    3.363 ^ writedata[17] (out)
            3.363   data arrival time

   7.000    7.000   clock vclk_clk (rise edge)
   0.775    7.775   clock network delay (ideal)
   0.000    7.775   clock reconvergence pessimism
  -1.400    6.375   output external delay
            6.375   data required time
-----------------------------------------------------------
            6.375   data required time
           -3.363   data arrival time
-----------------------------------------------------------
            3.012   slack (MET)


Startpoint: dp.rf.rf[13][18]$_DFFE_PP_
            (rising edge-triggered flip-flop clocked by clk)
Endpoint: writedata[18] (output port clocked by vclk_clk)
Path Group: vclk_clk
Path Type: max

   Delay     Time   Description
-----------------------------------------------------------
   0.000    0.000   clock clk (rise edge)
   0.775    0.775   clock network delay (ideal)
   0.000    0.775 ^ dp.rf.rf[13][18]$_DFFE_PP_/CLK (sky130_fd_sc_hd__edfxtp_1)
   0.295    1.070 ^ dp.rf.rf[13][18]$_DFFE_PP_/Q (sky130_fd_sc_hd__edfxtp_1)
   0.047    1.117 v _12201_/Y (sky130_fd_sc_hd__inv_1)
   0.099    1.215 ^ _12202_/Y (sky130_fd_sc_hd__a21oi_1)
   0.097    1.312 v _12203_/Y (sky130_fd_sc_hd__o21ai_0)
   0.113    1.425 ^ _12204_/Y (sky130_fd_sc_hd__o21ai_0)
   0.076    1.501 v _12205_/Y (sky130_fd_sc_hd__nand2_1)
   0.111    1.612 ^ _12206_/Y (sky130_fd_sc_hd__nand2_1)
   0.119    1.731 v _12207_/Y (sky130_fd_sc_hd__nand3_1)
   0.659    2.390 ^ _12208_/Y (sky130_fd_sc_hd__a21oi_1)
   0.224    2.614 v _12711_/Y (sky130_fd_sc_hd__inv_1)
   0.232    2.846 ^ _15157_/Y (sky130_fd_sc_hd__nor2_1)
   0.500    3.346 ^ output174/X (sky130_fd_sc_hd__clkdlybuf4s50_1)
   0.000    3.346 ^ writedata[18] (out)
            3.346   data arrival time

   7.000    7.000   clock vclk_clk (rise edge)
   0.775    7.775   clock network delay (ideal)
   0.000    7.775   clock reconvergence pessimism
  -1.400    6.375   output external delay
            6.375   data required time
-----------------------------------------------------------
            6.375   data required time
           -3.346   data arrival time
-----------------------------------------------------------
            3.029   slack (MET)


Startpoint: dp.rf.rf[6][31]$_DFFE_PP_
            (rising edge-triggered flip-flop clocked by clk)
Endpoint: writedata[31] (output port clocked by vclk_clk)
Path Group: vclk_clk
Path Type: max

   Delay     Time   Description
-----------------------------------------------------------
   0.000    0.000   clock clk (rise edge)
   0.775    0.775   clock network delay (ideal)
   0.000    0.775 ^ dp.rf.rf[6][31]$_DFFE_PP_/CLK (sky130_fd_sc_hd__edfxtp_1)
   0.333    1.108 ^ dp.rf.rf[6][31]$_DFFE_PP_/Q (sky130_fd_sc_hd__edfxtp_1)
   0.077    1.185 v _11108_/Y (sky130_fd_sc_hd__o21ai_0)
   0.218    1.402 ^ _11111_/Y (sky130_fd_sc_hd__o22ai_1)
   0.082    1.485 v _11112_/Y (sky130_fd_sc_hd__nand2_1)
   0.133    1.618 ^ _11113_/Y (sky130_fd_sc_hd__o2111ai_1)
   0.161    1.779 v _11126_/Y (sky130_fd_sc_hd__nand3_1)
   0.218    1.997 ^ _11127_/Y (sky130_fd_sc_hd__nand2_1)
   0.276    2.274 v _11128_/Y (sky130_fd_sc_hd__nand2_1)
   0.481    2.755 ^ _15237_/Y (sky130_fd_sc_hd__nor2_1)
   0.564    3.319 ^ output189/X (sky130_fd_sc_hd__clkdlybuf4s50_1)
   0.000    3.319 ^ writedata[31] (out)
            3.319   data arrival time

   7.000    7.000   clock vclk_clk (rise edge)
   0.775    7.775   clock network delay (ideal)
   0.000    7.775   clock reconvergence pessimism
  -1.400    6.375   output external delay
            6.375   data required time
-----------------------------------------------------------
            6.375   data required time
           -3.319   data arrival time
-----------------------------------------------------------
            3.056   slack (MET)


Startpoint: dp.rf.rf[10][29]$_DFFE_PP_
            (rising edge-triggered flip-flop clocked by clk)
Endpoint: writedata[29] (output port clocked by vclk_clk)
Path Group: vclk_clk
Path Type: max

   Delay     Time   Description
-----------------------------------------------------------
   0.000    0.000   clock clk (rise edge)
   0.775    0.775   clock network delay (ideal)
   0.000    0.775 ^ dp.rf.rf[10][29]$_DFFE_PP_/CLK (sky130_fd_sc_hd__edfxtp_1)
   0.339    1.114 ^ dp.rf.rf[10][29]$_DFFE_PP_/Q (sky130_fd_sc_hd__edfxtp_1)
   0.060    1.174 v _11422_/Y (sky130_fd_sc_hd__nand2_1)
   0.175    1.349 ^ _11424_/Y (sky130_fd_sc_hd__a21oi_1)
   0.074    1.423 v _11428_/Y (sky130_fd_sc_hd__nor3_1)
   0.158    1.581 ^ _11436_/Y (sky130_fd_sc_hd__a21oi_1)
   0.101    1.682 v _11452_/Y (sky130_fd_sc_hd__nand2_1)
   0.452    2.134 ^ _11453_/Y (sky130_fd_sc_hd__a21oi_1)
   0.330    2.464 v _11531_/Y (sky130_fd_sc_hd__inv_1)
   0.314    2.778 ^ _15146_/Y (sky130_fd_sc_hd__nor2_1)
   0.525    3.302 ^ output186/X (sky130_fd_sc_hd__clkdlybuf4s50_1)
   0.000    3.303 ^ writedata[29] (out)
            3.303   data arrival time

   7.000    7.000   clock vclk_clk (rise edge)
   0.775    7.775   clock network delay (ideal)
   0.000    7.775   clock reconvergence pessimism
  -1.400    6.375   output external delay
            6.375   data required time
-----------------------------------------------------------
            6.375   data required time
           -3.303   data arrival time
-----------------------------------------------------------
            3.072   slack (MET)


Startpoint: dp.rf.rf[9][5]$_DFFE_PP_
            (rising edge-triggered flip-flop clocked by clk)
Endpoint: writedata[5] (output port clocked by vclk_clk)
Path Group: vclk_clk
Path Type: max

   Delay     Time   Description
-----------------------------------------------------------
   0.000    0.000   clock clk (rise edge)
   0.775    0.775   clock network delay (ideal)
   0.000    0.775 ^ dp.rf.rf[9][5]$_DFFE_PP_/CLK (sky130_fd_sc_hd__edfxtp_1)
   0.316    1.091 ^ dp.rf.rf[9][5]$_DFFE_PP_/Q (sky130_fd_sc_hd__edfxtp_1)
   0.049    1.141 v _09794_/Y (sky130_fd_sc_hd__nand2_1)
   0.135    1.276 v _09795_/Y (sky130_fd_sc_hd__a21boi_0)
   0.171    1.447 ^ _09796_/Y (sky130_fd_sc_hd__o21ai_0)
   0.062    1.509 v _09797_/Y (sky130_fd_sc_hd__a21oi_1)
   0.098    1.607 ^ _09803_/Y (sky130_fd_sc_hd__nand2_1)
   0.097    1.704 v _09820_/Y (sky130_fd_sc_hd__nand3_1)
   0.267    1.970 ^ _09821_/Y (sky130_fd_sc_hd__nand2_1)
   0.141    2.112 v _09822_/Y (sky130_fd_sc_hd__nand2_1)
   0.205    2.317 v place791/X (sky130_fd_sc_hd__buf_4)
   0.286    2.603 ^ _09825_/Y (sky130_fd_sc_hd__inv_1)
   0.622    3.225 ^ output192/X (sky130_fd_sc_hd__clkdlybuf4s50_1)
   0.001    3.226 ^ writedata[5] (out)
            3.226   data arrival time

   7.000    7.000   clock vclk_clk (rise edge)
   0.775    7.775   clock network delay (ideal)
   0.000    7.775   clock reconvergence pessimism
  -1.400    6.375   output external delay
            6.375   data required time
-----------------------------------------------------------
            6.375   data required time
           -3.226   data arrival time
-----------------------------------------------------------
            3.149   slack (MET)


Startpoint: dp.rf.rf[5][6]$_DFFE_PP_
            (rising edge-triggered flip-flop clocked by clk)
Endpoint: writedata[6] (output port clocked by vclk_clk)
Path Group: vclk_clk
Path Type: max

   Delay     Time   Description
-----------------------------------------------------------
   0.000    0.000   clock clk (rise edge)
   0.775    0.775   clock network delay (ideal)
   0.000    0.775 ^ dp.rf.rf[5][6]$_DFFE_PP_/CLK (sky130_fd_sc_hd__edfxtp_1)
   0.323    1.098 ^ dp.rf.rf[5][6]$_DFFE_PP_/Q (sky130_fd_sc_hd__edfxtp_1)
   0.070    1.169 v _09423_/Y (sky130_fd_sc_hd__a21oi_1)
   0.109    1.278 ^ _09424_/Y (sky130_fd_sc_hd__o21ai_0)
   0.096    1.374 v _09428_/Y (sky130_fd_sc_hd__nand3_1)
   0.152    1.526 ^ _09429_/Y (sky130_fd_sc_hd__o211ai_1)
   0.165    1.691 v _09445_/Y (sky130_fd_sc_hd__nand3_1)
   0.336    2.028 ^ _09446_/Y (sky130_fd_sc_hd__nand2_1)
   0.163    2.191 v _09447_/Y (sky130_fd_sc_hd__nand2_1)
   0.197    2.388 v place798/X (sky130_fd_sc_hd__buf_4)
   0.204    2.592 ^ _15034_/Y (sky130_fd_sc_hd__inv_1)
   0.536    3.128 ^ output193/X (sky130_fd_sc_hd__clkdlybuf4s50_1)
   0.000    3.128 ^ writedata[6] (out)
            3.128   data arrival time

   7.000    7.000   clock vclk_clk (rise edge)
   0.775    7.775   clock network delay (ideal)
   0.000    7.775   clock reconvergence pessimism
  -1.400    6.375   output external delay
            6.375   data required time
-----------------------------------------------------------
            6.375   data required time
           -3.128   data arrival time
-----------------------------------------------------------
            3.247   slack (MET)


Startpoint: dp.rf.rf[13][9]$_DFFE_PP_
            (rising edge-triggered flip-flop clocked by clk)
Endpoint: writedata[9] (output port clocked by vclk_clk)
Path Group: vclk_clk
Path Type: max

   Delay     Time   Description
-----------------------------------------------------------
   0.000    0.000   clock clk (rise edge)
   0.775    0.775   clock network delay (ideal)
   0.000    0.775 ^ dp.rf.rf[13][9]$_DFFE_PP_/CLK (sky130_fd_sc_hd__edfxtp_1)
   0.308    1.083 ^ dp.rf.rf[13][9]$_DFFE_PP_/Q (sky130_fd_sc_hd__edfxtp_1)
   0.045    1.128 v _08946_/Y (sky130_fd_sc_hd__inv_1)
   0.143    1.271 ^ _08948_/Y (sky130_fd_sc_hd__o21ai_0)
   0.053    1.324 v _08949_/Y (sky130_fd_sc_hd__a21oi_1)
   0.420    1.744 ^ _08961_/Y (sky130_fd_sc_hd__o21ai_0)
   0.138    1.882 v _08962_/Y (sky130_fd_sc_hd__nand3_1)
   0.160    2.042 ^ _08963_/Y (sky130_fd_sc_hd__nand2_1)
   0.117    2.159 v _08964_/Y (sky130_fd_sc_hd__nand2_1)
   0.215    2.374 v place783/X (sky130_fd_sc_hd__buf_4)
   0.216    2.590 ^ _15167_/Y (sky130_fd_sc_hd__nor2_1)
   0.530    3.120 ^ output196/X (sky130_fd_sc_hd__clkdlybuf4s50_1)
   0.000    3.120 ^ writedata[9] (out)
            3.120   data arrival time

   7.000    7.000   clock vclk_clk (rise edge)
   0.775    7.775   clock network delay (ideal)
   0.000    7.775   clock reconvergence pessimism
  -1.400    6.375   output external delay
            6.375   data required time
-----------------------------------------------------------
            6.375   data required time
           -3.120   data arrival time
-----------------------------------------------------------
            3.255   slack (MET)


Startpoint: dp.rf.rf[21][30]$_DFFE_PP_
            (rising edge-triggered flip-flop clocked by clk)
Endpoint: writedata[30] (output port clocked by vclk_clk)
Path Group: vclk_clk
Path Type: max

   Delay     Time   Description
-----------------------------------------------------------
   0.000    0.000   clock clk (rise edge)
   0.775    0.775   clock network delay (ideal)
   0.000    0.775 ^ dp.rf.rf[21][30]$_DFFE_PP_/CLK (sky130_fd_sc_hd__edfxtp_1)
   0.322    1.097 ^ dp.rf.rf[21][30]$_DFFE_PP_/Q (sky130_fd_sc_hd__edfxtp_1)
   0.039    1.136 v _11203_/Y (sky130_fd_sc_hd__inv_1)
   0.160    1.296 ^ _11204_/Y (sky130_fd_sc_hd__o21ai_0)
   0.071    1.367 v _11205_/Y (sky130_fd_sc_hd__a21oi_1)
   0.255    1.622 ^ _11209_/Y (sky130_fd_sc_hd__o221ai_1)
   0.160    1.781 v _11221_/Y (sky130_fd_sc_hd__nand3_1)
   0.122    1.903 ^ _11249_/Y (sky130_fd_sc_hd__nand2_1)
   0.196    2.100 v _11250_/Y (sky130_fd_sc_hd__nand2_1)
   0.271    2.371 v place797/X (sky130_fd_sc_hd__buf_4)
   0.199    2.570 ^ _15145_/Y (sky130_fd_sc_hd__nor2_1)
   0.539    3.109 ^ output188/X (sky130_fd_sc_hd__clkdlybuf4s50_1)
   0.000    3.109 ^ writedata[30] (out)
            3.109   data arrival time

   7.000    7.000   clock vclk_clk (rise edge)
   0.775    7.775   clock network delay (ideal)
   0.000    7.775   clock reconvergence pessimism
  -1.400    6.375   output external delay
            6.375   data required time
-----------------------------------------------------------
            6.375   data required time
           -3.109   data arrival time
-----------------------------------------------------------
            3.266   slack (MET)


Startpoint: dp.rf.rf[22][15]$_DFFE_PP_
            (rising edge-triggered flip-flop clocked by clk)
Endpoint: writedata[15] (output port clocked by vclk_clk)
Path Group: vclk_clk
Path Type: max

   Delay     Time   Description
-----------------------------------------------------------
   0.000    0.000   clock clk (rise edge)
   0.775    0.775   clock network delay (ideal)
   0.000    0.775 ^ dp.rf.rf[22][15]$_DFFE_PP_/CLK (sky130_fd_sc_hd__edfxtp_1)
   0.303    1.078 ^ dp.rf.rf[22][15]$_DFFE_PP_/Q (sky130_fd_sc_hd__edfxtp_1)
   0.049    1.127 v _08165_/Y (sky130_fd_sc_hd__inv_1)
   0.198    1.325 ^ _08312_/Y (sky130_fd_sc_hd__o21ai_0)
   0.107    1.431 v _08313_/Y (sky130_fd_sc_hd__nand3_1)
   0.265    1.696 ^ _08321_/Y (sky130_fd_sc_hd__o2111ai_1)
   0.168    1.865 v _08341_/Y (sky130_fd_sc_hd__nand3_1)
   0.136    2.000 ^ _08342_/Y (sky130_fd_sc_hd__nand2_1)
   0.154    2.154 v _08345_/Y (sky130_fd_sc_hd__nand2_1)
   0.379    2.533 ^ _15161_/Y (sky130_fd_sc_hd__nor2_1)
   0.559    3.092 ^ output171/X (sky130_fd_sc_hd__clkdlybuf4s50_1)
   0.000    3.092 ^ writedata[15] (out)
            3.092   data arrival time

   7.000    7.000   clock vclk_clk (rise edge)
   0.775    7.775   clock network delay (ideal)
   0.000    7.775   clock reconvergence pessimism
  -1.400    6.375   output external delay
            6.375   data required time
-----------------------------------------------------------
            6.375   data required time
           -3.092   data arrival time
-----------------------------------------------------------
            3.283   slack (MET)


Startpoint: dp.rf.rf[8][14]$_DFFE_PP_
            (rising edge-triggered flip-flop clocked by clk)
Endpoint: writedata[14] (output port clocked by vclk_clk)
Path Group: vclk_clk
Path Type: max

   Delay     Time   Description
-----------------------------------------------------------
   0.000    0.000   clock clk (rise edge)
   0.775    0.775   clock network delay (ideal)
   0.000    0.775 ^ dp.rf.rf[8][14]$_DFFE_PP_/CLK (sky130_fd_sc_hd__edfxtp_1)
   0.300    1.075 ^ dp.rf.rf[8][14]$_DFFE_PP_/Q (sky130_fd_sc_hd__edfxtp_1)
   0.049    1.124 v _08443_/Y (sky130_fd_sc_hd__inv_1)
   0.078    1.202 ^ _08478_/Y (sky130_fd_sc_hd__nor2_1)
   0.046    1.248 v _08479_/Y (sky130_fd_sc_hd__a21oi_1)
   0.162    1.411 ^ _08480_/Y (sky130_fd_sc_hd__o21ai_0)
   0.057    1.467 v _08481_/Y (sky130_fd_sc_hd__a21oi_1)
   0.234    1.701 ^ _08490_/Y (sky130_fd_sc_hd__a21oi_1)
   0.076    1.778 v _08511_/Y (sky130_fd_sc_hd__nand2_1)
   0.080    1.858 ^ _08556_/Y (sky130_fd_sc_hd__nand2_1)
   0.209    2.067 v _08557_/Y (sky130_fd_sc_hd__nand2_1)
   0.433    2.499 ^ _15162_/Y (sky130_fd_sc_hd__nor2_1)
   0.541    3.041 ^ output170/X (sky130_fd_sc_hd__clkdlybuf4s50_1)
   0.000    3.041 ^ writedata[14] (out)
            3.041   data arrival time

   7.000    7.000   clock vclk_clk (rise edge)
   0.775    7.775   clock network delay (ideal)
   0.000    7.775   clock reconvergence pessimism
  -1.400    6.375   output external delay
            6.375   data required time
-----------------------------------------------------------
            6.375   data required time
           -3.041   data arrival time
-----------------------------------------------------------
            3.334   slack (MET)


Startpoint: dp.rf.rf[20][8]$_DFFE_PP_
            (rising edge-triggered flip-flop clocked by clk)
Endpoint: writedata[8] (output port clocked by vclk_clk)
Path Group: vclk_clk
Path Type: max

   Delay     Time   Description
-----------------------------------------------------------
   0.000    0.000   clock clk (rise edge)
   0.775    0.775   clock network delay (ideal)
   0.000    0.775 ^ dp.rf.rf[20][8]$_DFFE_PP_/CLK (sky130_fd_sc_hd__edfxtp_1)
   0.320    1.095 ^ dp.rf.rf[20][8]$_DFFE_PP_/Q (sky130_fd_sc_hd__edfxtp_1)
   0.037    1.131 v _09194_/Y (sky130_fd_sc_hd__inv_1)
   0.145    1.277 ^ _09196_/Y (sky130_fd_sc_hd__o21ai_0)
   0.126    1.403 v _09200_/Y (sky130_fd_sc_hd__nand3_1)
   0.279    1.681 ^ _09201_/Y (sky130_fd_sc_hd__a21oi_1)
   0.093    1.774 v _09217_/Y (sky130_fd_sc_hd__nand2_1)
   0.156    1.930 ^ _09218_/Y (sky130_fd_sc_hd__nand2_1)
   0.109    2.039 v _09219_/Y (sky130_fd_sc_hd__nand2_1)
   0.205    2.244 v place782/X (sky130_fd_sc_hd__buf_4)
   0.231    2.475 ^ _15168_/Y (sky130_fd_sc_hd__nor2_1)
   0.526    3.001 ^ output195/X (sky130_fd_sc_hd__clkdlybuf4s50_1)
   0.000    3.001 ^ writedata[8] (out)
            3.001   data arrival time

   7.000    7.000   clock vclk_clk (rise edge)
   0.775    7.775   clock network delay (ideal)
   0.000    7.775   clock reconvergence pessimism
  -1.400    6.375   output external delay
            6.375   data required time
-----------------------------------------------------------
            6.375   data required time
           -3.001   data arrival time
-----------------------------------------------------------
            3.374   slack (MET)


Startpoint: dp.rf.rf[0][12]$_DFFE_PP_
            (rising edge-triggered flip-flop clocked by clk)
Endpoint: writedata[12] (output port clocked by vclk_clk)
Path Group: vclk_clk
Path Type: max

   Delay     Time   Description
-----------------------------------------------------------
   0.000    0.000   clock clk (rise edge)
   0.775    0.775   clock network delay (ideal)
   0.000    0.775 ^ dp.rf.rf[0][12]$_DFFE_PP_/CLK (sky130_fd_sc_hd__edfxtp_1)
   0.308    1.083 ^ dp.rf.rf[0][12]$_DFFE_PP_/Q (sky130_fd_sc_hd__edfxtp_1)
   0.047    1.130 v _08012_/Y (sky130_fd_sc_hd__inv_1)
   0.186    1.316 ^ _08070_/Y (sky130_fd_sc_hd__o21ai_0)
   0.101    1.417 v _08075_/Y (sky130_fd_sc_hd__a211oi_1)
   0.132    1.549 ^ _08081_/Y (sky130_fd_sc_hd__nand2_1)
   0.119    1.668 v _08102_/Y (sky130_fd_sc_hd__nand3_1)
   0.185    1.853 ^ _08138_/Y (sky130_fd_sc_hd__a21oi_1)
   0.186    2.039 ^ place793/X (sky130_fd_sc_hd__buf_4)
   0.086    2.125 v _09232_/Y (sky130_fd_sc_hd__inv_1)
   0.324    2.449 ^ _15164_/Y (sky130_fd_sc_hd__nor2_1)
   0.540    2.989 ^ output168/X (sky130_fd_sc_hd__clkdlybuf4s50_1)
   0.000    2.989 ^ writedata[12] (out)
            2.989   data arrival time

   7.000    7.000   clock vclk_clk (rise edge)
   0.775    7.775   clock network delay (ideal)
   0.000    7.775   clock reconvergence pessimism
  -1.400    6.375   output external delay
            6.375   data required time
-----------------------------------------------------------
            6.375   data required time
           -2.989   data arrival time
-----------------------------------------------------------
            3.386   slack (MET)


Startpoint: dp.rf.rf[21][19]$_DFFE_PP_
            (rising edge-triggered flip-flop clocked by clk)
Endpoint: writedata[19] (output port clocked by vclk_clk)
Path Group: vclk_clk
Path Type: max

   Delay     Time   Description
-----------------------------------------------------------
   0.000    0.000   clock clk (rise edge)
   0.775    0.775   clock network delay (ideal)
   0.000    0.775 ^ dp.rf.rf[21][19]$_DFFE_PP_/CLK (sky130_fd_sc_hd__edfxtp_1)
   0.294    1.069 ^ dp.rf.rf[21][19]$_DFFE_PP_/Q (sky130_fd_sc_hd__edfxtp_1)
   0.043    1.112 v _12287_/Y (sky130_fd_sc_hd__inv_1)
   0.133    1.245 ^ _12288_/Y (sky130_fd_sc_hd__o21ai_0)
   0.067    1.311 v _12289_/Y (sky130_fd_sc_hd__a21oi_1)
   0.317    1.628 ^ _12297_/Y (sky130_fd_sc_hd__o31ai_1)
   0.139    1.768 v _12313_/Y (sky130_fd_sc_hd__nand3_1)
   0.203    1.971 ^ _12345_/Y (sky130_fd_sc_hd__a21oi_1)
   0.209    2.180 ^ place796/X (sky130_fd_sc_hd__buf_4)
   0.106    2.285 v _12421_/Y (sky130_fd_sc_hd__inv_1)
   0.182    2.467 ^ _15156_/Y (sky130_fd_sc_hd__nor2_1)
   0.499    2.966 ^ output175/X (sky130_fd_sc_hd__clkdlybuf4s50_1)
   0.000    2.966 ^ writedata[19] (out)
            2.966   data arrival time

   7.000    7.000   clock vclk_clk (rise edge)
   0.775    7.775   clock network delay (ideal)
   0.000    7.775   clock reconvergence pessimism
  -1.400    6.375   output external delay
            6.375   data required time
-----------------------------------------------------------
            6.375   data required time
           -2.966   data arrival time
-----------------------------------------------------------
            3.409   slack (MET)


Startpoint: dp.rf.rf[8][24]$_DFFE_PP_
            (rising edge-triggered flip-flop clocked by clk)
Endpoint: writedata[24] (output port clocked by vclk_clk)
Path Group: vclk_clk
Path Type: max

   Delay     Time   Description
-----------------------------------------------------------
   0.000    0.000   clock clk (rise edge)
   0.775    0.775   clock network delay (ideal)
   0.000    0.775 ^ dp.rf.rf[8][24]$_DFFE_PP_/CLK (sky130_fd_sc_hd__edfxtp_1)
   0.321    1.096 ^ dp.rf.rf[8][24]$_DFFE_PP_/Q (sky130_fd_sc_hd__edfxtp_1)
   0.051    1.147 v _10943_/Y (sky130_fd_sc_hd__nand2_1)
   0.140    1.288 v _10944_/Y (sky130_fd_sc_hd__a21boi_0)
   0.176    1.464 ^ _10945_/Y (sky130_fd_sc_hd__o21ai_0)
   0.058    1.522 v _10946_/Y (sky130_fd_sc_hd__a21oi_1)
   0.130    1.651 ^ _10952_/Y (sky130_fd_sc_hd__nand2_1)
   0.091    1.742 v _10953_/Y (sky130_fd_sc_hd__nand3_1)
   0.278    2.021 ^ _10977_/Y (sky130_fd_sc_hd__a21oi_1)
   0.211    2.231 v _10978_/Y (sky130_fd_sc_hd__inv_1)
   0.211    2.443 ^ _15151_/Y (sky130_fd_sc_hd__nor2_1)
   0.496    2.939 ^ output181/X (sky130_fd_sc_hd__clkdlybuf4s50_1)
   0.000    2.939 ^ writedata[24] (out)
            2.939   data arrival time

   7.000    7.000   clock vclk_clk (rise edge)
   0.775    7.775   clock network delay (ideal)
   0.000    7.775   clock reconvergence pessimism
  -1.400    6.375   output external delay
            6.375   data required time
-----------------------------------------------------------
            6.375   data required time
           -2.939   data arrival time
-----------------------------------------------------------
            3.436   slack (MET)


Startpoint: dp.rf.rf[16][22]$_DFFE_PP_
            (rising edge-triggered flip-flop clocked by clk)
Endpoint: writedata[22] (output port clocked by vclk_clk)
Path Group: vclk_clk
Path Type: max

   Delay     Time   Description
-----------------------------------------------------------
   0.000    0.000   clock clk (rise edge)
   0.775    0.775   clock network delay (ideal)
   0.000    0.775 ^ dp.rf.rf[16][22]$_DFFE_PP_/CLK (sky130_fd_sc_hd__edfxtp_1)
   0.321    1.096 ^ dp.rf.rf[16][22]$_DFFE_PP_/Q (sky130_fd_sc_hd__edfxtp_1)
   0.051    1.147 v _12092_/Y (sky130_fd_sc_hd__nand2_1)
   0.150    1.297 v _12093_/Y (sky130_fd_sc_hd__a21boi_0)
   0.181    1.478 ^ _12094_/Y (sky130_fd_sc_hd__o21ai_0)
   0.063    1.541 v _12095_/Y (sky130_fd_sc_hd__a21oi_1)
   0.114    1.655 ^ _12103_/Y (sky130_fd_sc_hd__nand2_1)
   0.098    1.753 v _12104_/Y (sky130_fd_sc_hd__nand3_1)
   0.103    1.856 ^ _12134_/Y (sky130_fd_sc_hd__nand2_1)
   0.221    2.077 v _12135_/Y (sky130_fd_sc_hd__nand2_1)
   0.324    2.401 ^ _15153_/Y (sky130_fd_sc_hd__nor2_1)
   0.510    2.911 ^ output179/X (sky130_fd_sc_hd__clkdlybuf4s50_1)
   0.000    2.911 ^ writedata[22] (out)
            2.911   data arrival time

   7.000    7.000   clock vclk_clk (rise edge)
   0.775    7.775   clock network delay (ideal)
   0.000    7.775   clock reconvergence pessimism
  -1.400    6.375   output external delay
            6.375   data required time
-----------------------------------------------------------
            6.375   data required time
           -2.911   data arrival time
-----------------------------------------------------------
            3.464   slack (MET)


Startpoint: dp.rf.rf[13][23]$_DFFE_PP_
            (rising edge-triggered flip-flop clocked by clk)
Endpoint: writedata[23] (output port clocked by vclk_clk)
Path Group: vclk_clk
Path Type: max

   Delay     Time   Description
-----------------------------------------------------------
   0.000    0.000   clock clk (rise edge)
   0.775    0.775   clock network delay (ideal)
   0.000    0.775 ^ dp.rf.rf[13][23]$_DFFE_PP_/CLK (sky130_fd_sc_hd__edfxtp_1)
   0.295    1.070 ^ dp.rf.rf[13][23]$_DFFE_PP_/Q (sky130_fd_sc_hd__edfxtp_1)
   0.043    1.113 v _11851_/Y (sky130_fd_sc_hd__inv_1)
   0.135    1.248 ^ _11966_/Y (sky130_fd_sc_hd__o21ai_0)
   0.072    1.320 v _11967_/Y (sky130_fd_sc_hd__a21oi_1)
   0.287    1.607 ^ _11974_/Y (sky130_fd_sc_hd__o31ai_1)
   0.190    1.797 v _11988_/Y (sky130_fd_sc_hd__nand3_1)
   0.123    1.920 ^ _11989_/Y (sky130_fd_sc_hd__nand2_1)
   0.201    2.121 v _11990_/Y (sky130_fd_sc_hd__nand2_1)
   0.284    2.405 ^ _15152_/Y (sky130_fd_sc_hd__nor2_1)
   0.502    2.907 ^ output180/X (sky130_fd_sc_hd__clkdlybuf4s50_1)
   0.000    2.907 ^ writedata[23] (out)
            2.907   data arrival time

   7.000    7.000   clock vclk_clk (rise edge)
   0.775    7.775   clock network delay (ideal)
   0.000    7.775   clock reconvergence pessimism
  -1.400    6.375   output external delay
            6.375   data required time
-----------------------------------------------------------
            6.375   data required time
           -2.907   data arrival time
-----------------------------------------------------------
            3.468   slack (MET)


Startpoint: dp.rf.rf[21][25]$_DFFE_PP_
            (rising edge-triggered flip-flop clocked by clk)
Endpoint: writedata[25] (output port clocked by vclk_clk)
Path Group: vclk_clk
Path Type: max

   Delay     Time   Description
-----------------------------------------------------------
   0.000    0.000   clock clk (rise edge)
   0.775    0.775   clock network delay (ideal)
   0.000    0.775 ^ dp.rf.rf[21][25]$_DFFE_PP_/CLK (sky130_fd_sc_hd__edfxtp_1)
   0.322    1.097 ^ dp.rf.rf[21][25]$_DFFE_PP_/Q (sky130_fd_sc_hd__edfxtp_1)
   0.042    1.139 v _10831_/Y (sky130_fd_sc_hd__inv_1)
   0.166    1.306 ^ _10833_/Y (sky130_fd_sc_hd__o211ai_1)
   0.100    1.406 v _10836_/Y (sky130_fd_sc_hd__nand3_1)
   0.136    1.541 ^ _10837_/Y (sky130_fd_sc_hd__o2111ai_1)
   0.130    1.671 v _10849_/Y (sky130_fd_sc_hd__nand3_1)
   0.310    1.981 ^ _10850_/Y (sky130_fd_sc_hd__a21oi_1)
   0.212    2.193 v _10851_/Y (sky130_fd_sc_hd__inv_1)
   0.216    2.409 ^ _15150_/Y (sky130_fd_sc_hd__nor2_1)
   0.495    2.904 ^ output182/X (sky130_fd_sc_hd__clkdlybuf4s50_1)
   0.000    2.904 ^ writedata[25] (out)
            2.904   data arrival time

   7.000    7.000   clock vclk_clk (rise edge)
   0.775    7.775   clock network delay (ideal)
   0.000    7.775   clock reconvergence pessimism
  -1.400    6.375   output external delay
            6.375   data required time
-----------------------------------------------------------
            6.375   data required time
           -2.904   data arrival time
-----------------------------------------------------------
            3.471   slack (MET)


Startpoint: dp.rf.rf[13][3]$_DFFE_PP_
            (rising edge-triggered flip-flop clocked by clk)
Endpoint: writedata[3] (output port clocked by vclk_clk)
Path Group: vclk_clk
Path Type: max

   Delay     Time   Description
-----------------------------------------------------------
   0.000    0.000   clock clk (rise edge)
   0.775    0.775   clock network delay (ideal)
   0.000    0.775 ^ dp.rf.rf[13][3]$_DFFE_PP_/CLK (sky130_fd_sc_hd__edfxtp_1)
   0.297    1.072 ^ dp.rf.rf[13][3]$_DFFE_PP_/Q (sky130_fd_sc_hd__edfxtp_1)
   0.043    1.114 v _09830_/Y (sky130_fd_sc_hd__inv_1)
   0.104    1.218 ^ _09925_/Y (sky130_fd_sc_hd__a21oi_1)
   0.100    1.318 v _09926_/Y (sky130_fd_sc_hd__o21ai_0)
   0.096    1.414 ^ _09927_/Y (sky130_fd_sc_hd__o21ai_0)
   0.074    1.488 v _09928_/Y (sky130_fd_sc_hd__nand2_1)
   0.119    1.607 ^ _09929_/Y (sky130_fd_sc_hd__o211ai_1)
   0.161    1.768 v _09943_/Y (sky130_fd_sc_hd__nand3_1)
   0.267    2.035 ^ _09971_/Y (sky130_fd_sc_hd__nand2_1)
   0.138    2.173 v _09972_/Y (sky130_fd_sc_hd__nand2_1)
   0.141    2.313 ^ _12926_/Y (sky130_fd_sc_hd__inv_1)
   0.129    2.443 ^ place748/X (sky130_fd_sc_hd__buf_4)
   0.452    2.894 ^ output190/X (sky130_fd_sc_hd__clkdlybuf4s50_1)
   0.000    2.894 ^ writedata[3] (out)
            2.894   data arrival time

   7.000    7.000   clock vclk_clk (rise edge)
   0.775    7.775   clock network delay (ideal)
   0.000    7.775   clock reconvergence pessimism
  -1.400    6.375   output external delay
            6.375   data required time
-----------------------------------------------------------
            6.375   data required time
           -2.894   data arrival time
-----------------------------------------------------------
            3.481   slack (MET)


Startpoint: dp.rf.rf[13][2]$_DFFE_PP_
            (rising edge-triggered flip-flop clocked by clk)
Endpoint: writedata[2] (output port clocked by vclk_clk)
Path Group: vclk_clk
Path Type: max

   Delay     Time   Description
-----------------------------------------------------------
   0.000    0.000   clock clk (rise edge)
   0.775    0.775   clock network delay (ideal)
   0.000    0.775 ^ dp.rf.rf[13][2]$_DFFE_PP_/CLK (sky130_fd_sc_hd__edfxtp_1)
   0.297    1.072 ^ dp.rf.rf[13][2]$_DFFE_PP_/Q (sky130_fd_sc_hd__edfxtp_1)
   0.043    1.115 v _09975_/Y (sky130_fd_sc_hd__inv_1)
   0.104    1.220 ^ _10069_/Y (sky130_fd_sc_hd__a21oi_1)
   0.097    1.317 v _10070_/Y (sky130_fd_sc_hd__o21ai_0)
   0.098    1.415 ^ _10071_/Y (sky130_fd_sc_hd__o21ai_0)
   0.071    1.486 v _10072_/Y (sky130_fd_sc_hd__nand2_1)
   0.122    1.608 ^ _10073_/Y (sky130_fd_sc_hd__o211ai_1)
   0.136    1.744 v _10086_/Y (sky130_fd_sc_hd__nand3_1)
   0.260    2.004 ^ _10114_/Y (sky130_fd_sc_hd__nand2_1)
   0.134    2.138 v _10115_/Y (sky130_fd_sc_hd__nand2_1)
   0.124    2.262 ^ _12944_/Y (sky130_fd_sc_hd__inv_1)
   0.137    2.398 ^ place747/X (sky130_fd_sc_hd__buf_4)
   0.453    2.851 ^ output187/X (sky130_fd_sc_hd__clkdlybuf4s50_1)
   0.000    2.851 ^ writedata[2] (out)
            2.851   data arrival time

   7.000    7.000   clock vclk_clk (rise edge)
   0.775    7.775   clock network delay (ideal)
   0.000    7.775   clock reconvergence pessimism
  -1.400    6.375   output external delay
            6.375   data required time
-----------------------------------------------------------
            6.375   data required time
           -2.851   data arrival time
-----------------------------------------------------------
            3.524   slack (MET)


Startpoint: dp.rf.rf[10][13]$_DFFE_PP_
            (rising edge-triggered flip-flop clocked by clk)
Endpoint: writedata[13] (output port clocked by vclk_clk)
Path Group: vclk_clk
Path Type: max

   Delay     Time   Description
-----------------------------------------------------------
   0.000    0.000   clock clk (rise edge)
   0.775    0.775   clock network delay (ideal)
   0.000    0.775 ^ dp.rf.rf[10][13]$_DFFE_PP_/CLK (sky130_fd_sc_hd__edfxtp_1)
   0.331    1.106 ^ dp.rf.rf[10][13]$_DFFE_PP_/Q (sky130_fd_sc_hd__edfxtp_1)
   0.057    1.163 v _07835_/Y (sky130_fd_sc_hd__nand2_1)
   0.150    1.313 ^ _07839_/Y (sky130_fd_sc_hd__a21oi_1)
   0.063    1.375 v _07840_/Y (sky130_fd_sc_hd__a211oi_1)
   0.223    1.598 ^ _07854_/Y (sky130_fd_sc_hd__nand2_1)
   0.110    1.709 v _07857_/Y (sky130_fd_sc_hd__nand3_1)
   0.225    1.934 ^ _07861_/Y (sky130_fd_sc_hd__a21oi_1)
   0.122    2.056 v _08142_/Y (sky130_fd_sc_hd__inv_1)
   0.261    2.317 ^ _15163_/Y (sky130_fd_sc_hd__nor2_1)
   0.525    2.842 ^ output169/X (sky130_fd_sc_hd__clkdlybuf4s50_1)
   0.000    2.842 ^ writedata[13] (out)
            2.842   data arrival time

   7.000    7.000   clock vclk_clk (rise edge)
   0.775    7.775   clock network delay (ideal)
   0.000    7.775   clock reconvergence pessimism
  -1.400    6.375   output external delay
            6.375   data required time
-----------------------------------------------------------
            6.375   data required time
           -2.842   data arrival time
-----------------------------------------------------------
            3.533   slack (MET)


Startpoint: dp.rf.rf[16][21]$_DFFE_PP_
            (rising edge-triggered flip-flop clocked by clk)
Endpoint: writedata[21] (output port clocked by vclk_clk)
Path Group: vclk_clk
Path Type: max

   Delay     Time   Description
-----------------------------------------------------------
   0.000    0.000   clock clk (rise edge)
   0.775    0.775   clock network delay (ideal)
   0.000    0.775 ^ dp.rf.rf[16][21]$_DFFE_PP_/CLK (sky130_fd_sc_hd__edfxtp_1)
   0.324    1.099 ^ dp.rf.rf[16][21]$_DFFE_PP_/Q (sky130_fd_sc_hd__edfxtp_1)
   0.052    1.152 v _11617_/Y (sky130_fd_sc_hd__nand2_1)
   0.146    1.297 v _11618_/Y (sky130_fd_sc_hd__a21boi_0)
   0.196    1.493 ^ _11619_/Y (sky130_fd_sc_hd__o21ai_0)
   0.056    1.549 v _11620_/Y (sky130_fd_sc_hd__nor2_1)
   0.062    1.611 ^ _11628_/Y (sky130_fd_sc_hd__nand2_1)
   0.159    1.770 v _11629_/Y (sky130_fd_sc_hd__nand3_1)
   0.261    2.032 ^ _11660_/Y (sky130_fd_sc_hd__a21oi_1)
   0.125    2.157 v _11847_/Y (sky130_fd_sc_hd__inv_1)
   0.122    2.280 ^ _15154_/Y (sky130_fd_sc_hd__nor2_1)
   0.549    2.828 ^ output178/X (sky130_fd_sc_hd__clkdlybuf4s50_1)
   0.001    2.829 ^ writedata[21] (out)
            2.829   data arrival time

   7.000    7.000   clock vclk_clk (rise edge)
   0.775    7.775   clock network delay (ideal)
   0.000    7.775   clock reconvergence pessimism
  -1.400    6.375   output external delay
            6.375   data required time
-----------------------------------------------------------
            6.375   data required time
           -2.829   data arrival time
-----------------------------------------------------------
            3.546   slack (MET)


Startpoint: dp.rf.rf[19][20]$_DFFE_PP_
            (rising edge-triggered flip-flop clocked by clk)
Endpoint: writedata[20] (output port clocked by vclk_clk)
Path Group: vclk_clk
Path Type: max

   Delay     Time   Description
-----------------------------------------------------------
   0.000    0.000   clock clk (rise edge)
   0.775    0.775   clock network delay (ideal)
   0.000    0.775 ^ dp.rf.rf[19][20]$_DFFE_PP_/CLK (sky130_fd_sc_hd__edfxtp_1)
   0.318    1.093 ^ dp.rf.rf[19][20]$_DFFE_PP_/Q (sky130_fd_sc_hd__edfxtp_1)
   0.058    1.152 v _11748_/Y (sky130_fd_sc_hd__nand2_1)
   0.166    1.317 ^ _11749_/Y (sky130_fd_sc_hd__a21oi_1)
   0.083    1.401 v _11753_/Y (sky130_fd_sc_hd__nor3_1)
   0.182    1.583 ^ _11761_/Y (sky130_fd_sc_hd__a21oi_1)
   0.113    1.697 v _11762_/Y (sky130_fd_sc_hd__nand2_1)
   0.230    1.926 ^ _11763_/Y (sky130_fd_sc_hd__a21oi_1)
   0.156    2.082 v _12719_/Y (sky130_fd_sc_hd__inv_1)
   0.228    2.311 ^ _15155_/Y (sky130_fd_sc_hd__nor2_1)
   0.504    2.815 ^ output177/X (sky130_fd_sc_hd__clkdlybuf4s50_1)
   0.000    2.815 ^ writedata[20] (out)
            2.815   data arrival time

   7.000    7.000   clock vclk_clk (rise edge)
   0.775    7.775   clock network delay (ideal)
   0.000    7.775   clock reconvergence pessimism
  -1.400    6.375   output external delay
            6.375   data required time
-----------------------------------------------------------
            6.375   data required time
           -2.815   data arrival time
-----------------------------------------------------------
            3.560   slack (MET)


Startpoint: dp.rf.rf[20][4]$_DFFE_PP_
            (rising edge-triggered flip-flop clocked by clk)
Endpoint: writedata[4] (output port clocked by vclk_clk)
Path Group: vclk_clk
Path Type: max

   Delay     Time   Description
-----------------------------------------------------------
   0.000    0.000   clock clk (rise edge)
   0.775    0.775   clock network delay (ideal)
   0.000    0.775 ^ dp.rf.rf[20][4]$_DFFE_PP_/CLK (sky130_fd_sc_hd__edfxtp_1)
   0.319    1.094 ^ dp.rf.rf[20][4]$_DFFE_PP_/Q (sky130_fd_sc_hd__edfxtp_1)
   0.039    1.133 v _09625_/Y (sky130_fd_sc_hd__inv_1)
   0.167    1.300 ^ _09627_/Y (sky130_fd_sc_hd__o21ai_0)
   0.132    1.433 v _09630_/Y (sky130_fd_sc_hd__nand3_1)
   0.191    1.623 ^ _09635_/Y (sky130_fd_sc_hd__o2111ai_1)
   0.135    1.758 v _09650_/Y (sky130_fd_sc_hd__nand3_1)
   0.377    2.135 ^ _10424_/Y (sky130_fd_sc_hd__a21oi_1)
   0.215    2.350 ^ place787/X (sky130_fd_sc_hd__buf_4)
   0.464    2.814 ^ output191/X (sky130_fd_sc_hd__clkdlybuf4s50_1)
   0.000    2.814 ^ writedata[4] (out)
            2.814   data arrival time

   7.000    7.000   clock vclk_clk (rise edge)
   0.775    7.775   clock network delay (ideal)
   0.000    7.775   clock reconvergence pessimism
  -1.400    6.375   output external delay
            6.375   data required time
-----------------------------------------------------------
            6.375   data required time
           -2.814   data arrival time
-----------------------------------------------------------
            3.561   slack (MET)


Startpoint: dp.rf.rf[23][16]$_DFFE_PP_
            (rising edge-triggered flip-flop clocked by clk)
Endpoint: writedata[16] (output port clocked by vclk_clk)
Path Group: vclk_clk
Path Type: max

   Delay     Time   Description
-----------------------------------------------------------
   0.000    0.000   clock clk (rise edge)
   0.775    0.775   clock network delay (ideal)
   0.000    0.775 ^ dp.rf.rf[23][16]$_DFFE_PP_/CLK (sky130_fd_sc_hd__edfxtp_1)
   0.322    1.097 ^ dp.rf.rf[23][16]$_DFFE_PP_/Q (sky130_fd_sc_hd__edfxtp_1)
   0.066    1.163 v _12466_/Y (sky130_fd_sc_hd__a21oi_1)
   0.120    1.283 ^ _12467_/Y (sky130_fd_sc_hd__o21ai_0)
   0.144    1.426 v _12468_/Y (sky130_fd_sc_hd__nand3_1)
   0.242    1.668 ^ _12469_/Y (sky130_fd_sc_hd__a21oi_1)
   0.113    1.781 v _12485_/Y (sky130_fd_sc_hd__nand2_1)
   0.466    2.248 ^ _15159_/Y (sky130_fd_sc_hd__a211oi_1)
   0.564    2.812 ^ output172/X (sky130_fd_sc_hd__clkdlybuf4s50_1)
   0.000    2.812 ^ writedata[16] (out)
            2.812   data arrival time

   7.000    7.000   clock vclk_clk (rise edge)
   0.775    7.775   clock network delay (ideal)
   0.000    7.775   clock reconvergence pessimism
  -1.400    6.375   output external delay
            6.375   data required time
-----------------------------------------------------------
            6.375   data required time
           -2.812   data arrival time
-----------------------------------------------------------
            3.563   slack (MET)


Startpoint: dp.rf.rf[20][26]$_DFFE_PP_
            (rising edge-triggered flip-flop clocked by clk)
Endpoint: writedata[26] (output port clocked by vclk_clk)
Path Group: vclk_clk
Path Type: max

   Delay     Time   Description
-----------------------------------------------------------
   0.000    0.000   clock clk (rise edge)
   0.775    0.775   clock network delay (ideal)
   0.000    0.775 ^ dp.rf.rf[20][26]$_DFFE_PP_/CLK (sky130_fd_sc_hd__edfxtp_1)
   0.318    1.093 ^ dp.rf.rf[20][26]$_DFFE_PP_/Q (sky130_fd_sc_hd__edfxtp_1)
   0.037    1.130 v _10481_/Y (sky130_fd_sc_hd__inv_1)
   0.186    1.317 ^ _10483_/Y (sky130_fd_sc_hd__o21ai_0)
   0.111    1.428 v _10487_/Y (sky130_fd_sc_hd__nand3_1)
   0.215    1.643 ^ _10488_/Y (sky130_fd_sc_hd__a21oi_1)
   0.091    1.733 v _10505_/Y (sky130_fd_sc_hd__nand2_1)
   0.201    1.934 ^ _10506_/Y (sky130_fd_sc_hd__a21oi_1)
   0.184    2.118 v _10983_/Y (sky130_fd_sc_hd__inv_1)
   0.129    2.247 ^ _15149_/Y (sky130_fd_sc_hd__nor2_1)
   0.532    2.779 ^ output183/X (sky130_fd_sc_hd__clkdlybuf4s50_1)
   0.000    2.779 ^ writedata[26] (out)
            2.779   data arrival time

   7.000    7.000   clock vclk_clk (rise edge)
   0.775    7.775   clock network delay (ideal)
   0.000    7.775   clock reconvergence pessimism
  -1.400    6.375   output external delay
            6.375   data required time
-----------------------------------------------------------
            6.375   data required time
           -2.779   data arrival time
-----------------------------------------------------------
            3.596   slack (MET)


Startpoint: dp.rf.rf[13][7]$_DFFE_PP_
            (rising edge-triggered flip-flop clocked by clk)
Endpoint: writedata[7] (output port clocked by vclk_clk)
Path Group: vclk_clk
Path Type: max

   Delay     Time   Description
-----------------------------------------------------------
   0.000    0.000   clock clk (rise edge)
   0.775    0.775   clock network delay (ideal)
   0.000    0.775 ^ dp.rf.rf[13][7]$_DFFE_PP_/CLK (sky130_fd_sc_hd__edfxtp_1)
   0.301    1.076 ^ dp.rf.rf[13][7]$_DFFE_PP_/Q (sky130_fd_sc_hd__edfxtp_1)
   0.048    1.124 v _09238_/Y (sky130_fd_sc_hd__inv_1)
   0.107    1.231 ^ _09351_/Y (sky130_fd_sc_hd__a21oi_1)
   0.104    1.334 v _09352_/Y (sky130_fd_sc_hd__o21ai_0)
   0.101    1.435 ^ _09353_/Y (sky130_fd_sc_hd__o21ai_0)
   0.066    1.501 v _09355_/Y (sky130_fd_sc_hd__nand2_1)
   0.088    1.588 ^ _09363_/Y (sky130_fd_sc_hd__nand2_1)
   0.210    1.798 v _09378_/Y (sky130_fd_sc_hd__nand3_1)
   0.325    2.124 ^ _09379_/Y (sky130_fd_sc_hd__a21oi_4)
   0.177    2.300 ^ place792/X (sky130_fd_sc_hd__buf_4)
   0.452    2.752 ^ output194/X (sky130_fd_sc_hd__clkdlybuf4s50_1)
   0.000    2.752 ^ writedata[7] (out)
            2.752   data arrival time

   7.000    7.000   clock vclk_clk (rise edge)
   0.775    7.775   clock network delay (ideal)
   0.000    7.775   clock reconvergence pessimism
  -1.400    6.375   output external delay
            6.375   data required time
-----------------------------------------------------------
            6.375   data required time
           -2.752   data arrival time
-----------------------------------------------------------
            3.623   slack (MET)


Startpoint: dp.rf.rf[13][0]$_DFFE_PP_
            (rising edge-triggered flip-flop clocked by clk)
Endpoint: writedata[0] (output port clocked by vclk_clk)
Path Group: vclk_clk
Path Type: max

   Delay     Time   Description
-----------------------------------------------------------
   0.000    0.000   clock clk (rise edge)
   0.775    0.775   clock network delay (ideal)
   0.000    0.775 ^ dp.rf.rf[13][0]$_DFFE_PP_/CLK (sky130_fd_sc_hd__edfxtp_1)
   0.294    1.069 ^ dp.rf.rf[13][0]$_DFFE_PP_/Q (sky130_fd_sc_hd__edfxtp_1)
   0.046    1.115 v _10265_/Y (sky130_fd_sc_hd__inv_1)
   0.103    1.219 ^ _10360_/Y (sky130_fd_sc_hd__a21oi_1)
   0.091    1.309 v _10361_/Y (sky130_fd_sc_hd__o21ai_0)
   0.100    1.410 ^ _10362_/Y (sky130_fd_sc_hd__o21ai_0)
   0.080    1.490 v _10363_/Y (sky130_fd_sc_hd__nand2_1)
   0.096    1.586 ^ _10364_/Y (sky130_fd_sc_hd__nand2_1)
   0.097    1.684 v _10381_/Y (sky130_fd_sc_hd__nand3_1)
   0.243    1.927 ^ _10410_/Y (sky130_fd_sc_hd__a21oi_2)
   0.135    2.062 ^ rebuffer905/X (sky130_fd_sc_hd__buf_4)
   0.141    2.203 ^ place788/X (sky130_fd_sc_hd__buf_4)
   0.470    2.673 ^ output165/X (sky130_fd_sc_hd__clkdlybuf4s50_1)
   0.000    2.673 ^ writedata[0] (out)
            2.673   data arrival time

   7.000    7.000   clock vclk_clk (rise edge)
   0.775    7.775   clock network delay (ideal)
   0.000    7.775   clock reconvergence pessimism
  -1.400    6.375   output external delay
            6.375   data required time
-----------------------------------------------------------
            6.375   data required time
           -2.673   data arrival time
-----------------------------------------------------------
            3.702   slack (MET)


Startpoint: dp.rf.rf[24][1]$_DFFE_PP_
            (rising edge-triggered flip-flop clocked by clk)
Endpoint: writedata[1] (output port clocked by vclk_clk)
Path Group: vclk_clk
Path Type: max

   Delay     Time   Description
-----------------------------------------------------------
   0.000    0.000   clock clk (rise edge)
   0.775    0.775   clock network delay (ideal)
   0.000    0.775 ^ dp.rf.rf[24][1]$_DFFE_PP_/CLK (sky130_fd_sc_hd__edfxtp_1)
   0.301    1.076 ^ dp.rf.rf[24][1]$_DFFE_PP_/Q (sky130_fd_sc_hd__edfxtp_1)
   0.050    1.126 v _10155_/Y (sky130_fd_sc_hd__inv_1)
   0.078    1.204 ^ _10156_/Y (sky130_fd_sc_hd__nor2_1)
   0.050    1.254 v _10157_/Y (sky130_fd_sc_hd__a21oi_1)
   0.174    1.428 ^ _10158_/Y (sky130_fd_sc_hd__o21ai_0)
   0.059    1.487 v _10159_/Y (sky130_fd_sc_hd__a21oi_1)
   0.110    1.596 ^ _10167_/Y (sky130_fd_sc_hd__nand2_1)
   0.074    1.670 v _10183_/Y (sky130_fd_sc_hd__nand3_1)
   0.178    1.849 ^ _10184_/Y (sky130_fd_sc_hd__a21oi_1)
   0.179    2.028 ^ place790/X (sky130_fd_sc_hd__buf_4)
   0.625    2.652 ^ output176/X (sky130_fd_sc_hd__clkdlybuf4s50_1)
   0.001    2.653 ^ writedata[1] (out)
            2.653   data arrival time

   7.000    7.000   clock vclk_clk (rise edge)
   0.775    7.775   clock network delay (ideal)
   0.000    7.775   clock reconvergence pessimism
  -1.400    6.375   output external delay
            6.375   data required time
-----------------------------------------------------------
            6.375   data required time
           -2.653   data arrival time
-----------------------------------------------------------
            3.722   slack (MET)


Startpoint: dp.pcreg.q[17]$_DFF_PP0_
            (rising edge-triggered flip-flop clocked by clk)
Endpoint: pc[17] (output port clocked by vclk_clk)
Path Group: vclk_clk
Path Type: max

   Delay     Time   Description
-----------------------------------------------------------
   0.000    0.000   clock clk (rise edge)
   0.775    0.775   clock network delay (ideal)
   0.000    0.775 ^ dp.pcreg.q[17]$_DFF_PP0_/CLK (sky130_fd_sc_hd__dfrtp_1)
   0.481    1.256 ^ dp.pcreg.q[17]$_DFF_PP0_/Q (sky130_fd_sc_hd__dfrtp_1)
   0.826    2.082 ^ output140/X (sky130_fd_sc_hd__clkdlybuf4s50_1)
   0.002    2.083 ^ pc[17] (out)
            2.083   data arrival time

   7.000    7.000   clock vclk_clk (rise edge)
   0.775    7.775   clock network delay (ideal)
   0.000    7.775   clock reconvergence pessimism
  -1.400    6.375   output external delay
            6.375   data required time
-----------------------------------------------------------
            6.375   data required time
           -2.083   data arrival time
-----------------------------------------------------------
            4.292   slack (MET)


Startpoint: dp.pcreg.q[12]$_DFF_PP0_
            (rising edge-triggered flip-flop clocked by clk)
Endpoint: pc[12] (output port clocked by vclk_clk)
Path Group: vclk_clk
Path Type: max

   Delay     Time   Description
-----------------------------------------------------------
   0.000    0.000   clock clk (rise edge)
   0.775    0.775   clock network delay (ideal)
   0.000    0.775 ^ dp.pcreg.q[12]$_DFF_PP0_/CLK (sky130_fd_sc_hd__dfrtp_1)
   0.469    1.244 ^ dp.pcreg.q[12]$_DFF_PP0_/Q (sky130_fd_sc_hd__dfrtp_1)
   0.833    2.078 ^ output135/X (sky130_fd_sc_hd__clkdlybuf4s50_1)
   0.003    2.081 ^ pc[12] (out)
            2.081   data arrival time

   7.000    7.000   clock vclk_clk (rise edge)
   0.775    7.775   clock network delay (ideal)
   0.000    7.775   clock reconvergence pessimism
  -1.400    6.375   output external delay
            6.375   data required time
-----------------------------------------------------------
            6.375   data required time
           -2.081   data arrival time
-----------------------------------------------------------
            4.294   slack (MET)


Startpoint: dp.pcreg.q[15]$_DFF_PP0_
            (rising edge-triggered flip-flop clocked by clk)
Endpoint: pc[15] (output port clocked by vclk_clk)
Path Group: vclk_clk
Path Type: max

   Delay     Time   Description
-----------------------------------------------------------
   0.000    0.000   clock clk (rise edge)
   0.775    0.775   clock network delay (ideal)
   0.000    0.775 ^ dp.pcreg.q[15]$_DFF_PP0_/CLK (sky130_fd_sc_hd__dfrtp_1)
   0.468    1.243 ^ dp.pcreg.q[15]$_DFF_PP0_/Q (sky130_fd_sc_hd__dfrtp_1)
   0.829    2.072 ^ output138/X (sky130_fd_sc_hd__clkdlybuf4s50_1)
   0.002    2.074 ^ pc[15] (out)
            2.074   data arrival time

   7.000    7.000   clock vclk_clk (rise edge)
   0.775    7.775   clock network delay (ideal)
   0.000    7.775   clock reconvergence pessimism
  -1.400    6.375   output external delay
            6.375   data required time
-----------------------------------------------------------
            6.375   data required time
           -2.074   data arrival time
-----------------------------------------------------------
            4.301   slack (MET)


Startpoint: dp.pcreg.q[8]$_DFF_PP0_
            (rising edge-triggered flip-flop clocked by clk)
Endpoint: pc[8] (output port clocked by vclk_clk)
Path Group: vclk_clk
Path Type: max

   Delay     Time   Description
-----------------------------------------------------------
   0.000    0.000   clock clk (rise edge)
   0.775    0.775   clock network delay (ideal)
   0.000    0.775 ^ dp.pcreg.q[8]$_DFF_PP0_/CLK (sky130_fd_sc_hd__dfrtp_1)
   0.704    1.479 ^ dp.pcreg.q[8]$_DFF_PP0_/Q (sky130_fd_sc_hd__dfrtp_1)
   0.594    2.073 ^ output162/X (sky130_fd_sc_hd__clkdlybuf4s50_1)
   0.000    2.073 ^ pc[8] (out)
            2.073   data arrival time

   7.000    7.000   clock vclk_clk (rise edge)
   0.775    7.775   clock network delay (ideal)
   0.000    7.775   clock reconvergence pessimism
  -1.400    6.375   output external delay
            6.375   data required time
-----------------------------------------------------------
            6.375   data required time
           -2.073   data arrival time
-----------------------------------------------------------
            4.302   slack (MET)


Startpoint: dp.pcreg.q[9]$_DFF_PP0_
            (rising edge-triggered flip-flop clocked by clk)
Endpoint: pc[9] (output port clocked by vclk_clk)
Path Group: vclk_clk
Path Type: max

   Delay     Time   Description
-----------------------------------------------------------
   0.000    0.000   clock clk (rise edge)
   0.775    0.775   clock network delay (ideal)
   0.000    0.775 ^ dp.pcreg.q[9]$_DFF_PP0_/CLK (sky130_fd_sc_hd__dfrtp_1)
   0.463    1.238 ^ dp.pcreg.q[9]$_DFF_PP0_/Q (sky130_fd_sc_hd__dfrtp_1)
   0.817    2.055 ^ output163/X (sky130_fd_sc_hd__clkdlybuf4s50_1)
   0.002    2.056 ^ pc[9] (out)
            2.056   data arrival time

   7.000    7.000   clock vclk_clk (rise edge)
   0.775    7.775   clock network delay (ideal)
   0.000    7.775   clock reconvergence pessimism
  -1.400    6.375   output external delay
            6.375   data required time
-----------------------------------------------------------
            6.375   data required time
           -2.056   data arrival time
-----------------------------------------------------------
            4.319   slack (MET)


Startpoint: dp.pcreg.q[11]$_DFF_PP0_
            (rising edge-triggered flip-flop clocked by clk)
Endpoint: pc[11] (output port clocked by vclk_clk)
Path Group: vclk_clk
Path Type: max

   Delay     Time   Description
-----------------------------------------------------------
   0.000    0.000   clock clk (rise edge)
   0.775    0.775   clock network delay (ideal)
   0.000    0.775 ^ dp.pcreg.q[11]$_DFF_PP0_/CLK (sky130_fd_sc_hd__dfrtp_1)
   0.444    1.219 ^ dp.pcreg.q[11]$_DFF_PP0_/Q (sky130_fd_sc_hd__dfrtp_1)
   0.825    2.044 ^ output134/X (sky130_fd_sc_hd__clkdlybuf4s50_1)
   0.002    2.046 ^ pc[11] (out)
            2.046   data arrival time

   7.000    7.000   clock vclk_clk (rise edge)
   0.775    7.775   clock network delay (ideal)
   0.000    7.775   clock reconvergence pessimism
  -1.400    6.375   output external delay
            6.375   data required time
-----------------------------------------------------------
            6.375   data required time
           -2.046   data arrival time
-----------------------------------------------------------
            4.329   slack (MET)


Startpoint: dp.pcreg.q[13]$_DFF_PP0_
            (rising edge-triggered flip-flop clocked by clk)
Endpoint: pc[13] (output port clocked by vclk_clk)
Path Group: vclk_clk
Path Type: max

   Delay     Time   Description
-----------------------------------------------------------
   0.000    0.000   clock clk (rise edge)
   0.775    0.775   clock network delay (ideal)
   0.000    0.775 ^ dp.pcreg.q[13]$_DFF_PP0_/CLK (sky130_fd_sc_hd__dfrtp_1)
   0.467    1.242 ^ dp.pcreg.q[13]$_DFF_PP0_/Q (sky130_fd_sc_hd__dfrtp_1)
   0.794    2.035 ^ output136/X (sky130_fd_sc_hd__clkdlybuf4s50_1)
   0.002    2.037 ^ pc[13] (out)
            2.037   data arrival time

   7.000    7.000   clock vclk_clk (rise edge)
   0.775    7.775   clock network delay (ideal)
   0.000    7.775   clock reconvergence pessimism
  -1.400    6.375   output external delay
            6.375   data required time
-----------------------------------------------------------
            6.375   data required time
           -2.037   data arrival time
-----------------------------------------------------------
            4.338   slack (MET)


Startpoint: dp.pcreg.q[14]$_DFF_PP0_
            (rising edge-triggered flip-flop clocked by clk)
Endpoint: pc[14] (output port clocked by vclk_clk)
Path Group: vclk_clk
Path Type: max

   Delay     Time   Description
-----------------------------------------------------------
   0.000    0.000   clock clk (rise edge)
   0.775    0.775   clock network delay (ideal)
   0.000    0.775 ^ dp.pcreg.q[14]$_DFF_PP0_/CLK (sky130_fd_sc_hd__dfrtp_1)
   0.650    1.425 ^ dp.pcreg.q[14]$_DFF_PP0_/Q (sky130_fd_sc_hd__dfrtp_1)
   0.590    2.015 ^ output137/X (sky130_fd_sc_hd__clkdlybuf4s50_1)
   0.000    2.015 ^ pc[14] (out)
            2.015   data arrival time

   7.000    7.000   clock vclk_clk (rise edge)
   0.775    7.775   clock network delay (ideal)
   0.000    7.775   clock reconvergence pessimism
  -1.400    6.375   output external delay
            6.375   data required time
-----------------------------------------------------------
            6.375   data required time
           -2.015   data arrival time
-----------------------------------------------------------
            4.360   slack (MET)


Startpoint: dp.pcreg.q[16]$_DFF_PP0_
            (rising edge-triggered flip-flop clocked by clk)
Endpoint: pc[16] (output port clocked by vclk_clk)
Path Group: vclk_clk
Path Type: max

   Delay     Time   Description
-----------------------------------------------------------
   0.000    0.000   clock clk (rise edge)
   0.775    0.775   clock network delay (ideal)
   0.000    0.775 ^ dp.pcreg.q[16]$_DFF_PP0_/CLK (sky130_fd_sc_hd__dfrtp_1)
   0.447    1.222 ^ dp.pcreg.q[16]$_DFF_PP0_/Q (sky130_fd_sc_hd__dfrtp_1)
   0.779    2.001 ^ output139/X (sky130_fd_sc_hd__clkdlybuf4s50_1)
   0.001    2.003 ^ pc[16] (out)
            2.003   data arrival time

   7.000    7.000   clock vclk_clk (rise edge)
   0.775    7.775   clock network delay (ideal)
   0.000    7.775   clock reconvergence pessimism
  -1.400    6.375   output external delay
            6.375   data required time
-----------------------------------------------------------
            6.375   data required time
           -2.003   data arrival time
-----------------------------------------------------------
            4.372   slack (MET)


Startpoint: dp.pcreg.q[10]$_DFF_PP0_
            (rising edge-triggered flip-flop clocked by clk)
Endpoint: pc[10] (output port clocked by vclk_clk)
Path Group: vclk_clk
Path Type: max

   Delay     Time   Description
-----------------------------------------------------------
   0.000    0.000   clock clk (rise edge)
   0.775    0.775   clock network delay (ideal)
   0.000    0.775 ^ dp.pcreg.q[10]$_DFF_PP0_/CLK (sky130_fd_sc_hd__dfrtp_1)
   0.635    1.410 ^ dp.pcreg.q[10]$_DFF_PP0_/Q (sky130_fd_sc_hd__dfrtp_1)
   0.573    1.983 ^ output133/X (sky130_fd_sc_hd__clkdlybuf4s50_1)
   0.000    1.983 ^ pc[10] (out)
            1.983   data arrival time

   7.000    7.000   clock vclk_clk (rise edge)
   0.775    7.775   clock network delay (ideal)
   0.000    7.775   clock reconvergence pessimism
  -1.400    6.375   output external delay
            6.375   data required time
-----------------------------------------------------------
            6.375   data required time
           -1.983   data arrival time
-----------------------------------------------------------
            4.392   slack (MET)


Startpoint: dp.pcreg.q[6]$_DFF_PP0_
            (rising edge-triggered flip-flop clocked by clk)
Endpoint: pc[6] (output port clocked by vclk_clk)
Path Group: vclk_clk
Path Type: max

   Delay     Time   Description
-----------------------------------------------------------
   0.000    0.000   clock clk (rise edge)
   0.775    0.775   clock network delay (ideal)
   0.000    0.775 ^ dp.pcreg.q[6]$_DFF_PP0_/CLK (sky130_fd_sc_hd__dfrtp_1)
   0.622    1.397 ^ dp.pcreg.q[6]$_DFF_PP0_/Q (sky130_fd_sc_hd__dfrtp_1)
   0.569    1.967 ^ output160/X (sky130_fd_sc_hd__clkdlybuf4s50_1)
   0.000    1.967 ^ pc[6] (out)
            1.967   data arrival time

   7.000    7.000   clock vclk_clk (rise edge)
   0.775    7.775   clock network delay (ideal)
   0.000    7.775   clock reconvergence pessimism
  -1.400    6.375   output external delay
            6.375   data required time
-----------------------------------------------------------
            6.375   data required time
           -1.967   data arrival time
-----------------------------------------------------------
            4.408   slack (MET)


Startpoint: dp.pcreg.q[5]$_DFF_PP0_
            (rising edge-triggered flip-flop clocked by clk)
Endpoint: pc[5] (output port clocked by vclk_clk)
Path Group: vclk_clk
Path Type: max

   Delay     Time   Description
-----------------------------------------------------------
   0.000    0.000   clock clk (rise edge)
   0.775    0.775   clock network delay (ideal)
   0.000    0.775 ^ dp.pcreg.q[5]$_DFF_PP0_/CLK (sky130_fd_sc_hd__dfrtp_1)
   0.606    1.381 ^ dp.pcreg.q[5]$_DFF_PP0_/Q (sky130_fd_sc_hd__dfrtp_1)
   0.570    1.952 ^ output159/X (sky130_fd_sc_hd__clkdlybuf4s50_1)
   0.000    1.952 ^ pc[5] (out)
            1.952   data arrival time

   7.000    7.000   clock vclk_clk (rise edge)
   0.775    7.775   clock network delay (ideal)
   0.000    7.775   clock reconvergence pessimism
  -1.400    6.375   output external delay
            6.375   data required time
-----------------------------------------------------------
            6.375   data required time
           -1.952   data arrival time
-----------------------------------------------------------
            4.423   slack (MET)


Startpoint: dp.pcreg.q[7]$_DFF_PP0_
            (rising edge-triggered flip-flop clocked by clk)
Endpoint: pc[7] (output port clocked by vclk_clk)
Path Group: vclk_clk
Path Type: max

   Delay     Time   Description
-----------------------------------------------------------
   0.000    0.000   clock clk (rise edge)
   0.775    0.775   clock network delay (ideal)
   0.000    0.775 ^ dp.pcreg.q[7]$_DFF_PP0_/CLK (sky130_fd_sc_hd__dfrtp_1)
   0.607    1.382 ^ dp.pcreg.q[7]$_DFF_PP0_/Q (sky130_fd_sc_hd__dfrtp_1)
   0.559    1.941 ^ output161/X (sky130_fd_sc_hd__clkdlybuf4s50_1)
   0.000    1.941 ^ pc[7] (out)
            1.941   data arrival time

   7.000    7.000   clock vclk_clk (rise edge)
   0.775    7.775   clock network delay (ideal)
   0.000    7.775   clock reconvergence pessimism
  -1.400    6.375   output external delay
            6.375   data required time
-----------------------------------------------------------
            6.375   data required time
           -1.941   data arrival time
-----------------------------------------------------------
            4.434   slack (MET)


Startpoint: dp.pcreg.q[4]$_DFF_PP0_
            (rising edge-triggered flip-flop clocked by clk)
Endpoint: pc[4] (output port clocked by vclk_clk)
Path Group: vclk_clk
Path Type: max

   Delay     Time   Description
-----------------------------------------------------------
   0.000    0.000   clock clk (rise edge)
   0.775    0.775   clock network delay (ideal)
   0.000    0.775 ^ dp.pcreg.q[4]$_DFF_PP0_/CLK (sky130_fd_sc_hd__dfrtp_1)
   0.556    1.331 ^ dp.pcreg.q[4]$_DFF_PP0_/Q (sky130_fd_sc_hd__dfrtp_1)
   0.546    1.877 ^ output158/X (sky130_fd_sc_hd__clkdlybuf4s50_1)
   0.000    1.877 ^ pc[4] (out)
            1.877   data arrival time

   7.000    7.000   clock vclk_clk (rise edge)
   0.775    7.775   clock network delay (ideal)
   0.000    7.775   clock reconvergence pessimism
  -1.400    6.375   output external delay
            6.375   data required time
-----------------------------------------------------------
            6.375   data required time
           -1.877   data arrival time
-----------------------------------------------------------
            4.498   slack (MET)


Startpoint: dp.pcreg.q[20]$_DFF_PP0_
            (rising edge-triggered flip-flop clocked by clk)
Endpoint: pc[20] (output port clocked by vclk_clk)
Path Group: vclk_clk
Path Type: max

   Delay     Time   Description
-----------------------------------------------------------
   0.000    0.000   clock clk (rise edge)
   0.775    0.775   clock network delay (ideal)
   0.000    0.775 ^ dp.pcreg.q[20]$_DFF_PP0_/CLK (sky130_fd_sc_hd__dfrtp_1)
   0.491    1.266 ^ dp.pcreg.q[20]$_DFF_PP0_/Q (sky130_fd_sc_hd__dfrtp_1)
   0.526    1.793 ^ output144/X (sky130_fd_sc_hd__clkdlybuf4s50_1)
   0.000    1.793 ^ pc[20] (out)
            1.793   data arrival time

   7.000    7.000   clock vclk_clk (rise edge)
   0.775    7.775   clock network delay (ideal)
   0.000    7.775   clock reconvergence pessimism
  -1.400    6.375   output external delay
            6.375   data required time
-----------------------------------------------------------
            6.375   data required time
           -1.793   data arrival time
-----------------------------------------------------------
            4.582   slack (MET)


Startpoint: dp.pcreg.q[19]$_DFF_PP0_
            (rising edge-triggered flip-flop clocked by clk)
Endpoint: pc[19] (output port clocked by vclk_clk)
Path Group: vclk_clk
Path Type: max

   Delay     Time   Description
-----------------------------------------------------------
   0.000    0.000   clock clk (rise edge)
   0.775    0.775   clock network delay (ideal)
   0.000    0.775 ^ dp.pcreg.q[19]$_DFF_PP0_/CLK (sky130_fd_sc_hd__dfrtp_1)
   0.479    1.254 ^ dp.pcreg.q[19]$_DFF_PP0_/Q (sky130_fd_sc_hd__dfrtp_1)
   0.533    1.787 ^ output142/X (sky130_fd_sc_hd__clkdlybuf4s50_1)
   0.000    1.787 ^ pc[19] (out)
            1.787   data arrival time

   7.000    7.000   clock vclk_clk (rise edge)
   0.775    7.775   clock network delay (ideal)
   0.000    7.775   clock reconvergence pessimism
  -1.400    6.375   output external delay
            6.375   data required time
-----------------------------------------------------------
            6.375   data required time
           -1.787   data arrival time
-----------------------------------------------------------
            4.588   slack (MET)


Startpoint: dp.pcreg.q[2]$_DFF_PP0_
            (rising edge-triggered flip-flop clocked by clk)
Endpoint: pc[2] (output port clocked by vclk_clk)
Path Group: vclk_clk
Path Type: max

   Delay     Time   Description
-----------------------------------------------------------
   0.000    0.000   clock clk (rise edge)
   0.775    0.775   clock network delay (ideal)
   0.000    0.775 ^ dp.pcreg.q[2]$_DFF_PP0_/CLK (sky130_fd_sc_hd__dfrtp_1)
   0.463    1.238 ^ dp.pcreg.q[2]$_DFF_PP0_/Q (sky130_fd_sc_hd__dfrtp_1)
   0.542    1.781 ^ output154/X (sky130_fd_sc_hd__clkdlybuf4s50_1)
   0.000    1.781 ^ pc[2] (out)
            1.781   data arrival time

   7.000    7.000   clock vclk_clk (rise edge)
   0.775    7.775   clock network delay (ideal)
   0.000    7.775   clock reconvergence pessimism
  -1.400    6.375   output external delay
            6.375   data required time
-----------------------------------------------------------
            6.375   data required time
           -1.781   data arrival time
-----------------------------------------------------------
            4.594   slack (MET)


Startpoint: dp.pcreg.q[21]$_DFF_PP0_
            (rising edge-triggered flip-flop clocked by clk)
Endpoint: pc[21] (output port clocked by vclk_clk)
Path Group: vclk_clk
Path Type: max

   Delay     Time   Description
-----------------------------------------------------------
   0.000    0.000   clock clk (rise edge)
   0.775    0.775   clock network delay (ideal)
   0.000    0.775 ^ dp.pcreg.q[21]$_DFF_PP0_/CLK (sky130_fd_sc_hd__dfrtp_1)
   0.477    1.252 ^ dp.pcreg.q[21]$_DFF_PP0_/Q (sky130_fd_sc_hd__dfrtp_1)
   0.517    1.768 ^ output145/X (sky130_fd_sc_hd__clkdlybuf4s50_1)
   0.000    1.768 ^ pc[21] (out)
            1.768   data arrival time

   7.000    7.000   clock vclk_clk (rise edge)
   0.775    7.775   clock network delay (ideal)
   0.000    7.775   clock reconvergence pessimism
  -1.400    6.375   output external delay
            6.375   data required time
-----------------------------------------------------------
            6.375   data required time
           -1.768   data arrival time
-----------------------------------------------------------
            4.607   slack (MET)


Startpoint: dp.pcreg.q[18]$_DFF_PP0_
            (rising edge-triggered flip-flop clocked by clk)
Endpoint: pc[18] (output port clocked by vclk_clk)
Path Group: vclk_clk
Path Type: max

   Delay     Time   Description
-----------------------------------------------------------
   0.000    0.000   clock clk (rise edge)
   0.775    0.775   clock network delay (ideal)
   0.000    0.775 ^ dp.pcreg.q[18]$_DFF_PP0_/CLK (sky130_fd_sc_hd__dfrtp_1)
   0.456    1.231 ^ dp.pcreg.q[18]$_DFF_PP0_/Q (sky130_fd_sc_hd__dfrtp_1)
   0.509    1.741 ^ output141/X (sky130_fd_sc_hd__clkdlybuf4s50_1)
   0.000    1.741 ^ pc[18] (out)
            1.741   data arrival time

   7.000    7.000   clock vclk_clk (rise edge)
   0.775    7.775   clock network delay (ideal)
   0.000    7.775   clock reconvergence pessimism
  -1.400    6.375   output external delay
            6.375   data required time
-----------------------------------------------------------
            6.375   data required time
           -1.741   data arrival time
-----------------------------------------------------------
            4.634   slack (MET)


Startpoint: dp.pcreg.q[25]$_DFF_PP0_
            (rising edge-triggered flip-flop clocked by clk)
Endpoint: pc[25] (output port clocked by vclk_clk)
Path Group: vclk_clk
Path Type: max

   Delay     Time   Description
-----------------------------------------------------------
   0.000    0.000   clock clk (rise edge)
   0.775    0.775   clock network delay (ideal)
   0.000    0.775 ^ dp.pcreg.q[25]$_DFF_PP0_/CLK (sky130_fd_sc_hd__dfrtp_1)
   0.437    1.212 ^ dp.pcreg.q[25]$_DFF_PP0_/Q (sky130_fd_sc_hd__dfrtp_1)
   0.510    1.722 ^ output149/X (sky130_fd_sc_hd__clkdlybuf4s50_1)
   0.000    1.722 ^ pc[25] (out)
            1.722   data arrival time

   7.000    7.000   clock vclk_clk (rise edge)
   0.775    7.775   clock network delay (ideal)
   0.000    7.775   clock reconvergence pessimism
  -1.400    6.375   output external delay
            6.375   data required time
-----------------------------------------------------------
            6.375   data required time
           -1.722   data arrival time
-----------------------------------------------------------
            4.653   slack (MET)


Startpoint: dp.pcreg.q[22]$_DFF_PP0_
            (rising edge-triggered flip-flop clocked by clk)
Endpoint: pc[22] (output port clocked by vclk_clk)
Path Group: vclk_clk
Path Type: max

   Delay     Time   Description
-----------------------------------------------------------
   0.000    0.000   clock clk (rise edge)
   0.775    0.775   clock network delay (ideal)
   0.000    0.775 ^ dp.pcreg.q[22]$_DFF_PP0_/CLK (sky130_fd_sc_hd__dfrtp_1)
   0.427    1.202 ^ dp.pcreg.q[22]$_DFF_PP0_/Q (sky130_fd_sc_hd__dfrtp_1)
   0.501    1.703 ^ output146/X (sky130_fd_sc_hd__clkdlybuf4s50_1)
   0.000    1.703 ^ pc[22] (out)
            1.703   data arrival time

   7.000    7.000   clock vclk_clk (rise edge)
   0.775    7.775   clock network delay (ideal)
   0.000    7.775   clock reconvergence pessimism
  -1.400    6.375   output external delay
            6.375   data required time
-----------------------------------------------------------
            6.375   data required time
           -1.703   data arrival time
-----------------------------------------------------------
            4.672   slack (MET)


Startpoint: dp.pcreg.q[3]$_DFF_PP0_
            (rising edge-triggered flip-flop clocked by clk)
Endpoint: pc[3] (output port clocked by vclk_clk)
Path Group: vclk_clk
Path Type: max

   Delay     Time   Description
-----------------------------------------------------------
   0.000    0.000   clock clk (rise edge)
   0.775    0.775   clock network delay (ideal)
   0.000    0.775 ^ dp.pcreg.q[3]$_DFF_PP0_/CLK (sky130_fd_sc_hd__dfrtp_1)
   0.419    1.194 ^ dp.pcreg.q[3]$_DFF_PP0_/Q (sky130_fd_sc_hd__dfrtp_1)
   0.495    1.689 ^ output157/X (sky130_fd_sc_hd__clkdlybuf4s50_1)
   0.000    1.689 ^ pc[3] (out)
            1.689   data arrival time

   7.000    7.000   clock vclk_clk (rise edge)
   0.775    7.775   clock network delay (ideal)
   0.000    7.775   clock reconvergence pessimism
  -1.400    6.375   output external delay
            6.375   data required time
-----------------------------------------------------------
            6.375   data required time
           -1.689   data arrival time
-----------------------------------------------------------
            4.686   slack (MET)


Startpoint: dp.pcreg.q[30]$_DFF_PP0_
            (rising edge-triggered flip-flop clocked by clk)
Endpoint: pc[30] (output port clocked by vclk_clk)
Path Group: vclk_clk
Path Type: max

   Delay     Time   Description
-----------------------------------------------------------
   0.000    0.000   clock clk (rise edge)
   0.775    0.775   clock network delay (ideal)
   0.000    0.775 ^ dp.pcreg.q[30]$_DFF_PP0_/CLK (sky130_fd_sc_hd__dfrtp_1)
   0.408    1.183 ^ dp.pcreg.q[30]$_DFF_PP0_/Q (sky130_fd_sc_hd__dfrtp_1)
   0.489    1.672 ^ output155/X (sky130_fd_sc_hd__clkdlybuf4s50_1)
   0.000    1.672 ^ pc[30] (out)
            1.672   data arrival time

   7.000    7.000   clock vclk_clk (rise edge)
   0.775    7.775   clock network delay (ideal)
   0.000    7.775   clock reconvergence pessimism
  -1.400    6.375   output external delay
            6.375   data required time
-----------------------------------------------------------
            6.375   data required time
           -1.672   data arrival time
-----------------------------------------------------------
            4.703   slack (MET)


Startpoint: dp.pcreg.q[23]$_DFF_PP0_
            (rising edge-triggered flip-flop clocked by clk)
Endpoint: pc[23] (output port clocked by vclk_clk)
Path Group: vclk_clk
Path Type: max

   Delay     Time   Description
-----------------------------------------------------------
   0.000    0.000   clock clk (rise edge)
   0.775    0.775   clock network delay (ideal)
   0.000    0.775 ^ dp.pcreg.q[23]$_DFF_PP0_/CLK (sky130_fd_sc_hd__dfrtp_1)
   0.398    1.173 ^ dp.pcreg.q[23]$_DFF_PP0_/Q (sky130_fd_sc_hd__dfrtp_1)
   0.489    1.662 ^ output147/X (sky130_fd_sc_hd__clkdlybuf4s50_1)
   0.000    1.662 ^ pc[23] (out)
            1.662   data arrival time

   7.000    7.000   clock vclk_clk (rise edge)
   0.775    7.775   clock network delay (ideal)
   0.000    7.775   clock reconvergence pessimism
  -1.400    6.375   output external delay
            6.375   data required time
-----------------------------------------------------------
            6.375   data required time
           -1.662   data arrival time
-----------------------------------------------------------
            4.713   slack (MET)


Startpoint: dp.pcreg.q[27]$_DFF_PP0_
            (rising edge-triggered flip-flop clocked by clk)
Endpoint: pc[27] (output port clocked by vclk_clk)
Path Group: vclk_clk
Path Type: max

   Delay     Time   Description
-----------------------------------------------------------
   0.000    0.000   clock clk (rise edge)
   0.775    0.775   clock network delay (ideal)
   0.000    0.775 ^ dp.pcreg.q[27]$_DFF_PP0_/CLK (sky130_fd_sc_hd__dfrtp_1)
   0.385    1.160 ^ dp.pcreg.q[27]$_DFF_PP0_/Q (sky130_fd_sc_hd__dfrtp_1)
   0.482    1.641 ^ output151/X (sky130_fd_sc_hd__clkdlybuf4s50_1)
   0.000    1.641 ^ pc[27] (out)
            1.641   data arrival time

   7.000    7.000   clock vclk_clk (rise edge)
   0.775    7.775   clock network delay (ideal)
   0.000    7.775   clock reconvergence pessimism
  -1.400    6.375   output external delay
            6.375   data required time
-----------------------------------------------------------
            6.375   data required time
           -1.641   data arrival time
-----------------------------------------------------------
            4.734   slack (MET)


Startpoint: dp.pcreg.q[26]$_DFF_PP0_
            (rising edge-triggered flip-flop clocked by clk)
Endpoint: pc[26] (output port clocked by vclk_clk)
Path Group: vclk_clk
Path Type: max

   Delay     Time   Description
-----------------------------------------------------------
   0.000    0.000   clock clk (rise edge)
   0.775    0.775   clock network delay (ideal)
   0.000    0.775 ^ dp.pcreg.q[26]$_DFF_PP0_/CLK (sky130_fd_sc_hd__dfrtp_1)
   0.379    1.154 ^ dp.pcreg.q[26]$_DFF_PP0_/Q (sky130_fd_sc_hd__dfrtp_1)
   0.485    1.639 ^ output150/X (sky130_fd_sc_hd__clkdlybuf4s50_1)
   0.000    1.639 ^ pc[26] (out)
            1.639   data arrival time

   7.000    7.000   clock vclk_clk (rise edge)
   0.775    7.775   clock network delay (ideal)
   0.000    7.775   clock reconvergence pessimism
  -1.400    6.375   output external delay
            6.375   data required time
-----------------------------------------------------------
            6.375   data required time
           -1.639   data arrival time
-----------------------------------------------------------
            4.736   slack (MET)


Startpoint: dp.pcreg.q[29]$_DFF_PP0_
            (rising edge-triggered flip-flop clocked by clk)
Endpoint: pc[29] (output port clocked by vclk_clk)
Path Group: vclk_clk
Path Type: max

   Delay     Time   Description
-----------------------------------------------------------
   0.000    0.000   clock clk (rise edge)
   0.775    0.775   clock network delay (ideal)
   0.000    0.775 ^ dp.pcreg.q[29]$_DFF_PP0_/CLK (sky130_fd_sc_hd__dfrtp_1)
   0.381    1.156 ^ dp.pcreg.q[29]$_DFF_PP0_/Q (sky130_fd_sc_hd__dfrtp_1)
   0.482    1.638 ^ output153/X (sky130_fd_sc_hd__clkdlybuf4s50_1)
   0.000    1.638 ^ pc[29] (out)
            1.638   data arrival time

   7.000    7.000   clock vclk_clk (rise edge)
   0.775    7.775   clock network delay (ideal)
   0.000    7.775   clock reconvergence pessimism
  -1.400    6.375   output external delay
            6.375   data required time
-----------------------------------------------------------
            6.375   data required time
           -1.638   data arrival time
-----------------------------------------------------------
            4.737   slack (MET)


Startpoint: dp.pcreg.q[24]$_DFF_PP0_
            (rising edge-triggered flip-flop clocked by clk)
Endpoint: pc[24] (output port clocked by vclk_clk)
Path Group: vclk_clk
Path Type: max

   Delay     Time   Description
-----------------------------------------------------------
   0.000    0.000   clock clk (rise edge)
   0.775    0.775   clock network delay (ideal)
   0.000    0.775 ^ dp.pcreg.q[24]$_DFF_PP0_/CLK (sky130_fd_sc_hd__dfrtp_1)
   0.366    1.141 ^ dp.pcreg.q[24]$_DFF_PP0_/Q (sky130_fd_sc_hd__dfrtp_1)
   0.475    1.616 ^ output148/X (sky130_fd_sc_hd__clkdlybuf4s50_1)
   0.000    1.616 ^ pc[24] (out)
            1.616   data arrival time

   7.000    7.000   clock vclk_clk (rise edge)
   0.775    7.775   clock network delay (ideal)
   0.000    7.775   clock reconvergence pessimism
  -1.400    6.375   output external delay
            6.375   data required time
-----------------------------------------------------------
            6.375   data required time
           -1.616   data arrival time
-----------------------------------------------------------
            4.759   slack (MET)


Startpoint: dp.pcreg.q[1]$_DFFE_PP0P_
            (rising edge-triggered flip-flop clocked by clk)
Endpoint: pc[1] (output port clocked by vclk_clk)
Path Group: vclk_clk
Path Type: max

   Delay     Time   Description
-----------------------------------------------------------
   0.000    0.000   clock clk (rise edge)
   0.775    0.775   clock network delay (ideal)
   0.000    0.775 ^ dp.pcreg.q[1]$_DFFE_PP0P_/CLK (sky130_fd_sc_hd__dfrtp_1)
   0.327    1.102 ^ dp.pcreg.q[1]$_DFFE_PP0P_/Q (sky130_fd_sc_hd__dfrtp_1)
   0.486    1.588 ^ output143/X (sky130_fd_sc_hd__clkdlybuf4s50_1)
   0.000    1.588 ^ pc[1] (out)
            1.588   data arrival time

   7.000    7.000   clock vclk_clk (rise edge)
   0.775    7.775   clock network delay (ideal)
   0.000    7.775   clock reconvergence pessimism
  -1.400    6.375   output external delay
            6.375   data required time
-----------------------------------------------------------
            6.375   data required time
           -1.588   data arrival time
-----------------------------------------------------------
            4.787   slack (MET)


Startpoint: dp.pcreg.q[0]$_DFFE_PP0P_
            (rising edge-triggered flip-flop clocked by clk)
Endpoint: pc[0] (output port clocked by vclk_clk)
Path Group: vclk_clk
Path Type: max

   Delay     Time   Description
-----------------------------------------------------------
   0.000    0.000   clock clk (rise edge)
   0.775    0.775   clock network delay (ideal)
   0.000    0.775 ^ dp.pcreg.q[0]$_DFFE_PP0P_/CLK (sky130_fd_sc_hd__dfrtp_1)
   0.339    1.114 ^ dp.pcreg.q[0]$_DFFE_PP0P_/Q (sky130_fd_sc_hd__dfrtp_1)
   0.469    1.583 ^ output132/X (sky130_fd_sc_hd__clkdlybuf4s50_1)
   0.000    1.583 ^ pc[0] (out)
            1.583   data arrival time

   7.000    7.000   clock vclk_clk (rise edge)
   0.775    7.775   clock network delay (ideal)
   0.000    7.775   clock reconvergence pessimism
  -1.400    6.375   output external delay
            6.375   data required time
-----------------------------------------------------------
            6.375   data required time
           -1.583   data arrival time
-----------------------------------------------------------
            4.792   slack (MET)


Startpoint: dp.pcreg.q[28]$_DFF_PP0_
            (rising edge-triggered flip-flop clocked by clk)
Endpoint: pc[28] (output port clocked by vclk_clk)
Path Group: vclk_clk
Path Type: max

   Delay     Time   Description
-----------------------------------------------------------
   0.000    0.000   clock clk (rise edge)
   0.775    0.775   clock network delay (ideal)
   0.000    0.775 ^ dp.pcreg.q[28]$_DFF_PP0_/CLK (sky130_fd_sc_hd__dfrtp_1)
   0.331    1.106 ^ dp.pcreg.q[28]$_DFF_PP0_/Q (sky130_fd_sc_hd__dfrtp_1)
   0.457    1.563 ^ output152/X (sky130_fd_sc_hd__clkdlybuf4s50_1)
   0.000    1.563 ^ pc[28] (out)
            1.563   data arrival time

   7.000    7.000   clock vclk_clk (rise edge)
   0.775    7.775   clock network delay (ideal)
   0.000    7.775   clock reconvergence pessimism
  -1.400    6.375   output external delay
            6.375   data required time
-----------------------------------------------------------
            6.375   data required time
           -1.563   data arrival time
-----------------------------------------------------------
            4.812   slack (MET)


Startpoint: dp.pcreg.q[31]$_DFF_PP0_
            (rising edge-triggered flip-flop clocked by clk)
Endpoint: pc[31] (output port clocked by vclk_clk)
Path Group: vclk_clk
Path Type: max

   Delay     Time   Description
-----------------------------------------------------------
   0.000    0.000   clock clk (rise edge)
   0.775    0.775   clock network delay (ideal)
   0.000    0.775 ^ dp.pcreg.q[31]$_DFF_PP0_/CLK (sky130_fd_sc_hd__dfrtp_1)
   0.322    1.097 ^ dp.pcreg.q[31]$_DFF_PP0_/Q (sky130_fd_sc_hd__dfrtp_1)
   0.452    1.549 ^ output156/X (sky130_fd_sc_hd__clkdlybuf4s50_1)
   0.000    1.549 ^ pc[31] (out)
            1.549   data arrival time

   7.000    7.000   clock vclk_clk (rise edge)
   0.775    7.775   clock network delay (ideal)
   0.000    7.775   clock reconvergence pessimism
  -1.400    6.375   output external delay
            6.375   data required time
-----------------------------------------------------------
            6.375   data required time
           -1.549   data arrival time
-----------------------------------------------------------
            4.826   slack (MET)


