OpenROAD dc5eee77c45dba8e5ace2fc89c38c6d9a4ed6e0f 
Features included (+) or not (-): +GPU +GUI +Python
This program is licensed under the BSD-3 license. See the LICENSE file for details.
Components of this program may be licensed under more restrictive licenses which must be honored.
Startpoint: dp.rf.rf[5][1]$_DFFE_PP_
            (rising edge-triggered flip-flop clocked by clk)
Endpoint: dp.rf.rf[1][31]$_DFFE_PP_
          (rising edge-triggered flip-flop clocked by clk)
Path Group: clk
Path Type: max

   Delay     Time   Description
-----------------------------------------------------------
   0.000    0.000   clock clk (rise edge)
   0.775    0.775   clock network delay (ideal)
   0.000    0.775 ^ dp.rf.rf[5][1]$_DFFE_PP_/CLK (sky130_fd_sc_hd__edfxtp_1)
   0.362    1.137 v dp.rf.rf[5][1]$_DFFE_PP_/Q (sky130_fd_sc_hd__edfxtp_1)
   0.283    1.421 v _4342_/X (sky130_fd_sc_hd__mux2_2)
   0.289    1.709 v _4343_/X (sky130_fd_sc_hd__a221o_1)
   0.140    1.849 ^ _4344_/Y (sky130_fd_sc_hd__a22oi_1)
   0.073    1.923 v _4345_/Y (sky130_fd_sc_hd__a31oi_1)
   0.225    2.147 v _4346_/X (sky130_fd_sc_hd__a22o_1)
   0.249    2.396 ^ _4354_/Y (sky130_fd_sc_hd__a311oi_2)
   0.177    2.573 ^ place987/X (sky130_fd_sc_hd__buf_4)
   0.236    2.809 ^ place986/X (sky130_fd_sc_hd__buf_4)
   0.195    3.004 v _7418_/Y (sky130_fd_sc_hd__o21ai_0)
   0.315    3.318 v _7731_/SUM (sky130_fd_sc_hd__ha_1)
   0.183    3.502 v _6932_/X (sky130_fd_sc_hd__a21o_1)
   0.241    3.743 ^ _6933_/Y (sky130_fd_sc_hd__a21oi_1)
   0.100    3.843 v _6934_/Y (sky130_fd_sc_hd__o21bai_1)
   0.201    4.043 v _6935_/X (sky130_fd_sc_hd__a21o_1)
   0.375    4.419 ^ _6936_/Y (sky130_fd_sc_hd__a21oi_1)
   0.196    4.615 v _6943_/Y (sky130_fd_sc_hd__o21ai_0)
   0.199    4.814 v place817/X (sky130_fd_sc_hd__buf_4)
   0.220    5.033 ^ _6952_/Y (sky130_fd_sc_hd__o211ai_1)
   0.183    5.217 ^ place809/X (sky130_fd_sc_hd__buf_4)
   0.155    5.372 v _6957_/Y (sky130_fd_sc_hd__a31oi_1)
   0.371    5.743 ^ _6961_/Y (sky130_fd_sc_hd__a41oi_1)
   0.197    5.940 v _6965_/Y (sky130_fd_sc_hd__a211oi_1)
   0.377    6.317 v _7607_/X (sky130_fd_sc_hd__a221o_1)
   0.215    6.532 ^ _7608_/Y (sky130_fd_sc_hd__a21oi_1)
   0.167    6.699 ^ _7609_/Y (sky130_fd_sc_hd__xnor2_1)
   0.095    6.794 v _7637_/Y (sky130_fd_sc_hd__a22oi_1)
   0.126    6.920 ^ _7638_/Y (sky130_fd_sc_hd__nand2_1)
   0.332    7.252 ^ place752/X (sky130_fd_sc_hd__buf_4)
   0.040    7.292 ^ dp.rf.rf[1][31]$_DFFE_PP_/D (sky130_fd_sc_hd__edfxtp_1)
            7.292   data arrival time

   7.000    7.000   clock clk (rise edge)
   0.775    7.775   clock network delay (ideal)
   0.000    7.775   clock reconvergence pessimism
            7.775 ^ dp.rf.rf[1][31]$_DFFE_PP_/CLK (sky130_fd_sc_hd__edfxtp_1)
  -0.234    7.541   library setup time
            7.541   data required time
-----------------------------------------------------------
            7.541   data required time
           -7.292   data arrival time
-----------------------------------------------------------
            0.249   slack (MET)


Startpoint: dp.rf.rf[5][1]$_DFFE_PP_
            (rising edge-triggered flip-flop clocked by clk)
Endpoint: dp.rf.rf[3][31]$_DFFE_PP_
          (rising edge-triggered flip-flop clocked by clk)
Path Group: clk
Path Type: max

   Delay     Time   Description
-----------------------------------------------------------
   0.000    0.000   clock clk (rise edge)
   0.775    0.775   clock network delay (ideal)
   0.000    0.775 ^ dp.rf.rf[5][1]$_DFFE_PP_/CLK (sky130_fd_sc_hd__edfxtp_1)
   0.362    1.137 v dp.rf.rf[5][1]$_DFFE_PP_/Q (sky130_fd_sc_hd__edfxtp_1)
   0.283    1.421 v _4342_/X (sky130_fd_sc_hd__mux2_2)
   0.289    1.709 v _4343_/X (sky130_fd_sc_hd__a221o_1)
   0.140    1.849 ^ _4344_/Y (sky130_fd_sc_hd__a22oi_1)
   0.073    1.923 v _4345_/Y (sky130_fd_sc_hd__a31oi_1)
   0.225    2.147 v _4346_/X (sky130_fd_sc_hd__a22o_1)
   0.249    2.396 ^ _4354_/Y (sky130_fd_sc_hd__a311oi_2)
   0.177    2.573 ^ place987/X (sky130_fd_sc_hd__buf_4)
   0.236    2.809 ^ place986/X (sky130_fd_sc_hd__buf_4)
   0.195    3.004 v _7418_/Y (sky130_fd_sc_hd__o21ai_0)
   0.315    3.318 v _7731_/SUM (sky130_fd_sc_hd__ha_1)
   0.183    3.502 v _6932_/X (sky130_fd_sc_hd__a21o_1)
   0.241    3.743 ^ _6933_/Y (sky130_fd_sc_hd__a21oi_1)
   0.100    3.843 v _6934_/Y (sky130_fd_sc_hd__o21bai_1)
   0.201    4.043 v _6935_/X (sky130_fd_sc_hd__a21o_1)
   0.375    4.419 ^ _6936_/Y (sky130_fd_sc_hd__a21oi_1)
   0.196    4.615 v _6943_/Y (sky130_fd_sc_hd__o21ai_0)
   0.199    4.814 v place817/X (sky130_fd_sc_hd__buf_4)
   0.220    5.033 ^ _6952_/Y (sky130_fd_sc_hd__o211ai_1)
   0.183    5.217 ^ place809/X (sky130_fd_sc_hd__buf_4)
   0.155    5.372 v _6957_/Y (sky130_fd_sc_hd__a31oi_1)
   0.371    5.743 ^ _6961_/Y (sky130_fd_sc_hd__a41oi_1)
   0.197    5.940 v _6965_/Y (sky130_fd_sc_hd__a211oi_1)
   0.377    6.317 v _7607_/X (sky130_fd_sc_hd__a221o_1)
   0.215    6.532 ^ _7608_/Y (sky130_fd_sc_hd__a21oi_1)
   0.167    6.699 ^ _7609_/Y (sky130_fd_sc_hd__xnor2_1)
   0.095    6.794 v _7637_/Y (sky130_fd_sc_hd__a22oi_1)
   0.126    6.920 ^ _7638_/Y (sky130_fd_sc_hd__nand2_1)
   0.332    7.252 ^ place752/X (sky130_fd_sc_hd__buf_4)
   0.040    7.292 ^ dp.rf.rf[3][31]$_DFFE_PP_/D (sky130_fd_sc_hd__edfxtp_1)
            7.292   data arrival time

   7.000    7.000   clock clk (rise edge)
   0.775    7.775   clock network delay (ideal)
   0.000    7.775   clock reconvergence pessimism
            7.775 ^ dp.rf.rf[3][31]$_DFFE_PP_/CLK (sky130_fd_sc_hd__edfxtp_1)
  -0.234    7.541   library setup time
            7.541   data required time
-----------------------------------------------------------
            7.541   data required time
           -7.292   data arrival time
-----------------------------------------------------------
            0.249   slack (MET)


Startpoint: dp.rf.rf[5][1]$_DFFE_PP_
            (rising edge-triggered flip-flop clocked by clk)
Endpoint: dp.rf.rf[2][31]$_DFFE_PP_
          (rising edge-triggered flip-flop clocked by clk)
Path Group: clk
Path Type: max

   Delay     Time   Description
-----------------------------------------------------------
   0.000    0.000   clock clk (rise edge)
   0.775    0.775   clock network delay (ideal)
   0.000    0.775 ^ dp.rf.rf[5][1]$_DFFE_PP_/CLK (sky130_fd_sc_hd__edfxtp_1)
   0.362    1.137 v dp.rf.rf[5][1]$_DFFE_PP_/Q (sky130_fd_sc_hd__edfxtp_1)
   0.283    1.421 v _4342_/X (sky130_fd_sc_hd__mux2_2)
   0.289    1.709 v _4343_/X (sky130_fd_sc_hd__a221o_1)
   0.140    1.849 ^ _4344_/Y (sky130_fd_sc_hd__a22oi_1)
   0.073    1.923 v _4345_/Y (sky130_fd_sc_hd__a31oi_1)
   0.225    2.147 v _4346_/X (sky130_fd_sc_hd__a22o_1)
   0.249    2.396 ^ _4354_/Y (sky130_fd_sc_hd__a311oi_2)
   0.177    2.573 ^ place987/X (sky130_fd_sc_hd__buf_4)
   0.236    2.809 ^ place986/X (sky130_fd_sc_hd__buf_4)
   0.195    3.004 v _7418_/Y (sky130_fd_sc_hd__o21ai_0)
   0.315    3.318 v _7731_/SUM (sky130_fd_sc_hd__ha_1)
   0.183    3.502 v _6932_/X (sky130_fd_sc_hd__a21o_1)
   0.241    3.743 ^ _6933_/Y (sky130_fd_sc_hd__a21oi_1)
   0.100    3.843 v _6934_/Y (sky130_fd_sc_hd__o21bai_1)
   0.201    4.043 v _6935_/X (sky130_fd_sc_hd__a21o_1)
   0.375    4.419 ^ _6936_/Y (sky130_fd_sc_hd__a21oi_1)
   0.196    4.615 v _6943_/Y (sky130_fd_sc_hd__o21ai_0)
   0.199    4.814 v place817/X (sky130_fd_sc_hd__buf_4)
   0.220    5.033 ^ _6952_/Y (sky130_fd_sc_hd__o211ai_1)
   0.183    5.217 ^ place809/X (sky130_fd_sc_hd__buf_4)
   0.155    5.372 v _6957_/Y (sky130_fd_sc_hd__a31oi_1)
   0.371    5.743 ^ _6961_/Y (sky130_fd_sc_hd__a41oi_1)
   0.197    5.940 v _6965_/Y (sky130_fd_sc_hd__a211oi_1)
   0.377    6.317 v _7607_/X (sky130_fd_sc_hd__a221o_1)
   0.215    6.532 ^ _7608_/Y (sky130_fd_sc_hd__a21oi_1)
   0.167    6.699 ^ _7609_/Y (sky130_fd_sc_hd__xnor2_1)
   0.095    6.794 v _7637_/Y (sky130_fd_sc_hd__a22oi_1)
   0.126    6.920 ^ _7638_/Y (sky130_fd_sc_hd__nand2_1)
   0.332    7.252 ^ place752/X (sky130_fd_sc_hd__buf_4)
   0.040    7.292 ^ dp.rf.rf[2][31]$_DFFE_PP_/D (sky130_fd_sc_hd__edfxtp_1)
            7.292   data arrival time

   7.000    7.000   clock clk (rise edge)
   0.775    7.775   clock network delay (ideal)
   0.000    7.775   clock reconvergence pessimism
            7.775 ^ dp.rf.rf[2][31]$_DFFE_PP_/CLK (sky130_fd_sc_hd__edfxtp_1)
  -0.234    7.541   library setup time
            7.541   data required time
-----------------------------------------------------------
            7.541   data required time
           -7.292   data arrival time
-----------------------------------------------------------
            0.249   slack (MET)


Startpoint: dp.rf.rf[5][1]$_DFFE_PP_
            (rising edge-triggered flip-flop clocked by clk)
Endpoint: dp.rf.rf[7][31]$_DFFE_PP_
          (rising edge-triggered flip-flop clocked by clk)
Path Group: clk
Path Type: max

   Delay     Time   Description
-----------------------------------------------------------
   0.000    0.000   clock clk (rise edge)
   0.775    0.775   clock network delay (ideal)
   0.000    0.775 ^ dp.rf.rf[5][1]$_DFFE_PP_/CLK (sky130_fd_sc_hd__edfxtp_1)
   0.362    1.137 v dp.rf.rf[5][1]$_DFFE_PP_/Q (sky130_fd_sc_hd__edfxtp_1)
   0.283    1.421 v _4342_/X (sky130_fd_sc_hd__mux2_2)
   0.289    1.709 v _4343_/X (sky130_fd_sc_hd__a221o_1)
   0.140    1.849 ^ _4344_/Y (sky130_fd_sc_hd__a22oi_1)
   0.073    1.923 v _4345_/Y (sky130_fd_sc_hd__a31oi_1)
   0.225    2.147 v _4346_/X (sky130_fd_sc_hd__a22o_1)
   0.249    2.396 ^ _4354_/Y (sky130_fd_sc_hd__a311oi_2)
   0.177    2.573 ^ place987/X (sky130_fd_sc_hd__buf_4)
   0.236    2.809 ^ place986/X (sky130_fd_sc_hd__buf_4)
   0.195    3.004 v _7418_/Y (sky130_fd_sc_hd__o21ai_0)
   0.315    3.318 v _7731_/SUM (sky130_fd_sc_hd__ha_1)
   0.183    3.502 v _6932_/X (sky130_fd_sc_hd__a21o_1)
   0.241    3.743 ^ _6933_/Y (sky130_fd_sc_hd__a21oi_1)
   0.100    3.843 v _6934_/Y (sky130_fd_sc_hd__o21bai_1)
   0.201    4.043 v _6935_/X (sky130_fd_sc_hd__a21o_1)
   0.375    4.419 ^ _6936_/Y (sky130_fd_sc_hd__a21oi_1)
   0.196    4.615 v _6943_/Y (sky130_fd_sc_hd__o21ai_0)
   0.199    4.814 v place817/X (sky130_fd_sc_hd__buf_4)
   0.220    5.033 ^ _6952_/Y (sky130_fd_sc_hd__o211ai_1)
   0.183    5.217 ^ place809/X (sky130_fd_sc_hd__buf_4)
   0.155    5.372 v _6957_/Y (sky130_fd_sc_hd__a31oi_1)
   0.371    5.743 ^ _6961_/Y (sky130_fd_sc_hd__a41oi_1)
   0.197    5.940 v _6965_/Y (sky130_fd_sc_hd__a211oi_1)
   0.377    6.317 v _7607_/X (sky130_fd_sc_hd__a221o_1)
   0.215    6.532 ^ _7608_/Y (sky130_fd_sc_hd__a21oi_1)
   0.167    6.699 ^ _7609_/Y (sky130_fd_sc_hd__xnor2_1)
   0.095    6.794 v _7637_/Y (sky130_fd_sc_hd__a22oi_1)
   0.126    6.920 ^ _7638_/Y (sky130_fd_sc_hd__nand2_1)
   0.332    7.252 ^ place752/X (sky130_fd_sc_hd__buf_4)
   0.040    7.291 ^ dp.rf.rf[7][31]$_DFFE_PP_/D (sky130_fd_sc_hd__edfxtp_1)
            7.291   data arrival time

   7.000    7.000   clock clk (rise edge)
   0.775    7.775   clock network delay (ideal)
   0.000    7.775   clock reconvergence pessimism
            7.775 ^ dp.rf.rf[7][31]$_DFFE_PP_/CLK (sky130_fd_sc_hd__edfxtp_1)
  -0.234    7.541   library setup time
            7.541   data required time
-----------------------------------------------------------
            7.541   data required time
           -7.291   data arrival time
-----------------------------------------------------------
            0.249   slack (MET)


Startpoint: dp.rf.rf[5][1]$_DFFE_PP_
            (rising edge-triggered flip-flop clocked by clk)
Endpoint: dp.rf.rf[4][31]$_DFFE_PP_
          (rising edge-triggered flip-flop clocked by clk)
Path Group: clk
Path Type: max

   Delay     Time   Description
-----------------------------------------------------------
   0.000    0.000   clock clk (rise edge)
   0.775    0.775   clock network delay (ideal)
   0.000    0.775 ^ dp.rf.rf[5][1]$_DFFE_PP_/CLK (sky130_fd_sc_hd__edfxtp_1)
   0.362    1.137 v dp.rf.rf[5][1]$_DFFE_PP_/Q (sky130_fd_sc_hd__edfxtp_1)
   0.283    1.421 v _4342_/X (sky130_fd_sc_hd__mux2_2)
   0.289    1.709 v _4343_/X (sky130_fd_sc_hd__a221o_1)
   0.140    1.849 ^ _4344_/Y (sky130_fd_sc_hd__a22oi_1)
   0.073    1.923 v _4345_/Y (sky130_fd_sc_hd__a31oi_1)
   0.225    2.147 v _4346_/X (sky130_fd_sc_hd__a22o_1)
   0.249    2.396 ^ _4354_/Y (sky130_fd_sc_hd__a311oi_2)
   0.177    2.573 ^ place987/X (sky130_fd_sc_hd__buf_4)
   0.236    2.809 ^ place986/X (sky130_fd_sc_hd__buf_4)
   0.195    3.004 v _7418_/Y (sky130_fd_sc_hd__o21ai_0)
   0.315    3.318 v _7731_/SUM (sky130_fd_sc_hd__ha_1)
   0.183    3.502 v _6932_/X (sky130_fd_sc_hd__a21o_1)
   0.241    3.743 ^ _6933_/Y (sky130_fd_sc_hd__a21oi_1)
   0.100    3.843 v _6934_/Y (sky130_fd_sc_hd__o21bai_1)
   0.201    4.043 v _6935_/X (sky130_fd_sc_hd__a21o_1)
   0.375    4.419 ^ _6936_/Y (sky130_fd_sc_hd__a21oi_1)
   0.196    4.615 v _6943_/Y (sky130_fd_sc_hd__o21ai_0)
   0.199    4.814 v place817/X (sky130_fd_sc_hd__buf_4)
   0.220    5.033 ^ _6952_/Y (sky130_fd_sc_hd__o211ai_1)
   0.183    5.217 ^ place809/X (sky130_fd_sc_hd__buf_4)
   0.155    5.372 v _6957_/Y (sky130_fd_sc_hd__a31oi_1)
   0.371    5.743 ^ _6961_/Y (sky130_fd_sc_hd__a41oi_1)
   0.197    5.940 v _6965_/Y (sky130_fd_sc_hd__a211oi_1)
   0.377    6.317 v _7607_/X (sky130_fd_sc_hd__a221o_1)
   0.215    6.532 ^ _7608_/Y (sky130_fd_sc_hd__a21oi_1)
   0.167    6.699 ^ _7609_/Y (sky130_fd_sc_hd__xnor2_1)
   0.095    6.794 v _7637_/Y (sky130_fd_sc_hd__a22oi_1)
   0.126    6.920 ^ _7638_/Y (sky130_fd_sc_hd__nand2_1)
   0.332    7.252 ^ place752/X (sky130_fd_sc_hd__buf_4)
   0.039    7.291 ^ dp.rf.rf[4][31]$_DFFE_PP_/D (sky130_fd_sc_hd__edfxtp_1)
            7.291   data arrival time

   7.000    7.000   clock clk (rise edge)
   0.775    7.775   clock network delay (ideal)
   0.000    7.775   clock reconvergence pessimism
            7.775 ^ dp.rf.rf[4][31]$_DFFE_PP_/CLK (sky130_fd_sc_hd__edfxtp_1)
  -0.234    7.541   library setup time
            7.541   data required time
-----------------------------------------------------------
            7.541   data required time
           -7.291   data arrival time
-----------------------------------------------------------
            0.249   slack (MET)


Startpoint: dp.rf.rf[5][1]$_DFFE_PP_
            (rising edge-triggered flip-flop clocked by clk)
Endpoint: dp.rf.rf[5][31]$_DFFE_PP_
          (rising edge-triggered flip-flop clocked by clk)
Path Group: clk
Path Type: max

   Delay     Time   Description
-----------------------------------------------------------
   0.000    0.000   clock clk (rise edge)
   0.775    0.775   clock network delay (ideal)
   0.000    0.775 ^ dp.rf.rf[5][1]$_DFFE_PP_/CLK (sky130_fd_sc_hd__edfxtp_1)
   0.362    1.137 v dp.rf.rf[5][1]$_DFFE_PP_/Q (sky130_fd_sc_hd__edfxtp_1)
   0.283    1.421 v _4342_/X (sky130_fd_sc_hd__mux2_2)
   0.289    1.709 v _4343_/X (sky130_fd_sc_hd__a221o_1)
   0.140    1.849 ^ _4344_/Y (sky130_fd_sc_hd__a22oi_1)
   0.073    1.923 v _4345_/Y (sky130_fd_sc_hd__a31oi_1)
   0.225    2.147 v _4346_/X (sky130_fd_sc_hd__a22o_1)
   0.249    2.396 ^ _4354_/Y (sky130_fd_sc_hd__a311oi_2)
   0.177    2.573 ^ place987/X (sky130_fd_sc_hd__buf_4)
   0.236    2.809 ^ place986/X (sky130_fd_sc_hd__buf_4)
   0.195    3.004 v _7418_/Y (sky130_fd_sc_hd__o21ai_0)
   0.315    3.318 v _7731_/SUM (sky130_fd_sc_hd__ha_1)
   0.183    3.502 v _6932_/X (sky130_fd_sc_hd__a21o_1)
   0.241    3.743 ^ _6933_/Y (sky130_fd_sc_hd__a21oi_1)
   0.100    3.843 v _6934_/Y (sky130_fd_sc_hd__o21bai_1)
   0.201    4.043 v _6935_/X (sky130_fd_sc_hd__a21o_1)
   0.375    4.419 ^ _6936_/Y (sky130_fd_sc_hd__a21oi_1)
   0.196    4.615 v _6943_/Y (sky130_fd_sc_hd__o21ai_0)
   0.199    4.814 v place817/X (sky130_fd_sc_hd__buf_4)
   0.220    5.033 ^ _6952_/Y (sky130_fd_sc_hd__o211ai_1)
   0.183    5.217 ^ place809/X (sky130_fd_sc_hd__buf_4)
   0.155    5.372 v _6957_/Y (sky130_fd_sc_hd__a31oi_1)
   0.371    5.743 ^ _6961_/Y (sky130_fd_sc_hd__a41oi_1)
   0.197    5.940 v _6965_/Y (sky130_fd_sc_hd__a211oi_1)
   0.377    6.317 v _7607_/X (sky130_fd_sc_hd__a221o_1)
   0.215    6.532 ^ _7608_/Y (sky130_fd_sc_hd__a21oi_1)
   0.167    6.699 ^ _7609_/Y (sky130_fd_sc_hd__xnor2_1)
   0.095    6.794 v _7637_/Y (sky130_fd_sc_hd__a22oi_1)
   0.126    6.920 ^ _7638_/Y (sky130_fd_sc_hd__nand2_1)
   0.332    7.252 ^ place752/X (sky130_fd_sc_hd__buf_4)
   0.039    7.291 ^ dp.rf.rf[5][31]$_DFFE_PP_/D (sky130_fd_sc_hd__edfxtp_1)
            7.291   data arrival time

   7.000    7.000   clock clk (rise edge)
   0.775    7.775   clock network delay (ideal)
   0.000    7.775   clock reconvergence pessimism
            7.775 ^ dp.rf.rf[5][31]$_DFFE_PP_/CLK (sky130_fd_sc_hd__edfxtp_1)
  -0.234    7.541   library setup time
            7.541   data required time
-----------------------------------------------------------
            7.541   data required time
           -7.291   data arrival time
-----------------------------------------------------------
            0.249   slack (MET)


Startpoint: dp.rf.rf[5][1]$_DFFE_PP_
            (rising edge-triggered flip-flop clocked by clk)
Endpoint: dp.rf.rf[6][31]$_DFFE_PP_
          (rising edge-triggered flip-flop clocked by clk)
Path Group: clk
Path Type: max

   Delay     Time   Description
-----------------------------------------------------------
   0.000    0.000   clock clk (rise edge)
   0.775    0.775   clock network delay (ideal)
   0.000    0.775 ^ dp.rf.rf[5][1]$_DFFE_PP_/CLK (sky130_fd_sc_hd__edfxtp_1)
   0.362    1.137 v dp.rf.rf[5][1]$_DFFE_PP_/Q (sky130_fd_sc_hd__edfxtp_1)
   0.283    1.421 v _4342_/X (sky130_fd_sc_hd__mux2_2)
   0.289    1.709 v _4343_/X (sky130_fd_sc_hd__a221o_1)
   0.140    1.849 ^ _4344_/Y (sky130_fd_sc_hd__a22oi_1)
   0.073    1.923 v _4345_/Y (sky130_fd_sc_hd__a31oi_1)
   0.225    2.147 v _4346_/X (sky130_fd_sc_hd__a22o_1)
   0.249    2.396 ^ _4354_/Y (sky130_fd_sc_hd__a311oi_2)
   0.177    2.573 ^ place987/X (sky130_fd_sc_hd__buf_4)
   0.236    2.809 ^ place986/X (sky130_fd_sc_hd__buf_4)
   0.195    3.004 v _7418_/Y (sky130_fd_sc_hd__o21ai_0)
   0.315    3.318 v _7731_/SUM (sky130_fd_sc_hd__ha_1)
   0.183    3.502 v _6932_/X (sky130_fd_sc_hd__a21o_1)
   0.241    3.743 ^ _6933_/Y (sky130_fd_sc_hd__a21oi_1)
   0.100    3.843 v _6934_/Y (sky130_fd_sc_hd__o21bai_1)
   0.201    4.043 v _6935_/X (sky130_fd_sc_hd__a21o_1)
   0.375    4.419 ^ _6936_/Y (sky130_fd_sc_hd__a21oi_1)
   0.196    4.615 v _6943_/Y (sky130_fd_sc_hd__o21ai_0)
   0.199    4.814 v place817/X (sky130_fd_sc_hd__buf_4)
   0.220    5.033 ^ _6952_/Y (sky130_fd_sc_hd__o211ai_1)
   0.183    5.217 ^ place809/X (sky130_fd_sc_hd__buf_4)
   0.155    5.372 v _6957_/Y (sky130_fd_sc_hd__a31oi_1)
   0.371    5.743 ^ _6961_/Y (sky130_fd_sc_hd__a41oi_1)
   0.197    5.940 v _6965_/Y (sky130_fd_sc_hd__a211oi_1)
   0.377    6.317 v _7607_/X (sky130_fd_sc_hd__a221o_1)
   0.215    6.532 ^ _7608_/Y (sky130_fd_sc_hd__a21oi_1)
   0.167    6.699 ^ _7609_/Y (sky130_fd_sc_hd__xnor2_1)
   0.095    6.794 v _7637_/Y (sky130_fd_sc_hd__a22oi_1)
   0.126    6.920 ^ _7638_/Y (sky130_fd_sc_hd__nand2_1)
   0.332    7.252 ^ place752/X (sky130_fd_sc_hd__buf_4)
   0.039    7.291 ^ dp.rf.rf[6][31]$_DFFE_PP_/D (sky130_fd_sc_hd__edfxtp_1)
            7.291   data arrival time

   7.000    7.000   clock clk (rise edge)
   0.775    7.775   clock network delay (ideal)
   0.000    7.775   clock reconvergence pessimism
            7.775 ^ dp.rf.rf[6][31]$_DFFE_PP_/CLK (sky130_fd_sc_hd__edfxtp_1)
  -0.234    7.541   library setup time
            7.541   data required time
-----------------------------------------------------------
            7.541   data required time
           -7.291   data arrival time
-----------------------------------------------------------
            0.250   slack (MET)


Startpoint: dp.rf.rf[5][1]$_DFFE_PP_
            (rising edge-triggered flip-flop clocked by clk)
Endpoint: dp.rf.rf[0][31]$_DFFE_PP_
          (rising edge-triggered flip-flop clocked by clk)
Path Group: clk
Path Type: max

   Delay     Time   Description
-----------------------------------------------------------
   0.000    0.000   clock clk (rise edge)
   0.775    0.775   clock network delay (ideal)
   0.000    0.775 ^ dp.rf.rf[5][1]$_DFFE_PP_/CLK (sky130_fd_sc_hd__edfxtp_1)
   0.362    1.137 v dp.rf.rf[5][1]$_DFFE_PP_/Q (sky130_fd_sc_hd__edfxtp_1)
   0.283    1.421 v _4342_/X (sky130_fd_sc_hd__mux2_2)
   0.289    1.709 v _4343_/X (sky130_fd_sc_hd__a221o_1)
   0.140    1.849 ^ _4344_/Y (sky130_fd_sc_hd__a22oi_1)
   0.073    1.923 v _4345_/Y (sky130_fd_sc_hd__a31oi_1)
   0.225    2.147 v _4346_/X (sky130_fd_sc_hd__a22o_1)
   0.249    2.396 ^ _4354_/Y (sky130_fd_sc_hd__a311oi_2)
   0.177    2.573 ^ place987/X (sky130_fd_sc_hd__buf_4)
   0.236    2.809 ^ place986/X (sky130_fd_sc_hd__buf_4)
   0.195    3.004 v _7418_/Y (sky130_fd_sc_hd__o21ai_0)
   0.315    3.318 v _7731_/SUM (sky130_fd_sc_hd__ha_1)
   0.183    3.502 v _6932_/X (sky130_fd_sc_hd__a21o_1)
   0.241    3.743 ^ _6933_/Y (sky130_fd_sc_hd__a21oi_1)
   0.100    3.843 v _6934_/Y (sky130_fd_sc_hd__o21bai_1)
   0.201    4.043 v _6935_/X (sky130_fd_sc_hd__a21o_1)
   0.375    4.419 ^ _6936_/Y (sky130_fd_sc_hd__a21oi_1)
   0.196    4.615 v _6943_/Y (sky130_fd_sc_hd__o21ai_0)
   0.199    4.814 v place817/X (sky130_fd_sc_hd__buf_4)
   0.220    5.033 ^ _6952_/Y (sky130_fd_sc_hd__o211ai_1)
   0.183    5.217 ^ place809/X (sky130_fd_sc_hd__buf_4)
   0.155    5.372 v _6957_/Y (sky130_fd_sc_hd__a31oi_1)
   0.371    5.743 ^ _6961_/Y (sky130_fd_sc_hd__a41oi_1)
   0.197    5.940 v _6965_/Y (sky130_fd_sc_hd__a211oi_1)
   0.377    6.317 v _7607_/X (sky130_fd_sc_hd__a221o_1)
   0.215    6.532 ^ _7608_/Y (sky130_fd_sc_hd__a21oi_1)
   0.167    6.699 ^ _7609_/Y (sky130_fd_sc_hd__xnor2_1)
   0.095    6.794 v _7637_/Y (sky130_fd_sc_hd__a22oi_1)
   0.126    6.920 ^ _7638_/Y (sky130_fd_sc_hd__nand2_1)
   0.332    7.252 ^ place752/X (sky130_fd_sc_hd__buf_4)
   0.039    7.291 ^ dp.rf.rf[0][31]$_DFFE_PP_/D (sky130_fd_sc_hd__edfxtp_1)
            7.291   data arrival time

   7.000    7.000   clock clk (rise edge)
   0.775    7.775   clock network delay (ideal)
   0.000    7.775   clock reconvergence pessimism
            7.775 ^ dp.rf.rf[0][31]$_DFFE_PP_/CLK (sky130_fd_sc_hd__edfxtp_1)
  -0.234    7.541   library setup time
            7.541   data required time
-----------------------------------------------------------
            7.541   data required time
           -7.291   data arrival time
-----------------------------------------------------------
            0.250   slack (MET)


Startpoint: dp.rf.rf[5][1]$_DFFE_PP_
            (rising edge-triggered flip-flop clocked by clk)
Endpoint: dp.rf.rf[14][31]$_DFFE_PP_
          (rising edge-triggered flip-flop clocked by clk)
Path Group: clk
Path Type: max

   Delay     Time   Description
-----------------------------------------------------------
   0.000    0.000   clock clk (rise edge)
   0.775    0.775   clock network delay (ideal)
   0.000    0.775 ^ dp.rf.rf[5][1]$_DFFE_PP_/CLK (sky130_fd_sc_hd__edfxtp_1)
   0.362    1.137 v dp.rf.rf[5][1]$_DFFE_PP_/Q (sky130_fd_sc_hd__edfxtp_1)
   0.283    1.421 v _4342_/X (sky130_fd_sc_hd__mux2_2)
   0.289    1.709 v _4343_/X (sky130_fd_sc_hd__a221o_1)
   0.140    1.849 ^ _4344_/Y (sky130_fd_sc_hd__a22oi_1)
   0.073    1.923 v _4345_/Y (sky130_fd_sc_hd__a31oi_1)
   0.225    2.147 v _4346_/X (sky130_fd_sc_hd__a22o_1)
   0.249    2.396 ^ _4354_/Y (sky130_fd_sc_hd__a311oi_2)
   0.177    2.573 ^ place987/X (sky130_fd_sc_hd__buf_4)
   0.236    2.809 ^ place986/X (sky130_fd_sc_hd__buf_4)
   0.195    3.004 v _7418_/Y (sky130_fd_sc_hd__o21ai_0)
   0.315    3.318 v _7731_/SUM (sky130_fd_sc_hd__ha_1)
   0.183    3.502 v _6932_/X (sky130_fd_sc_hd__a21o_1)
   0.241    3.743 ^ _6933_/Y (sky130_fd_sc_hd__a21oi_1)
   0.100    3.843 v _6934_/Y (sky130_fd_sc_hd__o21bai_1)
   0.201    4.043 v _6935_/X (sky130_fd_sc_hd__a21o_1)
   0.375    4.419 ^ _6936_/Y (sky130_fd_sc_hd__a21oi_1)
   0.196    4.615 v _6943_/Y (sky130_fd_sc_hd__o21ai_0)
   0.199    4.814 v place817/X (sky130_fd_sc_hd__buf_4)
   0.220    5.033 ^ _6952_/Y (sky130_fd_sc_hd__o211ai_1)
   0.183    5.217 ^ place809/X (sky130_fd_sc_hd__buf_4)
   0.155    5.372 v _6957_/Y (sky130_fd_sc_hd__a31oi_1)
   0.371    5.743 ^ _6961_/Y (sky130_fd_sc_hd__a41oi_1)
   0.197    5.940 v _6965_/Y (sky130_fd_sc_hd__a211oi_1)
   0.377    6.317 v _7607_/X (sky130_fd_sc_hd__a221o_1)
   0.215    6.532 ^ _7608_/Y (sky130_fd_sc_hd__a21oi_1)
   0.167    6.699 ^ _7609_/Y (sky130_fd_sc_hd__xnor2_1)
   0.095    6.794 v _7637_/Y (sky130_fd_sc_hd__a22oi_1)
   0.126    6.920 ^ _7638_/Y (sky130_fd_sc_hd__nand2_1)
   0.332    7.252 ^ place752/X (sky130_fd_sc_hd__buf_4)
   0.038    7.290 ^ dp.rf.rf[14][31]$_DFFE_PP_/D (sky130_fd_sc_hd__edfxtp_1)
            7.290   data arrival time

   7.000    7.000   clock clk (rise edge)
   0.775    7.775   clock network delay (ideal)
   0.000    7.775   clock reconvergence pessimism
            7.775 ^ dp.rf.rf[14][31]$_DFFE_PP_/CLK (sky130_fd_sc_hd__edfxtp_1)
  -0.234    7.541   library setup time
            7.541   data required time
-----------------------------------------------------------
            7.541   data required time
           -7.290   data arrival time
-----------------------------------------------------------
            0.251   slack (MET)


Startpoint: dp.rf.rf[5][1]$_DFFE_PP_
            (rising edge-triggered flip-flop clocked by clk)
Endpoint: dp.rf.rf[15][31]$_DFFE_PP_
          (rising edge-triggered flip-flop clocked by clk)
Path Group: clk
Path Type: max

   Delay     Time   Description
-----------------------------------------------------------
   0.000    0.000   clock clk (rise edge)
   0.775    0.775   clock network delay (ideal)
   0.000    0.775 ^ dp.rf.rf[5][1]$_DFFE_PP_/CLK (sky130_fd_sc_hd__edfxtp_1)
   0.362    1.137 v dp.rf.rf[5][1]$_DFFE_PP_/Q (sky130_fd_sc_hd__edfxtp_1)
   0.283    1.421 v _4342_/X (sky130_fd_sc_hd__mux2_2)
   0.289    1.709 v _4343_/X (sky130_fd_sc_hd__a221o_1)
   0.140    1.849 ^ _4344_/Y (sky130_fd_sc_hd__a22oi_1)
   0.073    1.923 v _4345_/Y (sky130_fd_sc_hd__a31oi_1)
   0.225    2.147 v _4346_/X (sky130_fd_sc_hd__a22o_1)
   0.249    2.396 ^ _4354_/Y (sky130_fd_sc_hd__a311oi_2)
   0.177    2.573 ^ place987/X (sky130_fd_sc_hd__buf_4)
   0.236    2.809 ^ place986/X (sky130_fd_sc_hd__buf_4)
   0.195    3.004 v _7418_/Y (sky130_fd_sc_hd__o21ai_0)
   0.315    3.318 v _7731_/SUM (sky130_fd_sc_hd__ha_1)
   0.183    3.502 v _6932_/X (sky130_fd_sc_hd__a21o_1)
   0.241    3.743 ^ _6933_/Y (sky130_fd_sc_hd__a21oi_1)
   0.100    3.843 v _6934_/Y (sky130_fd_sc_hd__o21bai_1)
   0.201    4.043 v _6935_/X (sky130_fd_sc_hd__a21o_1)
   0.375    4.419 ^ _6936_/Y (sky130_fd_sc_hd__a21oi_1)
   0.196    4.615 v _6943_/Y (sky130_fd_sc_hd__o21ai_0)
   0.199    4.814 v place817/X (sky130_fd_sc_hd__buf_4)
   0.220    5.033 ^ _6952_/Y (sky130_fd_sc_hd__o211ai_1)
   0.183    5.217 ^ place809/X (sky130_fd_sc_hd__buf_4)
   0.155    5.372 v _6957_/Y (sky130_fd_sc_hd__a31oi_1)
   0.371    5.743 ^ _6961_/Y (sky130_fd_sc_hd__a41oi_1)
   0.197    5.940 v _6965_/Y (sky130_fd_sc_hd__a211oi_1)
   0.377    6.317 v _7607_/X (sky130_fd_sc_hd__a221o_1)
   0.215    6.532 ^ _7608_/Y (sky130_fd_sc_hd__a21oi_1)
   0.167    6.699 ^ _7609_/Y (sky130_fd_sc_hd__xnor2_1)
   0.095    6.794 v _7637_/Y (sky130_fd_sc_hd__a22oi_1)
   0.126    6.920 ^ _7638_/Y (sky130_fd_sc_hd__nand2_1)
   0.332    7.252 ^ place752/X (sky130_fd_sc_hd__buf_4)
   0.038    7.290 ^ dp.rf.rf[15][31]$_DFFE_PP_/D (sky130_fd_sc_hd__edfxtp_1)
            7.290   data arrival time

   7.000    7.000   clock clk (rise edge)
   0.775    7.775   clock network delay (ideal)
   0.000    7.775   clock reconvergence pessimism
            7.775 ^ dp.rf.rf[15][31]$_DFFE_PP_/CLK (sky130_fd_sc_hd__edfxtp_1)
  -0.234    7.541   library setup time
            7.541   data required time
-----------------------------------------------------------
            7.541   data required time
           -7.290   data arrival time
-----------------------------------------------------------
            0.251   slack (MET)


Startpoint: dp.rf.rf[5][1]$_DFFE_PP_
            (rising edge-triggered flip-flop clocked by clk)
Endpoint: dp.rf.rf[13][31]$_DFFE_PP_
          (rising edge-triggered flip-flop clocked by clk)
Path Group: clk
Path Type: max

   Delay     Time   Description
-----------------------------------------------------------
   0.000    0.000   clock clk (rise edge)
   0.775    0.775   clock network delay (ideal)
   0.000    0.775 ^ dp.rf.rf[5][1]$_DFFE_PP_/CLK (sky130_fd_sc_hd__edfxtp_1)
   0.362    1.137 v dp.rf.rf[5][1]$_DFFE_PP_/Q (sky130_fd_sc_hd__edfxtp_1)
   0.283    1.421 v _4342_/X (sky130_fd_sc_hd__mux2_2)
   0.289    1.709 v _4343_/X (sky130_fd_sc_hd__a221o_1)
   0.140    1.849 ^ _4344_/Y (sky130_fd_sc_hd__a22oi_1)
   0.073    1.923 v _4345_/Y (sky130_fd_sc_hd__a31oi_1)
   0.225    2.147 v _4346_/X (sky130_fd_sc_hd__a22o_1)
   0.249    2.396 ^ _4354_/Y (sky130_fd_sc_hd__a311oi_2)
   0.177    2.573 ^ place987/X (sky130_fd_sc_hd__buf_4)
   0.236    2.809 ^ place986/X (sky130_fd_sc_hd__buf_4)
   0.195    3.004 v _7418_/Y (sky130_fd_sc_hd__o21ai_0)
   0.315    3.318 v _7731_/SUM (sky130_fd_sc_hd__ha_1)
   0.183    3.502 v _6932_/X (sky130_fd_sc_hd__a21o_1)
   0.241    3.743 ^ _6933_/Y (sky130_fd_sc_hd__a21oi_1)
   0.100    3.843 v _6934_/Y (sky130_fd_sc_hd__o21bai_1)
   0.201    4.043 v _6935_/X (sky130_fd_sc_hd__a21o_1)
   0.375    4.419 ^ _6936_/Y (sky130_fd_sc_hd__a21oi_1)
   0.196    4.615 v _6943_/Y (sky130_fd_sc_hd__o21ai_0)
   0.199    4.814 v place817/X (sky130_fd_sc_hd__buf_4)
   0.220    5.033 ^ _6952_/Y (sky130_fd_sc_hd__o211ai_1)
   0.183    5.217 ^ place809/X (sky130_fd_sc_hd__buf_4)
   0.155    5.372 v _6957_/Y (sky130_fd_sc_hd__a31oi_1)
   0.371    5.743 ^ _6961_/Y (sky130_fd_sc_hd__a41oi_1)
   0.197    5.940 v _6965_/Y (sky130_fd_sc_hd__a211oi_1)
   0.377    6.317 v _7607_/X (sky130_fd_sc_hd__a221o_1)
   0.215    6.532 ^ _7608_/Y (sky130_fd_sc_hd__a21oi_1)
   0.167    6.699 ^ _7609_/Y (sky130_fd_sc_hd__xnor2_1)
   0.095    6.794 v _7637_/Y (sky130_fd_sc_hd__a22oi_1)
   0.126    6.920 ^ _7638_/Y (sky130_fd_sc_hd__nand2_1)
   0.332    7.252 ^ place752/X (sky130_fd_sc_hd__buf_4)
   0.038    7.290 ^ dp.rf.rf[13][31]$_DFFE_PP_/D (sky130_fd_sc_hd__edfxtp_1)
            7.290   data arrival time

   7.000    7.000   clock clk (rise edge)
   0.775    7.775   clock network delay (ideal)
   0.000    7.775   clock reconvergence pessimism
            7.775 ^ dp.rf.rf[13][31]$_DFFE_PP_/CLK (sky130_fd_sc_hd__edfxtp_1)
  -0.234    7.541   library setup time
            7.541   data required time
-----------------------------------------------------------
            7.541   data required time
           -7.290   data arrival time
-----------------------------------------------------------
            0.251   slack (MET)


Startpoint: dp.rf.rf[5][1]$_DFFE_PP_
            (rising edge-triggered flip-flop clocked by clk)
Endpoint: dp.rf.rf[12][31]$_DFFE_PP_
          (rising edge-triggered flip-flop clocked by clk)
Path Group: clk
Path Type: max

   Delay     Time   Description
-----------------------------------------------------------
   0.000    0.000   clock clk (rise edge)
   0.775    0.775   clock network delay (ideal)
   0.000    0.775 ^ dp.rf.rf[5][1]$_DFFE_PP_/CLK (sky130_fd_sc_hd__edfxtp_1)
   0.362    1.137 v dp.rf.rf[5][1]$_DFFE_PP_/Q (sky130_fd_sc_hd__edfxtp_1)
   0.283    1.421 v _4342_/X (sky130_fd_sc_hd__mux2_2)
   0.289    1.709 v _4343_/X (sky130_fd_sc_hd__a221o_1)
   0.140    1.849 ^ _4344_/Y (sky130_fd_sc_hd__a22oi_1)
   0.073    1.923 v _4345_/Y (sky130_fd_sc_hd__a31oi_1)
   0.225    2.147 v _4346_/X (sky130_fd_sc_hd__a22o_1)
   0.249    2.396 ^ _4354_/Y (sky130_fd_sc_hd__a311oi_2)
   0.177    2.573 ^ place987/X (sky130_fd_sc_hd__buf_4)
   0.236    2.809 ^ place986/X (sky130_fd_sc_hd__buf_4)
   0.195    3.004 v _7418_/Y (sky130_fd_sc_hd__o21ai_0)
   0.315    3.318 v _7731_/SUM (sky130_fd_sc_hd__ha_1)
   0.183    3.502 v _6932_/X (sky130_fd_sc_hd__a21o_1)
   0.241    3.743 ^ _6933_/Y (sky130_fd_sc_hd__a21oi_1)
   0.100    3.843 v _6934_/Y (sky130_fd_sc_hd__o21bai_1)
   0.201    4.043 v _6935_/X (sky130_fd_sc_hd__a21o_1)
   0.375    4.419 ^ _6936_/Y (sky130_fd_sc_hd__a21oi_1)
   0.196    4.615 v _6943_/Y (sky130_fd_sc_hd__o21ai_0)
   0.199    4.814 v place817/X (sky130_fd_sc_hd__buf_4)
   0.220    5.033 ^ _6952_/Y (sky130_fd_sc_hd__o211ai_1)
   0.183    5.217 ^ place809/X (sky130_fd_sc_hd__buf_4)
   0.155    5.372 v _6957_/Y (sky130_fd_sc_hd__a31oi_1)
   0.371    5.743 ^ _6961_/Y (sky130_fd_sc_hd__a41oi_1)
   0.197    5.940 v _6965_/Y (sky130_fd_sc_hd__a211oi_1)
   0.377    6.317 v _7607_/X (sky130_fd_sc_hd__a221o_1)
   0.215    6.532 ^ _7608_/Y (sky130_fd_sc_hd__a21oi_1)
   0.167    6.699 ^ _7609_/Y (sky130_fd_sc_hd__xnor2_1)
   0.095    6.794 v _7637_/Y (sky130_fd_sc_hd__a22oi_1)
   0.126    6.920 ^ _7638_/Y (sky130_fd_sc_hd__nand2_1)
   0.332    7.252 ^ place752/X (sky130_fd_sc_hd__buf_4)
   0.038    7.290 ^ dp.rf.rf[12][31]$_DFFE_PP_/D (sky130_fd_sc_hd__edfxtp_1)
            7.290   data arrival time

   7.000    7.000   clock clk (rise edge)
   0.775    7.775   clock network delay (ideal)
   0.000    7.775   clock reconvergence pessimism
            7.775 ^ dp.rf.rf[12][31]$_DFFE_PP_/CLK (sky130_fd_sc_hd__edfxtp_1)
  -0.234    7.541   library setup time
            7.541   data required time
-----------------------------------------------------------
            7.541   data required time
           -7.290   data arrival time
-----------------------------------------------------------
            0.251   slack (MET)


Startpoint: dp.rf.rf[5][1]$_DFFE_PP_
            (rising edge-triggered flip-flop clocked by clk)
Endpoint: dp.rf.rf[10][31]$_DFFE_PP_
          (rising edge-triggered flip-flop clocked by clk)
Path Group: clk
Path Type: max

   Delay     Time   Description
-----------------------------------------------------------
   0.000    0.000   clock clk (rise edge)
   0.775    0.775   clock network delay (ideal)
   0.000    0.775 ^ dp.rf.rf[5][1]$_DFFE_PP_/CLK (sky130_fd_sc_hd__edfxtp_1)
   0.362    1.137 v dp.rf.rf[5][1]$_DFFE_PP_/Q (sky130_fd_sc_hd__edfxtp_1)
   0.283    1.421 v _4342_/X (sky130_fd_sc_hd__mux2_2)
   0.289    1.709 v _4343_/X (sky130_fd_sc_hd__a221o_1)
   0.140    1.849 ^ _4344_/Y (sky130_fd_sc_hd__a22oi_1)
   0.073    1.923 v _4345_/Y (sky130_fd_sc_hd__a31oi_1)
   0.225    2.147 v _4346_/X (sky130_fd_sc_hd__a22o_1)
   0.249    2.396 ^ _4354_/Y (sky130_fd_sc_hd__a311oi_2)
   0.177    2.573 ^ place987/X (sky130_fd_sc_hd__buf_4)
   0.236    2.809 ^ place986/X (sky130_fd_sc_hd__buf_4)
   0.195    3.004 v _7418_/Y (sky130_fd_sc_hd__o21ai_0)
   0.315    3.318 v _7731_/SUM (sky130_fd_sc_hd__ha_1)
   0.183    3.502 v _6932_/X (sky130_fd_sc_hd__a21o_1)
   0.241    3.743 ^ _6933_/Y (sky130_fd_sc_hd__a21oi_1)
   0.100    3.843 v _6934_/Y (sky130_fd_sc_hd__o21bai_1)
   0.201    4.043 v _6935_/X (sky130_fd_sc_hd__a21o_1)
   0.375    4.419 ^ _6936_/Y (sky130_fd_sc_hd__a21oi_1)
   0.196    4.615 v _6943_/Y (sky130_fd_sc_hd__o21ai_0)
   0.199    4.814 v place817/X (sky130_fd_sc_hd__buf_4)
   0.220    5.033 ^ _6952_/Y (sky130_fd_sc_hd__o211ai_1)
   0.183    5.217 ^ place809/X (sky130_fd_sc_hd__buf_4)
   0.155    5.372 v _6957_/Y (sky130_fd_sc_hd__a31oi_1)
   0.371    5.743 ^ _6961_/Y (sky130_fd_sc_hd__a41oi_1)
   0.197    5.940 v _6965_/Y (sky130_fd_sc_hd__a211oi_1)
   0.377    6.317 v _7607_/X (sky130_fd_sc_hd__a221o_1)
   0.215    6.532 ^ _7608_/Y (sky130_fd_sc_hd__a21oi_1)
   0.167    6.699 ^ _7609_/Y (sky130_fd_sc_hd__xnor2_1)
   0.095    6.794 v _7637_/Y (sky130_fd_sc_hd__a22oi_1)
   0.126    6.920 ^ _7638_/Y (sky130_fd_sc_hd__nand2_1)
   0.332    7.252 ^ place752/X (sky130_fd_sc_hd__buf_4)
   0.037    7.289 ^ dp.rf.rf[10][31]$_DFFE_PP_/D (sky130_fd_sc_hd__edfxtp_1)
            7.289   data arrival time

   7.000    7.000   clock clk (rise edge)
   0.775    7.775   clock network delay (ideal)
   0.000    7.775   clock reconvergence pessimism
            7.775 ^ dp.rf.rf[10][31]$_DFFE_PP_/CLK (sky130_fd_sc_hd__edfxtp_1)
  -0.234    7.541   library setup time
            7.541   data required time
-----------------------------------------------------------
            7.541   data required time
           -7.289   data arrival time
-----------------------------------------------------------
            0.252   slack (MET)


Startpoint: dp.rf.rf[5][1]$_DFFE_PP_
            (rising edge-triggered flip-flop clocked by clk)
Endpoint: dp.rf.rf[11][31]$_DFFE_PP_
          (rising edge-triggered flip-flop clocked by clk)
Path Group: clk
Path Type: max

   Delay     Time   Description
-----------------------------------------------------------
   0.000    0.000   clock clk (rise edge)
   0.775    0.775   clock network delay (ideal)
   0.000    0.775 ^ dp.rf.rf[5][1]$_DFFE_PP_/CLK (sky130_fd_sc_hd__edfxtp_1)
   0.362    1.137 v dp.rf.rf[5][1]$_DFFE_PP_/Q (sky130_fd_sc_hd__edfxtp_1)
   0.283    1.421 v _4342_/X (sky130_fd_sc_hd__mux2_2)
   0.289    1.709 v _4343_/X (sky130_fd_sc_hd__a221o_1)
   0.140    1.849 ^ _4344_/Y (sky130_fd_sc_hd__a22oi_1)
   0.073    1.923 v _4345_/Y (sky130_fd_sc_hd__a31oi_1)
   0.225    2.147 v _4346_/X (sky130_fd_sc_hd__a22o_1)
   0.249    2.396 ^ _4354_/Y (sky130_fd_sc_hd__a311oi_2)
   0.177    2.573 ^ place987/X (sky130_fd_sc_hd__buf_4)
   0.236    2.809 ^ place986/X (sky130_fd_sc_hd__buf_4)
   0.195    3.004 v _7418_/Y (sky130_fd_sc_hd__o21ai_0)
   0.315    3.318 v _7731_/SUM (sky130_fd_sc_hd__ha_1)
   0.183    3.502 v _6932_/X (sky130_fd_sc_hd__a21o_1)
   0.241    3.743 ^ _6933_/Y (sky130_fd_sc_hd__a21oi_1)
   0.100    3.843 v _6934_/Y (sky130_fd_sc_hd__o21bai_1)
   0.201    4.043 v _6935_/X (sky130_fd_sc_hd__a21o_1)
   0.375    4.419 ^ _6936_/Y (sky130_fd_sc_hd__a21oi_1)
   0.196    4.615 v _6943_/Y (sky130_fd_sc_hd__o21ai_0)
   0.199    4.814 v place817/X (sky130_fd_sc_hd__buf_4)
   0.220    5.033 ^ _6952_/Y (sky130_fd_sc_hd__o211ai_1)
   0.183    5.217 ^ place809/X (sky130_fd_sc_hd__buf_4)
   0.155    5.372 v _6957_/Y (sky130_fd_sc_hd__a31oi_1)
   0.371    5.743 ^ _6961_/Y (sky130_fd_sc_hd__a41oi_1)
   0.197    5.940 v _6965_/Y (sky130_fd_sc_hd__a211oi_1)
   0.377    6.317 v _7607_/X (sky130_fd_sc_hd__a221o_1)
   0.215    6.532 ^ _7608_/Y (sky130_fd_sc_hd__a21oi_1)
   0.167    6.699 ^ _7609_/Y (sky130_fd_sc_hd__xnor2_1)
   0.095    6.794 v _7637_/Y (sky130_fd_sc_hd__a22oi_1)
   0.126    6.920 ^ _7638_/Y (sky130_fd_sc_hd__nand2_1)
   0.332    7.252 ^ place752/X (sky130_fd_sc_hd__buf_4)
   0.037    7.288 ^ dp.rf.rf[11][31]$_DFFE_PP_/D (sky130_fd_sc_hd__edfxtp_1)
            7.288   data arrival time

   7.000    7.000   clock clk (rise edge)
   0.775    7.775   clock network delay (ideal)
   0.000    7.775   clock reconvergence pessimism
            7.775 ^ dp.rf.rf[11][31]$_DFFE_PP_/CLK (sky130_fd_sc_hd__edfxtp_1)
  -0.234    7.541   library setup time
            7.541   data required time
-----------------------------------------------------------
            7.541   data required time
           -7.288   data arrival time
-----------------------------------------------------------
            0.252   slack (MET)


Startpoint: dp.rf.rf[5][1]$_DFFE_PP_
            (rising edge-triggered flip-flop clocked by clk)
Endpoint: dp.rf.rf[8][31]$_DFFE_PP_
          (rising edge-triggered flip-flop clocked by clk)
Path Group: clk
Path Type: max

   Delay     Time   Description
-----------------------------------------------------------
   0.000    0.000   clock clk (rise edge)
   0.775    0.775   clock network delay (ideal)
   0.000    0.775 ^ dp.rf.rf[5][1]$_DFFE_PP_/CLK (sky130_fd_sc_hd__edfxtp_1)
   0.362    1.137 v dp.rf.rf[5][1]$_DFFE_PP_/Q (sky130_fd_sc_hd__edfxtp_1)
   0.283    1.421 v _4342_/X (sky130_fd_sc_hd__mux2_2)
   0.289    1.709 v _4343_/X (sky130_fd_sc_hd__a221o_1)
   0.140    1.849 ^ _4344_/Y (sky130_fd_sc_hd__a22oi_1)
   0.073    1.923 v _4345_/Y (sky130_fd_sc_hd__a31oi_1)
   0.225    2.147 v _4346_/X (sky130_fd_sc_hd__a22o_1)
   0.249    2.396 ^ _4354_/Y (sky130_fd_sc_hd__a311oi_2)
   0.177    2.573 ^ place987/X (sky130_fd_sc_hd__buf_4)
   0.236    2.809 ^ place986/X (sky130_fd_sc_hd__buf_4)
   0.195    3.004 v _7418_/Y (sky130_fd_sc_hd__o21ai_0)
   0.315    3.318 v _7731_/SUM (sky130_fd_sc_hd__ha_1)
   0.183    3.502 v _6932_/X (sky130_fd_sc_hd__a21o_1)
   0.241    3.743 ^ _6933_/Y (sky130_fd_sc_hd__a21oi_1)
   0.100    3.843 v _6934_/Y (sky130_fd_sc_hd__o21bai_1)
   0.201    4.043 v _6935_/X (sky130_fd_sc_hd__a21o_1)
   0.375    4.419 ^ _6936_/Y (sky130_fd_sc_hd__a21oi_1)
   0.196    4.615 v _6943_/Y (sky130_fd_sc_hd__o21ai_0)
   0.199    4.814 v place817/X (sky130_fd_sc_hd__buf_4)
   0.220    5.033 ^ _6952_/Y (sky130_fd_sc_hd__o211ai_1)
   0.183    5.217 ^ place809/X (sky130_fd_sc_hd__buf_4)
   0.155    5.372 v _6957_/Y (sky130_fd_sc_hd__a31oi_1)
   0.371    5.743 ^ _6961_/Y (sky130_fd_sc_hd__a41oi_1)
   0.197    5.940 v _6965_/Y (sky130_fd_sc_hd__a211oi_1)
   0.377    6.317 v _7607_/X (sky130_fd_sc_hd__a221o_1)
   0.215    6.532 ^ _7608_/Y (sky130_fd_sc_hd__a21oi_1)
   0.167    6.699 ^ _7609_/Y (sky130_fd_sc_hd__xnor2_1)
   0.095    6.794 v _7637_/Y (sky130_fd_sc_hd__a22oi_1)
   0.126    6.920 ^ _7638_/Y (sky130_fd_sc_hd__nand2_1)
   0.332    7.252 ^ place752/X (sky130_fd_sc_hd__buf_4)
   0.036    7.288 ^ dp.rf.rf[8][31]$_DFFE_PP_/D (sky130_fd_sc_hd__edfxtp_1)
            7.288   data arrival time

   7.000    7.000   clock clk (rise edge)
   0.775    7.775   clock network delay (ideal)
   0.000    7.775   clock reconvergence pessimism
            7.775 ^ dp.rf.rf[8][31]$_DFFE_PP_/CLK (sky130_fd_sc_hd__edfxtp_1)
  -0.234    7.541   library setup time
            7.541   data required time
-----------------------------------------------------------
            7.541   data required time
           -7.288   data arrival time
-----------------------------------------------------------
            0.253   slack (MET)


Startpoint: dp.rf.rf[5][1]$_DFFE_PP_
            (rising edge-triggered flip-flop clocked by clk)
Endpoint: dp.rf.rf[9][31]$_DFFE_PP_
          (rising edge-triggered flip-flop clocked by clk)
Path Group: clk
Path Type: max

   Delay     Time   Description
-----------------------------------------------------------
   0.000    0.000   clock clk (rise edge)
   0.775    0.775   clock network delay (ideal)
   0.000    0.775 ^ dp.rf.rf[5][1]$_DFFE_PP_/CLK (sky130_fd_sc_hd__edfxtp_1)
   0.362    1.137 v dp.rf.rf[5][1]$_DFFE_PP_/Q (sky130_fd_sc_hd__edfxtp_1)
   0.283    1.421 v _4342_/X (sky130_fd_sc_hd__mux2_2)
   0.289    1.709 v _4343_/X (sky130_fd_sc_hd__a221o_1)
   0.140    1.849 ^ _4344_/Y (sky130_fd_sc_hd__a22oi_1)
   0.073    1.923 v _4345_/Y (sky130_fd_sc_hd__a31oi_1)
   0.225    2.147 v _4346_/X (sky130_fd_sc_hd__a22o_1)
   0.249    2.396 ^ _4354_/Y (sky130_fd_sc_hd__a311oi_2)
   0.177    2.573 ^ place987/X (sky130_fd_sc_hd__buf_4)
   0.236    2.809 ^ place986/X (sky130_fd_sc_hd__buf_4)
   0.195    3.004 v _7418_/Y (sky130_fd_sc_hd__o21ai_0)
   0.315    3.318 v _7731_/SUM (sky130_fd_sc_hd__ha_1)
   0.183    3.502 v _6932_/X (sky130_fd_sc_hd__a21o_1)
   0.241    3.743 ^ _6933_/Y (sky130_fd_sc_hd__a21oi_1)
   0.100    3.843 v _6934_/Y (sky130_fd_sc_hd__o21bai_1)
   0.201    4.043 v _6935_/X (sky130_fd_sc_hd__a21o_1)
   0.375    4.419 ^ _6936_/Y (sky130_fd_sc_hd__a21oi_1)
   0.196    4.615 v _6943_/Y (sky130_fd_sc_hd__o21ai_0)
   0.199    4.814 v place817/X (sky130_fd_sc_hd__buf_4)
   0.220    5.033 ^ _6952_/Y (sky130_fd_sc_hd__o211ai_1)
   0.183    5.217 ^ place809/X (sky130_fd_sc_hd__buf_4)
   0.155    5.372 v _6957_/Y (sky130_fd_sc_hd__a31oi_1)
   0.371    5.743 ^ _6961_/Y (sky130_fd_sc_hd__a41oi_1)
   0.197    5.940 v _6965_/Y (sky130_fd_sc_hd__a211oi_1)
   0.377    6.317 v _7607_/X (sky130_fd_sc_hd__a221o_1)
   0.215    6.532 ^ _7608_/Y (sky130_fd_sc_hd__a21oi_1)
   0.167    6.699 ^ _7609_/Y (sky130_fd_sc_hd__xnor2_1)
   0.095    6.794 v _7637_/Y (sky130_fd_sc_hd__a22oi_1)
   0.126    6.920 ^ _7638_/Y (sky130_fd_sc_hd__nand2_1)
   0.332    7.252 ^ place752/X (sky130_fd_sc_hd__buf_4)
   0.036    7.288 ^ dp.rf.rf[9][31]$_DFFE_PP_/D (sky130_fd_sc_hd__edfxtp_1)
            7.288   data arrival time

   7.000    7.000   clock clk (rise edge)
   0.775    7.775   clock network delay (ideal)
   0.000    7.775   clock reconvergence pessimism
            7.775 ^ dp.rf.rf[9][31]$_DFFE_PP_/CLK (sky130_fd_sc_hd__edfxtp_1)
  -0.234    7.541   library setup time
            7.541   data required time
-----------------------------------------------------------
            7.541   data required time
           -7.288   data arrival time
-----------------------------------------------------------
            0.253   slack (MET)


Startpoint: dp.rf.rf[5][1]$_DFFE_PP_
            (rising edge-triggered flip-flop clocked by clk)
Endpoint: dp.rf.rf[23][31]$_DFFE_PP_
          (rising edge-triggered flip-flop clocked by clk)
Path Group: clk
Path Type: max

   Delay     Time   Description
-----------------------------------------------------------
   0.000    0.000   clock clk (rise edge)
   0.775    0.775   clock network delay (ideal)
   0.000    0.775 ^ dp.rf.rf[5][1]$_DFFE_PP_/CLK (sky130_fd_sc_hd__edfxtp_1)
   0.362    1.137 v dp.rf.rf[5][1]$_DFFE_PP_/Q (sky130_fd_sc_hd__edfxtp_1)
   0.283    1.421 v _4342_/X (sky130_fd_sc_hd__mux2_2)
   0.289    1.709 v _4343_/X (sky130_fd_sc_hd__a221o_1)
   0.140    1.849 ^ _4344_/Y (sky130_fd_sc_hd__a22oi_1)
   0.073    1.923 v _4345_/Y (sky130_fd_sc_hd__a31oi_1)
   0.225    2.147 v _4346_/X (sky130_fd_sc_hd__a22o_1)
   0.249    2.396 ^ _4354_/Y (sky130_fd_sc_hd__a311oi_2)
   0.177    2.573 ^ place987/X (sky130_fd_sc_hd__buf_4)
   0.236    2.809 ^ place986/X (sky130_fd_sc_hd__buf_4)
   0.195    3.004 v _7418_/Y (sky130_fd_sc_hd__o21ai_0)
   0.315    3.318 v _7731_/SUM (sky130_fd_sc_hd__ha_1)
   0.183    3.502 v _6932_/X (sky130_fd_sc_hd__a21o_1)
   0.241    3.743 ^ _6933_/Y (sky130_fd_sc_hd__a21oi_1)
   0.100    3.843 v _6934_/Y (sky130_fd_sc_hd__o21bai_1)
   0.201    4.043 v _6935_/X (sky130_fd_sc_hd__a21o_1)
   0.375    4.419 ^ _6936_/Y (sky130_fd_sc_hd__a21oi_1)
   0.196    4.615 v _6943_/Y (sky130_fd_sc_hd__o21ai_0)
   0.199    4.814 v place817/X (sky130_fd_sc_hd__buf_4)
   0.220    5.033 ^ _6952_/Y (sky130_fd_sc_hd__o211ai_1)
   0.183    5.217 ^ place809/X (sky130_fd_sc_hd__buf_4)
   0.155    5.372 v _6957_/Y (sky130_fd_sc_hd__a31oi_1)
   0.371    5.743 ^ _6961_/Y (sky130_fd_sc_hd__a41oi_1)
   0.197    5.940 v _6965_/Y (sky130_fd_sc_hd__a211oi_1)
   0.377    6.317 v _7607_/X (sky130_fd_sc_hd__a221o_1)
   0.215    6.532 ^ _7608_/Y (sky130_fd_sc_hd__a21oi_1)
   0.167    6.699 ^ _7609_/Y (sky130_fd_sc_hd__xnor2_1)
   0.095    6.794 v _7637_/Y (sky130_fd_sc_hd__a22oi_1)
   0.126    6.920 ^ _7638_/Y (sky130_fd_sc_hd__nand2_1)
   0.332    7.252 ^ place752/X (sky130_fd_sc_hd__buf_4)
   0.035    7.287 ^ dp.rf.rf[23][31]$_DFFE_PP_/D (sky130_fd_sc_hd__edfxtp_1)
            7.287   data arrival time

   7.000    7.000   clock clk (rise edge)
   0.775    7.775   clock network delay (ideal)
   0.000    7.775   clock reconvergence pessimism
            7.775 ^ dp.rf.rf[23][31]$_DFFE_PP_/CLK (sky130_fd_sc_hd__edfxtp_1)
  -0.234    7.541   library setup time
            7.541   data required time
-----------------------------------------------------------
            7.541   data required time
           -7.287   data arrival time
-----------------------------------------------------------
            0.254   slack (MET)


Startpoint: dp.rf.rf[5][1]$_DFFE_PP_
            (rising edge-triggered flip-flop clocked by clk)
Endpoint: dp.rf.rf[17][31]$_DFFE_PP_
          (rising edge-triggered flip-flop clocked by clk)
Path Group: clk
Path Type: max

   Delay     Time   Description
-----------------------------------------------------------
   0.000    0.000   clock clk (rise edge)
   0.775    0.775   clock network delay (ideal)
   0.000    0.775 ^ dp.rf.rf[5][1]$_DFFE_PP_/CLK (sky130_fd_sc_hd__edfxtp_1)
   0.362    1.137 v dp.rf.rf[5][1]$_DFFE_PP_/Q (sky130_fd_sc_hd__edfxtp_1)
   0.283    1.421 v _4342_/X (sky130_fd_sc_hd__mux2_2)
   0.289    1.709 v _4343_/X (sky130_fd_sc_hd__a221o_1)
   0.140    1.849 ^ _4344_/Y (sky130_fd_sc_hd__a22oi_1)
   0.073    1.923 v _4345_/Y (sky130_fd_sc_hd__a31oi_1)
   0.225    2.147 v _4346_/X (sky130_fd_sc_hd__a22o_1)
   0.249    2.396 ^ _4354_/Y (sky130_fd_sc_hd__a311oi_2)
   0.177    2.573 ^ place987/X (sky130_fd_sc_hd__buf_4)
   0.236    2.809 ^ place986/X (sky130_fd_sc_hd__buf_4)
   0.195    3.004 v _7418_/Y (sky130_fd_sc_hd__o21ai_0)
   0.315    3.318 v _7731_/SUM (sky130_fd_sc_hd__ha_1)
   0.183    3.502 v _6932_/X (sky130_fd_sc_hd__a21o_1)
   0.241    3.743 ^ _6933_/Y (sky130_fd_sc_hd__a21oi_1)
   0.100    3.843 v _6934_/Y (sky130_fd_sc_hd__o21bai_1)
   0.201    4.043 v _6935_/X (sky130_fd_sc_hd__a21o_1)
   0.375    4.419 ^ _6936_/Y (sky130_fd_sc_hd__a21oi_1)
   0.196    4.615 v _6943_/Y (sky130_fd_sc_hd__o21ai_0)
   0.199    4.814 v place817/X (sky130_fd_sc_hd__buf_4)
   0.220    5.033 ^ _6952_/Y (sky130_fd_sc_hd__o211ai_1)
   0.183    5.217 ^ place809/X (sky130_fd_sc_hd__buf_4)
   0.155    5.372 v _6957_/Y (sky130_fd_sc_hd__a31oi_1)
   0.371    5.743 ^ _6961_/Y (sky130_fd_sc_hd__a41oi_1)
   0.197    5.940 v _6965_/Y (sky130_fd_sc_hd__a211oi_1)
   0.377    6.317 v _7607_/X (sky130_fd_sc_hd__a221o_1)
   0.215    6.532 ^ _7608_/Y (sky130_fd_sc_hd__a21oi_1)
   0.167    6.699 ^ _7609_/Y (sky130_fd_sc_hd__xnor2_1)
   0.095    6.794 v _7637_/Y (sky130_fd_sc_hd__a22oi_1)
   0.126    6.920 ^ _7638_/Y (sky130_fd_sc_hd__nand2_1)
   0.332    7.252 ^ place752/X (sky130_fd_sc_hd__buf_4)
   0.035    7.287 ^ dp.rf.rf[17][31]$_DFFE_PP_/D (sky130_fd_sc_hd__edfxtp_1)
            7.287   data arrival time

   7.000    7.000   clock clk (rise edge)
   0.775    7.775   clock network delay (ideal)
   0.000    7.775   clock reconvergence pessimism
            7.775 ^ dp.rf.rf[17][31]$_DFFE_PP_/CLK (sky130_fd_sc_hd__edfxtp_1)
  -0.234    7.541   library setup time
            7.541   data required time
-----------------------------------------------------------
            7.541   data required time
           -7.287   data arrival time
-----------------------------------------------------------
            0.254   slack (MET)


Startpoint: dp.rf.rf[5][1]$_DFFE_PP_
            (rising edge-triggered flip-flop clocked by clk)
Endpoint: dp.rf.rf[19][31]$_DFFE_PP_
          (rising edge-triggered flip-flop clocked by clk)
Path Group: clk
Path Type: max

   Delay     Time   Description
-----------------------------------------------------------
   0.000    0.000   clock clk (rise edge)
   0.775    0.775   clock network delay (ideal)
   0.000    0.775 ^ dp.rf.rf[5][1]$_DFFE_PP_/CLK (sky130_fd_sc_hd__edfxtp_1)
   0.362    1.137 v dp.rf.rf[5][1]$_DFFE_PP_/Q (sky130_fd_sc_hd__edfxtp_1)
   0.283    1.421 v _4342_/X (sky130_fd_sc_hd__mux2_2)
   0.289    1.709 v _4343_/X (sky130_fd_sc_hd__a221o_1)
   0.140    1.849 ^ _4344_/Y (sky130_fd_sc_hd__a22oi_1)
   0.073    1.923 v _4345_/Y (sky130_fd_sc_hd__a31oi_1)
   0.225    2.147 v _4346_/X (sky130_fd_sc_hd__a22o_1)
   0.249    2.396 ^ _4354_/Y (sky130_fd_sc_hd__a311oi_2)
   0.177    2.573 ^ place987/X (sky130_fd_sc_hd__buf_4)
   0.236    2.809 ^ place986/X (sky130_fd_sc_hd__buf_4)
   0.195    3.004 v _7418_/Y (sky130_fd_sc_hd__o21ai_0)
   0.315    3.318 v _7731_/SUM (sky130_fd_sc_hd__ha_1)
   0.183    3.502 v _6932_/X (sky130_fd_sc_hd__a21o_1)
   0.241    3.743 ^ _6933_/Y (sky130_fd_sc_hd__a21oi_1)
   0.100    3.843 v _6934_/Y (sky130_fd_sc_hd__o21bai_1)
   0.201    4.043 v _6935_/X (sky130_fd_sc_hd__a21o_1)
   0.375    4.419 ^ _6936_/Y (sky130_fd_sc_hd__a21oi_1)
   0.196    4.615 v _6943_/Y (sky130_fd_sc_hd__o21ai_0)
   0.199    4.814 v place817/X (sky130_fd_sc_hd__buf_4)
   0.220    5.033 ^ _6952_/Y (sky130_fd_sc_hd__o211ai_1)
   0.183    5.217 ^ place809/X (sky130_fd_sc_hd__buf_4)
   0.155    5.372 v _6957_/Y (sky130_fd_sc_hd__a31oi_1)
   0.371    5.743 ^ _6961_/Y (sky130_fd_sc_hd__a41oi_1)
   0.197    5.940 v _6965_/Y (sky130_fd_sc_hd__a211oi_1)
   0.377    6.317 v _7607_/X (sky130_fd_sc_hd__a221o_1)
   0.215    6.532 ^ _7608_/Y (sky130_fd_sc_hd__a21oi_1)
   0.167    6.699 ^ _7609_/Y (sky130_fd_sc_hd__xnor2_1)
   0.095    6.794 v _7637_/Y (sky130_fd_sc_hd__a22oi_1)
   0.126    6.920 ^ _7638_/Y (sky130_fd_sc_hd__nand2_1)
   0.332    7.252 ^ place752/X (sky130_fd_sc_hd__buf_4)
   0.035    7.287 ^ dp.rf.rf[19][31]$_DFFE_PP_/D (sky130_fd_sc_hd__edfxtp_1)
            7.287   data arrival time

   7.000    7.000   clock clk (rise edge)
   0.775    7.775   clock network delay (ideal)
   0.000    7.775   clock reconvergence pessimism
            7.775 ^ dp.rf.rf[19][31]$_DFFE_PP_/CLK (sky130_fd_sc_hd__edfxtp_1)
  -0.234    7.541   library setup time
            7.541   data required time
-----------------------------------------------------------
            7.541   data required time
           -7.287   data arrival time
-----------------------------------------------------------
            0.254   slack (MET)


Startpoint: dp.rf.rf[5][1]$_DFFE_PP_
            (rising edge-triggered flip-flop clocked by clk)
Endpoint: dp.rf.rf[16][31]$_DFFE_PP_
          (rising edge-triggered flip-flop clocked by clk)
Path Group: clk
Path Type: max

   Delay     Time   Description
-----------------------------------------------------------
   0.000    0.000   clock clk (rise edge)
   0.775    0.775   clock network delay (ideal)
   0.000    0.775 ^ dp.rf.rf[5][1]$_DFFE_PP_/CLK (sky130_fd_sc_hd__edfxtp_1)
   0.362    1.137 v dp.rf.rf[5][1]$_DFFE_PP_/Q (sky130_fd_sc_hd__edfxtp_1)
   0.283    1.421 v _4342_/X (sky130_fd_sc_hd__mux2_2)
   0.289    1.709 v _4343_/X (sky130_fd_sc_hd__a221o_1)
   0.140    1.849 ^ _4344_/Y (sky130_fd_sc_hd__a22oi_1)
   0.073    1.923 v _4345_/Y (sky130_fd_sc_hd__a31oi_1)
   0.225    2.147 v _4346_/X (sky130_fd_sc_hd__a22o_1)
   0.249    2.396 ^ _4354_/Y (sky130_fd_sc_hd__a311oi_2)
   0.177    2.573 ^ place987/X (sky130_fd_sc_hd__buf_4)
   0.236    2.809 ^ place986/X (sky130_fd_sc_hd__buf_4)
   0.195    3.004 v _7418_/Y (sky130_fd_sc_hd__o21ai_0)
   0.315    3.318 v _7731_/SUM (sky130_fd_sc_hd__ha_1)
   0.183    3.502 v _6932_/X (sky130_fd_sc_hd__a21o_1)
   0.241    3.743 ^ _6933_/Y (sky130_fd_sc_hd__a21oi_1)
   0.100    3.843 v _6934_/Y (sky130_fd_sc_hd__o21bai_1)
   0.201    4.043 v _6935_/X (sky130_fd_sc_hd__a21o_1)
   0.375    4.419 ^ _6936_/Y (sky130_fd_sc_hd__a21oi_1)
   0.196    4.615 v _6943_/Y (sky130_fd_sc_hd__o21ai_0)
   0.199    4.814 v place817/X (sky130_fd_sc_hd__buf_4)
   0.220    5.033 ^ _6952_/Y (sky130_fd_sc_hd__o211ai_1)
   0.183    5.217 ^ place809/X (sky130_fd_sc_hd__buf_4)
   0.155    5.372 v _6957_/Y (sky130_fd_sc_hd__a31oi_1)
   0.371    5.743 ^ _6961_/Y (sky130_fd_sc_hd__a41oi_1)
   0.197    5.940 v _6965_/Y (sky130_fd_sc_hd__a211oi_1)
   0.377    6.317 v _7607_/X (sky130_fd_sc_hd__a221o_1)
   0.215    6.532 ^ _7608_/Y (sky130_fd_sc_hd__a21oi_1)
   0.167    6.699 ^ _7609_/Y (sky130_fd_sc_hd__xnor2_1)
   0.095    6.794 v _7637_/Y (sky130_fd_sc_hd__a22oi_1)
   0.126    6.920 ^ _7638_/Y (sky130_fd_sc_hd__nand2_1)
   0.332    7.252 ^ place752/X (sky130_fd_sc_hd__buf_4)
   0.035    7.287 ^ dp.rf.rf[16][31]$_DFFE_PP_/D (sky130_fd_sc_hd__edfxtp_1)
            7.287   data arrival time

   7.000    7.000   clock clk (rise edge)
   0.775    7.775   clock network delay (ideal)
   0.000    7.775   clock reconvergence pessimism
            7.775 ^ dp.rf.rf[16][31]$_DFFE_PP_/CLK (sky130_fd_sc_hd__edfxtp_1)
  -0.234    7.541   library setup time
            7.541   data required time
-----------------------------------------------------------
            7.541   data required time
           -7.287   data arrival time
-----------------------------------------------------------
            0.254   slack (MET)


Startpoint: dp.rf.rf[5][1]$_DFFE_PP_
            (rising edge-triggered flip-flop clocked by clk)
Endpoint: dp.rf.rf[18][31]$_DFFE_PP_
          (rising edge-triggered flip-flop clocked by clk)
Path Group: clk
Path Type: max

   Delay     Time   Description
-----------------------------------------------------------
   0.000    0.000   clock clk (rise edge)
   0.775    0.775   clock network delay (ideal)
   0.000    0.775 ^ dp.rf.rf[5][1]$_DFFE_PP_/CLK (sky130_fd_sc_hd__edfxtp_1)
   0.362    1.137 v dp.rf.rf[5][1]$_DFFE_PP_/Q (sky130_fd_sc_hd__edfxtp_1)
   0.283    1.421 v _4342_/X (sky130_fd_sc_hd__mux2_2)
   0.289    1.709 v _4343_/X (sky130_fd_sc_hd__a221o_1)
   0.140    1.849 ^ _4344_/Y (sky130_fd_sc_hd__a22oi_1)
   0.073    1.923 v _4345_/Y (sky130_fd_sc_hd__a31oi_1)
   0.225    2.147 v _4346_/X (sky130_fd_sc_hd__a22o_1)
   0.249    2.396 ^ _4354_/Y (sky130_fd_sc_hd__a311oi_2)
   0.177    2.573 ^ place987/X (sky130_fd_sc_hd__buf_4)
   0.236    2.809 ^ place986/X (sky130_fd_sc_hd__buf_4)
   0.195    3.004 v _7418_/Y (sky130_fd_sc_hd__o21ai_0)
   0.315    3.318 v _7731_/SUM (sky130_fd_sc_hd__ha_1)
   0.183    3.502 v _6932_/X (sky130_fd_sc_hd__a21o_1)
   0.241    3.743 ^ _6933_/Y (sky130_fd_sc_hd__a21oi_1)
   0.100    3.843 v _6934_/Y (sky130_fd_sc_hd__o21bai_1)
   0.201    4.043 v _6935_/X (sky130_fd_sc_hd__a21o_1)
   0.375    4.419 ^ _6936_/Y (sky130_fd_sc_hd__a21oi_1)
   0.196    4.615 v _6943_/Y (sky130_fd_sc_hd__o21ai_0)
   0.199    4.814 v place817/X (sky130_fd_sc_hd__buf_4)
   0.220    5.033 ^ _6952_/Y (sky130_fd_sc_hd__o211ai_1)
   0.183    5.217 ^ place809/X (sky130_fd_sc_hd__buf_4)
   0.155    5.372 v _6957_/Y (sky130_fd_sc_hd__a31oi_1)
   0.371    5.743 ^ _6961_/Y (sky130_fd_sc_hd__a41oi_1)
   0.197    5.940 v _6965_/Y (sky130_fd_sc_hd__a211oi_1)
   0.377    6.317 v _7607_/X (sky130_fd_sc_hd__a221o_1)
   0.215    6.532 ^ _7608_/Y (sky130_fd_sc_hd__a21oi_1)
   0.167    6.699 ^ _7609_/Y (sky130_fd_sc_hd__xnor2_1)
   0.095    6.794 v _7637_/Y (sky130_fd_sc_hd__a22oi_1)
   0.126    6.920 ^ _7638_/Y (sky130_fd_sc_hd__nand2_1)
   0.332    7.252 ^ place752/X (sky130_fd_sc_hd__buf_4)
   0.035    7.287 ^ dp.rf.rf[18][31]$_DFFE_PP_/D (sky130_fd_sc_hd__edfxtp_1)
            7.287   data arrival time

   7.000    7.000   clock clk (rise edge)
   0.775    7.775   clock network delay (ideal)
   0.000    7.775   clock reconvergence pessimism
            7.775 ^ dp.rf.rf[18][31]$_DFFE_PP_/CLK (sky130_fd_sc_hd__edfxtp_1)
  -0.234    7.541   library setup time
            7.541   data required time
-----------------------------------------------------------
            7.541   data required time
           -7.287   data arrival time
-----------------------------------------------------------
            0.254   slack (MET)


Startpoint: dp.rf.rf[5][1]$_DFFE_PP_
            (rising edge-triggered flip-flop clocked by clk)
Endpoint: dp.rf.rf[22][31]$_DFFE_PP_
          (rising edge-triggered flip-flop clocked by clk)
Path Group: clk
Path Type: max

   Delay     Time   Description
-----------------------------------------------------------
   0.000    0.000   clock clk (rise edge)
   0.775    0.775   clock network delay (ideal)
   0.000    0.775 ^ dp.rf.rf[5][1]$_DFFE_PP_/CLK (sky130_fd_sc_hd__edfxtp_1)
   0.362    1.137 v dp.rf.rf[5][1]$_DFFE_PP_/Q (sky130_fd_sc_hd__edfxtp_1)
   0.283    1.421 v _4342_/X (sky130_fd_sc_hd__mux2_2)
   0.289    1.709 v _4343_/X (sky130_fd_sc_hd__a221o_1)
   0.140    1.849 ^ _4344_/Y (sky130_fd_sc_hd__a22oi_1)
   0.073    1.923 v _4345_/Y (sky130_fd_sc_hd__a31oi_1)
   0.225    2.147 v _4346_/X (sky130_fd_sc_hd__a22o_1)
   0.249    2.396 ^ _4354_/Y (sky130_fd_sc_hd__a311oi_2)
   0.177    2.573 ^ place987/X (sky130_fd_sc_hd__buf_4)
   0.236    2.809 ^ place986/X (sky130_fd_sc_hd__buf_4)
   0.195    3.004 v _7418_/Y (sky130_fd_sc_hd__o21ai_0)
   0.315    3.318 v _7731_/SUM (sky130_fd_sc_hd__ha_1)
   0.183    3.502 v _6932_/X (sky130_fd_sc_hd__a21o_1)
   0.241    3.743 ^ _6933_/Y (sky130_fd_sc_hd__a21oi_1)
   0.100    3.843 v _6934_/Y (sky130_fd_sc_hd__o21bai_1)
   0.201    4.043 v _6935_/X (sky130_fd_sc_hd__a21o_1)
   0.375    4.419 ^ _6936_/Y (sky130_fd_sc_hd__a21oi_1)
   0.196    4.615 v _6943_/Y (sky130_fd_sc_hd__o21ai_0)
   0.199    4.814 v place817/X (sky130_fd_sc_hd__buf_4)
   0.220    5.033 ^ _6952_/Y (sky130_fd_sc_hd__o211ai_1)
   0.183    5.217 ^ place809/X (sky130_fd_sc_hd__buf_4)
   0.155    5.372 v _6957_/Y (sky130_fd_sc_hd__a31oi_1)
   0.371    5.743 ^ _6961_/Y (sky130_fd_sc_hd__a41oi_1)
   0.197    5.940 v _6965_/Y (sky130_fd_sc_hd__a211oi_1)
   0.377    6.317 v _7607_/X (sky130_fd_sc_hd__a221o_1)
   0.215    6.532 ^ _7608_/Y (sky130_fd_sc_hd__a21oi_1)
   0.167    6.699 ^ _7609_/Y (sky130_fd_sc_hd__xnor2_1)
   0.095    6.794 v _7637_/Y (sky130_fd_sc_hd__a22oi_1)
   0.126    6.920 ^ _7638_/Y (sky130_fd_sc_hd__nand2_1)
   0.332    7.252 ^ place752/X (sky130_fd_sc_hd__buf_4)
   0.035    7.287 ^ dp.rf.rf[22][31]$_DFFE_PP_/D (sky130_fd_sc_hd__edfxtp_1)
            7.287   data arrival time

   7.000    7.000   clock clk (rise edge)
   0.775    7.775   clock network delay (ideal)
   0.000    7.775   clock reconvergence pessimism
            7.775 ^ dp.rf.rf[22][31]$_DFFE_PP_/CLK (sky130_fd_sc_hd__edfxtp_1)
  -0.234    7.541   library setup time
            7.541   data required time
-----------------------------------------------------------
            7.541   data required time
           -7.287   data arrival time
-----------------------------------------------------------
            0.254   slack (MET)


Startpoint: dp.rf.rf[5][1]$_DFFE_PP_
            (rising edge-triggered flip-flop clocked by clk)
Endpoint: dp.rf.rf[21][31]$_DFFE_PP_
          (rising edge-triggered flip-flop clocked by clk)
Path Group: clk
Path Type: max

   Delay     Time   Description
-----------------------------------------------------------
   0.000    0.000   clock clk (rise edge)
   0.775    0.775   clock network delay (ideal)
   0.000    0.775 ^ dp.rf.rf[5][1]$_DFFE_PP_/CLK (sky130_fd_sc_hd__edfxtp_1)
   0.362    1.137 v dp.rf.rf[5][1]$_DFFE_PP_/Q (sky130_fd_sc_hd__edfxtp_1)
   0.283    1.421 v _4342_/X (sky130_fd_sc_hd__mux2_2)
   0.289    1.709 v _4343_/X (sky130_fd_sc_hd__a221o_1)
   0.140    1.849 ^ _4344_/Y (sky130_fd_sc_hd__a22oi_1)
   0.073    1.923 v _4345_/Y (sky130_fd_sc_hd__a31oi_1)
   0.225    2.147 v _4346_/X (sky130_fd_sc_hd__a22o_1)
   0.249    2.396 ^ _4354_/Y (sky130_fd_sc_hd__a311oi_2)
   0.177    2.573 ^ place987/X (sky130_fd_sc_hd__buf_4)
   0.236    2.809 ^ place986/X (sky130_fd_sc_hd__buf_4)
   0.195    3.004 v _7418_/Y (sky130_fd_sc_hd__o21ai_0)
   0.315    3.318 v _7731_/SUM (sky130_fd_sc_hd__ha_1)
   0.183    3.502 v _6932_/X (sky130_fd_sc_hd__a21o_1)
   0.241    3.743 ^ _6933_/Y (sky130_fd_sc_hd__a21oi_1)
   0.100    3.843 v _6934_/Y (sky130_fd_sc_hd__o21bai_1)
   0.201    4.043 v _6935_/X (sky130_fd_sc_hd__a21o_1)
   0.375    4.419 ^ _6936_/Y (sky130_fd_sc_hd__a21oi_1)
   0.196    4.615 v _6943_/Y (sky130_fd_sc_hd__o21ai_0)
   0.199    4.814 v place817/X (sky130_fd_sc_hd__buf_4)
   0.220    5.033 ^ _6952_/Y (sky130_fd_sc_hd__o211ai_1)
   0.183    5.217 ^ place809/X (sky130_fd_sc_hd__buf_4)
   0.155    5.372 v _6957_/Y (sky130_fd_sc_hd__a31oi_1)
   0.371    5.743 ^ _6961_/Y (sky130_fd_sc_hd__a41oi_1)
   0.197    5.940 v _6965_/Y (sky130_fd_sc_hd__a211oi_1)
   0.377    6.317 v _7607_/X (sky130_fd_sc_hd__a221o_1)
   0.215    6.532 ^ _7608_/Y (sky130_fd_sc_hd__a21oi_1)
   0.167    6.699 ^ _7609_/Y (sky130_fd_sc_hd__xnor2_1)
   0.095    6.794 v _7637_/Y (sky130_fd_sc_hd__a22oi_1)
   0.126    6.920 ^ _7638_/Y (sky130_fd_sc_hd__nand2_1)
   0.332    7.252 ^ place752/X (sky130_fd_sc_hd__buf_4)
   0.033    7.285 ^ dp.rf.rf[21][31]$_DFFE_PP_/D (sky130_fd_sc_hd__edfxtp_1)
            7.285   data arrival time

   7.000    7.000   clock clk (rise edge)
   0.775    7.775   clock network delay (ideal)
   0.000    7.775   clock reconvergence pessimism
            7.775 ^ dp.rf.rf[21][31]$_DFFE_PP_/CLK (sky130_fd_sc_hd__edfxtp_1)
  -0.234    7.541   library setup time
            7.541   data required time
-----------------------------------------------------------
            7.541   data required time
           -7.285   data arrival time
-----------------------------------------------------------
            0.256   slack (MET)


Startpoint: dp.rf.rf[5][1]$_DFFE_PP_
            (rising edge-triggered flip-flop clocked by clk)
Endpoint: dp.rf.rf[20][31]$_DFFE_PP_
          (rising edge-triggered flip-flop clocked by clk)
Path Group: clk
Path Type: max

   Delay     Time   Description
-----------------------------------------------------------
   0.000    0.000   clock clk (rise edge)
   0.775    0.775   clock network delay (ideal)
   0.000    0.775 ^ dp.rf.rf[5][1]$_DFFE_PP_/CLK (sky130_fd_sc_hd__edfxtp_1)
   0.362    1.137 v dp.rf.rf[5][1]$_DFFE_PP_/Q (sky130_fd_sc_hd__edfxtp_1)
   0.283    1.421 v _4342_/X (sky130_fd_sc_hd__mux2_2)
   0.289    1.709 v _4343_/X (sky130_fd_sc_hd__a221o_1)
   0.140    1.849 ^ _4344_/Y (sky130_fd_sc_hd__a22oi_1)
   0.073    1.923 v _4345_/Y (sky130_fd_sc_hd__a31oi_1)
   0.225    2.147 v _4346_/X (sky130_fd_sc_hd__a22o_1)
   0.249    2.396 ^ _4354_/Y (sky130_fd_sc_hd__a311oi_2)
   0.177    2.573 ^ place987/X (sky130_fd_sc_hd__buf_4)
   0.236    2.809 ^ place986/X (sky130_fd_sc_hd__buf_4)
   0.195    3.004 v _7418_/Y (sky130_fd_sc_hd__o21ai_0)
   0.315    3.318 v _7731_/SUM (sky130_fd_sc_hd__ha_1)
   0.183    3.502 v _6932_/X (sky130_fd_sc_hd__a21o_1)
   0.241    3.743 ^ _6933_/Y (sky130_fd_sc_hd__a21oi_1)
   0.100    3.843 v _6934_/Y (sky130_fd_sc_hd__o21bai_1)
   0.201    4.043 v _6935_/X (sky130_fd_sc_hd__a21o_1)
   0.375    4.419 ^ _6936_/Y (sky130_fd_sc_hd__a21oi_1)
   0.196    4.615 v _6943_/Y (sky130_fd_sc_hd__o21ai_0)
   0.199    4.814 v place817/X (sky130_fd_sc_hd__buf_4)
   0.220    5.033 ^ _6952_/Y (sky130_fd_sc_hd__o211ai_1)
   0.183    5.217 ^ place809/X (sky130_fd_sc_hd__buf_4)
   0.155    5.372 v _6957_/Y (sky130_fd_sc_hd__a31oi_1)
   0.371    5.743 ^ _6961_/Y (sky130_fd_sc_hd__a41oi_1)
   0.197    5.940 v _6965_/Y (sky130_fd_sc_hd__a211oi_1)
   0.377    6.317 v _7607_/X (sky130_fd_sc_hd__a221o_1)
   0.215    6.532 ^ _7608_/Y (sky130_fd_sc_hd__a21oi_1)
   0.167    6.699 ^ _7609_/Y (sky130_fd_sc_hd__xnor2_1)
   0.095    6.794 v _7637_/Y (sky130_fd_sc_hd__a22oi_1)
   0.126    6.920 ^ _7638_/Y (sky130_fd_sc_hd__nand2_1)
   0.332    7.252 ^ place752/X (sky130_fd_sc_hd__buf_4)
   0.032    7.284 ^ dp.rf.rf[20][31]$_DFFE_PP_/D (sky130_fd_sc_hd__edfxtp_1)
            7.284   data arrival time

   7.000    7.000   clock clk (rise edge)
   0.775    7.775   clock network delay (ideal)
   0.000    7.775   clock reconvergence pessimism
            7.775 ^ dp.rf.rf[20][31]$_DFFE_PP_/CLK (sky130_fd_sc_hd__edfxtp_1)
  -0.234    7.541   library setup time
            7.541   data required time
-----------------------------------------------------------
            7.541   data required time
           -7.284   data arrival time
-----------------------------------------------------------
            0.257   slack (MET)


Startpoint: dp.rf.rf[5][1]$_DFFE_PP_
            (rising edge-triggered flip-flop clocked by clk)
Endpoint: dp.rf.rf[26][31]$_DFFE_PP_
          (rising edge-triggered flip-flop clocked by clk)
Path Group: clk
Path Type: max

   Delay     Time   Description
-----------------------------------------------------------
   0.000    0.000   clock clk (rise edge)
   0.775    0.775   clock network delay (ideal)
   0.000    0.775 ^ dp.rf.rf[5][1]$_DFFE_PP_/CLK (sky130_fd_sc_hd__edfxtp_1)
   0.362    1.137 v dp.rf.rf[5][1]$_DFFE_PP_/Q (sky130_fd_sc_hd__edfxtp_1)
   0.283    1.421 v _4342_/X (sky130_fd_sc_hd__mux2_2)
   0.289    1.709 v _4343_/X (sky130_fd_sc_hd__a221o_1)
   0.140    1.849 ^ _4344_/Y (sky130_fd_sc_hd__a22oi_1)
   0.073    1.923 v _4345_/Y (sky130_fd_sc_hd__a31oi_1)
   0.225    2.147 v _4346_/X (sky130_fd_sc_hd__a22o_1)
   0.249    2.396 ^ _4354_/Y (sky130_fd_sc_hd__a311oi_2)
   0.177    2.573 ^ place987/X (sky130_fd_sc_hd__buf_4)
   0.236    2.809 ^ place986/X (sky130_fd_sc_hd__buf_4)
   0.195    3.004 v _7418_/Y (sky130_fd_sc_hd__o21ai_0)
   0.315    3.318 v _7731_/SUM (sky130_fd_sc_hd__ha_1)
   0.183    3.502 v _6932_/X (sky130_fd_sc_hd__a21o_1)
   0.241    3.743 ^ _6933_/Y (sky130_fd_sc_hd__a21oi_1)
   0.100    3.843 v _6934_/Y (sky130_fd_sc_hd__o21bai_1)
   0.201    4.043 v _6935_/X (sky130_fd_sc_hd__a21o_1)
   0.375    4.419 ^ _6936_/Y (sky130_fd_sc_hd__a21oi_1)
   0.196    4.615 v _6943_/Y (sky130_fd_sc_hd__o21ai_0)
   0.199    4.814 v place817/X (sky130_fd_sc_hd__buf_4)
   0.220    5.033 ^ _6952_/Y (sky130_fd_sc_hd__o211ai_1)
   0.183    5.217 ^ place809/X (sky130_fd_sc_hd__buf_4)
   0.155    5.372 v _6957_/Y (sky130_fd_sc_hd__a31oi_1)
   0.371    5.743 ^ _6961_/Y (sky130_fd_sc_hd__a41oi_1)
   0.197    5.940 v _6965_/Y (sky130_fd_sc_hd__a211oi_1)
   0.377    6.317 v _7607_/X (sky130_fd_sc_hd__a221o_1)
   0.215    6.532 ^ _7608_/Y (sky130_fd_sc_hd__a21oi_1)
   0.167    6.699 ^ _7609_/Y (sky130_fd_sc_hd__xnor2_1)
   0.095    6.794 v _7637_/Y (sky130_fd_sc_hd__a22oi_1)
   0.126    6.920 ^ _7638_/Y (sky130_fd_sc_hd__nand2_1)
   0.332    7.252 ^ place752/X (sky130_fd_sc_hd__buf_4)
   0.031    7.283 ^ dp.rf.rf[26][31]$_DFFE_PP_/D (sky130_fd_sc_hd__edfxtp_1)
            7.283   data arrival time

   7.000    7.000   clock clk (rise edge)
   0.775    7.775   clock network delay (ideal)
   0.000    7.775   clock reconvergence pessimism
            7.775 ^ dp.rf.rf[26][31]$_DFFE_PP_/CLK (sky130_fd_sc_hd__edfxtp_1)
  -0.234    7.541   library setup time
            7.541   data required time
-----------------------------------------------------------
            7.541   data required time
           -7.283   data arrival time
-----------------------------------------------------------
            0.259   slack (MET)


Startpoint: dp.rf.rf[5][1]$_DFFE_PP_
            (rising edge-triggered flip-flop clocked by clk)
Endpoint: dp.rf.rf[27][31]$_DFFE_PP_
          (rising edge-triggered flip-flop clocked by clk)
Path Group: clk
Path Type: max

   Delay     Time   Description
-----------------------------------------------------------
   0.000    0.000   clock clk (rise edge)
   0.775    0.775   clock network delay (ideal)
   0.000    0.775 ^ dp.rf.rf[5][1]$_DFFE_PP_/CLK (sky130_fd_sc_hd__edfxtp_1)
   0.362    1.137 v dp.rf.rf[5][1]$_DFFE_PP_/Q (sky130_fd_sc_hd__edfxtp_1)
   0.283    1.421 v _4342_/X (sky130_fd_sc_hd__mux2_2)
   0.289    1.709 v _4343_/X (sky130_fd_sc_hd__a221o_1)
   0.140    1.849 ^ _4344_/Y (sky130_fd_sc_hd__a22oi_1)
   0.073    1.923 v _4345_/Y (sky130_fd_sc_hd__a31oi_1)
   0.225    2.147 v _4346_/X (sky130_fd_sc_hd__a22o_1)
   0.249    2.396 ^ _4354_/Y (sky130_fd_sc_hd__a311oi_2)
   0.177    2.573 ^ place987/X (sky130_fd_sc_hd__buf_4)
   0.236    2.809 ^ place986/X (sky130_fd_sc_hd__buf_4)
   0.195    3.004 v _7418_/Y (sky130_fd_sc_hd__o21ai_0)
   0.315    3.318 v _7731_/SUM (sky130_fd_sc_hd__ha_1)
   0.183    3.502 v _6932_/X (sky130_fd_sc_hd__a21o_1)
   0.241    3.743 ^ _6933_/Y (sky130_fd_sc_hd__a21oi_1)
   0.100    3.843 v _6934_/Y (sky130_fd_sc_hd__o21bai_1)
   0.201    4.043 v _6935_/X (sky130_fd_sc_hd__a21o_1)
   0.375    4.419 ^ _6936_/Y (sky130_fd_sc_hd__a21oi_1)
   0.196    4.615 v _6943_/Y (sky130_fd_sc_hd__o21ai_0)
   0.199    4.814 v place817/X (sky130_fd_sc_hd__buf_4)
   0.220    5.033 ^ _6952_/Y (sky130_fd_sc_hd__o211ai_1)
   0.183    5.217 ^ place809/X (sky130_fd_sc_hd__buf_4)
   0.155    5.372 v _6957_/Y (sky130_fd_sc_hd__a31oi_1)
   0.371    5.743 ^ _6961_/Y (sky130_fd_sc_hd__a41oi_1)
   0.197    5.940 v _6965_/Y (sky130_fd_sc_hd__a211oi_1)
   0.377    6.317 v _7607_/X (sky130_fd_sc_hd__a221o_1)
   0.215    6.532 ^ _7608_/Y (sky130_fd_sc_hd__a21oi_1)
   0.167    6.699 ^ _7609_/Y (sky130_fd_sc_hd__xnor2_1)
   0.095    6.794 v _7637_/Y (sky130_fd_sc_hd__a22oi_1)
   0.126    6.920 ^ _7638_/Y (sky130_fd_sc_hd__nand2_1)
   0.332    7.252 ^ place752/X (sky130_fd_sc_hd__buf_4)
   0.030    7.282 ^ dp.rf.rf[27][31]$_DFFE_PP_/D (sky130_fd_sc_hd__edfxtp_1)
            7.282   data arrival time

   7.000    7.000   clock clk (rise edge)
   0.775    7.775   clock network delay (ideal)
   0.000    7.775   clock reconvergence pessimism
            7.775 ^ dp.rf.rf[27][31]$_DFFE_PP_/CLK (sky130_fd_sc_hd__edfxtp_1)
  -0.234    7.541   library setup time
            7.541   data required time
-----------------------------------------------------------
            7.541   data required time
           -7.282   data arrival time
-----------------------------------------------------------
            0.260   slack (MET)


Startpoint: dp.rf.rf[5][1]$_DFFE_PP_
            (rising edge-triggered flip-flop clocked by clk)
Endpoint: dp.rf.rf[31][31]$_DFFE_PP_
          (rising edge-triggered flip-flop clocked by clk)
Path Group: clk
Path Type: max

   Delay     Time   Description
-----------------------------------------------------------
   0.000    0.000   clock clk (rise edge)
   0.775    0.775   clock network delay (ideal)
   0.000    0.775 ^ dp.rf.rf[5][1]$_DFFE_PP_/CLK (sky130_fd_sc_hd__edfxtp_1)
   0.362    1.137 v dp.rf.rf[5][1]$_DFFE_PP_/Q (sky130_fd_sc_hd__edfxtp_1)
   0.283    1.421 v _4342_/X (sky130_fd_sc_hd__mux2_2)
   0.289    1.709 v _4343_/X (sky130_fd_sc_hd__a221o_1)
   0.140    1.849 ^ _4344_/Y (sky130_fd_sc_hd__a22oi_1)
   0.073    1.923 v _4345_/Y (sky130_fd_sc_hd__a31oi_1)
   0.225    2.147 v _4346_/X (sky130_fd_sc_hd__a22o_1)
   0.249    2.396 ^ _4354_/Y (sky130_fd_sc_hd__a311oi_2)
   0.177    2.573 ^ place987/X (sky130_fd_sc_hd__buf_4)
   0.236    2.809 ^ place986/X (sky130_fd_sc_hd__buf_4)
   0.195    3.004 v _7418_/Y (sky130_fd_sc_hd__o21ai_0)
   0.315    3.318 v _7731_/SUM (sky130_fd_sc_hd__ha_1)
   0.183    3.502 v _6932_/X (sky130_fd_sc_hd__a21o_1)
   0.241    3.743 ^ _6933_/Y (sky130_fd_sc_hd__a21oi_1)
   0.100    3.843 v _6934_/Y (sky130_fd_sc_hd__o21bai_1)
   0.201    4.043 v _6935_/X (sky130_fd_sc_hd__a21o_1)
   0.375    4.419 ^ _6936_/Y (sky130_fd_sc_hd__a21oi_1)
   0.196    4.615 v _6943_/Y (sky130_fd_sc_hd__o21ai_0)
   0.199    4.814 v place817/X (sky130_fd_sc_hd__buf_4)
   0.220    5.033 ^ _6952_/Y (sky130_fd_sc_hd__o211ai_1)
   0.183    5.217 ^ place809/X (sky130_fd_sc_hd__buf_4)
   0.155    5.372 v _6957_/Y (sky130_fd_sc_hd__a31oi_1)
   0.371    5.743 ^ _6961_/Y (sky130_fd_sc_hd__a41oi_1)
   0.197    5.940 v _6965_/Y (sky130_fd_sc_hd__a211oi_1)
   0.377    6.317 v _7607_/X (sky130_fd_sc_hd__a221o_1)
   0.215    6.532 ^ _7608_/Y (sky130_fd_sc_hd__a21oi_1)
   0.167    6.699 ^ _7609_/Y (sky130_fd_sc_hd__xnor2_1)
   0.095    6.794 v _7637_/Y (sky130_fd_sc_hd__a22oi_1)
   0.126    6.920 ^ _7638_/Y (sky130_fd_sc_hd__nand2_1)
   0.332    7.252 ^ place752/X (sky130_fd_sc_hd__buf_4)
   0.030    7.282 ^ dp.rf.rf[31][31]$_DFFE_PP_/D (sky130_fd_sc_hd__edfxtp_1)
            7.282   data arrival time

   7.000    7.000   clock clk (rise edge)
   0.775    7.775   clock network delay (ideal)
   0.000    7.775   clock reconvergence pessimism
            7.775 ^ dp.rf.rf[31][31]$_DFFE_PP_/CLK (sky130_fd_sc_hd__edfxtp_1)
  -0.233    7.542   library setup time
            7.542   data required time
-----------------------------------------------------------
            7.542   data required time
           -7.282   data arrival time
-----------------------------------------------------------
            0.260   slack (MET)


Startpoint: dp.rf.rf[5][1]$_DFFE_PP_
            (rising edge-triggered flip-flop clocked by clk)
Endpoint: dp.rf.rf[30][31]$_DFFE_PP_
          (rising edge-triggered flip-flop clocked by clk)
Path Group: clk
Path Type: max

   Delay     Time   Description
-----------------------------------------------------------
   0.000    0.000   clock clk (rise edge)
   0.775    0.775   clock network delay (ideal)
   0.000    0.775 ^ dp.rf.rf[5][1]$_DFFE_PP_/CLK (sky130_fd_sc_hd__edfxtp_1)
   0.362    1.137 v dp.rf.rf[5][1]$_DFFE_PP_/Q (sky130_fd_sc_hd__edfxtp_1)
   0.283    1.421 v _4342_/X (sky130_fd_sc_hd__mux2_2)
   0.289    1.709 v _4343_/X (sky130_fd_sc_hd__a221o_1)
   0.140    1.849 ^ _4344_/Y (sky130_fd_sc_hd__a22oi_1)
   0.073    1.923 v _4345_/Y (sky130_fd_sc_hd__a31oi_1)
   0.225    2.147 v _4346_/X (sky130_fd_sc_hd__a22o_1)
   0.249    2.396 ^ _4354_/Y (sky130_fd_sc_hd__a311oi_2)
   0.177    2.573 ^ place987/X (sky130_fd_sc_hd__buf_4)
   0.236    2.809 ^ place986/X (sky130_fd_sc_hd__buf_4)
   0.195    3.004 v _7418_/Y (sky130_fd_sc_hd__o21ai_0)
   0.315    3.318 v _7731_/SUM (sky130_fd_sc_hd__ha_1)
   0.183    3.502 v _6932_/X (sky130_fd_sc_hd__a21o_1)
   0.241    3.743 ^ _6933_/Y (sky130_fd_sc_hd__a21oi_1)
   0.100    3.843 v _6934_/Y (sky130_fd_sc_hd__o21bai_1)
   0.201    4.043 v _6935_/X (sky130_fd_sc_hd__a21o_1)
   0.375    4.419 ^ _6936_/Y (sky130_fd_sc_hd__a21oi_1)
   0.196    4.615 v _6943_/Y (sky130_fd_sc_hd__o21ai_0)
   0.199    4.814 v place817/X (sky130_fd_sc_hd__buf_4)
   0.220    5.033 ^ _6952_/Y (sky130_fd_sc_hd__o211ai_1)
   0.183    5.217 ^ place809/X (sky130_fd_sc_hd__buf_4)
   0.155    5.372 v _6957_/Y (sky130_fd_sc_hd__a31oi_1)
   0.371    5.743 ^ _6961_/Y (sky130_fd_sc_hd__a41oi_1)
   0.197    5.940 v _6965_/Y (sky130_fd_sc_hd__a211oi_1)
   0.377    6.317 v _7607_/X (sky130_fd_sc_hd__a221o_1)
   0.215    6.532 ^ _7608_/Y (sky130_fd_sc_hd__a21oi_1)
   0.167    6.699 ^ _7609_/Y (sky130_fd_sc_hd__xnor2_1)
   0.095    6.794 v _7637_/Y (sky130_fd_sc_hd__a22oi_1)
   0.126    6.920 ^ _7638_/Y (sky130_fd_sc_hd__nand2_1)
   0.332    7.252 ^ place752/X (sky130_fd_sc_hd__buf_4)
   0.030    7.282 ^ dp.rf.rf[30][31]$_DFFE_PP_/D (sky130_fd_sc_hd__edfxtp_1)
            7.282   data arrival time

   7.000    7.000   clock clk (rise edge)
   0.775    7.775   clock network delay (ideal)
   0.000    7.775   clock reconvergence pessimism
            7.775 ^ dp.rf.rf[30][31]$_DFFE_PP_/CLK (sky130_fd_sc_hd__edfxtp_1)
  -0.233    7.542   library setup time
            7.542   data required time
-----------------------------------------------------------
            7.542   data required time
           -7.282   data arrival time
-----------------------------------------------------------
            0.260   slack (MET)


Startpoint: dp.rf.rf[5][1]$_DFFE_PP_
            (rising edge-triggered flip-flop clocked by clk)
Endpoint: dp.rf.rf[25][31]$_DFFE_PP_
          (rising edge-triggered flip-flop clocked by clk)
Path Group: clk
Path Type: max

   Delay     Time   Description
-----------------------------------------------------------
   0.000    0.000   clock clk (rise edge)
   0.775    0.775   clock network delay (ideal)
   0.000    0.775 ^ dp.rf.rf[5][1]$_DFFE_PP_/CLK (sky130_fd_sc_hd__edfxtp_1)
   0.362    1.137 v dp.rf.rf[5][1]$_DFFE_PP_/Q (sky130_fd_sc_hd__edfxtp_1)
   0.283    1.421 v _4342_/X (sky130_fd_sc_hd__mux2_2)
   0.289    1.709 v _4343_/X (sky130_fd_sc_hd__a221o_1)
   0.140    1.849 ^ _4344_/Y (sky130_fd_sc_hd__a22oi_1)
   0.073    1.923 v _4345_/Y (sky130_fd_sc_hd__a31oi_1)
   0.225    2.147 v _4346_/X (sky130_fd_sc_hd__a22o_1)
   0.249    2.396 ^ _4354_/Y (sky130_fd_sc_hd__a311oi_2)
   0.177    2.573 ^ place987/X (sky130_fd_sc_hd__buf_4)
   0.236    2.809 ^ place986/X (sky130_fd_sc_hd__buf_4)
   0.195    3.004 v _7418_/Y (sky130_fd_sc_hd__o21ai_0)
   0.315    3.318 v _7731_/SUM (sky130_fd_sc_hd__ha_1)
   0.183    3.502 v _6932_/X (sky130_fd_sc_hd__a21o_1)
   0.241    3.743 ^ _6933_/Y (sky130_fd_sc_hd__a21oi_1)
   0.100    3.843 v _6934_/Y (sky130_fd_sc_hd__o21bai_1)
   0.201    4.043 v _6935_/X (sky130_fd_sc_hd__a21o_1)
   0.375    4.419 ^ _6936_/Y (sky130_fd_sc_hd__a21oi_1)
   0.196    4.615 v _6943_/Y (sky130_fd_sc_hd__o21ai_0)
   0.199    4.814 v place817/X (sky130_fd_sc_hd__buf_4)
   0.220    5.033 ^ _6952_/Y (sky130_fd_sc_hd__o211ai_1)
   0.183    5.217 ^ place809/X (sky130_fd_sc_hd__buf_4)
   0.155    5.372 v _6957_/Y (sky130_fd_sc_hd__a31oi_1)
   0.371    5.743 ^ _6961_/Y (sky130_fd_sc_hd__a41oi_1)
   0.197    5.940 v _6965_/Y (sky130_fd_sc_hd__a211oi_1)
   0.377    6.317 v _7607_/X (sky130_fd_sc_hd__a221o_1)
   0.215    6.532 ^ _7608_/Y (sky130_fd_sc_hd__a21oi_1)
   0.167    6.699 ^ _7609_/Y (sky130_fd_sc_hd__xnor2_1)
   0.095    6.794 v _7637_/Y (sky130_fd_sc_hd__a22oi_1)
   0.126    6.920 ^ _7638_/Y (sky130_fd_sc_hd__nand2_1)
   0.332    7.252 ^ place752/X (sky130_fd_sc_hd__buf_4)
   0.028    7.280 ^ dp.rf.rf[25][31]$_DFFE_PP_/D (sky130_fd_sc_hd__edfxtp_1)
            7.280   data arrival time

   7.000    7.000   clock clk (rise edge)
   0.775    7.775   clock network delay (ideal)
   0.000    7.775   clock reconvergence pessimism
            7.775 ^ dp.rf.rf[25][31]$_DFFE_PP_/CLK (sky130_fd_sc_hd__edfxtp_1)
  -0.233    7.542   library setup time
            7.542   data required time
-----------------------------------------------------------
            7.542   data required time
           -7.280   data arrival time
-----------------------------------------------------------
            0.262   slack (MET)


Startpoint: dp.rf.rf[5][1]$_DFFE_PP_
            (rising edge-triggered flip-flop clocked by clk)
Endpoint: dp.rf.rf[24][31]$_DFFE_PP_
          (rising edge-triggered flip-flop clocked by clk)
Path Group: clk
Path Type: max

   Delay     Time   Description
-----------------------------------------------------------
   0.000    0.000   clock clk (rise edge)
   0.775    0.775   clock network delay (ideal)
   0.000    0.775 ^ dp.rf.rf[5][1]$_DFFE_PP_/CLK (sky130_fd_sc_hd__edfxtp_1)
   0.362    1.137 v dp.rf.rf[5][1]$_DFFE_PP_/Q (sky130_fd_sc_hd__edfxtp_1)
   0.283    1.421 v _4342_/X (sky130_fd_sc_hd__mux2_2)
   0.289    1.709 v _4343_/X (sky130_fd_sc_hd__a221o_1)
   0.140    1.849 ^ _4344_/Y (sky130_fd_sc_hd__a22oi_1)
   0.073    1.923 v _4345_/Y (sky130_fd_sc_hd__a31oi_1)
   0.225    2.147 v _4346_/X (sky130_fd_sc_hd__a22o_1)
   0.249    2.396 ^ _4354_/Y (sky130_fd_sc_hd__a311oi_2)
   0.177    2.573 ^ place987/X (sky130_fd_sc_hd__buf_4)
   0.236    2.809 ^ place986/X (sky130_fd_sc_hd__buf_4)
   0.195    3.004 v _7418_/Y (sky130_fd_sc_hd__o21ai_0)
   0.315    3.318 v _7731_/SUM (sky130_fd_sc_hd__ha_1)
   0.183    3.502 v _6932_/X (sky130_fd_sc_hd__a21o_1)
   0.241    3.743 ^ _6933_/Y (sky130_fd_sc_hd__a21oi_1)
   0.100    3.843 v _6934_/Y (sky130_fd_sc_hd__o21bai_1)
   0.201    4.043 v _6935_/X (sky130_fd_sc_hd__a21o_1)
   0.375    4.419 ^ _6936_/Y (sky130_fd_sc_hd__a21oi_1)
   0.196    4.615 v _6943_/Y (sky130_fd_sc_hd__o21ai_0)
   0.199    4.814 v place817/X (sky130_fd_sc_hd__buf_4)
   0.220    5.033 ^ _6952_/Y (sky130_fd_sc_hd__o211ai_1)
   0.183    5.217 ^ place809/X (sky130_fd_sc_hd__buf_4)
   0.155    5.372 v _6957_/Y (sky130_fd_sc_hd__a31oi_1)
   0.371    5.743 ^ _6961_/Y (sky130_fd_sc_hd__a41oi_1)
   0.197    5.940 v _6965_/Y (sky130_fd_sc_hd__a211oi_1)
   0.377    6.317 v _7607_/X (sky130_fd_sc_hd__a221o_1)
   0.215    6.532 ^ _7608_/Y (sky130_fd_sc_hd__a21oi_1)
   0.167    6.699 ^ _7609_/Y (sky130_fd_sc_hd__xnor2_1)
   0.095    6.794 v _7637_/Y (sky130_fd_sc_hd__a22oi_1)
   0.126    6.920 ^ _7638_/Y (sky130_fd_sc_hd__nand2_1)
   0.332    7.252 ^ place752/X (sky130_fd_sc_hd__buf_4)
   0.027    7.279 ^ dp.rf.rf[24][31]$_DFFE_PP_/D (sky130_fd_sc_hd__edfxtp_1)
            7.279   data arrival time

   7.000    7.000   clock clk (rise edge)
   0.775    7.775   clock network delay (ideal)
   0.000    7.775   clock reconvergence pessimism
            7.775 ^ dp.rf.rf[24][31]$_DFFE_PP_/CLK (sky130_fd_sc_hd__edfxtp_1)
  -0.233    7.542   library setup time
            7.542   data required time
-----------------------------------------------------------
            7.542   data required time
           -7.279   data arrival time
-----------------------------------------------------------
            0.263   slack (MET)


Startpoint: dp.rf.rf[5][1]$_DFFE_PP_
            (rising edge-triggered flip-flop clocked by clk)
Endpoint: dp.rf.rf[29][31]$_DFFE_PP_
          (rising edge-triggered flip-flop clocked by clk)
Path Group: clk
Path Type: max

   Delay     Time   Description
-----------------------------------------------------------
   0.000    0.000   clock clk (rise edge)
   0.775    0.775   clock network delay (ideal)
   0.000    0.775 ^ dp.rf.rf[5][1]$_DFFE_PP_/CLK (sky130_fd_sc_hd__edfxtp_1)
   0.362    1.137 v dp.rf.rf[5][1]$_DFFE_PP_/Q (sky130_fd_sc_hd__edfxtp_1)
   0.283    1.421 v _4342_/X (sky130_fd_sc_hd__mux2_2)
   0.289    1.709 v _4343_/X (sky130_fd_sc_hd__a221o_1)
   0.140    1.849 ^ _4344_/Y (sky130_fd_sc_hd__a22oi_1)
   0.073    1.923 v _4345_/Y (sky130_fd_sc_hd__a31oi_1)
   0.225    2.147 v _4346_/X (sky130_fd_sc_hd__a22o_1)
   0.249    2.396 ^ _4354_/Y (sky130_fd_sc_hd__a311oi_2)
   0.177    2.573 ^ place987/X (sky130_fd_sc_hd__buf_4)
   0.236    2.809 ^ place986/X (sky130_fd_sc_hd__buf_4)
   0.195    3.004 v _7418_/Y (sky130_fd_sc_hd__o21ai_0)
   0.315    3.318 v _7731_/SUM (sky130_fd_sc_hd__ha_1)
   0.183    3.502 v _6932_/X (sky130_fd_sc_hd__a21o_1)
   0.241    3.743 ^ _6933_/Y (sky130_fd_sc_hd__a21oi_1)
   0.100    3.843 v _6934_/Y (sky130_fd_sc_hd__o21bai_1)
   0.201    4.043 v _6935_/X (sky130_fd_sc_hd__a21o_1)
   0.375    4.419 ^ _6936_/Y (sky130_fd_sc_hd__a21oi_1)
   0.196    4.615 v _6943_/Y (sky130_fd_sc_hd__o21ai_0)
   0.199    4.814 v place817/X (sky130_fd_sc_hd__buf_4)
   0.220    5.033 ^ _6952_/Y (sky130_fd_sc_hd__o211ai_1)
   0.183    5.217 ^ place809/X (sky130_fd_sc_hd__buf_4)
   0.155    5.372 v _6957_/Y (sky130_fd_sc_hd__a31oi_1)
   0.371    5.743 ^ _6961_/Y (sky130_fd_sc_hd__a41oi_1)
   0.197    5.940 v _6965_/Y (sky130_fd_sc_hd__a211oi_1)
   0.377    6.317 v _7607_/X (sky130_fd_sc_hd__a221o_1)
   0.215    6.532 ^ _7608_/Y (sky130_fd_sc_hd__a21oi_1)
   0.167    6.699 ^ _7609_/Y (sky130_fd_sc_hd__xnor2_1)
   0.095    6.794 v _7637_/Y (sky130_fd_sc_hd__a22oi_1)
   0.126    6.920 ^ _7638_/Y (sky130_fd_sc_hd__nand2_1)
   0.332    7.252 ^ place752/X (sky130_fd_sc_hd__buf_4)
   0.026    7.278 ^ dp.rf.rf[29][31]$_DFFE_PP_/D (sky130_fd_sc_hd__edfxtp_1)
            7.278   data arrival time

   7.000    7.000   clock clk (rise edge)
   0.775    7.775   clock network delay (ideal)
   0.000    7.775   clock reconvergence pessimism
            7.775 ^ dp.rf.rf[29][31]$_DFFE_PP_/CLK (sky130_fd_sc_hd__edfxtp_1)
  -0.233    7.542   library setup time
            7.542   data required time
-----------------------------------------------------------
            7.542   data required time
           -7.278   data arrival time
-----------------------------------------------------------
            0.263   slack (MET)


Startpoint: dp.rf.rf[5][1]$_DFFE_PP_
            (rising edge-triggered flip-flop clocked by clk)
Endpoint: dp.rf.rf[28][31]$_DFFE_PP_
          (rising edge-triggered flip-flop clocked by clk)
Path Group: clk
Path Type: max

   Delay     Time   Description
-----------------------------------------------------------
   0.000    0.000   clock clk (rise edge)
   0.775    0.775   clock network delay (ideal)
   0.000    0.775 ^ dp.rf.rf[5][1]$_DFFE_PP_/CLK (sky130_fd_sc_hd__edfxtp_1)
   0.362    1.137 v dp.rf.rf[5][1]$_DFFE_PP_/Q (sky130_fd_sc_hd__edfxtp_1)
   0.283    1.421 v _4342_/X (sky130_fd_sc_hd__mux2_2)
   0.289    1.709 v _4343_/X (sky130_fd_sc_hd__a221o_1)
   0.140    1.849 ^ _4344_/Y (sky130_fd_sc_hd__a22oi_1)
   0.073    1.923 v _4345_/Y (sky130_fd_sc_hd__a31oi_1)
   0.225    2.147 v _4346_/X (sky130_fd_sc_hd__a22o_1)
   0.249    2.396 ^ _4354_/Y (sky130_fd_sc_hd__a311oi_2)
   0.177    2.573 ^ place987/X (sky130_fd_sc_hd__buf_4)
   0.236    2.809 ^ place986/X (sky130_fd_sc_hd__buf_4)
   0.195    3.004 v _7418_/Y (sky130_fd_sc_hd__o21ai_0)
   0.315    3.318 v _7731_/SUM (sky130_fd_sc_hd__ha_1)
   0.183    3.502 v _6932_/X (sky130_fd_sc_hd__a21o_1)
   0.241    3.743 ^ _6933_/Y (sky130_fd_sc_hd__a21oi_1)
   0.100    3.843 v _6934_/Y (sky130_fd_sc_hd__o21bai_1)
   0.201    4.043 v _6935_/X (sky130_fd_sc_hd__a21o_1)
   0.375    4.419 ^ _6936_/Y (sky130_fd_sc_hd__a21oi_1)
   0.196    4.615 v _6943_/Y (sky130_fd_sc_hd__o21ai_0)
   0.199    4.814 v place817/X (sky130_fd_sc_hd__buf_4)
   0.220    5.033 ^ _6952_/Y (sky130_fd_sc_hd__o211ai_1)
   0.183    5.217 ^ place809/X (sky130_fd_sc_hd__buf_4)
   0.155    5.372 v _6957_/Y (sky130_fd_sc_hd__a31oi_1)
   0.371    5.743 ^ _6961_/Y (sky130_fd_sc_hd__a41oi_1)
   0.197    5.940 v _6965_/Y (sky130_fd_sc_hd__a211oi_1)
   0.377    6.317 v _7607_/X (sky130_fd_sc_hd__a221o_1)
   0.215    6.532 ^ _7608_/Y (sky130_fd_sc_hd__a21oi_1)
   0.167    6.699 ^ _7609_/Y (sky130_fd_sc_hd__xnor2_1)
   0.095    6.794 v _7637_/Y (sky130_fd_sc_hd__a22oi_1)
   0.126    6.920 ^ _7638_/Y (sky130_fd_sc_hd__nand2_1)
   0.332    7.252 ^ place752/X (sky130_fd_sc_hd__buf_4)
   0.026    7.278 ^ dp.rf.rf[28][31]$_DFFE_PP_/D (sky130_fd_sc_hd__edfxtp_1)
            7.278   data arrival time

   7.000    7.000   clock clk (rise edge)
   0.775    7.775   clock network delay (ideal)
   0.000    7.775   clock reconvergence pessimism
            7.775 ^ dp.rf.rf[28][31]$_DFFE_PP_/CLK (sky130_fd_sc_hd__edfxtp_1)
  -0.233    7.542   library setup time
            7.542   data required time
-----------------------------------------------------------
            7.542   data required time
           -7.278   data arrival time
-----------------------------------------------------------
            0.264   slack (MET)


Startpoint: dp.rf.rf[5][1]$_DFFE_PP_
            (rising edge-triggered flip-flop clocked by clk)
Endpoint: dp.rf.rf[28][30]$_DFFE_PP_
          (rising edge-triggered flip-flop clocked by clk)
Path Group: clk
Path Type: max

   Delay     Time   Description
-----------------------------------------------------------
   0.000    0.000   clock clk (rise edge)
   0.775    0.775   clock network delay (ideal)
   0.000    0.775 ^ dp.rf.rf[5][1]$_DFFE_PP_/CLK (sky130_fd_sc_hd__edfxtp_1)
   0.362    1.137 v dp.rf.rf[5][1]$_DFFE_PP_/Q (sky130_fd_sc_hd__edfxtp_1)
   0.283    1.421 v _4342_/X (sky130_fd_sc_hd__mux2_2)
   0.289    1.709 v _4343_/X (sky130_fd_sc_hd__a221o_1)
   0.140    1.849 ^ _4344_/Y (sky130_fd_sc_hd__a22oi_1)
   0.073    1.923 v _4345_/Y (sky130_fd_sc_hd__a31oi_1)
   0.225    2.147 v _4346_/X (sky130_fd_sc_hd__a22o_1)
   0.249    2.396 ^ _4354_/Y (sky130_fd_sc_hd__a311oi_2)
   0.177    2.573 ^ place987/X (sky130_fd_sc_hd__buf_4)
   0.236    2.809 ^ place986/X (sky130_fd_sc_hd__buf_4)
   0.195    3.004 v _7418_/Y (sky130_fd_sc_hd__o21ai_0)
   0.466    3.469 v _7642_/COUT (sky130_fd_sc_hd__fa_1)
   0.184    3.653 v _6883_/X (sky130_fd_sc_hd__a21o_1)
   0.182    3.835 ^ _6884_/Y (sky130_fd_sc_hd__a21oi_1)
   0.087    3.923 v _6885_/Y (sky130_fd_sc_hd__o21bai_1)
   0.256    4.179 ^ _6886_/Y (sky130_fd_sc_hd__a21oi_1)
   0.159    4.337 v _6887_/Y (sky130_fd_sc_hd__o21bai_1)
   0.238    4.575 ^ _6895_/Y (sky130_fd_sc_hd__a41oi_1)
   0.161    4.736 ^ place810/X (sky130_fd_sc_hd__buf_4)
   0.191    4.927 v _6899_/Y (sky130_fd_sc_hd__a21oi_1)
   0.274    5.201 ^ _6903_/Y (sky130_fd_sc_hd__a41oi_2)
   0.154    5.355 ^ place802/X (sky130_fd_sc_hd__buf_4)
   0.091    5.447 v _6907_/Y (sky130_fd_sc_hd__a21oi_1)
   0.334    5.781 ^ _6911_/Y (sky130_fd_sc_hd__a41oi_1)
   0.216    5.996 v _6915_/Y (sky130_fd_sc_hd__a21oi_1)
   0.323    6.320 ^ _6919_/Y (sky130_fd_sc_hd__a311oi_2)
   0.222    6.542 ^ _6920_/X (sky130_fd_sc_hd__xor2_1)
   0.304    6.846 ^ _7127_/X (sky130_fd_sc_hd__o22a_1)
   0.126    6.973 v _7128_/Y (sky130_fd_sc_hd__o21ai_2)
   0.217    7.190 v place751/X (sky130_fd_sc_hd__buf_12)
   0.019    7.209 v dp.rf.rf[28][30]$_DFFE_PP_/D (sky130_fd_sc_hd__edfxtp_1)
            7.209   data arrival time

   7.000    7.000   clock clk (rise edge)
   0.775    7.775   clock network delay (ideal)
   0.000    7.775   clock reconvergence pessimism
            7.775 ^ dp.rf.rf[28][30]$_DFFE_PP_/CLK (sky130_fd_sc_hd__edfxtp_1)
  -0.273    7.502   library setup time
            7.502   data required time
-----------------------------------------------------------
            7.502   data required time
           -7.209   data arrival time
-----------------------------------------------------------
            0.292   slack (MET)


Startpoint: dp.rf.rf[5][1]$_DFFE_PP_
            (rising edge-triggered flip-flop clocked by clk)
Endpoint: dp.rf.rf[20][30]$_DFFE_PP_
          (rising edge-triggered flip-flop clocked by clk)
Path Group: clk
Path Type: max

   Delay     Time   Description
-----------------------------------------------------------
   0.000    0.000   clock clk (rise edge)
   0.775    0.775   clock network delay (ideal)
   0.000    0.775 ^ dp.rf.rf[5][1]$_DFFE_PP_/CLK (sky130_fd_sc_hd__edfxtp_1)
   0.362    1.137 v dp.rf.rf[5][1]$_DFFE_PP_/Q (sky130_fd_sc_hd__edfxtp_1)
   0.283    1.421 v _4342_/X (sky130_fd_sc_hd__mux2_2)
   0.289    1.709 v _4343_/X (sky130_fd_sc_hd__a221o_1)
   0.140    1.849 ^ _4344_/Y (sky130_fd_sc_hd__a22oi_1)
   0.073    1.923 v _4345_/Y (sky130_fd_sc_hd__a31oi_1)
   0.225    2.147 v _4346_/X (sky130_fd_sc_hd__a22o_1)
   0.249    2.396 ^ _4354_/Y (sky130_fd_sc_hd__a311oi_2)
   0.177    2.573 ^ place987/X (sky130_fd_sc_hd__buf_4)
   0.236    2.809 ^ place986/X (sky130_fd_sc_hd__buf_4)
   0.195    3.004 v _7418_/Y (sky130_fd_sc_hd__o21ai_0)
   0.466    3.469 v _7642_/COUT (sky130_fd_sc_hd__fa_1)
   0.184    3.653 v _6883_/X (sky130_fd_sc_hd__a21o_1)
   0.182    3.835 ^ _6884_/Y (sky130_fd_sc_hd__a21oi_1)
   0.087    3.923 v _6885_/Y (sky130_fd_sc_hd__o21bai_1)
   0.256    4.179 ^ _6886_/Y (sky130_fd_sc_hd__a21oi_1)
   0.159    4.337 v _6887_/Y (sky130_fd_sc_hd__o21bai_1)
   0.238    4.575 ^ _6895_/Y (sky130_fd_sc_hd__a41oi_1)
   0.161    4.736 ^ place810/X (sky130_fd_sc_hd__buf_4)
   0.191    4.927 v _6899_/Y (sky130_fd_sc_hd__a21oi_1)
   0.274    5.201 ^ _6903_/Y (sky130_fd_sc_hd__a41oi_2)
   0.154    5.355 ^ place802/X (sky130_fd_sc_hd__buf_4)
   0.091    5.447 v _6907_/Y (sky130_fd_sc_hd__a21oi_1)
   0.334    5.781 ^ _6911_/Y (sky130_fd_sc_hd__a41oi_1)
   0.216    5.996 v _6915_/Y (sky130_fd_sc_hd__a21oi_1)
   0.323    6.320 ^ _6919_/Y (sky130_fd_sc_hd__a311oi_2)
   0.222    6.542 ^ _6920_/X (sky130_fd_sc_hd__xor2_1)
   0.304    6.846 ^ _7127_/X (sky130_fd_sc_hd__o22a_1)
   0.126    6.973 v _7128_/Y (sky130_fd_sc_hd__o21ai_2)
   0.217    7.190 v place751/X (sky130_fd_sc_hd__buf_12)
   0.019    7.209 v dp.rf.rf[20][30]$_DFFE_PP_/D (sky130_fd_sc_hd__edfxtp_1)
            7.209   data arrival time

   7.000    7.000   clock clk (rise edge)
   0.775    7.775   clock network delay (ideal)
   0.000    7.775   clock reconvergence pessimism
            7.775 ^ dp.rf.rf[20][30]$_DFFE_PP_/CLK (sky130_fd_sc_hd__edfxtp_1)
  -0.273    7.502   library setup time
            7.502   data required time
-----------------------------------------------------------
            7.502   data required time
           -7.209   data arrival time
-----------------------------------------------------------
            0.292   slack (MET)


Startpoint: dp.rf.rf[5][1]$_DFFE_PP_
            (rising edge-triggered flip-flop clocked by clk)
Endpoint: dp.rf.rf[29][30]$_DFFE_PP_
          (rising edge-triggered flip-flop clocked by clk)
Path Group: clk
Path Type: max

   Delay     Time   Description
-----------------------------------------------------------
   0.000    0.000   clock clk (rise edge)
   0.775    0.775   clock network delay (ideal)
   0.000    0.775 ^ dp.rf.rf[5][1]$_DFFE_PP_/CLK (sky130_fd_sc_hd__edfxtp_1)
   0.362    1.137 v dp.rf.rf[5][1]$_DFFE_PP_/Q (sky130_fd_sc_hd__edfxtp_1)
   0.283    1.421 v _4342_/X (sky130_fd_sc_hd__mux2_2)
   0.289    1.709 v _4343_/X (sky130_fd_sc_hd__a221o_1)
   0.140    1.849 ^ _4344_/Y (sky130_fd_sc_hd__a22oi_1)
   0.073    1.923 v _4345_/Y (sky130_fd_sc_hd__a31oi_1)
   0.225    2.147 v _4346_/X (sky130_fd_sc_hd__a22o_1)
   0.249    2.396 ^ _4354_/Y (sky130_fd_sc_hd__a311oi_2)
   0.177    2.573 ^ place987/X (sky130_fd_sc_hd__buf_4)
   0.236    2.809 ^ place986/X (sky130_fd_sc_hd__buf_4)
   0.195    3.004 v _7418_/Y (sky130_fd_sc_hd__o21ai_0)
   0.466    3.469 v _7642_/COUT (sky130_fd_sc_hd__fa_1)
   0.184    3.653 v _6883_/X (sky130_fd_sc_hd__a21o_1)
   0.182    3.835 ^ _6884_/Y (sky130_fd_sc_hd__a21oi_1)
   0.087    3.923 v _6885_/Y (sky130_fd_sc_hd__o21bai_1)
   0.256    4.179 ^ _6886_/Y (sky130_fd_sc_hd__a21oi_1)
   0.159    4.337 v _6887_/Y (sky130_fd_sc_hd__o21bai_1)
   0.238    4.575 ^ _6895_/Y (sky130_fd_sc_hd__a41oi_1)
   0.161    4.736 ^ place810/X (sky130_fd_sc_hd__buf_4)
   0.191    4.927 v _6899_/Y (sky130_fd_sc_hd__a21oi_1)
   0.274    5.201 ^ _6903_/Y (sky130_fd_sc_hd__a41oi_2)
   0.154    5.355 ^ place802/X (sky130_fd_sc_hd__buf_4)
   0.091    5.447 v _6907_/Y (sky130_fd_sc_hd__a21oi_1)
   0.334    5.781 ^ _6911_/Y (sky130_fd_sc_hd__a41oi_1)
   0.216    5.996 v _6915_/Y (sky130_fd_sc_hd__a21oi_1)
   0.323    6.320 ^ _6919_/Y (sky130_fd_sc_hd__a311oi_2)
   0.222    6.542 ^ _6920_/X (sky130_fd_sc_hd__xor2_1)
   0.304    6.846 ^ _7127_/X (sky130_fd_sc_hd__o22a_1)
   0.126    6.973 v _7128_/Y (sky130_fd_sc_hd__o21ai_2)
   0.217    7.190 v place751/X (sky130_fd_sc_hd__buf_12)
   0.019    7.209 v dp.rf.rf[29][30]$_DFFE_PP_/D (sky130_fd_sc_hd__edfxtp_1)
            7.209   data arrival time

   7.000    7.000   clock clk (rise edge)
   0.775    7.775   clock network delay (ideal)
   0.000    7.775   clock reconvergence pessimism
            7.775 ^ dp.rf.rf[29][30]$_DFFE_PP_/CLK (sky130_fd_sc_hd__edfxtp_1)
  -0.273    7.502   library setup time
            7.502   data required time
-----------------------------------------------------------
            7.502   data required time
           -7.209   data arrival time
-----------------------------------------------------------
            0.292   slack (MET)


Startpoint: dp.rf.rf[5][1]$_DFFE_PP_
            (rising edge-triggered flip-flop clocked by clk)
Endpoint: dp.rf.rf[17][30]$_DFFE_PP_
          (rising edge-triggered flip-flop clocked by clk)
Path Group: clk
Path Type: max

   Delay     Time   Description
-----------------------------------------------------------
   0.000    0.000   clock clk (rise edge)
   0.775    0.775   clock network delay (ideal)
   0.000    0.775 ^ dp.rf.rf[5][1]$_DFFE_PP_/CLK (sky130_fd_sc_hd__edfxtp_1)
   0.362    1.137 v dp.rf.rf[5][1]$_DFFE_PP_/Q (sky130_fd_sc_hd__edfxtp_1)
   0.283    1.421 v _4342_/X (sky130_fd_sc_hd__mux2_2)
   0.289    1.709 v _4343_/X (sky130_fd_sc_hd__a221o_1)
   0.140    1.849 ^ _4344_/Y (sky130_fd_sc_hd__a22oi_1)
   0.073    1.923 v _4345_/Y (sky130_fd_sc_hd__a31oi_1)
   0.225    2.147 v _4346_/X (sky130_fd_sc_hd__a22o_1)
   0.249    2.396 ^ _4354_/Y (sky130_fd_sc_hd__a311oi_2)
   0.177    2.573 ^ place987/X (sky130_fd_sc_hd__buf_4)
   0.236    2.809 ^ place986/X (sky130_fd_sc_hd__buf_4)
   0.195    3.004 v _7418_/Y (sky130_fd_sc_hd__o21ai_0)
   0.466    3.469 v _7642_/COUT (sky130_fd_sc_hd__fa_1)
   0.184    3.653 v _6883_/X (sky130_fd_sc_hd__a21o_1)
   0.182    3.835 ^ _6884_/Y (sky130_fd_sc_hd__a21oi_1)
   0.087    3.923 v _6885_/Y (sky130_fd_sc_hd__o21bai_1)
   0.256    4.179 ^ _6886_/Y (sky130_fd_sc_hd__a21oi_1)
   0.159    4.337 v _6887_/Y (sky130_fd_sc_hd__o21bai_1)
   0.238    4.575 ^ _6895_/Y (sky130_fd_sc_hd__a41oi_1)
   0.161    4.736 ^ place810/X (sky130_fd_sc_hd__buf_4)
   0.191    4.927 v _6899_/Y (sky130_fd_sc_hd__a21oi_1)
   0.274    5.201 ^ _6903_/Y (sky130_fd_sc_hd__a41oi_2)
   0.154    5.355 ^ place802/X (sky130_fd_sc_hd__buf_4)
   0.091    5.447 v _6907_/Y (sky130_fd_sc_hd__a21oi_1)
   0.334    5.781 ^ _6911_/Y (sky130_fd_sc_hd__a41oi_1)
   0.216    5.996 v _6915_/Y (sky130_fd_sc_hd__a21oi_1)
   0.323    6.320 ^ _6919_/Y (sky130_fd_sc_hd__a311oi_2)
   0.222    6.542 ^ _6920_/X (sky130_fd_sc_hd__xor2_1)
   0.304    6.846 ^ _7127_/X (sky130_fd_sc_hd__o22a_1)
   0.126    6.973 v _7128_/Y (sky130_fd_sc_hd__o21ai_2)
   0.217    7.190 v place751/X (sky130_fd_sc_hd__buf_12)
   0.019    7.209 v dp.rf.rf[17][30]$_DFFE_PP_/D (sky130_fd_sc_hd__edfxtp_1)
            7.209   data arrival time

   7.000    7.000   clock clk (rise edge)
   0.775    7.775   clock network delay (ideal)
   0.000    7.775   clock reconvergence pessimism
            7.775 ^ dp.rf.rf[17][30]$_DFFE_PP_/CLK (sky130_fd_sc_hd__edfxtp_1)
  -0.273    7.502   library setup time
            7.502   data required time
-----------------------------------------------------------
            7.502   data required time
           -7.209   data arrival time
-----------------------------------------------------------
            0.292   slack (MET)


Startpoint: dp.rf.rf[5][1]$_DFFE_PP_
            (rising edge-triggered flip-flop clocked by clk)
Endpoint: dp.rf.rf[16][30]$_DFFE_PP_
          (rising edge-triggered flip-flop clocked by clk)
Path Group: clk
Path Type: max

   Delay     Time   Description
-----------------------------------------------------------
   0.000    0.000   clock clk (rise edge)
   0.775    0.775   clock network delay (ideal)
   0.000    0.775 ^ dp.rf.rf[5][1]$_DFFE_PP_/CLK (sky130_fd_sc_hd__edfxtp_1)
   0.362    1.137 v dp.rf.rf[5][1]$_DFFE_PP_/Q (sky130_fd_sc_hd__edfxtp_1)
   0.283    1.421 v _4342_/X (sky130_fd_sc_hd__mux2_2)
   0.289    1.709 v _4343_/X (sky130_fd_sc_hd__a221o_1)
   0.140    1.849 ^ _4344_/Y (sky130_fd_sc_hd__a22oi_1)
   0.073    1.923 v _4345_/Y (sky130_fd_sc_hd__a31oi_1)
   0.225    2.147 v _4346_/X (sky130_fd_sc_hd__a22o_1)
   0.249    2.396 ^ _4354_/Y (sky130_fd_sc_hd__a311oi_2)
   0.177    2.573 ^ place987/X (sky130_fd_sc_hd__buf_4)
   0.236    2.809 ^ place986/X (sky130_fd_sc_hd__buf_4)
   0.195    3.004 v _7418_/Y (sky130_fd_sc_hd__o21ai_0)
   0.466    3.469 v _7642_/COUT (sky130_fd_sc_hd__fa_1)
   0.184    3.653 v _6883_/X (sky130_fd_sc_hd__a21o_1)
   0.182    3.835 ^ _6884_/Y (sky130_fd_sc_hd__a21oi_1)
   0.087    3.923 v _6885_/Y (sky130_fd_sc_hd__o21bai_1)
   0.256    4.179 ^ _6886_/Y (sky130_fd_sc_hd__a21oi_1)
   0.159    4.337 v _6887_/Y (sky130_fd_sc_hd__o21bai_1)
   0.238    4.575 ^ _6895_/Y (sky130_fd_sc_hd__a41oi_1)
   0.161    4.736 ^ place810/X (sky130_fd_sc_hd__buf_4)
   0.191    4.927 v _6899_/Y (sky130_fd_sc_hd__a21oi_1)
   0.274    5.201 ^ _6903_/Y (sky130_fd_sc_hd__a41oi_2)
   0.154    5.355 ^ place802/X (sky130_fd_sc_hd__buf_4)
   0.091    5.447 v _6907_/Y (sky130_fd_sc_hd__a21oi_1)
   0.334    5.781 ^ _6911_/Y (sky130_fd_sc_hd__a41oi_1)
   0.216    5.996 v _6915_/Y (sky130_fd_sc_hd__a21oi_1)
   0.323    6.320 ^ _6919_/Y (sky130_fd_sc_hd__a311oi_2)
   0.222    6.542 ^ _6920_/X (sky130_fd_sc_hd__xor2_1)
   0.304    6.846 ^ _7127_/X (sky130_fd_sc_hd__o22a_1)
   0.126    6.973 v _7128_/Y (sky130_fd_sc_hd__o21ai_2)
   0.217    7.190 v place751/X (sky130_fd_sc_hd__buf_12)
   0.019    7.209 v dp.rf.rf[16][30]$_DFFE_PP_/D (sky130_fd_sc_hd__edfxtp_1)
            7.209   data arrival time

   7.000    7.000   clock clk (rise edge)
   0.775    7.775   clock network delay (ideal)
   0.000    7.775   clock reconvergence pessimism
            7.775 ^ dp.rf.rf[16][30]$_DFFE_PP_/CLK (sky130_fd_sc_hd__edfxtp_1)
  -0.273    7.502   library setup time
            7.502   data required time
-----------------------------------------------------------
            7.502   data required time
           -7.209   data arrival time
-----------------------------------------------------------
            0.292   slack (MET)


Startpoint: dp.rf.rf[5][1]$_DFFE_PP_
            (rising edge-triggered flip-flop clocked by clk)
Endpoint: dp.rf.rf[21][30]$_DFFE_PP_
          (rising edge-triggered flip-flop clocked by clk)
Path Group: clk
Path Type: max

   Delay     Time   Description
-----------------------------------------------------------
   0.000    0.000   clock clk (rise edge)
   0.775    0.775   clock network delay (ideal)
   0.000    0.775 ^ dp.rf.rf[5][1]$_DFFE_PP_/CLK (sky130_fd_sc_hd__edfxtp_1)
   0.362    1.137 v dp.rf.rf[5][1]$_DFFE_PP_/Q (sky130_fd_sc_hd__edfxtp_1)
   0.283    1.421 v _4342_/X (sky130_fd_sc_hd__mux2_2)
   0.289    1.709 v _4343_/X (sky130_fd_sc_hd__a221o_1)
   0.140    1.849 ^ _4344_/Y (sky130_fd_sc_hd__a22oi_1)
   0.073    1.923 v _4345_/Y (sky130_fd_sc_hd__a31oi_1)
   0.225    2.147 v _4346_/X (sky130_fd_sc_hd__a22o_1)
   0.249    2.396 ^ _4354_/Y (sky130_fd_sc_hd__a311oi_2)
   0.177    2.573 ^ place987/X (sky130_fd_sc_hd__buf_4)
   0.236    2.809 ^ place986/X (sky130_fd_sc_hd__buf_4)
   0.195    3.004 v _7418_/Y (sky130_fd_sc_hd__o21ai_0)
   0.466    3.469 v _7642_/COUT (sky130_fd_sc_hd__fa_1)
   0.184    3.653 v _6883_/X (sky130_fd_sc_hd__a21o_1)
   0.182    3.835 ^ _6884_/Y (sky130_fd_sc_hd__a21oi_1)
   0.087    3.923 v _6885_/Y (sky130_fd_sc_hd__o21bai_1)
   0.256    4.179 ^ _6886_/Y (sky130_fd_sc_hd__a21oi_1)
   0.159    4.337 v _6887_/Y (sky130_fd_sc_hd__o21bai_1)
   0.238    4.575 ^ _6895_/Y (sky130_fd_sc_hd__a41oi_1)
   0.161    4.736 ^ place810/X (sky130_fd_sc_hd__buf_4)
   0.191    4.927 v _6899_/Y (sky130_fd_sc_hd__a21oi_1)
   0.274    5.201 ^ _6903_/Y (sky130_fd_sc_hd__a41oi_2)
   0.154    5.355 ^ place802/X (sky130_fd_sc_hd__buf_4)
   0.091    5.447 v _6907_/Y (sky130_fd_sc_hd__a21oi_1)
   0.334    5.781 ^ _6911_/Y (sky130_fd_sc_hd__a41oi_1)
   0.216    5.996 v _6915_/Y (sky130_fd_sc_hd__a21oi_1)
   0.323    6.320 ^ _6919_/Y (sky130_fd_sc_hd__a311oi_2)
   0.222    6.542 ^ _6920_/X (sky130_fd_sc_hd__xor2_1)
   0.304    6.846 ^ _7127_/X (sky130_fd_sc_hd__o22a_1)
   0.126    6.973 v _7128_/Y (sky130_fd_sc_hd__o21ai_2)
   0.217    7.190 v place751/X (sky130_fd_sc_hd__buf_12)
   0.019    7.209 v dp.rf.rf[21][30]$_DFFE_PP_/D (sky130_fd_sc_hd__edfxtp_1)
            7.209   data arrival time

   7.000    7.000   clock clk (rise edge)
   0.775    7.775   clock network delay (ideal)
   0.000    7.775   clock reconvergence pessimism
            7.775 ^ dp.rf.rf[21][30]$_DFFE_PP_/CLK (sky130_fd_sc_hd__edfxtp_1)
  -0.273    7.502   library setup time
            7.502   data required time
-----------------------------------------------------------
            7.502   data required time
           -7.209   data arrival time
-----------------------------------------------------------
            0.292   slack (MET)


Startpoint: dp.rf.rf[5][1]$_DFFE_PP_
            (rising edge-triggered flip-flop clocked by clk)
Endpoint: dp.rf.rf[22][30]$_DFFE_PP_
          (rising edge-triggered flip-flop clocked by clk)
Path Group: clk
Path Type: max

   Delay     Time   Description
-----------------------------------------------------------
   0.000    0.000   clock clk (rise edge)
   0.775    0.775   clock network delay (ideal)
   0.000    0.775 ^ dp.rf.rf[5][1]$_DFFE_PP_/CLK (sky130_fd_sc_hd__edfxtp_1)
   0.362    1.137 v dp.rf.rf[5][1]$_DFFE_PP_/Q (sky130_fd_sc_hd__edfxtp_1)
   0.283    1.421 v _4342_/X (sky130_fd_sc_hd__mux2_2)
   0.289    1.709 v _4343_/X (sky130_fd_sc_hd__a221o_1)
   0.140    1.849 ^ _4344_/Y (sky130_fd_sc_hd__a22oi_1)
   0.073    1.923 v _4345_/Y (sky130_fd_sc_hd__a31oi_1)
   0.225    2.147 v _4346_/X (sky130_fd_sc_hd__a22o_1)
   0.249    2.396 ^ _4354_/Y (sky130_fd_sc_hd__a311oi_2)
   0.177    2.573 ^ place987/X (sky130_fd_sc_hd__buf_4)
   0.236    2.809 ^ place986/X (sky130_fd_sc_hd__buf_4)
   0.195    3.004 v _7418_/Y (sky130_fd_sc_hd__o21ai_0)
   0.466    3.469 v _7642_/COUT (sky130_fd_sc_hd__fa_1)
   0.184    3.653 v _6883_/X (sky130_fd_sc_hd__a21o_1)
   0.182    3.835 ^ _6884_/Y (sky130_fd_sc_hd__a21oi_1)
   0.087    3.923 v _6885_/Y (sky130_fd_sc_hd__o21bai_1)
   0.256    4.179 ^ _6886_/Y (sky130_fd_sc_hd__a21oi_1)
   0.159    4.337 v _6887_/Y (sky130_fd_sc_hd__o21bai_1)
   0.238    4.575 ^ _6895_/Y (sky130_fd_sc_hd__a41oi_1)
   0.161    4.736 ^ place810/X (sky130_fd_sc_hd__buf_4)
   0.191    4.927 v _6899_/Y (sky130_fd_sc_hd__a21oi_1)
   0.274    5.201 ^ _6903_/Y (sky130_fd_sc_hd__a41oi_2)
   0.154    5.355 ^ place802/X (sky130_fd_sc_hd__buf_4)
   0.091    5.447 v _6907_/Y (sky130_fd_sc_hd__a21oi_1)
   0.334    5.781 ^ _6911_/Y (sky130_fd_sc_hd__a41oi_1)
   0.216    5.996 v _6915_/Y (sky130_fd_sc_hd__a21oi_1)
   0.323    6.320 ^ _6919_/Y (sky130_fd_sc_hd__a311oi_2)
   0.222    6.542 ^ _6920_/X (sky130_fd_sc_hd__xor2_1)
   0.304    6.846 ^ _7127_/X (sky130_fd_sc_hd__o22a_1)
   0.126    6.973 v _7128_/Y (sky130_fd_sc_hd__o21ai_2)
   0.217    7.190 v place751/X (sky130_fd_sc_hd__buf_12)
   0.019    7.209 v dp.rf.rf[22][30]$_DFFE_PP_/D (sky130_fd_sc_hd__edfxtp_1)
            7.209   data arrival time

   7.000    7.000   clock clk (rise edge)
   0.775    7.775   clock network delay (ideal)
   0.000    7.775   clock reconvergence pessimism
            7.775 ^ dp.rf.rf[22][30]$_DFFE_PP_/CLK (sky130_fd_sc_hd__edfxtp_1)
  -0.273    7.502   library setup time
            7.502   data required time
-----------------------------------------------------------
            7.502   data required time
           -7.209   data arrival time
-----------------------------------------------------------
            0.292   slack (MET)


Startpoint: dp.rf.rf[5][1]$_DFFE_PP_
            (rising edge-triggered flip-flop clocked by clk)
Endpoint: dp.rf.rf[23][30]$_DFFE_PP_
          (rising edge-triggered flip-flop clocked by clk)
Path Group: clk
Path Type: max

   Delay     Time   Description
-----------------------------------------------------------
   0.000    0.000   clock clk (rise edge)
   0.775    0.775   clock network delay (ideal)
   0.000    0.775 ^ dp.rf.rf[5][1]$_DFFE_PP_/CLK (sky130_fd_sc_hd__edfxtp_1)
   0.362    1.137 v dp.rf.rf[5][1]$_DFFE_PP_/Q (sky130_fd_sc_hd__edfxtp_1)
   0.283    1.421 v _4342_/X (sky130_fd_sc_hd__mux2_2)
   0.289    1.709 v _4343_/X (sky130_fd_sc_hd__a221o_1)
   0.140    1.849 ^ _4344_/Y (sky130_fd_sc_hd__a22oi_1)
   0.073    1.923 v _4345_/Y (sky130_fd_sc_hd__a31oi_1)
   0.225    2.147 v _4346_/X (sky130_fd_sc_hd__a22o_1)
   0.249    2.396 ^ _4354_/Y (sky130_fd_sc_hd__a311oi_2)
   0.177    2.573 ^ place987/X (sky130_fd_sc_hd__buf_4)
   0.236    2.809 ^ place986/X (sky130_fd_sc_hd__buf_4)
   0.195    3.004 v _7418_/Y (sky130_fd_sc_hd__o21ai_0)
   0.466    3.469 v _7642_/COUT (sky130_fd_sc_hd__fa_1)
   0.184    3.653 v _6883_/X (sky130_fd_sc_hd__a21o_1)
   0.182    3.835 ^ _6884_/Y (sky130_fd_sc_hd__a21oi_1)
   0.087    3.923 v _6885_/Y (sky130_fd_sc_hd__o21bai_1)
   0.256    4.179 ^ _6886_/Y (sky130_fd_sc_hd__a21oi_1)
   0.159    4.337 v _6887_/Y (sky130_fd_sc_hd__o21bai_1)
   0.238    4.575 ^ _6895_/Y (sky130_fd_sc_hd__a41oi_1)
   0.161    4.736 ^ place810/X (sky130_fd_sc_hd__buf_4)
   0.191    4.927 v _6899_/Y (sky130_fd_sc_hd__a21oi_1)
   0.274    5.201 ^ _6903_/Y (sky130_fd_sc_hd__a41oi_2)
   0.154    5.355 ^ place802/X (sky130_fd_sc_hd__buf_4)
   0.091    5.447 v _6907_/Y (sky130_fd_sc_hd__a21oi_1)
   0.334    5.781 ^ _6911_/Y (sky130_fd_sc_hd__a41oi_1)
   0.216    5.996 v _6915_/Y (sky130_fd_sc_hd__a21oi_1)
   0.323    6.320 ^ _6919_/Y (sky130_fd_sc_hd__a311oi_2)
   0.222    6.542 ^ _6920_/X (sky130_fd_sc_hd__xor2_1)
   0.304    6.846 ^ _7127_/X (sky130_fd_sc_hd__o22a_1)
   0.126    6.973 v _7128_/Y (sky130_fd_sc_hd__o21ai_2)
   0.217    7.190 v place751/X (sky130_fd_sc_hd__buf_12)
   0.019    7.209 v dp.rf.rf[23][30]$_DFFE_PP_/D (sky130_fd_sc_hd__edfxtp_1)
            7.209   data arrival time

   7.000    7.000   clock clk (rise edge)
   0.775    7.775   clock network delay (ideal)
   0.000    7.775   clock reconvergence pessimism
            7.775 ^ dp.rf.rf[23][30]$_DFFE_PP_/CLK (sky130_fd_sc_hd__edfxtp_1)
  -0.273    7.502   library setup time
            7.502   data required time
-----------------------------------------------------------
            7.502   data required time
           -7.209   data arrival time
-----------------------------------------------------------
            0.293   slack (MET)


Startpoint: dp.rf.rf[5][1]$_DFFE_PP_
            (rising edge-triggered flip-flop clocked by clk)
Endpoint: dp.rf.rf[18][30]$_DFFE_PP_
          (rising edge-triggered flip-flop clocked by clk)
Path Group: clk
Path Type: max

   Delay     Time   Description
-----------------------------------------------------------
   0.000    0.000   clock clk (rise edge)
   0.775    0.775   clock network delay (ideal)
   0.000    0.775 ^ dp.rf.rf[5][1]$_DFFE_PP_/CLK (sky130_fd_sc_hd__edfxtp_1)
   0.362    1.137 v dp.rf.rf[5][1]$_DFFE_PP_/Q (sky130_fd_sc_hd__edfxtp_1)
   0.283    1.421 v _4342_/X (sky130_fd_sc_hd__mux2_2)
   0.289    1.709 v _4343_/X (sky130_fd_sc_hd__a221o_1)
   0.140    1.849 ^ _4344_/Y (sky130_fd_sc_hd__a22oi_1)
   0.073    1.923 v _4345_/Y (sky130_fd_sc_hd__a31oi_1)
   0.225    2.147 v _4346_/X (sky130_fd_sc_hd__a22o_1)
   0.249    2.396 ^ _4354_/Y (sky130_fd_sc_hd__a311oi_2)
   0.177    2.573 ^ place987/X (sky130_fd_sc_hd__buf_4)
   0.236    2.809 ^ place986/X (sky130_fd_sc_hd__buf_4)
   0.195    3.004 v _7418_/Y (sky130_fd_sc_hd__o21ai_0)
   0.466    3.469 v _7642_/COUT (sky130_fd_sc_hd__fa_1)
   0.184    3.653 v _6883_/X (sky130_fd_sc_hd__a21o_1)
   0.182    3.835 ^ _6884_/Y (sky130_fd_sc_hd__a21oi_1)
   0.087    3.923 v _6885_/Y (sky130_fd_sc_hd__o21bai_1)
   0.256    4.179 ^ _6886_/Y (sky130_fd_sc_hd__a21oi_1)
   0.159    4.337 v _6887_/Y (sky130_fd_sc_hd__o21bai_1)
   0.238    4.575 ^ _6895_/Y (sky130_fd_sc_hd__a41oi_1)
   0.161    4.736 ^ place810/X (sky130_fd_sc_hd__buf_4)
   0.191    4.927 v _6899_/Y (sky130_fd_sc_hd__a21oi_1)
   0.274    5.201 ^ _6903_/Y (sky130_fd_sc_hd__a41oi_2)
   0.154    5.355 ^ place802/X (sky130_fd_sc_hd__buf_4)
   0.091    5.447 v _6907_/Y (sky130_fd_sc_hd__a21oi_1)
   0.334    5.781 ^ _6911_/Y (sky130_fd_sc_hd__a41oi_1)
   0.216    5.996 v _6915_/Y (sky130_fd_sc_hd__a21oi_1)
   0.323    6.320 ^ _6919_/Y (sky130_fd_sc_hd__a311oi_2)
   0.222    6.542 ^ _6920_/X (sky130_fd_sc_hd__xor2_1)
   0.304    6.846 ^ _7127_/X (sky130_fd_sc_hd__o22a_1)
   0.126    6.973 v _7128_/Y (sky130_fd_sc_hd__o21ai_2)
   0.217    7.190 v place751/X (sky130_fd_sc_hd__buf_12)
   0.019    7.209 v dp.rf.rf[18][30]$_DFFE_PP_/D (sky130_fd_sc_hd__edfxtp_1)
            7.209   data arrival time

   7.000    7.000   clock clk (rise edge)
   0.775    7.775   clock network delay (ideal)
   0.000    7.775   clock reconvergence pessimism
            7.775 ^ dp.rf.rf[18][30]$_DFFE_PP_/CLK (sky130_fd_sc_hd__edfxtp_1)
  -0.273    7.502   library setup time
            7.502   data required time
-----------------------------------------------------------
            7.502   data required time
           -7.209   data arrival time
-----------------------------------------------------------
            0.293   slack (MET)


Startpoint: dp.rf.rf[5][1]$_DFFE_PP_
            (rising edge-triggered flip-flop clocked by clk)
Endpoint: dp.rf.rf[19][30]$_DFFE_PP_
          (rising edge-triggered flip-flop clocked by clk)
Path Group: clk
Path Type: max

   Delay     Time   Description
-----------------------------------------------------------
   0.000    0.000   clock clk (rise edge)
   0.775    0.775   clock network delay (ideal)
   0.000    0.775 ^ dp.rf.rf[5][1]$_DFFE_PP_/CLK (sky130_fd_sc_hd__edfxtp_1)
   0.362    1.137 v dp.rf.rf[5][1]$_DFFE_PP_/Q (sky130_fd_sc_hd__edfxtp_1)
   0.283    1.421 v _4342_/X (sky130_fd_sc_hd__mux2_2)
   0.289    1.709 v _4343_/X (sky130_fd_sc_hd__a221o_1)
   0.140    1.849 ^ _4344_/Y (sky130_fd_sc_hd__a22oi_1)
   0.073    1.923 v _4345_/Y (sky130_fd_sc_hd__a31oi_1)
   0.225    2.147 v _4346_/X (sky130_fd_sc_hd__a22o_1)
   0.249    2.396 ^ _4354_/Y (sky130_fd_sc_hd__a311oi_2)
   0.177    2.573 ^ place987/X (sky130_fd_sc_hd__buf_4)
   0.236    2.809 ^ place986/X (sky130_fd_sc_hd__buf_4)
   0.195    3.004 v _7418_/Y (sky130_fd_sc_hd__o21ai_0)
   0.466    3.469 v _7642_/COUT (sky130_fd_sc_hd__fa_1)
   0.184    3.653 v _6883_/X (sky130_fd_sc_hd__a21o_1)
   0.182    3.835 ^ _6884_/Y (sky130_fd_sc_hd__a21oi_1)
   0.087    3.923 v _6885_/Y (sky130_fd_sc_hd__o21bai_1)
   0.256    4.179 ^ _6886_/Y (sky130_fd_sc_hd__a21oi_1)
   0.159    4.337 v _6887_/Y (sky130_fd_sc_hd__o21bai_1)
   0.238    4.575 ^ _6895_/Y (sky130_fd_sc_hd__a41oi_1)
   0.161    4.736 ^ place810/X (sky130_fd_sc_hd__buf_4)
   0.191    4.927 v _6899_/Y (sky130_fd_sc_hd__a21oi_1)
   0.274    5.201 ^ _6903_/Y (sky130_fd_sc_hd__a41oi_2)
   0.154    5.355 ^ place802/X (sky130_fd_sc_hd__buf_4)
   0.091    5.447 v _6907_/Y (sky130_fd_sc_hd__a21oi_1)
   0.334    5.781 ^ _6911_/Y (sky130_fd_sc_hd__a41oi_1)
   0.216    5.996 v _6915_/Y (sky130_fd_sc_hd__a21oi_1)
   0.323    6.320 ^ _6919_/Y (sky130_fd_sc_hd__a311oi_2)
   0.222    6.542 ^ _6920_/X (sky130_fd_sc_hd__xor2_1)
   0.304    6.846 ^ _7127_/X (sky130_fd_sc_hd__o22a_1)
   0.126    6.973 v _7128_/Y (sky130_fd_sc_hd__o21ai_2)
   0.217    7.190 v place751/X (sky130_fd_sc_hd__buf_12)
   0.019    7.209 v dp.rf.rf[19][30]$_DFFE_PP_/D (sky130_fd_sc_hd__edfxtp_1)
            7.209   data arrival time

   7.000    7.000   clock clk (rise edge)
   0.775    7.775   clock network delay (ideal)
   0.000    7.775   clock reconvergence pessimism
            7.775 ^ dp.rf.rf[19][30]$_DFFE_PP_/CLK (sky130_fd_sc_hd__edfxtp_1)
  -0.273    7.502   library setup time
            7.502   data required time
-----------------------------------------------------------
            7.502   data required time
           -7.209   data arrival time
-----------------------------------------------------------
            0.293   slack (MET)


Startpoint: dp.rf.rf[5][1]$_DFFE_PP_
            (rising edge-triggered flip-flop clocked by clk)
Endpoint: dp.rf.rf[1][30]$_DFFE_PP_
          (rising edge-triggered flip-flop clocked by clk)
Path Group: clk
Path Type: max

   Delay     Time   Description
-----------------------------------------------------------
   0.000    0.000   clock clk (rise edge)
   0.775    0.775   clock network delay (ideal)
   0.000    0.775 ^ dp.rf.rf[5][1]$_DFFE_PP_/CLK (sky130_fd_sc_hd__edfxtp_1)
   0.362    1.137 v dp.rf.rf[5][1]$_DFFE_PP_/Q (sky130_fd_sc_hd__edfxtp_1)
   0.283    1.421 v _4342_/X (sky130_fd_sc_hd__mux2_2)
   0.289    1.709 v _4343_/X (sky130_fd_sc_hd__a221o_1)
   0.140    1.849 ^ _4344_/Y (sky130_fd_sc_hd__a22oi_1)
   0.073    1.923 v _4345_/Y (sky130_fd_sc_hd__a31oi_1)
   0.225    2.147 v _4346_/X (sky130_fd_sc_hd__a22o_1)
   0.249    2.396 ^ _4354_/Y (sky130_fd_sc_hd__a311oi_2)
   0.177    2.573 ^ place987/X (sky130_fd_sc_hd__buf_4)
   0.236    2.809 ^ place986/X (sky130_fd_sc_hd__buf_4)
   0.195    3.004 v _7418_/Y (sky130_fd_sc_hd__o21ai_0)
   0.466    3.469 v _7642_/COUT (sky130_fd_sc_hd__fa_1)
   0.184    3.653 v _6883_/X (sky130_fd_sc_hd__a21o_1)
   0.182    3.835 ^ _6884_/Y (sky130_fd_sc_hd__a21oi_1)
   0.087    3.923 v _6885_/Y (sky130_fd_sc_hd__o21bai_1)
   0.256    4.179 ^ _6886_/Y (sky130_fd_sc_hd__a21oi_1)
   0.159    4.337 v _6887_/Y (sky130_fd_sc_hd__o21bai_1)
   0.238    4.575 ^ _6895_/Y (sky130_fd_sc_hd__a41oi_1)
   0.161    4.736 ^ place810/X (sky130_fd_sc_hd__buf_4)
   0.191    4.927 v _6899_/Y (sky130_fd_sc_hd__a21oi_1)
   0.274    5.201 ^ _6903_/Y (sky130_fd_sc_hd__a41oi_2)
   0.154    5.355 ^ place802/X (sky130_fd_sc_hd__buf_4)
   0.091    5.447 v _6907_/Y (sky130_fd_sc_hd__a21oi_1)
   0.334    5.781 ^ _6911_/Y (sky130_fd_sc_hd__a41oi_1)
   0.216    5.996 v _6915_/Y (sky130_fd_sc_hd__a21oi_1)
   0.323    6.320 ^ _6919_/Y (sky130_fd_sc_hd__a311oi_2)
   0.222    6.542 ^ _6920_/X (sky130_fd_sc_hd__xor2_1)
   0.304    6.846 ^ _7127_/X (sky130_fd_sc_hd__o22a_1)
   0.126    6.973 v _7128_/Y (sky130_fd_sc_hd__o21ai_2)
   0.217    7.190 v place751/X (sky130_fd_sc_hd__buf_12)
   0.019    7.208 v dp.rf.rf[1][30]$_DFFE_PP_/D (sky130_fd_sc_hd__edfxtp_1)
            7.208   data arrival time

   7.000    7.000   clock clk (rise edge)
   0.775    7.775   clock network delay (ideal)
   0.000    7.775   clock reconvergence pessimism
            7.775 ^ dp.rf.rf[1][30]$_DFFE_PP_/CLK (sky130_fd_sc_hd__edfxtp_1)
  -0.273    7.502   library setup time
            7.502   data required time
-----------------------------------------------------------
            7.502   data required time
           -7.208   data arrival time
-----------------------------------------------------------
            0.294   slack (MET)


Startpoint: dp.rf.rf[5][1]$_DFFE_PP_
            (rising edge-triggered flip-flop clocked by clk)
Endpoint: dp.rf.rf[0][30]$_DFFE_PP_
          (rising edge-triggered flip-flop clocked by clk)
Path Group: clk
Path Type: max

   Delay     Time   Description
-----------------------------------------------------------
   0.000    0.000   clock clk (rise edge)
   0.775    0.775   clock network delay (ideal)
   0.000    0.775 ^ dp.rf.rf[5][1]$_DFFE_PP_/CLK (sky130_fd_sc_hd__edfxtp_1)
   0.362    1.137 v dp.rf.rf[5][1]$_DFFE_PP_/Q (sky130_fd_sc_hd__edfxtp_1)
   0.283    1.421 v _4342_/X (sky130_fd_sc_hd__mux2_2)
   0.289    1.709 v _4343_/X (sky130_fd_sc_hd__a221o_1)
   0.140    1.849 ^ _4344_/Y (sky130_fd_sc_hd__a22oi_1)
   0.073    1.923 v _4345_/Y (sky130_fd_sc_hd__a31oi_1)
   0.225    2.147 v _4346_/X (sky130_fd_sc_hd__a22o_1)
   0.249    2.396 ^ _4354_/Y (sky130_fd_sc_hd__a311oi_2)
   0.177    2.573 ^ place987/X (sky130_fd_sc_hd__buf_4)
   0.236    2.809 ^ place986/X (sky130_fd_sc_hd__buf_4)
   0.195    3.004 v _7418_/Y (sky130_fd_sc_hd__o21ai_0)
   0.466    3.469 v _7642_/COUT (sky130_fd_sc_hd__fa_1)
   0.184    3.653 v _6883_/X (sky130_fd_sc_hd__a21o_1)
   0.182    3.835 ^ _6884_/Y (sky130_fd_sc_hd__a21oi_1)
   0.087    3.923 v _6885_/Y (sky130_fd_sc_hd__o21bai_1)
   0.256    4.179 ^ _6886_/Y (sky130_fd_sc_hd__a21oi_1)
   0.159    4.337 v _6887_/Y (sky130_fd_sc_hd__o21bai_1)
   0.238    4.575 ^ _6895_/Y (sky130_fd_sc_hd__a41oi_1)
   0.161    4.736 ^ place810/X (sky130_fd_sc_hd__buf_4)
   0.191    4.927 v _6899_/Y (sky130_fd_sc_hd__a21oi_1)
   0.274    5.201 ^ _6903_/Y (sky130_fd_sc_hd__a41oi_2)
   0.154    5.355 ^ place802/X (sky130_fd_sc_hd__buf_4)
   0.091    5.447 v _6907_/Y (sky130_fd_sc_hd__a21oi_1)
   0.334    5.781 ^ _6911_/Y (sky130_fd_sc_hd__a41oi_1)
   0.216    5.996 v _6915_/Y (sky130_fd_sc_hd__a21oi_1)
   0.323    6.320 ^ _6919_/Y (sky130_fd_sc_hd__a311oi_2)
   0.222    6.542 ^ _6920_/X (sky130_fd_sc_hd__xor2_1)
   0.304    6.846 ^ _7127_/X (sky130_fd_sc_hd__o22a_1)
   0.126    6.973 v _7128_/Y (sky130_fd_sc_hd__o21ai_2)
   0.217    7.190 v place751/X (sky130_fd_sc_hd__buf_12)
   0.018    7.208 v dp.rf.rf[0][30]$_DFFE_PP_/D (sky130_fd_sc_hd__edfxtp_1)
            7.208   data arrival time

   7.000    7.000   clock clk (rise edge)
   0.775    7.775   clock network delay (ideal)
   0.000    7.775   clock reconvergence pessimism
            7.775 ^ dp.rf.rf[0][30]$_DFFE_PP_/CLK (sky130_fd_sc_hd__edfxtp_1)
  -0.273    7.502   library setup time
            7.502   data required time
-----------------------------------------------------------
            7.502   data required time
           -7.208   data arrival time
-----------------------------------------------------------
            0.294   slack (MET)


Startpoint: dp.rf.rf[5][1]$_DFFE_PP_
            (rising edge-triggered flip-flop clocked by clk)
Endpoint: dp.rf.rf[30][30]$_DFFE_PP_
          (rising edge-triggered flip-flop clocked by clk)
Path Group: clk
Path Type: max

   Delay     Time   Description
-----------------------------------------------------------
   0.000    0.000   clock clk (rise edge)
   0.775    0.775   clock network delay (ideal)
   0.000    0.775 ^ dp.rf.rf[5][1]$_DFFE_PP_/CLK (sky130_fd_sc_hd__edfxtp_1)
   0.362    1.137 v dp.rf.rf[5][1]$_DFFE_PP_/Q (sky130_fd_sc_hd__edfxtp_1)
   0.283    1.421 v _4342_/X (sky130_fd_sc_hd__mux2_2)
   0.289    1.709 v _4343_/X (sky130_fd_sc_hd__a221o_1)
   0.140    1.849 ^ _4344_/Y (sky130_fd_sc_hd__a22oi_1)
   0.073    1.923 v _4345_/Y (sky130_fd_sc_hd__a31oi_1)
   0.225    2.147 v _4346_/X (sky130_fd_sc_hd__a22o_1)
   0.249    2.396 ^ _4354_/Y (sky130_fd_sc_hd__a311oi_2)
   0.177    2.573 ^ place987/X (sky130_fd_sc_hd__buf_4)
   0.236    2.809 ^ place986/X (sky130_fd_sc_hd__buf_4)
   0.195    3.004 v _7418_/Y (sky130_fd_sc_hd__o21ai_0)
   0.466    3.469 v _7642_/COUT (sky130_fd_sc_hd__fa_1)
   0.184    3.653 v _6883_/X (sky130_fd_sc_hd__a21o_1)
   0.182    3.835 ^ _6884_/Y (sky130_fd_sc_hd__a21oi_1)
   0.087    3.923 v _6885_/Y (sky130_fd_sc_hd__o21bai_1)
   0.256    4.179 ^ _6886_/Y (sky130_fd_sc_hd__a21oi_1)
   0.159    4.337 v _6887_/Y (sky130_fd_sc_hd__o21bai_1)
   0.238    4.575 ^ _6895_/Y (sky130_fd_sc_hd__a41oi_1)
   0.161    4.736 ^ place810/X (sky130_fd_sc_hd__buf_4)
   0.191    4.927 v _6899_/Y (sky130_fd_sc_hd__a21oi_1)
   0.274    5.201 ^ _6903_/Y (sky130_fd_sc_hd__a41oi_2)
   0.154    5.355 ^ place802/X (sky130_fd_sc_hd__buf_4)
   0.091    5.447 v _6907_/Y (sky130_fd_sc_hd__a21oi_1)
   0.334    5.781 ^ _6911_/Y (sky130_fd_sc_hd__a41oi_1)
   0.216    5.996 v _6915_/Y (sky130_fd_sc_hd__a21oi_1)
   0.323    6.320 ^ _6919_/Y (sky130_fd_sc_hd__a311oi_2)
   0.222    6.542 ^ _6920_/X (sky130_fd_sc_hd__xor2_1)
   0.304    6.846 ^ _7127_/X (sky130_fd_sc_hd__o22a_1)
   0.126    6.973 v _7128_/Y (sky130_fd_sc_hd__o21ai_2)
   0.217    7.190 v place751/X (sky130_fd_sc_hd__buf_12)
   0.018    7.208 v dp.rf.rf[30][30]$_DFFE_PP_/D (sky130_fd_sc_hd__edfxtp_1)
            7.208   data arrival time

   7.000    7.000   clock clk (rise edge)
   0.775    7.775   clock network delay (ideal)
   0.000    7.775   clock reconvergence pessimism
            7.775 ^ dp.rf.rf[30][30]$_DFFE_PP_/CLK (sky130_fd_sc_hd__edfxtp_1)
  -0.273    7.502   library setup time
            7.502   data required time
-----------------------------------------------------------
            7.502   data required time
           -7.208   data arrival time
-----------------------------------------------------------
            0.294   slack (MET)


Startpoint: dp.rf.rf[5][1]$_DFFE_PP_
            (rising edge-triggered flip-flop clocked by clk)
Endpoint: dp.rf.rf[31][30]$_DFFE_PP_
          (rising edge-triggered flip-flop clocked by clk)
Path Group: clk
Path Type: max

   Delay     Time   Description
-----------------------------------------------------------
   0.000    0.000   clock clk (rise edge)
   0.775    0.775   clock network delay (ideal)
   0.000    0.775 ^ dp.rf.rf[5][1]$_DFFE_PP_/CLK (sky130_fd_sc_hd__edfxtp_1)
   0.362    1.137 v dp.rf.rf[5][1]$_DFFE_PP_/Q (sky130_fd_sc_hd__edfxtp_1)
   0.283    1.421 v _4342_/X (sky130_fd_sc_hd__mux2_2)
   0.289    1.709 v _4343_/X (sky130_fd_sc_hd__a221o_1)
   0.140    1.849 ^ _4344_/Y (sky130_fd_sc_hd__a22oi_1)
   0.073    1.923 v _4345_/Y (sky130_fd_sc_hd__a31oi_1)
   0.225    2.147 v _4346_/X (sky130_fd_sc_hd__a22o_1)
   0.249    2.396 ^ _4354_/Y (sky130_fd_sc_hd__a311oi_2)
   0.177    2.573 ^ place987/X (sky130_fd_sc_hd__buf_4)
   0.236    2.809 ^ place986/X (sky130_fd_sc_hd__buf_4)
   0.195    3.004 v _7418_/Y (sky130_fd_sc_hd__o21ai_0)
   0.466    3.469 v _7642_/COUT (sky130_fd_sc_hd__fa_1)
   0.184    3.653 v _6883_/X (sky130_fd_sc_hd__a21o_1)
   0.182    3.835 ^ _6884_/Y (sky130_fd_sc_hd__a21oi_1)
   0.087    3.923 v _6885_/Y (sky130_fd_sc_hd__o21bai_1)
   0.256    4.179 ^ _6886_/Y (sky130_fd_sc_hd__a21oi_1)
   0.159    4.337 v _6887_/Y (sky130_fd_sc_hd__o21bai_1)
   0.238    4.575 ^ _6895_/Y (sky130_fd_sc_hd__a41oi_1)
   0.161    4.736 ^ place810/X (sky130_fd_sc_hd__buf_4)
   0.191    4.927 v _6899_/Y (sky130_fd_sc_hd__a21oi_1)
   0.274    5.201 ^ _6903_/Y (sky130_fd_sc_hd__a41oi_2)
   0.154    5.355 ^ place802/X (sky130_fd_sc_hd__buf_4)
   0.091    5.447 v _6907_/Y (sky130_fd_sc_hd__a21oi_1)
   0.334    5.781 ^ _6911_/Y (sky130_fd_sc_hd__a41oi_1)
   0.216    5.996 v _6915_/Y (sky130_fd_sc_hd__a21oi_1)
   0.323    6.320 ^ _6919_/Y (sky130_fd_sc_hd__a311oi_2)
   0.222    6.542 ^ _6920_/X (sky130_fd_sc_hd__xor2_1)
   0.304    6.846 ^ _7127_/X (sky130_fd_sc_hd__o22a_1)
   0.126    6.973 v _7128_/Y (sky130_fd_sc_hd__o21ai_2)
   0.217    7.190 v place751/X (sky130_fd_sc_hd__buf_12)
   0.018    7.208 v dp.rf.rf[31][30]$_DFFE_PP_/D (sky130_fd_sc_hd__edfxtp_1)
            7.208   data arrival time

   7.000    7.000   clock clk (rise edge)
   0.775    7.775   clock network delay (ideal)
   0.000    7.775   clock reconvergence pessimism
            7.775 ^ dp.rf.rf[31][30]$_DFFE_PP_/CLK (sky130_fd_sc_hd__edfxtp_1)
  -0.273    7.502   library setup time
            7.502   data required time
-----------------------------------------------------------
            7.502   data required time
           -7.208   data arrival time
-----------------------------------------------------------
            0.294   slack (MET)


Startpoint: dp.rf.rf[5][1]$_DFFE_PP_
            (rising edge-triggered flip-flop clocked by clk)
Endpoint: dp.rf.rf[26][30]$_DFFE_PP_
          (rising edge-triggered flip-flop clocked by clk)
Path Group: clk
Path Type: max

   Delay     Time   Description
-----------------------------------------------------------
   0.000    0.000   clock clk (rise edge)
   0.775    0.775   clock network delay (ideal)
   0.000    0.775 ^ dp.rf.rf[5][1]$_DFFE_PP_/CLK (sky130_fd_sc_hd__edfxtp_1)
   0.362    1.137 v dp.rf.rf[5][1]$_DFFE_PP_/Q (sky130_fd_sc_hd__edfxtp_1)
   0.283    1.421 v _4342_/X (sky130_fd_sc_hd__mux2_2)
   0.289    1.709 v _4343_/X (sky130_fd_sc_hd__a221o_1)
   0.140    1.849 ^ _4344_/Y (sky130_fd_sc_hd__a22oi_1)
   0.073    1.923 v _4345_/Y (sky130_fd_sc_hd__a31oi_1)
   0.225    2.147 v _4346_/X (sky130_fd_sc_hd__a22o_1)
   0.249    2.396 ^ _4354_/Y (sky130_fd_sc_hd__a311oi_2)
   0.177    2.573 ^ place987/X (sky130_fd_sc_hd__buf_4)
   0.236    2.809 ^ place986/X (sky130_fd_sc_hd__buf_4)
   0.195    3.004 v _7418_/Y (sky130_fd_sc_hd__o21ai_0)
   0.466    3.469 v _7642_/COUT (sky130_fd_sc_hd__fa_1)
   0.184    3.653 v _6883_/X (sky130_fd_sc_hd__a21o_1)
   0.182    3.835 ^ _6884_/Y (sky130_fd_sc_hd__a21oi_1)
   0.087    3.923 v _6885_/Y (sky130_fd_sc_hd__o21bai_1)
   0.256    4.179 ^ _6886_/Y (sky130_fd_sc_hd__a21oi_1)
   0.159    4.337 v _6887_/Y (sky130_fd_sc_hd__o21bai_1)
   0.238    4.575 ^ _6895_/Y (sky130_fd_sc_hd__a41oi_1)
   0.161    4.736 ^ place810/X (sky130_fd_sc_hd__buf_4)
   0.191    4.927 v _6899_/Y (sky130_fd_sc_hd__a21oi_1)
   0.274    5.201 ^ _6903_/Y (sky130_fd_sc_hd__a41oi_2)
   0.154    5.355 ^ place802/X (sky130_fd_sc_hd__buf_4)
   0.091    5.447 v _6907_/Y (sky130_fd_sc_hd__a21oi_1)
   0.334    5.781 ^ _6911_/Y (sky130_fd_sc_hd__a41oi_1)
   0.216    5.996 v _6915_/Y (sky130_fd_sc_hd__a21oi_1)
   0.323    6.320 ^ _6919_/Y (sky130_fd_sc_hd__a311oi_2)
   0.222    6.542 ^ _6920_/X (sky130_fd_sc_hd__xor2_1)
   0.304    6.846 ^ _7127_/X (sky130_fd_sc_hd__o22a_1)
   0.126    6.973 v _7128_/Y (sky130_fd_sc_hd__o21ai_2)
   0.217    7.190 v place751/X (sky130_fd_sc_hd__buf_12)
   0.018    7.208 v dp.rf.rf[26][30]$_DFFE_PP_/D (sky130_fd_sc_hd__edfxtp_1)
            7.208   data arrival time

   7.000    7.000   clock clk (rise edge)
   0.775    7.775   clock network delay (ideal)
   0.000    7.775   clock reconvergence pessimism
            7.775 ^ dp.rf.rf[26][30]$_DFFE_PP_/CLK (sky130_fd_sc_hd__edfxtp_1)
  -0.273    7.502   library setup time
            7.502   data required time
-----------------------------------------------------------
            7.502   data required time
           -7.208   data arrival time
-----------------------------------------------------------
            0.294   slack (MET)


Startpoint: dp.rf.rf[5][1]$_DFFE_PP_
            (rising edge-triggered flip-flop clocked by clk)
Endpoint: dp.rf.rf[27][30]$_DFFE_PP_
          (rising edge-triggered flip-flop clocked by clk)
Path Group: clk
Path Type: max

   Delay     Time   Description
-----------------------------------------------------------
   0.000    0.000   clock clk (rise edge)
   0.775    0.775   clock network delay (ideal)
   0.000    0.775 ^ dp.rf.rf[5][1]$_DFFE_PP_/CLK (sky130_fd_sc_hd__edfxtp_1)
   0.362    1.137 v dp.rf.rf[5][1]$_DFFE_PP_/Q (sky130_fd_sc_hd__edfxtp_1)
   0.283    1.421 v _4342_/X (sky130_fd_sc_hd__mux2_2)
   0.289    1.709 v _4343_/X (sky130_fd_sc_hd__a221o_1)
   0.140    1.849 ^ _4344_/Y (sky130_fd_sc_hd__a22oi_1)
   0.073    1.923 v _4345_/Y (sky130_fd_sc_hd__a31oi_1)
   0.225    2.147 v _4346_/X (sky130_fd_sc_hd__a22o_1)
   0.249    2.396 ^ _4354_/Y (sky130_fd_sc_hd__a311oi_2)
   0.177    2.573 ^ place987/X (sky130_fd_sc_hd__buf_4)
   0.236    2.809 ^ place986/X (sky130_fd_sc_hd__buf_4)
   0.195    3.004 v _7418_/Y (sky130_fd_sc_hd__o21ai_0)
   0.466    3.469 v _7642_/COUT (sky130_fd_sc_hd__fa_1)
   0.184    3.653 v _6883_/X (sky130_fd_sc_hd__a21o_1)
   0.182    3.835 ^ _6884_/Y (sky130_fd_sc_hd__a21oi_1)
   0.087    3.923 v _6885_/Y (sky130_fd_sc_hd__o21bai_1)
   0.256    4.179 ^ _6886_/Y (sky130_fd_sc_hd__a21oi_1)
   0.159    4.337 v _6887_/Y (sky130_fd_sc_hd__o21bai_1)
   0.238    4.575 ^ _6895_/Y (sky130_fd_sc_hd__a41oi_1)
   0.161    4.736 ^ place810/X (sky130_fd_sc_hd__buf_4)
   0.191    4.927 v _6899_/Y (sky130_fd_sc_hd__a21oi_1)
   0.274    5.201 ^ _6903_/Y (sky130_fd_sc_hd__a41oi_2)
   0.154    5.355 ^ place802/X (sky130_fd_sc_hd__buf_4)
   0.091    5.447 v _6907_/Y (sky130_fd_sc_hd__a21oi_1)
   0.334    5.781 ^ _6911_/Y (sky130_fd_sc_hd__a41oi_1)
   0.216    5.996 v _6915_/Y (sky130_fd_sc_hd__a21oi_1)
   0.323    6.320 ^ _6919_/Y (sky130_fd_sc_hd__a311oi_2)
   0.222    6.542 ^ _6920_/X (sky130_fd_sc_hd__xor2_1)
   0.304    6.846 ^ _7127_/X (sky130_fd_sc_hd__o22a_1)
   0.126    6.973 v _7128_/Y (sky130_fd_sc_hd__o21ai_2)
   0.217    7.190 v place751/X (sky130_fd_sc_hd__buf_12)
   0.018    7.208 v dp.rf.rf[27][30]$_DFFE_PP_/D (sky130_fd_sc_hd__edfxtp_1)
            7.208   data arrival time

   7.000    7.000   clock clk (rise edge)
   0.775    7.775   clock network delay (ideal)
   0.000    7.775   clock reconvergence pessimism
            7.775 ^ dp.rf.rf[27][30]$_DFFE_PP_/CLK (sky130_fd_sc_hd__edfxtp_1)
  -0.273    7.502   library setup time
            7.502   data required time
-----------------------------------------------------------
            7.502   data required time
           -7.208   data arrival time
-----------------------------------------------------------
            0.294   slack (MET)


Startpoint: dp.rf.rf[5][1]$_DFFE_PP_
            (rising edge-triggered flip-flop clocked by clk)
Endpoint: dp.rf.rf[24][30]$_DFFE_PP_
          (rising edge-triggered flip-flop clocked by clk)
Path Group: clk
Path Type: max

   Delay     Time   Description
-----------------------------------------------------------
   0.000    0.000   clock clk (rise edge)
   0.775    0.775   clock network delay (ideal)
   0.000    0.775 ^ dp.rf.rf[5][1]$_DFFE_PP_/CLK (sky130_fd_sc_hd__edfxtp_1)
   0.362    1.137 v dp.rf.rf[5][1]$_DFFE_PP_/Q (sky130_fd_sc_hd__edfxtp_1)
   0.283    1.421 v _4342_/X (sky130_fd_sc_hd__mux2_2)
   0.289    1.709 v _4343_/X (sky130_fd_sc_hd__a221o_1)
   0.140    1.849 ^ _4344_/Y (sky130_fd_sc_hd__a22oi_1)
   0.073    1.923 v _4345_/Y (sky130_fd_sc_hd__a31oi_1)
   0.225    2.147 v _4346_/X (sky130_fd_sc_hd__a22o_1)
   0.249    2.396 ^ _4354_/Y (sky130_fd_sc_hd__a311oi_2)
   0.177    2.573 ^ place987/X (sky130_fd_sc_hd__buf_4)
   0.236    2.809 ^ place986/X (sky130_fd_sc_hd__buf_4)
   0.195    3.004 v _7418_/Y (sky130_fd_sc_hd__o21ai_0)
   0.466    3.469 v _7642_/COUT (sky130_fd_sc_hd__fa_1)
   0.184    3.653 v _6883_/X (sky130_fd_sc_hd__a21o_1)
   0.182    3.835 ^ _6884_/Y (sky130_fd_sc_hd__a21oi_1)
   0.087    3.923 v _6885_/Y (sky130_fd_sc_hd__o21bai_1)
   0.256    4.179 ^ _6886_/Y (sky130_fd_sc_hd__a21oi_1)
   0.159    4.337 v _6887_/Y (sky130_fd_sc_hd__o21bai_1)
   0.238    4.575 ^ _6895_/Y (sky130_fd_sc_hd__a41oi_1)
   0.161    4.736 ^ place810/X (sky130_fd_sc_hd__buf_4)
   0.191    4.927 v _6899_/Y (sky130_fd_sc_hd__a21oi_1)
   0.274    5.201 ^ _6903_/Y (sky130_fd_sc_hd__a41oi_2)
   0.154    5.355 ^ place802/X (sky130_fd_sc_hd__buf_4)
   0.091    5.447 v _6907_/Y (sky130_fd_sc_hd__a21oi_1)
   0.334    5.781 ^ _6911_/Y (sky130_fd_sc_hd__a41oi_1)
   0.216    5.996 v _6915_/Y (sky130_fd_sc_hd__a21oi_1)
   0.323    6.320 ^ _6919_/Y (sky130_fd_sc_hd__a311oi_2)
   0.222    6.542 ^ _6920_/X (sky130_fd_sc_hd__xor2_1)
   0.304    6.846 ^ _7127_/X (sky130_fd_sc_hd__o22a_1)
   0.126    6.973 v _7128_/Y (sky130_fd_sc_hd__o21ai_2)
   0.217    7.190 v place751/X (sky130_fd_sc_hd__buf_12)
   0.018    7.208 v dp.rf.rf[24][30]$_DFFE_PP_/D (sky130_fd_sc_hd__edfxtp_1)
            7.208   data arrival time

   7.000    7.000   clock clk (rise edge)
   0.775    7.775   clock network delay (ideal)
   0.000    7.775   clock reconvergence pessimism
            7.775 ^ dp.rf.rf[24][30]$_DFFE_PP_/CLK (sky130_fd_sc_hd__edfxtp_1)
  -0.273    7.502   library setup time
            7.502   data required time
-----------------------------------------------------------
            7.502   data required time
           -7.208   data arrival time
-----------------------------------------------------------
            0.294   slack (MET)


Startpoint: dp.rf.rf[5][1]$_DFFE_PP_
            (rising edge-triggered flip-flop clocked by clk)
Endpoint: dp.rf.rf[3][30]$_DFFE_PP_
          (rising edge-triggered flip-flop clocked by clk)
Path Group: clk
Path Type: max

   Delay     Time   Description
-----------------------------------------------------------
   0.000    0.000   clock clk (rise edge)
   0.775    0.775   clock network delay (ideal)
   0.000    0.775 ^ dp.rf.rf[5][1]$_DFFE_PP_/CLK (sky130_fd_sc_hd__edfxtp_1)
   0.362    1.137 v dp.rf.rf[5][1]$_DFFE_PP_/Q (sky130_fd_sc_hd__edfxtp_1)
   0.283    1.421 v _4342_/X (sky130_fd_sc_hd__mux2_2)
   0.289    1.709 v _4343_/X (sky130_fd_sc_hd__a221o_1)
   0.140    1.849 ^ _4344_/Y (sky130_fd_sc_hd__a22oi_1)
   0.073    1.923 v _4345_/Y (sky130_fd_sc_hd__a31oi_1)
   0.225    2.147 v _4346_/X (sky130_fd_sc_hd__a22o_1)
   0.249    2.396 ^ _4354_/Y (sky130_fd_sc_hd__a311oi_2)
   0.177    2.573 ^ place987/X (sky130_fd_sc_hd__buf_4)
   0.236    2.809 ^ place986/X (sky130_fd_sc_hd__buf_4)
   0.195    3.004 v _7418_/Y (sky130_fd_sc_hd__o21ai_0)
   0.466    3.469 v _7642_/COUT (sky130_fd_sc_hd__fa_1)
   0.184    3.653 v _6883_/X (sky130_fd_sc_hd__a21o_1)
   0.182    3.835 ^ _6884_/Y (sky130_fd_sc_hd__a21oi_1)
   0.087    3.923 v _6885_/Y (sky130_fd_sc_hd__o21bai_1)
   0.256    4.179 ^ _6886_/Y (sky130_fd_sc_hd__a21oi_1)
   0.159    4.337 v _6887_/Y (sky130_fd_sc_hd__o21bai_1)
   0.238    4.575 ^ _6895_/Y (sky130_fd_sc_hd__a41oi_1)
   0.161    4.736 ^ place810/X (sky130_fd_sc_hd__buf_4)
   0.191    4.927 v _6899_/Y (sky130_fd_sc_hd__a21oi_1)
   0.274    5.201 ^ _6903_/Y (sky130_fd_sc_hd__a41oi_2)
   0.154    5.355 ^ place802/X (sky130_fd_sc_hd__buf_4)
   0.091    5.447 v _6907_/Y (sky130_fd_sc_hd__a21oi_1)
   0.334    5.781 ^ _6911_/Y (sky130_fd_sc_hd__a41oi_1)
   0.216    5.996 v _6915_/Y (sky130_fd_sc_hd__a21oi_1)
   0.323    6.320 ^ _6919_/Y (sky130_fd_sc_hd__a311oi_2)
   0.222    6.542 ^ _6920_/X (sky130_fd_sc_hd__xor2_1)
   0.304    6.846 ^ _7127_/X (sky130_fd_sc_hd__o22a_1)
   0.126    6.973 v _7128_/Y (sky130_fd_sc_hd__o21ai_2)
   0.217    7.190 v place751/X (sky130_fd_sc_hd__buf_12)
   0.018    7.208 v dp.rf.rf[3][30]$_DFFE_PP_/D (sky130_fd_sc_hd__edfxtp_1)
            7.208   data arrival time

   7.000    7.000   clock clk (rise edge)
   0.775    7.775   clock network delay (ideal)
   0.000    7.775   clock reconvergence pessimism
            7.775 ^ dp.rf.rf[3][30]$_DFFE_PP_/CLK (sky130_fd_sc_hd__edfxtp_1)
  -0.273    7.502   library setup time
            7.502   data required time
-----------------------------------------------------------
            7.502   data required time
           -7.208   data arrival time
-----------------------------------------------------------
            0.294   slack (MET)


Startpoint: dp.rf.rf[5][1]$_DFFE_PP_
            (rising edge-triggered flip-flop clocked by clk)
Endpoint: dp.rf.rf[25][30]$_DFFE_PP_
          (rising edge-triggered flip-flop clocked by clk)
Path Group: clk
Path Type: max

   Delay     Time   Description
-----------------------------------------------------------
   0.000    0.000   clock clk (rise edge)
   0.775    0.775   clock network delay (ideal)
   0.000    0.775 ^ dp.rf.rf[5][1]$_DFFE_PP_/CLK (sky130_fd_sc_hd__edfxtp_1)
   0.362    1.137 v dp.rf.rf[5][1]$_DFFE_PP_/Q (sky130_fd_sc_hd__edfxtp_1)
   0.283    1.421 v _4342_/X (sky130_fd_sc_hd__mux2_2)
   0.289    1.709 v _4343_/X (sky130_fd_sc_hd__a221o_1)
   0.140    1.849 ^ _4344_/Y (sky130_fd_sc_hd__a22oi_1)
   0.073    1.923 v _4345_/Y (sky130_fd_sc_hd__a31oi_1)
   0.225    2.147 v _4346_/X (sky130_fd_sc_hd__a22o_1)
   0.249    2.396 ^ _4354_/Y (sky130_fd_sc_hd__a311oi_2)
   0.177    2.573 ^ place987/X (sky130_fd_sc_hd__buf_4)
   0.236    2.809 ^ place986/X (sky130_fd_sc_hd__buf_4)
   0.195    3.004 v _7418_/Y (sky130_fd_sc_hd__o21ai_0)
   0.466    3.469 v _7642_/COUT (sky130_fd_sc_hd__fa_1)
   0.184    3.653 v _6883_/X (sky130_fd_sc_hd__a21o_1)
   0.182    3.835 ^ _6884_/Y (sky130_fd_sc_hd__a21oi_1)
   0.087    3.923 v _6885_/Y (sky130_fd_sc_hd__o21bai_1)
   0.256    4.179 ^ _6886_/Y (sky130_fd_sc_hd__a21oi_1)
   0.159    4.337 v _6887_/Y (sky130_fd_sc_hd__o21bai_1)
   0.238    4.575 ^ _6895_/Y (sky130_fd_sc_hd__a41oi_1)
   0.161    4.736 ^ place810/X (sky130_fd_sc_hd__buf_4)
   0.191    4.927 v _6899_/Y (sky130_fd_sc_hd__a21oi_1)
   0.274    5.201 ^ _6903_/Y (sky130_fd_sc_hd__a41oi_2)
   0.154    5.355 ^ place802/X (sky130_fd_sc_hd__buf_4)
   0.091    5.447 v _6907_/Y (sky130_fd_sc_hd__a21oi_1)
   0.334    5.781 ^ _6911_/Y (sky130_fd_sc_hd__a41oi_1)
   0.216    5.996 v _6915_/Y (sky130_fd_sc_hd__a21oi_1)
   0.323    6.320 ^ _6919_/Y (sky130_fd_sc_hd__a311oi_2)
   0.222    6.542 ^ _6920_/X (sky130_fd_sc_hd__xor2_1)
   0.304    6.846 ^ _7127_/X (sky130_fd_sc_hd__o22a_1)
   0.126    6.973 v _7128_/Y (sky130_fd_sc_hd__o21ai_2)
   0.217    7.190 v place751/X (sky130_fd_sc_hd__buf_12)
   0.018    7.208 v dp.rf.rf[25][30]$_DFFE_PP_/D (sky130_fd_sc_hd__edfxtp_1)
            7.208   data arrival time

   7.000    7.000   clock clk (rise edge)
   0.775    7.775   clock network delay (ideal)
   0.000    7.775   clock reconvergence pessimism
            7.775 ^ dp.rf.rf[25][30]$_DFFE_PP_/CLK (sky130_fd_sc_hd__edfxtp_1)
  -0.273    7.502   library setup time
            7.502   data required time
-----------------------------------------------------------
            7.502   data required time
           -7.208   data arrival time
-----------------------------------------------------------
            0.294   slack (MET)


Startpoint: dp.rf.rf[5][1]$_DFFE_PP_
            (rising edge-triggered flip-flop clocked by clk)
Endpoint: dp.rf.rf[2][30]$_DFFE_PP_
          (rising edge-triggered flip-flop clocked by clk)
Path Group: clk
Path Type: max

   Delay     Time   Description
-----------------------------------------------------------
   0.000    0.000   clock clk (rise edge)
   0.775    0.775   clock network delay (ideal)
   0.000    0.775 ^ dp.rf.rf[5][1]$_DFFE_PP_/CLK (sky130_fd_sc_hd__edfxtp_1)
   0.362    1.137 v dp.rf.rf[5][1]$_DFFE_PP_/Q (sky130_fd_sc_hd__edfxtp_1)
   0.283    1.421 v _4342_/X (sky130_fd_sc_hd__mux2_2)
   0.289    1.709 v _4343_/X (sky130_fd_sc_hd__a221o_1)
   0.140    1.849 ^ _4344_/Y (sky130_fd_sc_hd__a22oi_1)
   0.073    1.923 v _4345_/Y (sky130_fd_sc_hd__a31oi_1)
   0.225    2.147 v _4346_/X (sky130_fd_sc_hd__a22o_1)
   0.249    2.396 ^ _4354_/Y (sky130_fd_sc_hd__a311oi_2)
   0.177    2.573 ^ place987/X (sky130_fd_sc_hd__buf_4)
   0.236    2.809 ^ place986/X (sky130_fd_sc_hd__buf_4)
   0.195    3.004 v _7418_/Y (sky130_fd_sc_hd__o21ai_0)
   0.466    3.469 v _7642_/COUT (sky130_fd_sc_hd__fa_1)
   0.184    3.653 v _6883_/X (sky130_fd_sc_hd__a21o_1)
   0.182    3.835 ^ _6884_/Y (sky130_fd_sc_hd__a21oi_1)
   0.087    3.923 v _6885_/Y (sky130_fd_sc_hd__o21bai_1)
   0.256    4.179 ^ _6886_/Y (sky130_fd_sc_hd__a21oi_1)
   0.159    4.337 v _6887_/Y (sky130_fd_sc_hd__o21bai_1)
   0.238    4.575 ^ _6895_/Y (sky130_fd_sc_hd__a41oi_1)
   0.161    4.736 ^ place810/X (sky130_fd_sc_hd__buf_4)
   0.191    4.927 v _6899_/Y (sky130_fd_sc_hd__a21oi_1)
   0.274    5.201 ^ _6903_/Y (sky130_fd_sc_hd__a41oi_2)
   0.154    5.355 ^ place802/X (sky130_fd_sc_hd__buf_4)
   0.091    5.447 v _6907_/Y (sky130_fd_sc_hd__a21oi_1)
   0.334    5.781 ^ _6911_/Y (sky130_fd_sc_hd__a41oi_1)
   0.216    5.996 v _6915_/Y (sky130_fd_sc_hd__a21oi_1)
   0.323    6.320 ^ _6919_/Y (sky130_fd_sc_hd__a311oi_2)
   0.222    6.542 ^ _6920_/X (sky130_fd_sc_hd__xor2_1)
   0.304    6.846 ^ _7127_/X (sky130_fd_sc_hd__o22a_1)
   0.126    6.973 v _7128_/Y (sky130_fd_sc_hd__o21ai_2)
   0.217    7.190 v place751/X (sky130_fd_sc_hd__buf_12)
   0.017    7.207 v dp.rf.rf[2][30]$_DFFE_PP_/D (sky130_fd_sc_hd__edfxtp_1)
            7.207   data arrival time

   7.000    7.000   clock clk (rise edge)
   0.775    7.775   clock network delay (ideal)
   0.000    7.775   clock reconvergence pessimism
            7.775 ^ dp.rf.rf[2][30]$_DFFE_PP_/CLK (sky130_fd_sc_hd__edfxtp_1)
  -0.273    7.502   library setup time
            7.502   data required time
-----------------------------------------------------------
            7.502   data required time
           -7.207   data arrival time
-----------------------------------------------------------
            0.295   slack (MET)


Startpoint: dp.rf.rf[5][1]$_DFFE_PP_
            (rising edge-triggered flip-flop clocked by clk)
Endpoint: dp.rf.rf[7][30]$_DFFE_PP_
          (rising edge-triggered flip-flop clocked by clk)
Path Group: clk
Path Type: max

   Delay     Time   Description
-----------------------------------------------------------
   0.000    0.000   clock clk (rise edge)
   0.775    0.775   clock network delay (ideal)
   0.000    0.775 ^ dp.rf.rf[5][1]$_DFFE_PP_/CLK (sky130_fd_sc_hd__edfxtp_1)
   0.362    1.137 v dp.rf.rf[5][1]$_DFFE_PP_/Q (sky130_fd_sc_hd__edfxtp_1)
   0.283    1.421 v _4342_/X (sky130_fd_sc_hd__mux2_2)
   0.289    1.709 v _4343_/X (sky130_fd_sc_hd__a221o_1)
   0.140    1.849 ^ _4344_/Y (sky130_fd_sc_hd__a22oi_1)
   0.073    1.923 v _4345_/Y (sky130_fd_sc_hd__a31oi_1)
   0.225    2.147 v _4346_/X (sky130_fd_sc_hd__a22o_1)
   0.249    2.396 ^ _4354_/Y (sky130_fd_sc_hd__a311oi_2)
   0.177    2.573 ^ place987/X (sky130_fd_sc_hd__buf_4)
   0.236    2.809 ^ place986/X (sky130_fd_sc_hd__buf_4)
   0.195    3.004 v _7418_/Y (sky130_fd_sc_hd__o21ai_0)
   0.466    3.469 v _7642_/COUT (sky130_fd_sc_hd__fa_1)
   0.184    3.653 v _6883_/X (sky130_fd_sc_hd__a21o_1)
   0.182    3.835 ^ _6884_/Y (sky130_fd_sc_hd__a21oi_1)
   0.087    3.923 v _6885_/Y (sky130_fd_sc_hd__o21bai_1)
   0.256    4.179 ^ _6886_/Y (sky130_fd_sc_hd__a21oi_1)
   0.159    4.337 v _6887_/Y (sky130_fd_sc_hd__o21bai_1)
   0.238    4.575 ^ _6895_/Y (sky130_fd_sc_hd__a41oi_1)
   0.161    4.736 ^ place810/X (sky130_fd_sc_hd__buf_4)
   0.191    4.927 v _6899_/Y (sky130_fd_sc_hd__a21oi_1)
   0.274    5.201 ^ _6903_/Y (sky130_fd_sc_hd__a41oi_2)
   0.154    5.355 ^ place802/X (sky130_fd_sc_hd__buf_4)
   0.091    5.447 v _6907_/Y (sky130_fd_sc_hd__a21oi_1)
   0.334    5.781 ^ _6911_/Y (sky130_fd_sc_hd__a41oi_1)
   0.216    5.996 v _6915_/Y (sky130_fd_sc_hd__a21oi_1)
   0.323    6.320 ^ _6919_/Y (sky130_fd_sc_hd__a311oi_2)
   0.222    6.542 ^ _6920_/X (sky130_fd_sc_hd__xor2_1)
   0.304    6.846 ^ _7127_/X (sky130_fd_sc_hd__o22a_1)
   0.126    6.973 v _7128_/Y (sky130_fd_sc_hd__o21ai_2)
   0.217    7.190 v place751/X (sky130_fd_sc_hd__buf_12)
   0.017    7.207 v dp.rf.rf[7][30]$_DFFE_PP_/D (sky130_fd_sc_hd__edfxtp_1)
            7.207   data arrival time

   7.000    7.000   clock clk (rise edge)
   0.775    7.775   clock network delay (ideal)
   0.000    7.775   clock reconvergence pessimism
            7.775 ^ dp.rf.rf[7][30]$_DFFE_PP_/CLK (sky130_fd_sc_hd__edfxtp_1)
  -0.273    7.502   library setup time
            7.502   data required time
-----------------------------------------------------------
            7.502   data required time
           -7.207   data arrival time
-----------------------------------------------------------
            0.296   slack (MET)


Startpoint: dp.rf.rf[5][1]$_DFFE_PP_
            (rising edge-triggered flip-flop clocked by clk)
Endpoint: dp.rf.rf[6][30]$_DFFE_PP_
          (rising edge-triggered flip-flop clocked by clk)
Path Group: clk
Path Type: max

   Delay     Time   Description
-----------------------------------------------------------
   0.000    0.000   clock clk (rise edge)
   0.775    0.775   clock network delay (ideal)
   0.000    0.775 ^ dp.rf.rf[5][1]$_DFFE_PP_/CLK (sky130_fd_sc_hd__edfxtp_1)
   0.362    1.137 v dp.rf.rf[5][1]$_DFFE_PP_/Q (sky130_fd_sc_hd__edfxtp_1)
   0.283    1.421 v _4342_/X (sky130_fd_sc_hd__mux2_2)
   0.289    1.709 v _4343_/X (sky130_fd_sc_hd__a221o_1)
   0.140    1.849 ^ _4344_/Y (sky130_fd_sc_hd__a22oi_1)
   0.073    1.923 v _4345_/Y (sky130_fd_sc_hd__a31oi_1)
   0.225    2.147 v _4346_/X (sky130_fd_sc_hd__a22o_1)
   0.249    2.396 ^ _4354_/Y (sky130_fd_sc_hd__a311oi_2)
   0.177    2.573 ^ place987/X (sky130_fd_sc_hd__buf_4)
   0.236    2.809 ^ place986/X (sky130_fd_sc_hd__buf_4)
   0.195    3.004 v _7418_/Y (sky130_fd_sc_hd__o21ai_0)
   0.466    3.469 v _7642_/COUT (sky130_fd_sc_hd__fa_1)
   0.184    3.653 v _6883_/X (sky130_fd_sc_hd__a21o_1)
   0.182    3.835 ^ _6884_/Y (sky130_fd_sc_hd__a21oi_1)
   0.087    3.923 v _6885_/Y (sky130_fd_sc_hd__o21bai_1)
   0.256    4.179 ^ _6886_/Y (sky130_fd_sc_hd__a21oi_1)
   0.159    4.337 v _6887_/Y (sky130_fd_sc_hd__o21bai_1)
   0.238    4.575 ^ _6895_/Y (sky130_fd_sc_hd__a41oi_1)
   0.161    4.736 ^ place810/X (sky130_fd_sc_hd__buf_4)
   0.191    4.927 v _6899_/Y (sky130_fd_sc_hd__a21oi_1)
   0.274    5.201 ^ _6903_/Y (sky130_fd_sc_hd__a41oi_2)
   0.154    5.355 ^ place802/X (sky130_fd_sc_hd__buf_4)
   0.091    5.447 v _6907_/Y (sky130_fd_sc_hd__a21oi_1)
   0.334    5.781 ^ _6911_/Y (sky130_fd_sc_hd__a41oi_1)
   0.216    5.996 v _6915_/Y (sky130_fd_sc_hd__a21oi_1)
   0.323    6.320 ^ _6919_/Y (sky130_fd_sc_hd__a311oi_2)
   0.222    6.542 ^ _6920_/X (sky130_fd_sc_hd__xor2_1)
   0.304    6.846 ^ _7127_/X (sky130_fd_sc_hd__o22a_1)
   0.126    6.973 v _7128_/Y (sky130_fd_sc_hd__o21ai_2)
   0.217    7.190 v place751/X (sky130_fd_sc_hd__buf_12)
   0.016    7.206 v dp.rf.rf[6][30]$_DFFE_PP_/D (sky130_fd_sc_hd__edfxtp_1)
            7.206   data arrival time

   7.000    7.000   clock clk (rise edge)
   0.775    7.775   clock network delay (ideal)
   0.000    7.775   clock reconvergence pessimism
            7.775 ^ dp.rf.rf[6][30]$_DFFE_PP_/CLK (sky130_fd_sc_hd__edfxtp_1)
  -0.272    7.503   library setup time
            7.503   data required time
-----------------------------------------------------------
            7.503   data required time
           -7.206   data arrival time
-----------------------------------------------------------
            0.296   slack (MET)


Startpoint: dp.rf.rf[5][1]$_DFFE_PP_
            (rising edge-triggered flip-flop clocked by clk)
Endpoint: dp.rf.rf[12][30]$_DFFE_PP_
          (rising edge-triggered flip-flop clocked by clk)
Path Group: clk
Path Type: max

   Delay     Time   Description
-----------------------------------------------------------
   0.000    0.000   clock clk (rise edge)
   0.775    0.775   clock network delay (ideal)
   0.000    0.775 ^ dp.rf.rf[5][1]$_DFFE_PP_/CLK (sky130_fd_sc_hd__edfxtp_1)
   0.362    1.137 v dp.rf.rf[5][1]$_DFFE_PP_/Q (sky130_fd_sc_hd__edfxtp_1)
   0.283    1.421 v _4342_/X (sky130_fd_sc_hd__mux2_2)
   0.289    1.709 v _4343_/X (sky130_fd_sc_hd__a221o_1)
   0.140    1.849 ^ _4344_/Y (sky130_fd_sc_hd__a22oi_1)
   0.073    1.923 v _4345_/Y (sky130_fd_sc_hd__a31oi_1)
   0.225    2.147 v _4346_/X (sky130_fd_sc_hd__a22o_1)
   0.249    2.396 ^ _4354_/Y (sky130_fd_sc_hd__a311oi_2)
   0.177    2.573 ^ place987/X (sky130_fd_sc_hd__buf_4)
   0.236    2.809 ^ place986/X (sky130_fd_sc_hd__buf_4)
   0.195    3.004 v _7418_/Y (sky130_fd_sc_hd__o21ai_0)
   0.466    3.469 v _7642_/COUT (sky130_fd_sc_hd__fa_1)
   0.184    3.653 v _6883_/X (sky130_fd_sc_hd__a21o_1)
   0.182    3.835 ^ _6884_/Y (sky130_fd_sc_hd__a21oi_1)
   0.087    3.923 v _6885_/Y (sky130_fd_sc_hd__o21bai_1)
   0.256    4.179 ^ _6886_/Y (sky130_fd_sc_hd__a21oi_1)
   0.159    4.337 v _6887_/Y (sky130_fd_sc_hd__o21bai_1)
   0.238    4.575 ^ _6895_/Y (sky130_fd_sc_hd__a41oi_1)
   0.161    4.736 ^ place810/X (sky130_fd_sc_hd__buf_4)
   0.191    4.927 v _6899_/Y (sky130_fd_sc_hd__a21oi_1)
   0.274    5.201 ^ _6903_/Y (sky130_fd_sc_hd__a41oi_2)
   0.154    5.355 ^ place802/X (sky130_fd_sc_hd__buf_4)
   0.091    5.447 v _6907_/Y (sky130_fd_sc_hd__a21oi_1)
   0.334    5.781 ^ _6911_/Y (sky130_fd_sc_hd__a41oi_1)
   0.216    5.996 v _6915_/Y (sky130_fd_sc_hd__a21oi_1)
   0.323    6.320 ^ _6919_/Y (sky130_fd_sc_hd__a311oi_2)
   0.222    6.542 ^ _6920_/X (sky130_fd_sc_hd__xor2_1)
   0.304    6.846 ^ _7127_/X (sky130_fd_sc_hd__o22a_1)
   0.126    6.973 v _7128_/Y (sky130_fd_sc_hd__o21ai_2)
   0.217    7.190 v place751/X (sky130_fd_sc_hd__buf_12)
   0.016    7.205 v dp.rf.rf[12][30]$_DFFE_PP_/D (sky130_fd_sc_hd__edfxtp_1)
            7.205   data arrival time

   7.000    7.000   clock clk (rise edge)
   0.775    7.775   clock network delay (ideal)
   0.000    7.775   clock reconvergence pessimism
            7.775 ^ dp.rf.rf[12][30]$_DFFE_PP_/CLK (sky130_fd_sc_hd__edfxtp_1)
  -0.272    7.503   library setup time
            7.503   data required time
-----------------------------------------------------------
            7.503   data required time
           -7.205   data arrival time
-----------------------------------------------------------
            0.298   slack (MET)


Startpoint: dp.rf.rf[5][1]$_DFFE_PP_
            (rising edge-triggered flip-flop clocked by clk)
Endpoint: dp.rf.rf[13][30]$_DFFE_PP_
          (rising edge-triggered flip-flop clocked by clk)
Path Group: clk
Path Type: max

   Delay     Time   Description
-----------------------------------------------------------
   0.000    0.000   clock clk (rise edge)
   0.775    0.775   clock network delay (ideal)
   0.000    0.775 ^ dp.rf.rf[5][1]$_DFFE_PP_/CLK (sky130_fd_sc_hd__edfxtp_1)
   0.362    1.137 v dp.rf.rf[5][1]$_DFFE_PP_/Q (sky130_fd_sc_hd__edfxtp_1)
   0.283    1.421 v _4342_/X (sky130_fd_sc_hd__mux2_2)
   0.289    1.709 v _4343_/X (sky130_fd_sc_hd__a221o_1)
   0.140    1.849 ^ _4344_/Y (sky130_fd_sc_hd__a22oi_1)
   0.073    1.923 v _4345_/Y (sky130_fd_sc_hd__a31oi_1)
   0.225    2.147 v _4346_/X (sky130_fd_sc_hd__a22o_1)
   0.249    2.396 ^ _4354_/Y (sky130_fd_sc_hd__a311oi_2)
   0.177    2.573 ^ place987/X (sky130_fd_sc_hd__buf_4)
   0.236    2.809 ^ place986/X (sky130_fd_sc_hd__buf_4)
   0.195    3.004 v _7418_/Y (sky130_fd_sc_hd__o21ai_0)
   0.466    3.469 v _7642_/COUT (sky130_fd_sc_hd__fa_1)
   0.184    3.653 v _6883_/X (sky130_fd_sc_hd__a21o_1)
   0.182    3.835 ^ _6884_/Y (sky130_fd_sc_hd__a21oi_1)
   0.087    3.923 v _6885_/Y (sky130_fd_sc_hd__o21bai_1)
   0.256    4.179 ^ _6886_/Y (sky130_fd_sc_hd__a21oi_1)
   0.159    4.337 v _6887_/Y (sky130_fd_sc_hd__o21bai_1)
   0.238    4.575 ^ _6895_/Y (sky130_fd_sc_hd__a41oi_1)
   0.161    4.736 ^ place810/X (sky130_fd_sc_hd__buf_4)
   0.191    4.927 v _6899_/Y (sky130_fd_sc_hd__a21oi_1)
   0.274    5.201 ^ _6903_/Y (sky130_fd_sc_hd__a41oi_2)
   0.154    5.355 ^ place802/X (sky130_fd_sc_hd__buf_4)
   0.091    5.447 v _6907_/Y (sky130_fd_sc_hd__a21oi_1)
   0.334    5.781 ^ _6911_/Y (sky130_fd_sc_hd__a41oi_1)
   0.216    5.996 v _6915_/Y (sky130_fd_sc_hd__a21oi_1)
   0.323    6.320 ^ _6919_/Y (sky130_fd_sc_hd__a311oi_2)
   0.222    6.542 ^ _6920_/X (sky130_fd_sc_hd__xor2_1)
   0.304    6.846 ^ _7127_/X (sky130_fd_sc_hd__o22a_1)
   0.126    6.973 v _7128_/Y (sky130_fd_sc_hd__o21ai_2)
   0.217    7.190 v place751/X (sky130_fd_sc_hd__buf_12)
   0.015    7.205 v dp.rf.rf[13][30]$_DFFE_PP_/D (sky130_fd_sc_hd__edfxtp_1)
            7.205   data arrival time

   7.000    7.000   clock clk (rise edge)
   0.775    7.775   clock network delay (ideal)
   0.000    7.775   clock reconvergence pessimism
            7.775 ^ dp.rf.rf[13][30]$_DFFE_PP_/CLK (sky130_fd_sc_hd__edfxtp_1)
  -0.272    7.503   library setup time
            7.503   data required time
-----------------------------------------------------------
            7.503   data required time
           -7.205   data arrival time
-----------------------------------------------------------
            0.298   slack (MET)


Startpoint: dp.rf.rf[5][1]$_DFFE_PP_
            (rising edge-triggered flip-flop clocked by clk)
Endpoint: dp.rf.rf[14][30]$_DFFE_PP_
          (rising edge-triggered flip-flop clocked by clk)
Path Group: clk
Path Type: max

   Delay     Time   Description
-----------------------------------------------------------
   0.000    0.000   clock clk (rise edge)
   0.775    0.775   clock network delay (ideal)
   0.000    0.775 ^ dp.rf.rf[5][1]$_DFFE_PP_/CLK (sky130_fd_sc_hd__edfxtp_1)
   0.362    1.137 v dp.rf.rf[5][1]$_DFFE_PP_/Q (sky130_fd_sc_hd__edfxtp_1)
   0.283    1.421 v _4342_/X (sky130_fd_sc_hd__mux2_2)
   0.289    1.709 v _4343_/X (sky130_fd_sc_hd__a221o_1)
   0.140    1.849 ^ _4344_/Y (sky130_fd_sc_hd__a22oi_1)
   0.073    1.923 v _4345_/Y (sky130_fd_sc_hd__a31oi_1)
   0.225    2.147 v _4346_/X (sky130_fd_sc_hd__a22o_1)
   0.249    2.396 ^ _4354_/Y (sky130_fd_sc_hd__a311oi_2)
   0.177    2.573 ^ place987/X (sky130_fd_sc_hd__buf_4)
   0.236    2.809 ^ place986/X (sky130_fd_sc_hd__buf_4)
   0.195    3.004 v _7418_/Y (sky130_fd_sc_hd__o21ai_0)
   0.466    3.469 v _7642_/COUT (sky130_fd_sc_hd__fa_1)
   0.184    3.653 v _6883_/X (sky130_fd_sc_hd__a21o_1)
   0.182    3.835 ^ _6884_/Y (sky130_fd_sc_hd__a21oi_1)
   0.087    3.923 v _6885_/Y (sky130_fd_sc_hd__o21bai_1)
   0.256    4.179 ^ _6886_/Y (sky130_fd_sc_hd__a21oi_1)
   0.159    4.337 v _6887_/Y (sky130_fd_sc_hd__o21bai_1)
   0.238    4.575 ^ _6895_/Y (sky130_fd_sc_hd__a41oi_1)
   0.161    4.736 ^ place810/X (sky130_fd_sc_hd__buf_4)
   0.191    4.927 v _6899_/Y (sky130_fd_sc_hd__a21oi_1)
   0.274    5.201 ^ _6903_/Y (sky130_fd_sc_hd__a41oi_2)
   0.154    5.355 ^ place802/X (sky130_fd_sc_hd__buf_4)
   0.091    5.447 v _6907_/Y (sky130_fd_sc_hd__a21oi_1)
   0.334    5.781 ^ _6911_/Y (sky130_fd_sc_hd__a41oi_1)
   0.216    5.996 v _6915_/Y (sky130_fd_sc_hd__a21oi_1)
   0.323    6.320 ^ _6919_/Y (sky130_fd_sc_hd__a311oi_2)
   0.222    6.542 ^ _6920_/X (sky130_fd_sc_hd__xor2_1)
   0.304    6.846 ^ _7127_/X (sky130_fd_sc_hd__o22a_1)
   0.126    6.973 v _7128_/Y (sky130_fd_sc_hd__o21ai_2)
   0.217    7.190 v place751/X (sky130_fd_sc_hd__buf_12)
   0.015    7.205 v dp.rf.rf[14][30]$_DFFE_PP_/D (sky130_fd_sc_hd__edfxtp_1)
            7.205   data arrival time

   7.000    7.000   clock clk (rise edge)
   0.775    7.775   clock network delay (ideal)
   0.000    7.775   clock reconvergence pessimism
            7.775 ^ dp.rf.rf[14][30]$_DFFE_PP_/CLK (sky130_fd_sc_hd__edfxtp_1)
  -0.272    7.503   library setup time
            7.503   data required time
-----------------------------------------------------------
            7.503   data required time
           -7.205   data arrival time
-----------------------------------------------------------
            0.298   slack (MET)


Startpoint: dp.rf.rf[5][1]$_DFFE_PP_
            (rising edge-triggered flip-flop clocked by clk)
Endpoint: dp.rf.rf[15][30]$_DFFE_PP_
          (rising edge-triggered flip-flop clocked by clk)
Path Group: clk
Path Type: max

   Delay     Time   Description
-----------------------------------------------------------
   0.000    0.000   clock clk (rise edge)
   0.775    0.775   clock network delay (ideal)
   0.000    0.775 ^ dp.rf.rf[5][1]$_DFFE_PP_/CLK (sky130_fd_sc_hd__edfxtp_1)
   0.362    1.137 v dp.rf.rf[5][1]$_DFFE_PP_/Q (sky130_fd_sc_hd__edfxtp_1)
   0.283    1.421 v _4342_/X (sky130_fd_sc_hd__mux2_2)
   0.289    1.709 v _4343_/X (sky130_fd_sc_hd__a221o_1)
   0.140    1.849 ^ _4344_/Y (sky130_fd_sc_hd__a22oi_1)
   0.073    1.923 v _4345_/Y (sky130_fd_sc_hd__a31oi_1)
   0.225    2.147 v _4346_/X (sky130_fd_sc_hd__a22o_1)
   0.249    2.396 ^ _4354_/Y (sky130_fd_sc_hd__a311oi_2)
   0.177    2.573 ^ place987/X (sky130_fd_sc_hd__buf_4)
   0.236    2.809 ^ place986/X (sky130_fd_sc_hd__buf_4)
   0.195    3.004 v _7418_/Y (sky130_fd_sc_hd__o21ai_0)
   0.466    3.469 v _7642_/COUT (sky130_fd_sc_hd__fa_1)
   0.184    3.653 v _6883_/X (sky130_fd_sc_hd__a21o_1)
   0.182    3.835 ^ _6884_/Y (sky130_fd_sc_hd__a21oi_1)
   0.087    3.923 v _6885_/Y (sky130_fd_sc_hd__o21bai_1)
   0.256    4.179 ^ _6886_/Y (sky130_fd_sc_hd__a21oi_1)
   0.159    4.337 v _6887_/Y (sky130_fd_sc_hd__o21bai_1)
   0.238    4.575 ^ _6895_/Y (sky130_fd_sc_hd__a41oi_1)
   0.161    4.736 ^ place810/X (sky130_fd_sc_hd__buf_4)
   0.191    4.927 v _6899_/Y (sky130_fd_sc_hd__a21oi_1)
   0.274    5.201 ^ _6903_/Y (sky130_fd_sc_hd__a41oi_2)
   0.154    5.355 ^ place802/X (sky130_fd_sc_hd__buf_4)
   0.091    5.447 v _6907_/Y (sky130_fd_sc_hd__a21oi_1)
   0.334    5.781 ^ _6911_/Y (sky130_fd_sc_hd__a41oi_1)
   0.216    5.996 v _6915_/Y (sky130_fd_sc_hd__a21oi_1)
   0.323    6.320 ^ _6919_/Y (sky130_fd_sc_hd__a311oi_2)
   0.222    6.542 ^ _6920_/X (sky130_fd_sc_hd__xor2_1)
   0.304    6.846 ^ _7127_/X (sky130_fd_sc_hd__o22a_1)
   0.126    6.973 v _7128_/Y (sky130_fd_sc_hd__o21ai_2)
   0.217    7.190 v place751/X (sky130_fd_sc_hd__buf_12)
   0.015    7.205 v dp.rf.rf[15][30]$_DFFE_PP_/D (sky130_fd_sc_hd__edfxtp_1)
            7.205   data arrival time

   7.000    7.000   clock clk (rise edge)
   0.775    7.775   clock network delay (ideal)
   0.000    7.775   clock reconvergence pessimism
            7.775 ^ dp.rf.rf[15][30]$_DFFE_PP_/CLK (sky130_fd_sc_hd__edfxtp_1)
  -0.272    7.503   library setup time
            7.503   data required time
-----------------------------------------------------------
            7.503   data required time
           -7.205   data arrival time
-----------------------------------------------------------
            0.298   slack (MET)


Startpoint: dp.rf.rf[5][1]$_DFFE_PP_
            (rising edge-triggered flip-flop clocked by clk)
Endpoint: dp.rf.rf[10][30]$_DFFE_PP_
          (rising edge-triggered flip-flop clocked by clk)
Path Group: clk
Path Type: max

   Delay     Time   Description
-----------------------------------------------------------
   0.000    0.000   clock clk (rise edge)
   0.775    0.775   clock network delay (ideal)
   0.000    0.775 ^ dp.rf.rf[5][1]$_DFFE_PP_/CLK (sky130_fd_sc_hd__edfxtp_1)
   0.362    1.137 v dp.rf.rf[5][1]$_DFFE_PP_/Q (sky130_fd_sc_hd__edfxtp_1)
   0.283    1.421 v _4342_/X (sky130_fd_sc_hd__mux2_2)
   0.289    1.709 v _4343_/X (sky130_fd_sc_hd__a221o_1)
   0.140    1.849 ^ _4344_/Y (sky130_fd_sc_hd__a22oi_1)
   0.073    1.923 v _4345_/Y (sky130_fd_sc_hd__a31oi_1)
   0.225    2.147 v _4346_/X (sky130_fd_sc_hd__a22o_1)
   0.249    2.396 ^ _4354_/Y (sky130_fd_sc_hd__a311oi_2)
   0.177    2.573 ^ place987/X (sky130_fd_sc_hd__buf_4)
   0.236    2.809 ^ place986/X (sky130_fd_sc_hd__buf_4)
   0.195    3.004 v _7418_/Y (sky130_fd_sc_hd__o21ai_0)
   0.466    3.469 v _7642_/COUT (sky130_fd_sc_hd__fa_1)
   0.184    3.653 v _6883_/X (sky130_fd_sc_hd__a21o_1)
   0.182    3.835 ^ _6884_/Y (sky130_fd_sc_hd__a21oi_1)
   0.087    3.923 v _6885_/Y (sky130_fd_sc_hd__o21bai_1)
   0.256    4.179 ^ _6886_/Y (sky130_fd_sc_hd__a21oi_1)
   0.159    4.337 v _6887_/Y (sky130_fd_sc_hd__o21bai_1)
   0.238    4.575 ^ _6895_/Y (sky130_fd_sc_hd__a41oi_1)
   0.161    4.736 ^ place810/X (sky130_fd_sc_hd__buf_4)
   0.191    4.927 v _6899_/Y (sky130_fd_sc_hd__a21oi_1)
   0.274    5.201 ^ _6903_/Y (sky130_fd_sc_hd__a41oi_2)
   0.154    5.355 ^ place802/X (sky130_fd_sc_hd__buf_4)
   0.091    5.447 v _6907_/Y (sky130_fd_sc_hd__a21oi_1)
   0.334    5.781 ^ _6911_/Y (sky130_fd_sc_hd__a41oi_1)
   0.216    5.996 v _6915_/Y (sky130_fd_sc_hd__a21oi_1)
   0.323    6.320 ^ _6919_/Y (sky130_fd_sc_hd__a311oi_2)
   0.222    6.542 ^ _6920_/X (sky130_fd_sc_hd__xor2_1)
   0.304    6.846 ^ _7127_/X (sky130_fd_sc_hd__o22a_1)
   0.126    6.973 v _7128_/Y (sky130_fd_sc_hd__o21ai_2)
   0.217    7.190 v place751/X (sky130_fd_sc_hd__buf_12)
   0.014    7.204 v dp.rf.rf[10][30]$_DFFE_PP_/D (sky130_fd_sc_hd__edfxtp_1)
            7.204   data arrival time

   7.000    7.000   clock clk (rise edge)
   0.775    7.775   clock network delay (ideal)
   0.000    7.775   clock reconvergence pessimism
            7.775 ^ dp.rf.rf[10][30]$_DFFE_PP_/CLK (sky130_fd_sc_hd__edfxtp_1)
  -0.272    7.503   library setup time
            7.503   data required time
-----------------------------------------------------------
            7.503   data required time
           -7.204   data arrival time
-----------------------------------------------------------
            0.300   slack (MET)


Startpoint: dp.rf.rf[5][1]$_DFFE_PP_
            (rising edge-triggered flip-flop clocked by clk)
Endpoint: dp.rf.rf[11][30]$_DFFE_PP_
          (rising edge-triggered flip-flop clocked by clk)
Path Group: clk
Path Type: max

   Delay     Time   Description
-----------------------------------------------------------
   0.000    0.000   clock clk (rise edge)
   0.775    0.775   clock network delay (ideal)
   0.000    0.775 ^ dp.rf.rf[5][1]$_DFFE_PP_/CLK (sky130_fd_sc_hd__edfxtp_1)
   0.362    1.137 v dp.rf.rf[5][1]$_DFFE_PP_/Q (sky130_fd_sc_hd__edfxtp_1)
   0.283    1.421 v _4342_/X (sky130_fd_sc_hd__mux2_2)
   0.289    1.709 v _4343_/X (sky130_fd_sc_hd__a221o_1)
   0.140    1.849 ^ _4344_/Y (sky130_fd_sc_hd__a22oi_1)
   0.073    1.923 v _4345_/Y (sky130_fd_sc_hd__a31oi_1)
   0.225    2.147 v _4346_/X (sky130_fd_sc_hd__a22o_1)
   0.249    2.396 ^ _4354_/Y (sky130_fd_sc_hd__a311oi_2)
   0.177    2.573 ^ place987/X (sky130_fd_sc_hd__buf_4)
   0.236    2.809 ^ place986/X (sky130_fd_sc_hd__buf_4)
   0.195    3.004 v _7418_/Y (sky130_fd_sc_hd__o21ai_0)
   0.466    3.469 v _7642_/COUT (sky130_fd_sc_hd__fa_1)
   0.184    3.653 v _6883_/X (sky130_fd_sc_hd__a21o_1)
   0.182    3.835 ^ _6884_/Y (sky130_fd_sc_hd__a21oi_1)
   0.087    3.923 v _6885_/Y (sky130_fd_sc_hd__o21bai_1)
   0.256    4.179 ^ _6886_/Y (sky130_fd_sc_hd__a21oi_1)
   0.159    4.337 v _6887_/Y (sky130_fd_sc_hd__o21bai_1)
   0.238    4.575 ^ _6895_/Y (sky130_fd_sc_hd__a41oi_1)
   0.161    4.736 ^ place810/X (sky130_fd_sc_hd__buf_4)
   0.191    4.927 v _6899_/Y (sky130_fd_sc_hd__a21oi_1)
   0.274    5.201 ^ _6903_/Y (sky130_fd_sc_hd__a41oi_2)
   0.154    5.355 ^ place802/X (sky130_fd_sc_hd__buf_4)
   0.091    5.447 v _6907_/Y (sky130_fd_sc_hd__a21oi_1)
   0.334    5.781 ^ _6911_/Y (sky130_fd_sc_hd__a41oi_1)
   0.216    5.996 v _6915_/Y (sky130_fd_sc_hd__a21oi_1)
   0.323    6.320 ^ _6919_/Y (sky130_fd_sc_hd__a311oi_2)
   0.222    6.542 ^ _6920_/X (sky130_fd_sc_hd__xor2_1)
   0.304    6.846 ^ _7127_/X (sky130_fd_sc_hd__o22a_1)
   0.126    6.973 v _7128_/Y (sky130_fd_sc_hd__o21ai_2)
   0.217    7.190 v place751/X (sky130_fd_sc_hd__buf_12)
   0.012    7.202 v dp.rf.rf[11][30]$_DFFE_PP_/D (sky130_fd_sc_hd__edfxtp_1)
            7.202   data arrival time

   7.000    7.000   clock clk (rise edge)
   0.775    7.775   clock network delay (ideal)
   0.000    7.775   clock reconvergence pessimism
            7.775 ^ dp.rf.rf[11][30]$_DFFE_PP_/CLK (sky130_fd_sc_hd__edfxtp_1)
  -0.271    7.504   library setup time
            7.504   data required time
-----------------------------------------------------------
            7.504   data required time
           -7.202   data arrival time
-----------------------------------------------------------
            0.302   slack (MET)


Startpoint: dp.rf.rf[5][1]$_DFFE_PP_
            (rising edge-triggered flip-flop clocked by clk)
Endpoint: dp.rf.rf[8][30]$_DFFE_PP_
          (rising edge-triggered flip-flop clocked by clk)
Path Group: clk
Path Type: max

   Delay     Time   Description
-----------------------------------------------------------
   0.000    0.000   clock clk (rise edge)
   0.775    0.775   clock network delay (ideal)
   0.000    0.775 ^ dp.rf.rf[5][1]$_DFFE_PP_/CLK (sky130_fd_sc_hd__edfxtp_1)
   0.362    1.137 v dp.rf.rf[5][1]$_DFFE_PP_/Q (sky130_fd_sc_hd__edfxtp_1)
   0.283    1.421 v _4342_/X (sky130_fd_sc_hd__mux2_2)
   0.289    1.709 v _4343_/X (sky130_fd_sc_hd__a221o_1)
   0.140    1.849 ^ _4344_/Y (sky130_fd_sc_hd__a22oi_1)
   0.073    1.923 v _4345_/Y (sky130_fd_sc_hd__a31oi_1)
   0.225    2.147 v _4346_/X (sky130_fd_sc_hd__a22o_1)
   0.249    2.396 ^ _4354_/Y (sky130_fd_sc_hd__a311oi_2)
   0.177    2.573 ^ place987/X (sky130_fd_sc_hd__buf_4)
   0.236    2.809 ^ place986/X (sky130_fd_sc_hd__buf_4)
   0.195    3.004 v _7418_/Y (sky130_fd_sc_hd__o21ai_0)
   0.466    3.469 v _7642_/COUT (sky130_fd_sc_hd__fa_1)
   0.184    3.653 v _6883_/X (sky130_fd_sc_hd__a21o_1)
   0.182    3.835 ^ _6884_/Y (sky130_fd_sc_hd__a21oi_1)
   0.087    3.923 v _6885_/Y (sky130_fd_sc_hd__o21bai_1)
   0.256    4.179 ^ _6886_/Y (sky130_fd_sc_hd__a21oi_1)
   0.159    4.337 v _6887_/Y (sky130_fd_sc_hd__o21bai_1)
   0.238    4.575 ^ _6895_/Y (sky130_fd_sc_hd__a41oi_1)
   0.161    4.736 ^ place810/X (sky130_fd_sc_hd__buf_4)
   0.191    4.927 v _6899_/Y (sky130_fd_sc_hd__a21oi_1)
   0.274    5.201 ^ _6903_/Y (sky130_fd_sc_hd__a41oi_2)
   0.154    5.355 ^ place802/X (sky130_fd_sc_hd__buf_4)
   0.091    5.447 v _6907_/Y (sky130_fd_sc_hd__a21oi_1)
   0.334    5.781 ^ _6911_/Y (sky130_fd_sc_hd__a41oi_1)
   0.216    5.996 v _6915_/Y (sky130_fd_sc_hd__a21oi_1)
   0.323    6.320 ^ _6919_/Y (sky130_fd_sc_hd__a311oi_2)
   0.222    6.542 ^ _6920_/X (sky130_fd_sc_hd__xor2_1)
   0.304    6.846 ^ _7127_/X (sky130_fd_sc_hd__o22a_1)
   0.126    6.973 v _7128_/Y (sky130_fd_sc_hd__o21ai_2)
   0.217    7.190 v place751/X (sky130_fd_sc_hd__buf_12)
   0.011    7.200 v dp.rf.rf[8][30]$_DFFE_PP_/D (sky130_fd_sc_hd__edfxtp_1)
            7.200   data arrival time

   7.000    7.000   clock clk (rise edge)
   0.775    7.775   clock network delay (ideal)
   0.000    7.775   clock reconvergence pessimism
            7.775 ^ dp.rf.rf[8][30]$_DFFE_PP_/CLK (sky130_fd_sc_hd__edfxtp_1)
  -0.271    7.504   library setup time
            7.504   data required time
-----------------------------------------------------------
            7.504   data required time
           -7.200   data arrival time
-----------------------------------------------------------
            0.304   slack (MET)


Startpoint: dp.rf.rf[5][1]$_DFFE_PP_
            (rising edge-triggered flip-flop clocked by clk)
Endpoint: dp.rf.rf[4][30]$_DFFE_PP_
          (rising edge-triggered flip-flop clocked by clk)
Path Group: clk
Path Type: max

   Delay     Time   Description
-----------------------------------------------------------
   0.000    0.000   clock clk (rise edge)
   0.775    0.775   clock network delay (ideal)
   0.000    0.775 ^ dp.rf.rf[5][1]$_DFFE_PP_/CLK (sky130_fd_sc_hd__edfxtp_1)
   0.362    1.137 v dp.rf.rf[5][1]$_DFFE_PP_/Q (sky130_fd_sc_hd__edfxtp_1)
   0.283    1.421 v _4342_/X (sky130_fd_sc_hd__mux2_2)
   0.289    1.709 v _4343_/X (sky130_fd_sc_hd__a221o_1)
   0.140    1.849 ^ _4344_/Y (sky130_fd_sc_hd__a22oi_1)
   0.073    1.923 v _4345_/Y (sky130_fd_sc_hd__a31oi_1)
   0.225    2.147 v _4346_/X (sky130_fd_sc_hd__a22o_1)
   0.249    2.396 ^ _4354_/Y (sky130_fd_sc_hd__a311oi_2)
   0.177    2.573 ^ place987/X (sky130_fd_sc_hd__buf_4)
   0.236    2.809 ^ place986/X (sky130_fd_sc_hd__buf_4)
   0.195    3.004 v _7418_/Y (sky130_fd_sc_hd__o21ai_0)
   0.466    3.469 v _7642_/COUT (sky130_fd_sc_hd__fa_1)
   0.184    3.653 v _6883_/X (sky130_fd_sc_hd__a21o_1)
   0.182    3.835 ^ _6884_/Y (sky130_fd_sc_hd__a21oi_1)
   0.087    3.923 v _6885_/Y (sky130_fd_sc_hd__o21bai_1)
   0.256    4.179 ^ _6886_/Y (sky130_fd_sc_hd__a21oi_1)
   0.159    4.337 v _6887_/Y (sky130_fd_sc_hd__o21bai_1)
   0.238    4.575 ^ _6895_/Y (sky130_fd_sc_hd__a41oi_1)
   0.161    4.736 ^ place810/X (sky130_fd_sc_hd__buf_4)
   0.191    4.927 v _6899_/Y (sky130_fd_sc_hd__a21oi_1)
   0.274    5.201 ^ _6903_/Y (sky130_fd_sc_hd__a41oi_2)
   0.154    5.355 ^ place802/X (sky130_fd_sc_hd__buf_4)
   0.091    5.447 v _6907_/Y (sky130_fd_sc_hd__a21oi_1)
   0.334    5.781 ^ _6911_/Y (sky130_fd_sc_hd__a41oi_1)
   0.216    5.996 v _6915_/Y (sky130_fd_sc_hd__a21oi_1)
   0.323    6.320 ^ _6919_/Y (sky130_fd_sc_hd__a311oi_2)
   0.222    6.542 ^ _6920_/X (sky130_fd_sc_hd__xor2_1)
   0.304    6.846 ^ _7127_/X (sky130_fd_sc_hd__o22a_1)
   0.126    6.973 v _7128_/Y (sky130_fd_sc_hd__o21ai_2)
   0.217    7.190 v place751/X (sky130_fd_sc_hd__buf_12)
   0.010    7.200 v dp.rf.rf[4][30]$_DFFE_PP_/D (sky130_fd_sc_hd__edfxtp_1)
            7.200   data arrival time

   7.000    7.000   clock clk (rise edge)
   0.775    7.775   clock network delay (ideal)
   0.000    7.775   clock reconvergence pessimism
            7.775 ^ dp.rf.rf[4][30]$_DFFE_PP_/CLK (sky130_fd_sc_hd__edfxtp_1)
  -0.271    7.504   library setup time
            7.504   data required time
-----------------------------------------------------------
            7.504   data required time
           -7.200   data arrival time
-----------------------------------------------------------
            0.305   slack (MET)


Startpoint: dp.rf.rf[5][1]$_DFFE_PP_
            (rising edge-triggered flip-flop clocked by clk)
Endpoint: dp.rf.rf[5][30]$_DFFE_PP_
          (rising edge-triggered flip-flop clocked by clk)
Path Group: clk
Path Type: max

   Delay     Time   Description
-----------------------------------------------------------
   0.000    0.000   clock clk (rise edge)
   0.775    0.775   clock network delay (ideal)
   0.000    0.775 ^ dp.rf.rf[5][1]$_DFFE_PP_/CLK (sky130_fd_sc_hd__edfxtp_1)
   0.362    1.137 v dp.rf.rf[5][1]$_DFFE_PP_/Q (sky130_fd_sc_hd__edfxtp_1)
   0.283    1.421 v _4342_/X (sky130_fd_sc_hd__mux2_2)
   0.289    1.709 v _4343_/X (sky130_fd_sc_hd__a221o_1)
   0.140    1.849 ^ _4344_/Y (sky130_fd_sc_hd__a22oi_1)
   0.073    1.923 v _4345_/Y (sky130_fd_sc_hd__a31oi_1)
   0.225    2.147 v _4346_/X (sky130_fd_sc_hd__a22o_1)
   0.249    2.396 ^ _4354_/Y (sky130_fd_sc_hd__a311oi_2)
   0.177    2.573 ^ place987/X (sky130_fd_sc_hd__buf_4)
   0.236    2.809 ^ place986/X (sky130_fd_sc_hd__buf_4)
   0.195    3.004 v _7418_/Y (sky130_fd_sc_hd__o21ai_0)
   0.466    3.469 v _7642_/COUT (sky130_fd_sc_hd__fa_1)
   0.184    3.653 v _6883_/X (sky130_fd_sc_hd__a21o_1)
   0.182    3.835 ^ _6884_/Y (sky130_fd_sc_hd__a21oi_1)
   0.087    3.923 v _6885_/Y (sky130_fd_sc_hd__o21bai_1)
   0.256    4.179 ^ _6886_/Y (sky130_fd_sc_hd__a21oi_1)
   0.159    4.337 v _6887_/Y (sky130_fd_sc_hd__o21bai_1)
   0.238    4.575 ^ _6895_/Y (sky130_fd_sc_hd__a41oi_1)
   0.161    4.736 ^ place810/X (sky130_fd_sc_hd__buf_4)
   0.191    4.927 v _6899_/Y (sky130_fd_sc_hd__a21oi_1)
   0.274    5.201 ^ _6903_/Y (sky130_fd_sc_hd__a41oi_2)
   0.154    5.355 ^ place802/X (sky130_fd_sc_hd__buf_4)
   0.091    5.447 v _6907_/Y (sky130_fd_sc_hd__a21oi_1)
   0.334    5.781 ^ _6911_/Y (sky130_fd_sc_hd__a41oi_1)
   0.216    5.996 v _6915_/Y (sky130_fd_sc_hd__a21oi_1)
   0.323    6.320 ^ _6919_/Y (sky130_fd_sc_hd__a311oi_2)
   0.222    6.542 ^ _6920_/X (sky130_fd_sc_hd__xor2_1)
   0.304    6.846 ^ _7127_/X (sky130_fd_sc_hd__o22a_1)
   0.126    6.973 v _7128_/Y (sky130_fd_sc_hd__o21ai_2)
   0.217    7.190 v place751/X (sky130_fd_sc_hd__buf_12)
   0.010    7.200 v dp.rf.rf[5][30]$_DFFE_PP_/D (sky130_fd_sc_hd__edfxtp_1)
            7.200   data arrival time

   7.000    7.000   clock clk (rise edge)
   0.775    7.775   clock network delay (ideal)
   0.000    7.775   clock reconvergence pessimism
            7.775 ^ dp.rf.rf[5][30]$_DFFE_PP_/CLK (sky130_fd_sc_hd__edfxtp_1)
  -0.271    7.504   library setup time
            7.504   data required time
-----------------------------------------------------------
            7.504   data required time
           -7.200   data arrival time
-----------------------------------------------------------
            0.305   slack (MET)


Startpoint: dp.rf.rf[5][1]$_DFFE_PP_
            (rising edge-triggered flip-flop clocked by clk)
Endpoint: dp.rf.rf[9][30]$_DFFE_PP_
          (rising edge-triggered flip-flop clocked by clk)
Path Group: clk
Path Type: max

   Delay     Time   Description
-----------------------------------------------------------
   0.000    0.000   clock clk (rise edge)
   0.775    0.775   clock network delay (ideal)
   0.000    0.775 ^ dp.rf.rf[5][1]$_DFFE_PP_/CLK (sky130_fd_sc_hd__edfxtp_1)
   0.362    1.137 v dp.rf.rf[5][1]$_DFFE_PP_/Q (sky130_fd_sc_hd__edfxtp_1)
   0.283    1.421 v _4342_/X (sky130_fd_sc_hd__mux2_2)
   0.289    1.709 v _4343_/X (sky130_fd_sc_hd__a221o_1)
   0.140    1.849 ^ _4344_/Y (sky130_fd_sc_hd__a22oi_1)
   0.073    1.923 v _4345_/Y (sky130_fd_sc_hd__a31oi_1)
   0.225    2.147 v _4346_/X (sky130_fd_sc_hd__a22o_1)
   0.249    2.396 ^ _4354_/Y (sky130_fd_sc_hd__a311oi_2)
   0.177    2.573 ^ place987/X (sky130_fd_sc_hd__buf_4)
   0.236    2.809 ^ place986/X (sky130_fd_sc_hd__buf_4)
   0.195    3.004 v _7418_/Y (sky130_fd_sc_hd__o21ai_0)
   0.466    3.469 v _7642_/COUT (sky130_fd_sc_hd__fa_1)
   0.184    3.653 v _6883_/X (sky130_fd_sc_hd__a21o_1)
   0.182    3.835 ^ _6884_/Y (sky130_fd_sc_hd__a21oi_1)
   0.087    3.923 v _6885_/Y (sky130_fd_sc_hd__o21bai_1)
   0.256    4.179 ^ _6886_/Y (sky130_fd_sc_hd__a21oi_1)
   0.159    4.337 v _6887_/Y (sky130_fd_sc_hd__o21bai_1)
   0.238    4.575 ^ _6895_/Y (sky130_fd_sc_hd__a41oi_1)
   0.161    4.736 ^ place810/X (sky130_fd_sc_hd__buf_4)
   0.191    4.927 v _6899_/Y (sky130_fd_sc_hd__a21oi_1)
   0.274    5.201 ^ _6903_/Y (sky130_fd_sc_hd__a41oi_2)
   0.154    5.355 ^ place802/X (sky130_fd_sc_hd__buf_4)
   0.091    5.447 v _6907_/Y (sky130_fd_sc_hd__a21oi_1)
   0.334    5.781 ^ _6911_/Y (sky130_fd_sc_hd__a41oi_1)
   0.216    5.996 v _6915_/Y (sky130_fd_sc_hd__a21oi_1)
   0.323    6.320 ^ _6919_/Y (sky130_fd_sc_hd__a311oi_2)
   0.222    6.542 ^ _6920_/X (sky130_fd_sc_hd__xor2_1)
   0.304    6.846 ^ _7127_/X (sky130_fd_sc_hd__o22a_1)
   0.126    6.973 v _7128_/Y (sky130_fd_sc_hd__o21ai_2)
   0.217    7.190 v place751/X (sky130_fd_sc_hd__buf_12)
   0.010    7.199 v dp.rf.rf[9][30]$_DFFE_PP_/D (sky130_fd_sc_hd__edfxtp_1)
            7.199   data arrival time

   7.000    7.000   clock clk (rise edge)
   0.775    7.775   clock network delay (ideal)
   0.000    7.775   clock reconvergence pessimism
            7.775 ^ dp.rf.rf[9][30]$_DFFE_PP_/CLK (sky130_fd_sc_hd__edfxtp_1)
  -0.271    7.504   library setup time
            7.504   data required time
-----------------------------------------------------------
            7.504   data required time
           -7.199   data arrival time
-----------------------------------------------------------
            0.305   slack (MET)


Startpoint: dp.rf.rf[5][1]$_DFFE_PP_
            (rising edge-triggered flip-flop clocked by clk)
Endpoint: dp.rf.rf[11][29]$_DFFE_PP_
          (rising edge-triggered flip-flop clocked by clk)
Path Group: clk
Path Type: max

   Delay     Time   Description
-----------------------------------------------------------
   0.000    0.000   clock clk (rise edge)
   0.775    0.775   clock network delay (ideal)
   0.000    0.775 ^ dp.rf.rf[5][1]$_DFFE_PP_/CLK (sky130_fd_sc_hd__edfxtp_1)
   0.362    1.137 v dp.rf.rf[5][1]$_DFFE_PP_/Q (sky130_fd_sc_hd__edfxtp_1)
   0.283    1.421 v _4342_/X (sky130_fd_sc_hd__mux2_2)
   0.289    1.709 v _4343_/X (sky130_fd_sc_hd__a221o_1)
   0.140    1.849 ^ _4344_/Y (sky130_fd_sc_hd__a22oi_1)
   0.073    1.923 v _4345_/Y (sky130_fd_sc_hd__a31oi_1)
   0.225    2.147 v _4346_/X (sky130_fd_sc_hd__a22o_1)
   0.249    2.396 ^ _4354_/Y (sky130_fd_sc_hd__a311oi_2)
   0.177    2.573 ^ place987/X (sky130_fd_sc_hd__buf_4)
   0.236    2.809 ^ place986/X (sky130_fd_sc_hd__buf_4)
   0.195    3.004 v _7418_/Y (sky130_fd_sc_hd__o21ai_0)
   0.315    3.318 v _7731_/SUM (sky130_fd_sc_hd__ha_1)
   0.183    3.502 v _6932_/X (sky130_fd_sc_hd__a21o_1)
   0.241    3.743 ^ _6933_/Y (sky130_fd_sc_hd__a21oi_1)
   0.100    3.843 v _6934_/Y (sky130_fd_sc_hd__o21bai_1)
   0.201    4.043 v _6935_/X (sky130_fd_sc_hd__a21o_1)
   0.375    4.419 ^ _6936_/Y (sky130_fd_sc_hd__a21oi_1)
   0.196    4.615 v _6943_/Y (sky130_fd_sc_hd__o21ai_0)
   0.199    4.814 v place817/X (sky130_fd_sc_hd__buf_4)
   0.220    5.033 ^ _6952_/Y (sky130_fd_sc_hd__o211ai_1)
   0.183    5.217 ^ place809/X (sky130_fd_sc_hd__buf_4)
   0.155    5.372 v _6957_/Y (sky130_fd_sc_hd__a31oi_1)
   0.371    5.743 ^ _6961_/Y (sky130_fd_sc_hd__a41oi_1)
   0.197    5.940 v _6965_/Y (sky130_fd_sc_hd__a211oi_1)
   0.208    6.147 v _6966_/X (sky130_fd_sc_hd__a21o_1)
   0.161    6.309 ^ _6967_/Y (sky130_fd_sc_hd__a21oi_1)
   0.274    6.582 ^ _6968_/X (sky130_fd_sc_hd__xor2_1)
   0.084    6.666 v _7135_/Y (sky130_fd_sc_hd__nor2_1)
   0.294    6.960 v _7136_/X (sky130_fd_sc_hd__a211o_1)
   0.175    7.135 v place760/X (sky130_fd_sc_hd__buf_12)
   0.014    7.149 v dp.rf.rf[11][29]$_DFFE_PP_/D (sky130_fd_sc_hd__edfxtp_1)
            7.149   data arrival time

   7.000    7.000   clock clk (rise edge)
   0.775    7.775   clock network delay (ideal)
   0.000    7.775   clock reconvergence pessimism
            7.775 ^ dp.rf.rf[11][29]$_DFFE_PP_/CLK (sky130_fd_sc_hd__edfxtp_1)
  -0.273    7.502   library setup time
            7.502   data required time
-----------------------------------------------------------
            7.502   data required time
           -7.149   data arrival time
-----------------------------------------------------------
            0.353   slack (MET)


Startpoint: dp.rf.rf[5][1]$_DFFE_PP_
            (rising edge-triggered flip-flop clocked by clk)
Endpoint: dp.rf.rf[28][29]$_DFFE_PP_
          (rising edge-triggered flip-flop clocked by clk)
Path Group: clk
Path Type: max

   Delay     Time   Description
-----------------------------------------------------------
   0.000    0.000   clock clk (rise edge)
   0.775    0.775   clock network delay (ideal)
   0.000    0.775 ^ dp.rf.rf[5][1]$_DFFE_PP_/CLK (sky130_fd_sc_hd__edfxtp_1)
   0.362    1.137 v dp.rf.rf[5][1]$_DFFE_PP_/Q (sky130_fd_sc_hd__edfxtp_1)
   0.283    1.421 v _4342_/X (sky130_fd_sc_hd__mux2_2)
   0.289    1.709 v _4343_/X (sky130_fd_sc_hd__a221o_1)
   0.140    1.849 ^ _4344_/Y (sky130_fd_sc_hd__a22oi_1)
   0.073    1.923 v _4345_/Y (sky130_fd_sc_hd__a31oi_1)
   0.225    2.147 v _4346_/X (sky130_fd_sc_hd__a22o_1)
   0.249    2.396 ^ _4354_/Y (sky130_fd_sc_hd__a311oi_2)
   0.177    2.573 ^ place987/X (sky130_fd_sc_hd__buf_4)
   0.236    2.809 ^ place986/X (sky130_fd_sc_hd__buf_4)
   0.195    3.004 v _7418_/Y (sky130_fd_sc_hd__o21ai_0)
   0.315    3.318 v _7731_/SUM (sky130_fd_sc_hd__ha_1)
   0.183    3.502 v _6932_/X (sky130_fd_sc_hd__a21o_1)
   0.241    3.743 ^ _6933_/Y (sky130_fd_sc_hd__a21oi_1)
   0.100    3.843 v _6934_/Y (sky130_fd_sc_hd__o21bai_1)
   0.201    4.043 v _6935_/X (sky130_fd_sc_hd__a21o_1)
   0.375    4.419 ^ _6936_/Y (sky130_fd_sc_hd__a21oi_1)
   0.196    4.615 v _6943_/Y (sky130_fd_sc_hd__o21ai_0)
   0.199    4.814 v place817/X (sky130_fd_sc_hd__buf_4)
   0.220    5.033 ^ _6952_/Y (sky130_fd_sc_hd__o211ai_1)
   0.183    5.217 ^ place809/X (sky130_fd_sc_hd__buf_4)
   0.155    5.372 v _6957_/Y (sky130_fd_sc_hd__a31oi_1)
   0.371    5.743 ^ _6961_/Y (sky130_fd_sc_hd__a41oi_1)
   0.197    5.940 v _6965_/Y (sky130_fd_sc_hd__a211oi_1)
   0.208    6.147 v _6966_/X (sky130_fd_sc_hd__a21o_1)
   0.161    6.309 ^ _6967_/Y (sky130_fd_sc_hd__a21oi_1)
   0.274    6.582 ^ _6968_/X (sky130_fd_sc_hd__xor2_1)
   0.084    6.666 v _7135_/Y (sky130_fd_sc_hd__nor2_1)
   0.294    6.960 v _7136_/X (sky130_fd_sc_hd__a211o_1)
   0.175    7.135 v place760/X (sky130_fd_sc_hd__buf_12)
   0.014    7.149 v dp.rf.rf[28][29]$_DFFE_PP_/D (sky130_fd_sc_hd__edfxtp_1)
            7.149   data arrival time

   7.000    7.000   clock clk (rise edge)
   0.775    7.775   clock network delay (ideal)
   0.000    7.775   clock reconvergence pessimism
            7.775 ^ dp.rf.rf[28][29]$_DFFE_PP_/CLK (sky130_fd_sc_hd__edfxtp_1)
  -0.273    7.502   library setup time
            7.502   data required time
-----------------------------------------------------------
            7.502   data required time
           -7.149   data arrival time
-----------------------------------------------------------
            0.353   slack (MET)


Startpoint: dp.rf.rf[5][1]$_DFFE_PP_
            (rising edge-triggered flip-flop clocked by clk)
Endpoint: dp.rf.rf[12][29]$_DFFE_PP_
          (rising edge-triggered flip-flop clocked by clk)
Path Group: clk
Path Type: max

   Delay     Time   Description
-----------------------------------------------------------
   0.000    0.000   clock clk (rise edge)
   0.775    0.775   clock network delay (ideal)
   0.000    0.775 ^ dp.rf.rf[5][1]$_DFFE_PP_/CLK (sky130_fd_sc_hd__edfxtp_1)
   0.362    1.137 v dp.rf.rf[5][1]$_DFFE_PP_/Q (sky130_fd_sc_hd__edfxtp_1)
   0.283    1.421 v _4342_/X (sky130_fd_sc_hd__mux2_2)
   0.289    1.709 v _4343_/X (sky130_fd_sc_hd__a221o_1)
   0.140    1.849 ^ _4344_/Y (sky130_fd_sc_hd__a22oi_1)
   0.073    1.923 v _4345_/Y (sky130_fd_sc_hd__a31oi_1)
   0.225    2.147 v _4346_/X (sky130_fd_sc_hd__a22o_1)
   0.249    2.396 ^ _4354_/Y (sky130_fd_sc_hd__a311oi_2)
   0.177    2.573 ^ place987/X (sky130_fd_sc_hd__buf_4)
   0.236    2.809 ^ place986/X (sky130_fd_sc_hd__buf_4)
   0.195    3.004 v _7418_/Y (sky130_fd_sc_hd__o21ai_0)
   0.315    3.318 v _7731_/SUM (sky130_fd_sc_hd__ha_1)
   0.183    3.502 v _6932_/X (sky130_fd_sc_hd__a21o_1)
   0.241    3.743 ^ _6933_/Y (sky130_fd_sc_hd__a21oi_1)
   0.100    3.843 v _6934_/Y (sky130_fd_sc_hd__o21bai_1)
   0.201    4.043 v _6935_/X (sky130_fd_sc_hd__a21o_1)
   0.375    4.419 ^ _6936_/Y (sky130_fd_sc_hd__a21oi_1)
   0.196    4.615 v _6943_/Y (sky130_fd_sc_hd__o21ai_0)
   0.199    4.814 v place817/X (sky130_fd_sc_hd__buf_4)
   0.220    5.033 ^ _6952_/Y (sky130_fd_sc_hd__o211ai_1)
   0.183    5.217 ^ place809/X (sky130_fd_sc_hd__buf_4)
   0.155    5.372 v _6957_/Y (sky130_fd_sc_hd__a31oi_1)
   0.371    5.743 ^ _6961_/Y (sky130_fd_sc_hd__a41oi_1)
   0.197    5.940 v _6965_/Y (sky130_fd_sc_hd__a211oi_1)
   0.208    6.147 v _6966_/X (sky130_fd_sc_hd__a21o_1)
   0.161    6.309 ^ _6967_/Y (sky130_fd_sc_hd__a21oi_1)
   0.274    6.582 ^ _6968_/X (sky130_fd_sc_hd__xor2_1)
   0.084    6.666 v _7135_/Y (sky130_fd_sc_hd__nor2_1)
   0.294    6.960 v _7136_/X (sky130_fd_sc_hd__a211o_1)
   0.175    7.135 v place760/X (sky130_fd_sc_hd__buf_12)
   0.014    7.149 v dp.rf.rf[12][29]$_DFFE_PP_/D (sky130_fd_sc_hd__edfxtp_1)
            7.149   data arrival time

   7.000    7.000   clock clk (rise edge)
   0.775    7.775   clock network delay (ideal)
   0.000    7.775   clock reconvergence pessimism
            7.775 ^ dp.rf.rf[12][29]$_DFFE_PP_/CLK (sky130_fd_sc_hd__edfxtp_1)
  -0.273    7.502   library setup time
            7.502   data required time
-----------------------------------------------------------
            7.502   data required time
           -7.149   data arrival time
-----------------------------------------------------------
            0.353   slack (MET)


Startpoint: dp.rf.rf[5][1]$_DFFE_PP_
            (rising edge-triggered flip-flop clocked by clk)
Endpoint: dp.rf.rf[8][29]$_DFFE_PP_
          (rising edge-triggered flip-flop clocked by clk)
Path Group: clk
Path Type: max

   Delay     Time   Description
-----------------------------------------------------------
   0.000    0.000   clock clk (rise edge)
   0.775    0.775   clock network delay (ideal)
   0.000    0.775 ^ dp.rf.rf[5][1]$_DFFE_PP_/CLK (sky130_fd_sc_hd__edfxtp_1)
   0.362    1.137 v dp.rf.rf[5][1]$_DFFE_PP_/Q (sky130_fd_sc_hd__edfxtp_1)
   0.283    1.421 v _4342_/X (sky130_fd_sc_hd__mux2_2)
   0.289    1.709 v _4343_/X (sky130_fd_sc_hd__a221o_1)
   0.140    1.849 ^ _4344_/Y (sky130_fd_sc_hd__a22oi_1)
   0.073    1.923 v _4345_/Y (sky130_fd_sc_hd__a31oi_1)
   0.225    2.147 v _4346_/X (sky130_fd_sc_hd__a22o_1)
   0.249    2.396 ^ _4354_/Y (sky130_fd_sc_hd__a311oi_2)
   0.177    2.573 ^ place987/X (sky130_fd_sc_hd__buf_4)
   0.236    2.809 ^ place986/X (sky130_fd_sc_hd__buf_4)
   0.195    3.004 v _7418_/Y (sky130_fd_sc_hd__o21ai_0)
   0.315    3.318 v _7731_/SUM (sky130_fd_sc_hd__ha_1)
   0.183    3.502 v _6932_/X (sky130_fd_sc_hd__a21o_1)
   0.241    3.743 ^ _6933_/Y (sky130_fd_sc_hd__a21oi_1)
   0.100    3.843 v _6934_/Y (sky130_fd_sc_hd__o21bai_1)
   0.201    4.043 v _6935_/X (sky130_fd_sc_hd__a21o_1)
   0.375    4.419 ^ _6936_/Y (sky130_fd_sc_hd__a21oi_1)
   0.196    4.615 v _6943_/Y (sky130_fd_sc_hd__o21ai_0)
   0.199    4.814 v place817/X (sky130_fd_sc_hd__buf_4)
   0.220    5.033 ^ _6952_/Y (sky130_fd_sc_hd__o211ai_1)
   0.183    5.217 ^ place809/X (sky130_fd_sc_hd__buf_4)
   0.155    5.372 v _6957_/Y (sky130_fd_sc_hd__a31oi_1)
   0.371    5.743 ^ _6961_/Y (sky130_fd_sc_hd__a41oi_1)
   0.197    5.940 v _6965_/Y (sky130_fd_sc_hd__a211oi_1)
   0.208    6.147 v _6966_/X (sky130_fd_sc_hd__a21o_1)
   0.161    6.309 ^ _6967_/Y (sky130_fd_sc_hd__a21oi_1)
   0.274    6.582 ^ _6968_/X (sky130_fd_sc_hd__xor2_1)
   0.084    6.666 v _7135_/Y (sky130_fd_sc_hd__nor2_1)
   0.294    6.960 v _7136_/X (sky130_fd_sc_hd__a211o_1)
   0.175    7.135 v place760/X (sky130_fd_sc_hd__buf_12)
   0.014    7.149 v dp.rf.rf[8][29]$_DFFE_PP_/D (sky130_fd_sc_hd__edfxtp_1)
            7.149   data arrival time

   7.000    7.000   clock clk (rise edge)
   0.775    7.775   clock network delay (ideal)
   0.000    7.775   clock reconvergence pessimism
            7.775 ^ dp.rf.rf[8][29]$_DFFE_PP_/CLK (sky130_fd_sc_hd__edfxtp_1)
  -0.273    7.502   library setup time
            7.502   data required time
-----------------------------------------------------------
            7.502   data required time
           -7.149   data arrival time
-----------------------------------------------------------
            0.353   slack (MET)


Startpoint: dp.rf.rf[5][1]$_DFFE_PP_
            (rising edge-triggered flip-flop clocked by clk)
Endpoint: dp.rf.rf[10][29]$_DFFE_PP_
          (rising edge-triggered flip-flop clocked by clk)
Path Group: clk
Path Type: max

   Delay     Time   Description
-----------------------------------------------------------
   0.000    0.000   clock clk (rise edge)
   0.775    0.775   clock network delay (ideal)
   0.000    0.775 ^ dp.rf.rf[5][1]$_DFFE_PP_/CLK (sky130_fd_sc_hd__edfxtp_1)
   0.362    1.137 v dp.rf.rf[5][1]$_DFFE_PP_/Q (sky130_fd_sc_hd__edfxtp_1)
   0.283    1.421 v _4342_/X (sky130_fd_sc_hd__mux2_2)
   0.289    1.709 v _4343_/X (sky130_fd_sc_hd__a221o_1)
   0.140    1.849 ^ _4344_/Y (sky130_fd_sc_hd__a22oi_1)
   0.073    1.923 v _4345_/Y (sky130_fd_sc_hd__a31oi_1)
   0.225    2.147 v _4346_/X (sky130_fd_sc_hd__a22o_1)
   0.249    2.396 ^ _4354_/Y (sky130_fd_sc_hd__a311oi_2)
   0.177    2.573 ^ place987/X (sky130_fd_sc_hd__buf_4)
   0.236    2.809 ^ place986/X (sky130_fd_sc_hd__buf_4)
   0.195    3.004 v _7418_/Y (sky130_fd_sc_hd__o21ai_0)
   0.315    3.318 v _7731_/SUM (sky130_fd_sc_hd__ha_1)
   0.183    3.502 v _6932_/X (sky130_fd_sc_hd__a21o_1)
   0.241    3.743 ^ _6933_/Y (sky130_fd_sc_hd__a21oi_1)
   0.100    3.843 v _6934_/Y (sky130_fd_sc_hd__o21bai_1)
   0.201    4.043 v _6935_/X (sky130_fd_sc_hd__a21o_1)
   0.375    4.419 ^ _6936_/Y (sky130_fd_sc_hd__a21oi_1)
   0.196    4.615 v _6943_/Y (sky130_fd_sc_hd__o21ai_0)
   0.199    4.814 v place817/X (sky130_fd_sc_hd__buf_4)
   0.220    5.033 ^ _6952_/Y (sky130_fd_sc_hd__o211ai_1)
   0.183    5.217 ^ place809/X (sky130_fd_sc_hd__buf_4)
   0.155    5.372 v _6957_/Y (sky130_fd_sc_hd__a31oi_1)
   0.371    5.743 ^ _6961_/Y (sky130_fd_sc_hd__a41oi_1)
   0.197    5.940 v _6965_/Y (sky130_fd_sc_hd__a211oi_1)
   0.208    6.147 v _6966_/X (sky130_fd_sc_hd__a21o_1)
   0.161    6.309 ^ _6967_/Y (sky130_fd_sc_hd__a21oi_1)
   0.274    6.582 ^ _6968_/X (sky130_fd_sc_hd__xor2_1)
   0.084    6.666 v _7135_/Y (sky130_fd_sc_hd__nor2_1)
   0.294    6.960 v _7136_/X (sky130_fd_sc_hd__a211o_1)
   0.175    7.135 v place760/X (sky130_fd_sc_hd__buf_12)
   0.014    7.149 v dp.rf.rf[10][29]$_DFFE_PP_/D (sky130_fd_sc_hd__edfxtp_1)
            7.149   data arrival time

   7.000    7.000   clock clk (rise edge)
   0.775    7.775   clock network delay (ideal)
   0.000    7.775   clock reconvergence pessimism
            7.775 ^ dp.rf.rf[10][29]$_DFFE_PP_/CLK (sky130_fd_sc_hd__edfxtp_1)
  -0.273    7.502   library setup time
            7.502   data required time
-----------------------------------------------------------
            7.502   data required time
           -7.149   data arrival time
-----------------------------------------------------------
            0.353   slack (MET)


Startpoint: dp.rf.rf[5][1]$_DFFE_PP_
            (rising edge-triggered flip-flop clocked by clk)
Endpoint: dp.rf.rf[25][29]$_DFFE_PP_
          (rising edge-triggered flip-flop clocked by clk)
Path Group: clk
Path Type: max

   Delay     Time   Description
-----------------------------------------------------------
   0.000    0.000   clock clk (rise edge)
   0.775    0.775   clock network delay (ideal)
   0.000    0.775 ^ dp.rf.rf[5][1]$_DFFE_PP_/CLK (sky130_fd_sc_hd__edfxtp_1)
   0.362    1.137 v dp.rf.rf[5][1]$_DFFE_PP_/Q (sky130_fd_sc_hd__edfxtp_1)
   0.283    1.421 v _4342_/X (sky130_fd_sc_hd__mux2_2)
   0.289    1.709 v _4343_/X (sky130_fd_sc_hd__a221o_1)
   0.140    1.849 ^ _4344_/Y (sky130_fd_sc_hd__a22oi_1)
   0.073    1.923 v _4345_/Y (sky130_fd_sc_hd__a31oi_1)
   0.225    2.147 v _4346_/X (sky130_fd_sc_hd__a22o_1)
   0.249    2.396 ^ _4354_/Y (sky130_fd_sc_hd__a311oi_2)
   0.177    2.573 ^ place987/X (sky130_fd_sc_hd__buf_4)
   0.236    2.809 ^ place986/X (sky130_fd_sc_hd__buf_4)
   0.195    3.004 v _7418_/Y (sky130_fd_sc_hd__o21ai_0)
   0.315    3.318 v _7731_/SUM (sky130_fd_sc_hd__ha_1)
   0.183    3.502 v _6932_/X (sky130_fd_sc_hd__a21o_1)
   0.241    3.743 ^ _6933_/Y (sky130_fd_sc_hd__a21oi_1)
   0.100    3.843 v _6934_/Y (sky130_fd_sc_hd__o21bai_1)
   0.201    4.043 v _6935_/X (sky130_fd_sc_hd__a21o_1)
   0.375    4.419 ^ _6936_/Y (sky130_fd_sc_hd__a21oi_1)
   0.196    4.615 v _6943_/Y (sky130_fd_sc_hd__o21ai_0)
   0.199    4.814 v place817/X (sky130_fd_sc_hd__buf_4)
   0.220    5.033 ^ _6952_/Y (sky130_fd_sc_hd__o211ai_1)
   0.183    5.217 ^ place809/X (sky130_fd_sc_hd__buf_4)
   0.155    5.372 v _6957_/Y (sky130_fd_sc_hd__a31oi_1)
   0.371    5.743 ^ _6961_/Y (sky130_fd_sc_hd__a41oi_1)
   0.197    5.940 v _6965_/Y (sky130_fd_sc_hd__a211oi_1)
   0.208    6.147 v _6966_/X (sky130_fd_sc_hd__a21o_1)
   0.161    6.309 ^ _6967_/Y (sky130_fd_sc_hd__a21oi_1)
   0.274    6.582 ^ _6968_/X (sky130_fd_sc_hd__xor2_1)
   0.084    6.666 v _7135_/Y (sky130_fd_sc_hd__nor2_1)
   0.294    6.960 v _7136_/X (sky130_fd_sc_hd__a211o_1)
   0.175    7.135 v place760/X (sky130_fd_sc_hd__buf_12)
   0.014    7.149 v dp.rf.rf[25][29]$_DFFE_PP_/D (sky130_fd_sc_hd__edfxtp_1)
            7.149   data arrival time

   7.000    7.000   clock clk (rise edge)
   0.775    7.775   clock network delay (ideal)
   0.000    7.775   clock reconvergence pessimism
            7.775 ^ dp.rf.rf[25][29]$_DFFE_PP_/CLK (sky130_fd_sc_hd__edfxtp_1)
  -0.273    7.502   library setup time
            7.502   data required time
-----------------------------------------------------------
            7.502   data required time
           -7.149   data arrival time
-----------------------------------------------------------
            0.353   slack (MET)


Startpoint: dp.rf.rf[5][1]$_DFFE_PP_
            (rising edge-triggered flip-flop clocked by clk)
Endpoint: dp.rf.rf[29][29]$_DFFE_PP_
          (rising edge-triggered flip-flop clocked by clk)
Path Group: clk
Path Type: max

   Delay     Time   Description
-----------------------------------------------------------
   0.000    0.000   clock clk (rise edge)
   0.775    0.775   clock network delay (ideal)
   0.000    0.775 ^ dp.rf.rf[5][1]$_DFFE_PP_/CLK (sky130_fd_sc_hd__edfxtp_1)
   0.362    1.137 v dp.rf.rf[5][1]$_DFFE_PP_/Q (sky130_fd_sc_hd__edfxtp_1)
   0.283    1.421 v _4342_/X (sky130_fd_sc_hd__mux2_2)
   0.289    1.709 v _4343_/X (sky130_fd_sc_hd__a221o_1)
   0.140    1.849 ^ _4344_/Y (sky130_fd_sc_hd__a22oi_1)
   0.073    1.923 v _4345_/Y (sky130_fd_sc_hd__a31oi_1)
   0.225    2.147 v _4346_/X (sky130_fd_sc_hd__a22o_1)
   0.249    2.396 ^ _4354_/Y (sky130_fd_sc_hd__a311oi_2)
   0.177    2.573 ^ place987/X (sky130_fd_sc_hd__buf_4)
   0.236    2.809 ^ place986/X (sky130_fd_sc_hd__buf_4)
   0.195    3.004 v _7418_/Y (sky130_fd_sc_hd__o21ai_0)
   0.315    3.318 v _7731_/SUM (sky130_fd_sc_hd__ha_1)
   0.183    3.502 v _6932_/X (sky130_fd_sc_hd__a21o_1)
   0.241    3.743 ^ _6933_/Y (sky130_fd_sc_hd__a21oi_1)
   0.100    3.843 v _6934_/Y (sky130_fd_sc_hd__o21bai_1)
   0.201    4.043 v _6935_/X (sky130_fd_sc_hd__a21o_1)
   0.375    4.419 ^ _6936_/Y (sky130_fd_sc_hd__a21oi_1)
   0.196    4.615 v _6943_/Y (sky130_fd_sc_hd__o21ai_0)
   0.199    4.814 v place817/X (sky130_fd_sc_hd__buf_4)
   0.220    5.033 ^ _6952_/Y (sky130_fd_sc_hd__o211ai_1)
   0.183    5.217 ^ place809/X (sky130_fd_sc_hd__buf_4)
   0.155    5.372 v _6957_/Y (sky130_fd_sc_hd__a31oi_1)
   0.371    5.743 ^ _6961_/Y (sky130_fd_sc_hd__a41oi_1)
   0.197    5.940 v _6965_/Y (sky130_fd_sc_hd__a211oi_1)
   0.208    6.147 v _6966_/X (sky130_fd_sc_hd__a21o_1)
   0.161    6.309 ^ _6967_/Y (sky130_fd_sc_hd__a21oi_1)
   0.274    6.582 ^ _6968_/X (sky130_fd_sc_hd__xor2_1)
   0.084    6.666 v _7135_/Y (sky130_fd_sc_hd__nor2_1)
   0.294    6.960 v _7136_/X (sky130_fd_sc_hd__a211o_1)
   0.175    7.135 v place760/X (sky130_fd_sc_hd__buf_12)
   0.014    7.149 v dp.rf.rf[29][29]$_DFFE_PP_/D (sky130_fd_sc_hd__edfxtp_1)
            7.149   data arrival time

   7.000    7.000   clock clk (rise edge)
   0.775    7.775   clock network delay (ideal)
   0.000    7.775   clock reconvergence pessimism
            7.775 ^ dp.rf.rf[29][29]$_DFFE_PP_/CLK (sky130_fd_sc_hd__edfxtp_1)
  -0.273    7.502   library setup time
            7.502   data required time
-----------------------------------------------------------
            7.502   data required time
           -7.149   data arrival time
-----------------------------------------------------------
            0.353   slack (MET)


Startpoint: dp.rf.rf[5][1]$_DFFE_PP_
            (rising edge-triggered flip-flop clocked by clk)
Endpoint: dp.rf.rf[9][29]$_DFFE_PP_
          (rising edge-triggered flip-flop clocked by clk)
Path Group: clk
Path Type: max

   Delay     Time   Description
-----------------------------------------------------------
   0.000    0.000   clock clk (rise edge)
   0.775    0.775   clock network delay (ideal)
   0.000    0.775 ^ dp.rf.rf[5][1]$_DFFE_PP_/CLK (sky130_fd_sc_hd__edfxtp_1)
   0.362    1.137 v dp.rf.rf[5][1]$_DFFE_PP_/Q (sky130_fd_sc_hd__edfxtp_1)
   0.283    1.421 v _4342_/X (sky130_fd_sc_hd__mux2_2)
   0.289    1.709 v _4343_/X (sky130_fd_sc_hd__a221o_1)
   0.140    1.849 ^ _4344_/Y (sky130_fd_sc_hd__a22oi_1)
   0.073    1.923 v _4345_/Y (sky130_fd_sc_hd__a31oi_1)
   0.225    2.147 v _4346_/X (sky130_fd_sc_hd__a22o_1)
   0.249    2.396 ^ _4354_/Y (sky130_fd_sc_hd__a311oi_2)
   0.177    2.573 ^ place987/X (sky130_fd_sc_hd__buf_4)
   0.236    2.809 ^ place986/X (sky130_fd_sc_hd__buf_4)
   0.195    3.004 v _7418_/Y (sky130_fd_sc_hd__o21ai_0)
   0.315    3.318 v _7731_/SUM (sky130_fd_sc_hd__ha_1)
   0.183    3.502 v _6932_/X (sky130_fd_sc_hd__a21o_1)
   0.241    3.743 ^ _6933_/Y (sky130_fd_sc_hd__a21oi_1)
   0.100    3.843 v _6934_/Y (sky130_fd_sc_hd__o21bai_1)
   0.201    4.043 v _6935_/X (sky130_fd_sc_hd__a21o_1)
   0.375    4.419 ^ _6936_/Y (sky130_fd_sc_hd__a21oi_1)
   0.196    4.615 v _6943_/Y (sky130_fd_sc_hd__o21ai_0)
   0.199    4.814 v place817/X (sky130_fd_sc_hd__buf_4)
   0.220    5.033 ^ _6952_/Y (sky130_fd_sc_hd__o211ai_1)
   0.183    5.217 ^ place809/X (sky130_fd_sc_hd__buf_4)
   0.155    5.372 v _6957_/Y (sky130_fd_sc_hd__a31oi_1)
   0.371    5.743 ^ _6961_/Y (sky130_fd_sc_hd__a41oi_1)
   0.197    5.940 v _6965_/Y (sky130_fd_sc_hd__a211oi_1)
   0.208    6.147 v _6966_/X (sky130_fd_sc_hd__a21o_1)
   0.161    6.309 ^ _6967_/Y (sky130_fd_sc_hd__a21oi_1)
   0.274    6.582 ^ _6968_/X (sky130_fd_sc_hd__xor2_1)
   0.084    6.666 v _7135_/Y (sky130_fd_sc_hd__nor2_1)
   0.294    6.960 v _7136_/X (sky130_fd_sc_hd__a211o_1)
   0.175    7.135 v place760/X (sky130_fd_sc_hd__buf_12)
   0.014    7.149 v dp.rf.rf[9][29]$_DFFE_PP_/D (sky130_fd_sc_hd__edfxtp_1)
            7.149   data arrival time

   7.000    7.000   clock clk (rise edge)
   0.775    7.775   clock network delay (ideal)
   0.000    7.775   clock reconvergence pessimism
            7.775 ^ dp.rf.rf[9][29]$_DFFE_PP_/CLK (sky130_fd_sc_hd__edfxtp_1)
  -0.273    7.502   library setup time
            7.502   data required time
-----------------------------------------------------------
            7.502   data required time
           -7.149   data arrival time
-----------------------------------------------------------
            0.353   slack (MET)


Startpoint: dp.rf.rf[5][1]$_DFFE_PP_
            (rising edge-triggered flip-flop clocked by clk)
Endpoint: dp.rf.rf[24][29]$_DFFE_PP_
          (rising edge-triggered flip-flop clocked by clk)
Path Group: clk
Path Type: max

   Delay     Time   Description
-----------------------------------------------------------
   0.000    0.000   clock clk (rise edge)
   0.775    0.775   clock network delay (ideal)
   0.000    0.775 ^ dp.rf.rf[5][1]$_DFFE_PP_/CLK (sky130_fd_sc_hd__edfxtp_1)
   0.362    1.137 v dp.rf.rf[5][1]$_DFFE_PP_/Q (sky130_fd_sc_hd__edfxtp_1)
   0.283    1.421 v _4342_/X (sky130_fd_sc_hd__mux2_2)
   0.289    1.709 v _4343_/X (sky130_fd_sc_hd__a221o_1)
   0.140    1.849 ^ _4344_/Y (sky130_fd_sc_hd__a22oi_1)
   0.073    1.923 v _4345_/Y (sky130_fd_sc_hd__a31oi_1)
   0.225    2.147 v _4346_/X (sky130_fd_sc_hd__a22o_1)
   0.249    2.396 ^ _4354_/Y (sky130_fd_sc_hd__a311oi_2)
   0.177    2.573 ^ place987/X (sky130_fd_sc_hd__buf_4)
   0.236    2.809 ^ place986/X (sky130_fd_sc_hd__buf_4)
   0.195    3.004 v _7418_/Y (sky130_fd_sc_hd__o21ai_0)
   0.315    3.318 v _7731_/SUM (sky130_fd_sc_hd__ha_1)
   0.183    3.502 v _6932_/X (sky130_fd_sc_hd__a21o_1)
   0.241    3.743 ^ _6933_/Y (sky130_fd_sc_hd__a21oi_1)
   0.100    3.843 v _6934_/Y (sky130_fd_sc_hd__o21bai_1)
   0.201    4.043 v _6935_/X (sky130_fd_sc_hd__a21o_1)
   0.375    4.419 ^ _6936_/Y (sky130_fd_sc_hd__a21oi_1)
   0.196    4.615 v _6943_/Y (sky130_fd_sc_hd__o21ai_0)
   0.199    4.814 v place817/X (sky130_fd_sc_hd__buf_4)
   0.220    5.033 ^ _6952_/Y (sky130_fd_sc_hd__o211ai_1)
   0.183    5.217 ^ place809/X (sky130_fd_sc_hd__buf_4)
   0.155    5.372 v _6957_/Y (sky130_fd_sc_hd__a31oi_1)
   0.371    5.743 ^ _6961_/Y (sky130_fd_sc_hd__a41oi_1)
   0.197    5.940 v _6965_/Y (sky130_fd_sc_hd__a211oi_1)
   0.208    6.147 v _6966_/X (sky130_fd_sc_hd__a21o_1)
   0.161    6.309 ^ _6967_/Y (sky130_fd_sc_hd__a21oi_1)
   0.274    6.582 ^ _6968_/X (sky130_fd_sc_hd__xor2_1)
   0.084    6.666 v _7135_/Y (sky130_fd_sc_hd__nor2_1)
   0.294    6.960 v _7136_/X (sky130_fd_sc_hd__a211o_1)
   0.175    7.135 v place760/X (sky130_fd_sc_hd__buf_12)
   0.014    7.149 v dp.rf.rf[24][29]$_DFFE_PP_/D (sky130_fd_sc_hd__edfxtp_1)
            7.149   data arrival time

   7.000    7.000   clock clk (rise edge)
   0.775    7.775   clock network delay (ideal)
   0.000    7.775   clock reconvergence pessimism
            7.775 ^ dp.rf.rf[24][29]$_DFFE_PP_/CLK (sky130_fd_sc_hd__edfxtp_1)
  -0.273    7.502   library setup time
            7.502   data required time
-----------------------------------------------------------
            7.502   data required time
           -7.149   data arrival time
-----------------------------------------------------------
            0.353   slack (MET)


Startpoint: dp.rf.rf[5][1]$_DFFE_PP_
            (rising edge-triggered flip-flop clocked by clk)
Endpoint: dp.rf.rf[30][29]$_DFFE_PP_
          (rising edge-triggered flip-flop clocked by clk)
Path Group: clk
Path Type: max

   Delay     Time   Description
-----------------------------------------------------------
   0.000    0.000   clock clk (rise edge)
   0.775    0.775   clock network delay (ideal)
   0.000    0.775 ^ dp.rf.rf[5][1]$_DFFE_PP_/CLK (sky130_fd_sc_hd__edfxtp_1)
   0.362    1.137 v dp.rf.rf[5][1]$_DFFE_PP_/Q (sky130_fd_sc_hd__edfxtp_1)
   0.283    1.421 v _4342_/X (sky130_fd_sc_hd__mux2_2)
   0.289    1.709 v _4343_/X (sky130_fd_sc_hd__a221o_1)
   0.140    1.849 ^ _4344_/Y (sky130_fd_sc_hd__a22oi_1)
   0.073    1.923 v _4345_/Y (sky130_fd_sc_hd__a31oi_1)
   0.225    2.147 v _4346_/X (sky130_fd_sc_hd__a22o_1)
   0.249    2.396 ^ _4354_/Y (sky130_fd_sc_hd__a311oi_2)
   0.177    2.573 ^ place987/X (sky130_fd_sc_hd__buf_4)
   0.236    2.809 ^ place986/X (sky130_fd_sc_hd__buf_4)
   0.195    3.004 v _7418_/Y (sky130_fd_sc_hd__o21ai_0)
   0.315    3.318 v _7731_/SUM (sky130_fd_sc_hd__ha_1)
   0.183    3.502 v _6932_/X (sky130_fd_sc_hd__a21o_1)
   0.241    3.743 ^ _6933_/Y (sky130_fd_sc_hd__a21oi_1)
   0.100    3.843 v _6934_/Y (sky130_fd_sc_hd__o21bai_1)
   0.201    4.043 v _6935_/X (sky130_fd_sc_hd__a21o_1)
   0.375    4.419 ^ _6936_/Y (sky130_fd_sc_hd__a21oi_1)
   0.196    4.615 v _6943_/Y (sky130_fd_sc_hd__o21ai_0)
   0.199    4.814 v place817/X (sky130_fd_sc_hd__buf_4)
   0.220    5.033 ^ _6952_/Y (sky130_fd_sc_hd__o211ai_1)
   0.183    5.217 ^ place809/X (sky130_fd_sc_hd__buf_4)
   0.155    5.372 v _6957_/Y (sky130_fd_sc_hd__a31oi_1)
   0.371    5.743 ^ _6961_/Y (sky130_fd_sc_hd__a41oi_1)
   0.197    5.940 v _6965_/Y (sky130_fd_sc_hd__a211oi_1)
   0.208    6.147 v _6966_/X (sky130_fd_sc_hd__a21o_1)
   0.161    6.309 ^ _6967_/Y (sky130_fd_sc_hd__a21oi_1)
   0.274    6.582 ^ _6968_/X (sky130_fd_sc_hd__xor2_1)
   0.084    6.666 v _7135_/Y (sky130_fd_sc_hd__nor2_1)
   0.294    6.960 v _7136_/X (sky130_fd_sc_hd__a211o_1)
   0.175    7.135 v place760/X (sky130_fd_sc_hd__buf_12)
   0.014    7.149 v dp.rf.rf[30][29]$_DFFE_PP_/D (sky130_fd_sc_hd__edfxtp_1)
            7.149   data arrival time

   7.000    7.000   clock clk (rise edge)
   0.775    7.775   clock network delay (ideal)
   0.000    7.775   clock reconvergence pessimism
            7.775 ^ dp.rf.rf[30][29]$_DFFE_PP_/CLK (sky130_fd_sc_hd__edfxtp_1)
  -0.273    7.502   library setup time
            7.502   data required time
-----------------------------------------------------------
            7.502   data required time
           -7.149   data arrival time
-----------------------------------------------------------
            0.354   slack (MET)


Startpoint: dp.rf.rf[5][1]$_DFFE_PP_
            (rising edge-triggered flip-flop clocked by clk)
Endpoint: dp.rf.rf[13][29]$_DFFE_PP_
          (rising edge-triggered flip-flop clocked by clk)
Path Group: clk
Path Type: max

   Delay     Time   Description
-----------------------------------------------------------
   0.000    0.000   clock clk (rise edge)
   0.775    0.775   clock network delay (ideal)
   0.000    0.775 ^ dp.rf.rf[5][1]$_DFFE_PP_/CLK (sky130_fd_sc_hd__edfxtp_1)
   0.362    1.137 v dp.rf.rf[5][1]$_DFFE_PP_/Q (sky130_fd_sc_hd__edfxtp_1)
   0.283    1.421 v _4342_/X (sky130_fd_sc_hd__mux2_2)
   0.289    1.709 v _4343_/X (sky130_fd_sc_hd__a221o_1)
   0.140    1.849 ^ _4344_/Y (sky130_fd_sc_hd__a22oi_1)
   0.073    1.923 v _4345_/Y (sky130_fd_sc_hd__a31oi_1)
   0.225    2.147 v _4346_/X (sky130_fd_sc_hd__a22o_1)
   0.249    2.396 ^ _4354_/Y (sky130_fd_sc_hd__a311oi_2)
   0.177    2.573 ^ place987/X (sky130_fd_sc_hd__buf_4)
   0.236    2.809 ^ place986/X (sky130_fd_sc_hd__buf_4)
   0.195    3.004 v _7418_/Y (sky130_fd_sc_hd__o21ai_0)
   0.315    3.318 v _7731_/SUM (sky130_fd_sc_hd__ha_1)
   0.183    3.502 v _6932_/X (sky130_fd_sc_hd__a21o_1)
   0.241    3.743 ^ _6933_/Y (sky130_fd_sc_hd__a21oi_1)
   0.100    3.843 v _6934_/Y (sky130_fd_sc_hd__o21bai_1)
   0.201    4.043 v _6935_/X (sky130_fd_sc_hd__a21o_1)
   0.375    4.419 ^ _6936_/Y (sky130_fd_sc_hd__a21oi_1)
   0.196    4.615 v _6943_/Y (sky130_fd_sc_hd__o21ai_0)
   0.199    4.814 v place817/X (sky130_fd_sc_hd__buf_4)
   0.220    5.033 ^ _6952_/Y (sky130_fd_sc_hd__o211ai_1)
   0.183    5.217 ^ place809/X (sky130_fd_sc_hd__buf_4)
   0.155    5.372 v _6957_/Y (sky130_fd_sc_hd__a31oi_1)
   0.371    5.743 ^ _6961_/Y (sky130_fd_sc_hd__a41oi_1)
   0.197    5.940 v _6965_/Y (sky130_fd_sc_hd__a211oi_1)
   0.208    6.147 v _6966_/X (sky130_fd_sc_hd__a21o_1)
   0.161    6.309 ^ _6967_/Y (sky130_fd_sc_hd__a21oi_1)
   0.274    6.582 ^ _6968_/X (sky130_fd_sc_hd__xor2_1)
   0.084    6.666 v _7135_/Y (sky130_fd_sc_hd__nor2_1)
   0.294    6.960 v _7136_/X (sky130_fd_sc_hd__a211o_1)
   0.175    7.135 v place760/X (sky130_fd_sc_hd__buf_12)
   0.014    7.149 v dp.rf.rf[13][29]$_DFFE_PP_/D (sky130_fd_sc_hd__edfxtp_1)
            7.149   data arrival time

   7.000    7.000   clock clk (rise edge)
   0.775    7.775   clock network delay (ideal)
   0.000    7.775   clock reconvergence pessimism
            7.775 ^ dp.rf.rf[13][29]$_DFFE_PP_/CLK (sky130_fd_sc_hd__edfxtp_1)
  -0.273    7.502   library setup time
            7.502   data required time
-----------------------------------------------------------
            7.502   data required time
           -7.149   data arrival time
-----------------------------------------------------------
            0.354   slack (MET)


Startpoint: dp.rf.rf[5][1]$_DFFE_PP_
            (rising edge-triggered flip-flop clocked by clk)
Endpoint: dp.rf.rf[15][29]$_DFFE_PP_
          (rising edge-triggered flip-flop clocked by clk)
Path Group: clk
Path Type: max

   Delay     Time   Description
-----------------------------------------------------------
   0.000    0.000   clock clk (rise edge)
   0.775    0.775   clock network delay (ideal)
   0.000    0.775 ^ dp.rf.rf[5][1]$_DFFE_PP_/CLK (sky130_fd_sc_hd__edfxtp_1)
   0.362    1.137 v dp.rf.rf[5][1]$_DFFE_PP_/Q (sky130_fd_sc_hd__edfxtp_1)
   0.283    1.421 v _4342_/X (sky130_fd_sc_hd__mux2_2)
   0.289    1.709 v _4343_/X (sky130_fd_sc_hd__a221o_1)
   0.140    1.849 ^ _4344_/Y (sky130_fd_sc_hd__a22oi_1)
   0.073    1.923 v _4345_/Y (sky130_fd_sc_hd__a31oi_1)
   0.225    2.147 v _4346_/X (sky130_fd_sc_hd__a22o_1)
   0.249    2.396 ^ _4354_/Y (sky130_fd_sc_hd__a311oi_2)
   0.177    2.573 ^ place987/X (sky130_fd_sc_hd__buf_4)
   0.236    2.809 ^ place986/X (sky130_fd_sc_hd__buf_4)
   0.195    3.004 v _7418_/Y (sky130_fd_sc_hd__o21ai_0)
   0.315    3.318 v _7731_/SUM (sky130_fd_sc_hd__ha_1)
   0.183    3.502 v _6932_/X (sky130_fd_sc_hd__a21o_1)
   0.241    3.743 ^ _6933_/Y (sky130_fd_sc_hd__a21oi_1)
   0.100    3.843 v _6934_/Y (sky130_fd_sc_hd__o21bai_1)
   0.201    4.043 v _6935_/X (sky130_fd_sc_hd__a21o_1)
   0.375    4.419 ^ _6936_/Y (sky130_fd_sc_hd__a21oi_1)
   0.196    4.615 v _6943_/Y (sky130_fd_sc_hd__o21ai_0)
   0.199    4.814 v place817/X (sky130_fd_sc_hd__buf_4)
   0.220    5.033 ^ _6952_/Y (sky130_fd_sc_hd__o211ai_1)
   0.183    5.217 ^ place809/X (sky130_fd_sc_hd__buf_4)
   0.155    5.372 v _6957_/Y (sky130_fd_sc_hd__a31oi_1)
   0.371    5.743 ^ _6961_/Y (sky130_fd_sc_hd__a41oi_1)
   0.197    5.940 v _6965_/Y (sky130_fd_sc_hd__a211oi_1)
   0.208    6.147 v _6966_/X (sky130_fd_sc_hd__a21o_1)
   0.161    6.309 ^ _6967_/Y (sky130_fd_sc_hd__a21oi_1)
   0.274    6.582 ^ _6968_/X (sky130_fd_sc_hd__xor2_1)
   0.084    6.666 v _7135_/Y (sky130_fd_sc_hd__nor2_1)
   0.294    6.960 v _7136_/X (sky130_fd_sc_hd__a211o_1)
   0.175    7.135 v place760/X (sky130_fd_sc_hd__buf_12)
   0.014    7.149 v dp.rf.rf[15][29]$_DFFE_PP_/D (sky130_fd_sc_hd__edfxtp_1)
            7.149   data arrival time

   7.000    7.000   clock clk (rise edge)
   0.775    7.775   clock network delay (ideal)
   0.000    7.775   clock reconvergence pessimism
            7.775 ^ dp.rf.rf[15][29]$_DFFE_PP_/CLK (sky130_fd_sc_hd__edfxtp_1)
  -0.272    7.503   library setup time
            7.503   data required time
-----------------------------------------------------------
            7.503   data required time
           -7.149   data arrival time
-----------------------------------------------------------
            0.354   slack (MET)


Startpoint: dp.rf.rf[5][1]$_DFFE_PP_
            (rising edge-triggered flip-flop clocked by clk)
Endpoint: dp.rf.rf[31][29]$_DFFE_PP_
          (rising edge-triggered flip-flop clocked by clk)
Path Group: clk
Path Type: max

   Delay     Time   Description
-----------------------------------------------------------
   0.000    0.000   clock clk (rise edge)
   0.775    0.775   clock network delay (ideal)
   0.000    0.775 ^ dp.rf.rf[5][1]$_DFFE_PP_/CLK (sky130_fd_sc_hd__edfxtp_1)
   0.362    1.137 v dp.rf.rf[5][1]$_DFFE_PP_/Q (sky130_fd_sc_hd__edfxtp_1)
   0.283    1.421 v _4342_/X (sky130_fd_sc_hd__mux2_2)
   0.289    1.709 v _4343_/X (sky130_fd_sc_hd__a221o_1)
   0.140    1.849 ^ _4344_/Y (sky130_fd_sc_hd__a22oi_1)
   0.073    1.923 v _4345_/Y (sky130_fd_sc_hd__a31oi_1)
   0.225    2.147 v _4346_/X (sky130_fd_sc_hd__a22o_1)
   0.249    2.396 ^ _4354_/Y (sky130_fd_sc_hd__a311oi_2)
   0.177    2.573 ^ place987/X (sky130_fd_sc_hd__buf_4)
   0.236    2.809 ^ place986/X (sky130_fd_sc_hd__buf_4)
   0.195    3.004 v _7418_/Y (sky130_fd_sc_hd__o21ai_0)
   0.315    3.318 v _7731_/SUM (sky130_fd_sc_hd__ha_1)
   0.183    3.502 v _6932_/X (sky130_fd_sc_hd__a21o_1)
   0.241    3.743 ^ _6933_/Y (sky130_fd_sc_hd__a21oi_1)
   0.100    3.843 v _6934_/Y (sky130_fd_sc_hd__o21bai_1)
   0.201    4.043 v _6935_/X (sky130_fd_sc_hd__a21o_1)
   0.375    4.419 ^ _6936_/Y (sky130_fd_sc_hd__a21oi_1)
   0.196    4.615 v _6943_/Y (sky130_fd_sc_hd__o21ai_0)
   0.199    4.814 v place817/X (sky130_fd_sc_hd__buf_4)
   0.220    5.033 ^ _6952_/Y (sky130_fd_sc_hd__o211ai_1)
   0.183    5.217 ^ place809/X (sky130_fd_sc_hd__buf_4)
   0.155    5.372 v _6957_/Y (sky130_fd_sc_hd__a31oi_1)
   0.371    5.743 ^ _6961_/Y (sky130_fd_sc_hd__a41oi_1)
   0.197    5.940 v _6965_/Y (sky130_fd_sc_hd__a211oi_1)
   0.208    6.147 v _6966_/X (sky130_fd_sc_hd__a21o_1)
   0.161    6.309 ^ _6967_/Y (sky130_fd_sc_hd__a21oi_1)
   0.274    6.582 ^ _6968_/X (sky130_fd_sc_hd__xor2_1)
   0.084    6.666 v _7135_/Y (sky130_fd_sc_hd__nor2_1)
   0.294    6.960 v _7136_/X (sky130_fd_sc_hd__a211o_1)
   0.175    7.135 v place760/X (sky130_fd_sc_hd__buf_12)
   0.014    7.149 v dp.rf.rf[31][29]$_DFFE_PP_/D (sky130_fd_sc_hd__edfxtp_1)
            7.149   data arrival time

   7.000    7.000   clock clk (rise edge)
   0.775    7.775   clock network delay (ideal)
   0.000    7.775   clock reconvergence pessimism
            7.775 ^ dp.rf.rf[31][29]$_DFFE_PP_/CLK (sky130_fd_sc_hd__edfxtp_1)
  -0.272    7.503   library setup time
            7.503   data required time
-----------------------------------------------------------
            7.503   data required time
           -7.149   data arrival time
-----------------------------------------------------------
            0.354   slack (MET)


Startpoint: dp.rf.rf[5][1]$_DFFE_PP_
            (rising edge-triggered flip-flop clocked by clk)
Endpoint: dp.rf.rf[14][29]$_DFFE_PP_
          (rising edge-triggered flip-flop clocked by clk)
Path Group: clk
Path Type: max

   Delay     Time   Description
-----------------------------------------------------------
   0.000    0.000   clock clk (rise edge)
   0.775    0.775   clock network delay (ideal)
   0.000    0.775 ^ dp.rf.rf[5][1]$_DFFE_PP_/CLK (sky130_fd_sc_hd__edfxtp_1)
   0.362    1.137 v dp.rf.rf[5][1]$_DFFE_PP_/Q (sky130_fd_sc_hd__edfxtp_1)
   0.283    1.421 v _4342_/X (sky130_fd_sc_hd__mux2_2)
   0.289    1.709 v _4343_/X (sky130_fd_sc_hd__a221o_1)
   0.140    1.849 ^ _4344_/Y (sky130_fd_sc_hd__a22oi_1)
   0.073    1.923 v _4345_/Y (sky130_fd_sc_hd__a31oi_1)
   0.225    2.147 v _4346_/X (sky130_fd_sc_hd__a22o_1)
   0.249    2.396 ^ _4354_/Y (sky130_fd_sc_hd__a311oi_2)
   0.177    2.573 ^ place987/X (sky130_fd_sc_hd__buf_4)
   0.236    2.809 ^ place986/X (sky130_fd_sc_hd__buf_4)
   0.195    3.004 v _7418_/Y (sky130_fd_sc_hd__o21ai_0)
   0.315    3.318 v _7731_/SUM (sky130_fd_sc_hd__ha_1)
   0.183    3.502 v _6932_/X (sky130_fd_sc_hd__a21o_1)
   0.241    3.743 ^ _6933_/Y (sky130_fd_sc_hd__a21oi_1)
   0.100    3.843 v _6934_/Y (sky130_fd_sc_hd__o21bai_1)
   0.201    4.043 v _6935_/X (sky130_fd_sc_hd__a21o_1)
   0.375    4.419 ^ _6936_/Y (sky130_fd_sc_hd__a21oi_1)
   0.196    4.615 v _6943_/Y (sky130_fd_sc_hd__o21ai_0)
   0.199    4.814 v place817/X (sky130_fd_sc_hd__buf_4)
   0.220    5.033 ^ _6952_/Y (sky130_fd_sc_hd__o211ai_1)
   0.183    5.217 ^ place809/X (sky130_fd_sc_hd__buf_4)
   0.155    5.372 v _6957_/Y (sky130_fd_sc_hd__a31oi_1)
   0.371    5.743 ^ _6961_/Y (sky130_fd_sc_hd__a41oi_1)
   0.197    5.940 v _6965_/Y (sky130_fd_sc_hd__a211oi_1)
   0.208    6.147 v _6966_/X (sky130_fd_sc_hd__a21o_1)
   0.161    6.309 ^ _6967_/Y (sky130_fd_sc_hd__a21oi_1)
   0.274    6.582 ^ _6968_/X (sky130_fd_sc_hd__xor2_1)
   0.084    6.666 v _7135_/Y (sky130_fd_sc_hd__nor2_1)
   0.294    6.960 v _7136_/X (sky130_fd_sc_hd__a211o_1)
   0.175    7.135 v place760/X (sky130_fd_sc_hd__buf_12)
   0.014    7.149 v dp.rf.rf[14][29]$_DFFE_PP_/D (sky130_fd_sc_hd__edfxtp_1)
            7.149   data arrival time

   7.000    7.000   clock clk (rise edge)
   0.775    7.775   clock network delay (ideal)
   0.000    7.775   clock reconvergence pessimism
            7.775 ^ dp.rf.rf[14][29]$_DFFE_PP_/CLK (sky130_fd_sc_hd__edfxtp_1)
  -0.272    7.503   library setup time
            7.503   data required time
-----------------------------------------------------------
            7.503   data required time
           -7.149   data arrival time
-----------------------------------------------------------
            0.354   slack (MET)


Startpoint: dp.rf.rf[5][1]$_DFFE_PP_
            (rising edge-triggered flip-flop clocked by clk)
Endpoint: dp.rf.rf[17][29]$_DFFE_PP_
          (rising edge-triggered flip-flop clocked by clk)
Path Group: clk
Path Type: max

   Delay     Time   Description
-----------------------------------------------------------
   0.000    0.000   clock clk (rise edge)
   0.775    0.775   clock network delay (ideal)
   0.000    0.775 ^ dp.rf.rf[5][1]$_DFFE_PP_/CLK (sky130_fd_sc_hd__edfxtp_1)
   0.362    1.137 v dp.rf.rf[5][1]$_DFFE_PP_/Q (sky130_fd_sc_hd__edfxtp_1)
   0.283    1.421 v _4342_/X (sky130_fd_sc_hd__mux2_2)
   0.289    1.709 v _4343_/X (sky130_fd_sc_hd__a221o_1)
   0.140    1.849 ^ _4344_/Y (sky130_fd_sc_hd__a22oi_1)
   0.073    1.923 v _4345_/Y (sky130_fd_sc_hd__a31oi_1)
   0.225    2.147 v _4346_/X (sky130_fd_sc_hd__a22o_1)
   0.249    2.396 ^ _4354_/Y (sky130_fd_sc_hd__a311oi_2)
   0.177    2.573 ^ place987/X (sky130_fd_sc_hd__buf_4)
   0.236    2.809 ^ place986/X (sky130_fd_sc_hd__buf_4)
   0.195    3.004 v _7418_/Y (sky130_fd_sc_hd__o21ai_0)
   0.315    3.318 v _7731_/SUM (sky130_fd_sc_hd__ha_1)
   0.183    3.502 v _6932_/X (sky130_fd_sc_hd__a21o_1)
   0.241    3.743 ^ _6933_/Y (sky130_fd_sc_hd__a21oi_1)
   0.100    3.843 v _6934_/Y (sky130_fd_sc_hd__o21bai_1)
   0.201    4.043 v _6935_/X (sky130_fd_sc_hd__a21o_1)
   0.375    4.419 ^ _6936_/Y (sky130_fd_sc_hd__a21oi_1)
   0.196    4.615 v _6943_/Y (sky130_fd_sc_hd__o21ai_0)
   0.199    4.814 v place817/X (sky130_fd_sc_hd__buf_4)
   0.220    5.033 ^ _6952_/Y (sky130_fd_sc_hd__o211ai_1)
   0.183    5.217 ^ place809/X (sky130_fd_sc_hd__buf_4)
   0.155    5.372 v _6957_/Y (sky130_fd_sc_hd__a31oi_1)
   0.371    5.743 ^ _6961_/Y (sky130_fd_sc_hd__a41oi_1)
   0.197    5.940 v _6965_/Y (sky130_fd_sc_hd__a211oi_1)
   0.208    6.147 v _6966_/X (sky130_fd_sc_hd__a21o_1)
   0.161    6.309 ^ _6967_/Y (sky130_fd_sc_hd__a21oi_1)
   0.274    6.582 ^ _6968_/X (sky130_fd_sc_hd__xor2_1)
   0.084    6.666 v _7135_/Y (sky130_fd_sc_hd__nor2_1)
   0.294    6.960 v _7136_/X (sky130_fd_sc_hd__a211o_1)
   0.175    7.135 v place760/X (sky130_fd_sc_hd__buf_12)
   0.014    7.149 v dp.rf.rf[17][29]$_DFFE_PP_/D (sky130_fd_sc_hd__edfxtp_1)
            7.149   data arrival time

   7.000    7.000   clock clk (rise edge)
   0.775    7.775   clock network delay (ideal)
   0.000    7.775   clock reconvergence pessimism
            7.775 ^ dp.rf.rf[17][29]$_DFFE_PP_/CLK (sky130_fd_sc_hd__edfxtp_1)
  -0.272    7.503   library setup time
            7.503   data required time
-----------------------------------------------------------
            7.503   data required time
           -7.149   data arrival time
-----------------------------------------------------------
            0.354   slack (MET)


Startpoint: dp.rf.rf[5][1]$_DFFE_PP_
            (rising edge-triggered flip-flop clocked by clk)
Endpoint: dp.rf.rf[27][29]$_DFFE_PP_
          (rising edge-triggered flip-flop clocked by clk)
Path Group: clk
Path Type: max

   Delay     Time   Description
-----------------------------------------------------------
   0.000    0.000   clock clk (rise edge)
   0.775    0.775   clock network delay (ideal)
   0.000    0.775 ^ dp.rf.rf[5][1]$_DFFE_PP_/CLK (sky130_fd_sc_hd__edfxtp_1)
   0.362    1.137 v dp.rf.rf[5][1]$_DFFE_PP_/Q (sky130_fd_sc_hd__edfxtp_1)
   0.283    1.421 v _4342_/X (sky130_fd_sc_hd__mux2_2)
   0.289    1.709 v _4343_/X (sky130_fd_sc_hd__a221o_1)
   0.140    1.849 ^ _4344_/Y (sky130_fd_sc_hd__a22oi_1)
   0.073    1.923 v _4345_/Y (sky130_fd_sc_hd__a31oi_1)
   0.225    2.147 v _4346_/X (sky130_fd_sc_hd__a22o_1)
   0.249    2.396 ^ _4354_/Y (sky130_fd_sc_hd__a311oi_2)
   0.177    2.573 ^ place987/X (sky130_fd_sc_hd__buf_4)
   0.236    2.809 ^ place986/X (sky130_fd_sc_hd__buf_4)
   0.195    3.004 v _7418_/Y (sky130_fd_sc_hd__o21ai_0)
   0.315    3.318 v _7731_/SUM (sky130_fd_sc_hd__ha_1)
   0.183    3.502 v _6932_/X (sky130_fd_sc_hd__a21o_1)
   0.241    3.743 ^ _6933_/Y (sky130_fd_sc_hd__a21oi_1)
   0.100    3.843 v _6934_/Y (sky130_fd_sc_hd__o21bai_1)
   0.201    4.043 v _6935_/X (sky130_fd_sc_hd__a21o_1)
   0.375    4.419 ^ _6936_/Y (sky130_fd_sc_hd__a21oi_1)
   0.196    4.615 v _6943_/Y (sky130_fd_sc_hd__o21ai_0)
   0.199    4.814 v place817/X (sky130_fd_sc_hd__buf_4)
   0.220    5.033 ^ _6952_/Y (sky130_fd_sc_hd__o211ai_1)
   0.183    5.217 ^ place809/X (sky130_fd_sc_hd__buf_4)
   0.155    5.372 v _6957_/Y (sky130_fd_sc_hd__a31oi_1)
   0.371    5.743 ^ _6961_/Y (sky130_fd_sc_hd__a41oi_1)
   0.197    5.940 v _6965_/Y (sky130_fd_sc_hd__a211oi_1)
   0.208    6.147 v _6966_/X (sky130_fd_sc_hd__a21o_1)
   0.161    6.309 ^ _6967_/Y (sky130_fd_sc_hd__a21oi_1)
   0.274    6.582 ^ _6968_/X (sky130_fd_sc_hd__xor2_1)
   0.084    6.666 v _7135_/Y (sky130_fd_sc_hd__nor2_1)
   0.294    6.960 v _7136_/X (sky130_fd_sc_hd__a211o_1)
   0.175    7.135 v place760/X (sky130_fd_sc_hd__buf_12)
   0.014    7.149 v dp.rf.rf[27][29]$_DFFE_PP_/D (sky130_fd_sc_hd__edfxtp_1)
            7.149   data arrival time

   7.000    7.000   clock clk (rise edge)
   0.775    7.775   clock network delay (ideal)
   0.000    7.775   clock reconvergence pessimism
            7.775 ^ dp.rf.rf[27][29]$_DFFE_PP_/CLK (sky130_fd_sc_hd__edfxtp_1)
  -0.272    7.503   library setup time
            7.503   data required time
-----------------------------------------------------------
            7.503   data required time
           -7.149   data arrival time
-----------------------------------------------------------
            0.354   slack (MET)


Startpoint: dp.rf.rf[5][1]$_DFFE_PP_
            (rising edge-triggered flip-flop clocked by clk)
Endpoint: dp.rf.rf[6][29]$_DFFE_PP_
          (rising edge-triggered flip-flop clocked by clk)
Path Group: clk
Path Type: max

   Delay     Time   Description
-----------------------------------------------------------
   0.000    0.000   clock clk (rise edge)
   0.775    0.775   clock network delay (ideal)
   0.000    0.775 ^ dp.rf.rf[5][1]$_DFFE_PP_/CLK (sky130_fd_sc_hd__edfxtp_1)
   0.362    1.137 v dp.rf.rf[5][1]$_DFFE_PP_/Q (sky130_fd_sc_hd__edfxtp_1)
   0.283    1.421 v _4342_/X (sky130_fd_sc_hd__mux2_2)
   0.289    1.709 v _4343_/X (sky130_fd_sc_hd__a221o_1)
   0.140    1.849 ^ _4344_/Y (sky130_fd_sc_hd__a22oi_1)
   0.073    1.923 v _4345_/Y (sky130_fd_sc_hd__a31oi_1)
   0.225    2.147 v _4346_/X (sky130_fd_sc_hd__a22o_1)
   0.249    2.396 ^ _4354_/Y (sky130_fd_sc_hd__a311oi_2)
   0.177    2.573 ^ place987/X (sky130_fd_sc_hd__buf_4)
   0.236    2.809 ^ place986/X (sky130_fd_sc_hd__buf_4)
   0.195    3.004 v _7418_/Y (sky130_fd_sc_hd__o21ai_0)
   0.315    3.318 v _7731_/SUM (sky130_fd_sc_hd__ha_1)
   0.183    3.502 v _6932_/X (sky130_fd_sc_hd__a21o_1)
   0.241    3.743 ^ _6933_/Y (sky130_fd_sc_hd__a21oi_1)
   0.100    3.843 v _6934_/Y (sky130_fd_sc_hd__o21bai_1)
   0.201    4.043 v _6935_/X (sky130_fd_sc_hd__a21o_1)
   0.375    4.419 ^ _6936_/Y (sky130_fd_sc_hd__a21oi_1)
   0.196    4.615 v _6943_/Y (sky130_fd_sc_hd__o21ai_0)
   0.199    4.814 v place817/X (sky130_fd_sc_hd__buf_4)
   0.220    5.033 ^ _6952_/Y (sky130_fd_sc_hd__o211ai_1)
   0.183    5.217 ^ place809/X (sky130_fd_sc_hd__buf_4)
   0.155    5.372 v _6957_/Y (sky130_fd_sc_hd__a31oi_1)
   0.371    5.743 ^ _6961_/Y (sky130_fd_sc_hd__a41oi_1)
   0.197    5.940 v _6965_/Y (sky130_fd_sc_hd__a211oi_1)
   0.208    6.147 v _6966_/X (sky130_fd_sc_hd__a21o_1)
   0.161    6.309 ^ _6967_/Y (sky130_fd_sc_hd__a21oi_1)
   0.274    6.582 ^ _6968_/X (sky130_fd_sc_hd__xor2_1)
   0.084    6.666 v _7135_/Y (sky130_fd_sc_hd__nor2_1)
   0.294    6.960 v _7136_/X (sky130_fd_sc_hd__a211o_1)
   0.175    7.135 v place760/X (sky130_fd_sc_hd__buf_12)
   0.014    7.149 v dp.rf.rf[6][29]$_DFFE_PP_/D (sky130_fd_sc_hd__edfxtp_1)
            7.149   data arrival time

   7.000    7.000   clock clk (rise edge)
   0.775    7.775   clock network delay (ideal)
   0.000    7.775   clock reconvergence pessimism
            7.775 ^ dp.rf.rf[6][29]$_DFFE_PP_/CLK (sky130_fd_sc_hd__edfxtp_1)
  -0.272    7.503   library setup time
            7.503   data required time
-----------------------------------------------------------
            7.503   data required time
           -7.149   data arrival time
-----------------------------------------------------------
            0.354   slack (MET)


Startpoint: dp.rf.rf[5][1]$_DFFE_PP_
            (rising edge-triggered flip-flop clocked by clk)
Endpoint: dp.rf.rf[16][29]$_DFFE_PP_
          (rising edge-triggered flip-flop clocked by clk)
Path Group: clk
Path Type: max

   Delay     Time   Description
-----------------------------------------------------------
   0.000    0.000   clock clk (rise edge)
   0.775    0.775   clock network delay (ideal)
   0.000    0.775 ^ dp.rf.rf[5][1]$_DFFE_PP_/CLK (sky130_fd_sc_hd__edfxtp_1)
   0.362    1.137 v dp.rf.rf[5][1]$_DFFE_PP_/Q (sky130_fd_sc_hd__edfxtp_1)
   0.283    1.421 v _4342_/X (sky130_fd_sc_hd__mux2_2)
   0.289    1.709 v _4343_/X (sky130_fd_sc_hd__a221o_1)
   0.140    1.849 ^ _4344_/Y (sky130_fd_sc_hd__a22oi_1)
   0.073    1.923 v _4345_/Y (sky130_fd_sc_hd__a31oi_1)
   0.225    2.147 v _4346_/X (sky130_fd_sc_hd__a22o_1)
   0.249    2.396 ^ _4354_/Y (sky130_fd_sc_hd__a311oi_2)
   0.177    2.573 ^ place987/X (sky130_fd_sc_hd__buf_4)
   0.236    2.809 ^ place986/X (sky130_fd_sc_hd__buf_4)
   0.195    3.004 v _7418_/Y (sky130_fd_sc_hd__o21ai_0)
   0.315    3.318 v _7731_/SUM (sky130_fd_sc_hd__ha_1)
   0.183    3.502 v _6932_/X (sky130_fd_sc_hd__a21o_1)
   0.241    3.743 ^ _6933_/Y (sky130_fd_sc_hd__a21oi_1)
   0.100    3.843 v _6934_/Y (sky130_fd_sc_hd__o21bai_1)
   0.201    4.043 v _6935_/X (sky130_fd_sc_hd__a21o_1)
   0.375    4.419 ^ _6936_/Y (sky130_fd_sc_hd__a21oi_1)
   0.196    4.615 v _6943_/Y (sky130_fd_sc_hd__o21ai_0)
   0.199    4.814 v place817/X (sky130_fd_sc_hd__buf_4)
   0.220    5.033 ^ _6952_/Y (sky130_fd_sc_hd__o211ai_1)
   0.183    5.217 ^ place809/X (sky130_fd_sc_hd__buf_4)
   0.155    5.372 v _6957_/Y (sky130_fd_sc_hd__a31oi_1)
   0.371    5.743 ^ _6961_/Y (sky130_fd_sc_hd__a41oi_1)
   0.197    5.940 v _6965_/Y (sky130_fd_sc_hd__a211oi_1)
   0.208    6.147 v _6966_/X (sky130_fd_sc_hd__a21o_1)
   0.161    6.309 ^ _6967_/Y (sky130_fd_sc_hd__a21oi_1)
   0.274    6.582 ^ _6968_/X (sky130_fd_sc_hd__xor2_1)
   0.084    6.666 v _7135_/Y (sky130_fd_sc_hd__nor2_1)
   0.294    6.960 v _7136_/X (sky130_fd_sc_hd__a211o_1)
   0.175    7.135 v place760/X (sky130_fd_sc_hd__buf_12)
   0.014    7.149 v dp.rf.rf[16][29]$_DFFE_PP_/D (sky130_fd_sc_hd__edfxtp_1)
            7.149   data arrival time

   7.000    7.000   clock clk (rise edge)
   0.775    7.775   clock network delay (ideal)
   0.000    7.775   clock reconvergence pessimism
            7.775 ^ dp.rf.rf[16][29]$_DFFE_PP_/CLK (sky130_fd_sc_hd__edfxtp_1)
  -0.272    7.503   library setup time
            7.503   data required time
-----------------------------------------------------------
            7.503   data required time
           -7.149   data arrival time
-----------------------------------------------------------
            0.354   slack (MET)


Startpoint: dp.rf.rf[5][1]$_DFFE_PP_
            (rising edge-triggered flip-flop clocked by clk)
Endpoint: dp.rf.rf[7][29]$_DFFE_PP_
          (rising edge-triggered flip-flop clocked by clk)
Path Group: clk
Path Type: max

   Delay     Time   Description
-----------------------------------------------------------
   0.000    0.000   clock clk (rise edge)
   0.775    0.775   clock network delay (ideal)
   0.000    0.775 ^ dp.rf.rf[5][1]$_DFFE_PP_/CLK (sky130_fd_sc_hd__edfxtp_1)
   0.362    1.137 v dp.rf.rf[5][1]$_DFFE_PP_/Q (sky130_fd_sc_hd__edfxtp_1)
   0.283    1.421 v _4342_/X (sky130_fd_sc_hd__mux2_2)
   0.289    1.709 v _4343_/X (sky130_fd_sc_hd__a221o_1)
   0.140    1.849 ^ _4344_/Y (sky130_fd_sc_hd__a22oi_1)
   0.073    1.923 v _4345_/Y (sky130_fd_sc_hd__a31oi_1)
   0.225    2.147 v _4346_/X (sky130_fd_sc_hd__a22o_1)
   0.249    2.396 ^ _4354_/Y (sky130_fd_sc_hd__a311oi_2)
   0.177    2.573 ^ place987/X (sky130_fd_sc_hd__buf_4)
   0.236    2.809 ^ place986/X (sky130_fd_sc_hd__buf_4)
   0.195    3.004 v _7418_/Y (sky130_fd_sc_hd__o21ai_0)
   0.315    3.318 v _7731_/SUM (sky130_fd_sc_hd__ha_1)
   0.183    3.502 v _6932_/X (sky130_fd_sc_hd__a21o_1)
   0.241    3.743 ^ _6933_/Y (sky130_fd_sc_hd__a21oi_1)
   0.100    3.843 v _6934_/Y (sky130_fd_sc_hd__o21bai_1)
   0.201    4.043 v _6935_/X (sky130_fd_sc_hd__a21o_1)
   0.375    4.419 ^ _6936_/Y (sky130_fd_sc_hd__a21oi_1)
   0.196    4.615 v _6943_/Y (sky130_fd_sc_hd__o21ai_0)
   0.199    4.814 v place817/X (sky130_fd_sc_hd__buf_4)
   0.220    5.033 ^ _6952_/Y (sky130_fd_sc_hd__o211ai_1)
   0.183    5.217 ^ place809/X (sky130_fd_sc_hd__buf_4)
   0.155    5.372 v _6957_/Y (sky130_fd_sc_hd__a31oi_1)
   0.371    5.743 ^ _6961_/Y (sky130_fd_sc_hd__a41oi_1)
   0.197    5.940 v _6965_/Y (sky130_fd_sc_hd__a211oi_1)
   0.208    6.147 v _6966_/X (sky130_fd_sc_hd__a21o_1)
   0.161    6.309 ^ _6967_/Y (sky130_fd_sc_hd__a21oi_1)
   0.274    6.582 ^ _6968_/X (sky130_fd_sc_hd__xor2_1)
   0.084    6.666 v _7135_/Y (sky130_fd_sc_hd__nor2_1)
   0.294    6.960 v _7136_/X (sky130_fd_sc_hd__a211o_1)
   0.175    7.135 v place760/X (sky130_fd_sc_hd__buf_12)
   0.014    7.148 v dp.rf.rf[7][29]$_DFFE_PP_/D (sky130_fd_sc_hd__edfxtp_1)
            7.148   data arrival time

   7.000    7.000   clock clk (rise edge)
   0.775    7.775   clock network delay (ideal)
   0.000    7.775   clock reconvergence pessimism
            7.775 ^ dp.rf.rf[7][29]$_DFFE_PP_/CLK (sky130_fd_sc_hd__edfxtp_1)
  -0.272    7.503   library setup time
            7.503   data required time
-----------------------------------------------------------
            7.503   data required time
           -7.148   data arrival time
-----------------------------------------------------------
            0.354   slack (MET)


Startpoint: dp.rf.rf[5][1]$_DFFE_PP_
            (rising edge-triggered flip-flop clocked by clk)
Endpoint: dp.rf.rf[26][29]$_DFFE_PP_
          (rising edge-triggered flip-flop clocked by clk)
Path Group: clk
Path Type: max

   Delay     Time   Description
-----------------------------------------------------------
   0.000    0.000   clock clk (rise edge)
   0.775    0.775   clock network delay (ideal)
   0.000    0.775 ^ dp.rf.rf[5][1]$_DFFE_PP_/CLK (sky130_fd_sc_hd__edfxtp_1)
   0.362    1.137 v dp.rf.rf[5][1]$_DFFE_PP_/Q (sky130_fd_sc_hd__edfxtp_1)
   0.283    1.421 v _4342_/X (sky130_fd_sc_hd__mux2_2)
   0.289    1.709 v _4343_/X (sky130_fd_sc_hd__a221o_1)
   0.140    1.849 ^ _4344_/Y (sky130_fd_sc_hd__a22oi_1)
   0.073    1.923 v _4345_/Y (sky130_fd_sc_hd__a31oi_1)
   0.225    2.147 v _4346_/X (sky130_fd_sc_hd__a22o_1)
   0.249    2.396 ^ _4354_/Y (sky130_fd_sc_hd__a311oi_2)
   0.177    2.573 ^ place987/X (sky130_fd_sc_hd__buf_4)
   0.236    2.809 ^ place986/X (sky130_fd_sc_hd__buf_4)
   0.195    3.004 v _7418_/Y (sky130_fd_sc_hd__o21ai_0)
   0.315    3.318 v _7731_/SUM (sky130_fd_sc_hd__ha_1)
   0.183    3.502 v _6932_/X (sky130_fd_sc_hd__a21o_1)
   0.241    3.743 ^ _6933_/Y (sky130_fd_sc_hd__a21oi_1)
   0.100    3.843 v _6934_/Y (sky130_fd_sc_hd__o21bai_1)
   0.201    4.043 v _6935_/X (sky130_fd_sc_hd__a21o_1)
   0.375    4.419 ^ _6936_/Y (sky130_fd_sc_hd__a21oi_1)
   0.196    4.615 v _6943_/Y (sky130_fd_sc_hd__o21ai_0)
   0.199    4.814 v place817/X (sky130_fd_sc_hd__buf_4)
   0.220    5.033 ^ _6952_/Y (sky130_fd_sc_hd__o211ai_1)
   0.183    5.217 ^ place809/X (sky130_fd_sc_hd__buf_4)
   0.155    5.372 v _6957_/Y (sky130_fd_sc_hd__a31oi_1)
   0.371    5.743 ^ _6961_/Y (sky130_fd_sc_hd__a41oi_1)
   0.197    5.940 v _6965_/Y (sky130_fd_sc_hd__a211oi_1)
   0.208    6.147 v _6966_/X (sky130_fd_sc_hd__a21o_1)
   0.161    6.309 ^ _6967_/Y (sky130_fd_sc_hd__a21oi_1)
   0.274    6.582 ^ _6968_/X (sky130_fd_sc_hd__xor2_1)
   0.084    6.666 v _7135_/Y (sky130_fd_sc_hd__nor2_1)
   0.294    6.960 v _7136_/X (sky130_fd_sc_hd__a211o_1)
   0.175    7.135 v place760/X (sky130_fd_sc_hd__buf_12)
   0.014    7.148 v dp.rf.rf[26][29]$_DFFE_PP_/D (sky130_fd_sc_hd__edfxtp_1)
            7.148   data arrival time

   7.000    7.000   clock clk (rise edge)
   0.775    7.775   clock network delay (ideal)
   0.000    7.775   clock reconvergence pessimism
            7.775 ^ dp.rf.rf[26][29]$_DFFE_PP_/CLK (sky130_fd_sc_hd__edfxtp_1)
  -0.272    7.503   library setup time
            7.503   data required time
-----------------------------------------------------------
            7.503   data required time
           -7.148   data arrival time
-----------------------------------------------------------
            0.354   slack (MET)


Startpoint: dp.rf.rf[5][1]$_DFFE_PP_
            (rising edge-triggered flip-flop clocked by clk)
Endpoint: dp.rf.rf[4][29]$_DFFE_PP_
          (rising edge-triggered flip-flop clocked by clk)
Path Group: clk
Path Type: max

   Delay     Time   Description
-----------------------------------------------------------
   0.000    0.000   clock clk (rise edge)
   0.775    0.775   clock network delay (ideal)
   0.000    0.775 ^ dp.rf.rf[5][1]$_DFFE_PP_/CLK (sky130_fd_sc_hd__edfxtp_1)
   0.362    1.137 v dp.rf.rf[5][1]$_DFFE_PP_/Q (sky130_fd_sc_hd__edfxtp_1)
   0.283    1.421 v _4342_/X (sky130_fd_sc_hd__mux2_2)
   0.289    1.709 v _4343_/X (sky130_fd_sc_hd__a221o_1)
   0.140    1.849 ^ _4344_/Y (sky130_fd_sc_hd__a22oi_1)
   0.073    1.923 v _4345_/Y (sky130_fd_sc_hd__a31oi_1)
   0.225    2.147 v _4346_/X (sky130_fd_sc_hd__a22o_1)
   0.249    2.396 ^ _4354_/Y (sky130_fd_sc_hd__a311oi_2)
   0.177    2.573 ^ place987/X (sky130_fd_sc_hd__buf_4)
   0.236    2.809 ^ place986/X (sky130_fd_sc_hd__buf_4)
   0.195    3.004 v _7418_/Y (sky130_fd_sc_hd__o21ai_0)
   0.315    3.318 v _7731_/SUM (sky130_fd_sc_hd__ha_1)
   0.183    3.502 v _6932_/X (sky130_fd_sc_hd__a21o_1)
   0.241    3.743 ^ _6933_/Y (sky130_fd_sc_hd__a21oi_1)
   0.100    3.843 v _6934_/Y (sky130_fd_sc_hd__o21bai_1)
   0.201    4.043 v _6935_/X (sky130_fd_sc_hd__a21o_1)
   0.375    4.419 ^ _6936_/Y (sky130_fd_sc_hd__a21oi_1)
   0.196    4.615 v _6943_/Y (sky130_fd_sc_hd__o21ai_0)
   0.199    4.814 v place817/X (sky130_fd_sc_hd__buf_4)
   0.220    5.033 ^ _6952_/Y (sky130_fd_sc_hd__o211ai_1)
   0.183    5.217 ^ place809/X (sky130_fd_sc_hd__buf_4)
   0.155    5.372 v _6957_/Y (sky130_fd_sc_hd__a31oi_1)
   0.371    5.743 ^ _6961_/Y (sky130_fd_sc_hd__a41oi_1)
   0.197    5.940 v _6965_/Y (sky130_fd_sc_hd__a211oi_1)
   0.208    6.147 v _6966_/X (sky130_fd_sc_hd__a21o_1)
   0.161    6.309 ^ _6967_/Y (sky130_fd_sc_hd__a21oi_1)
   0.274    6.582 ^ _6968_/X (sky130_fd_sc_hd__xor2_1)
   0.084    6.666 v _7135_/Y (sky130_fd_sc_hd__nor2_1)
   0.294    6.960 v _7136_/X (sky130_fd_sc_hd__a211o_1)
   0.175    7.135 v place760/X (sky130_fd_sc_hd__buf_12)
   0.014    7.148 v dp.rf.rf[4][29]$_DFFE_PP_/D (sky130_fd_sc_hd__edfxtp_1)
            7.148   data arrival time

   7.000    7.000   clock clk (rise edge)
   0.775    7.775   clock network delay (ideal)
   0.000    7.775   clock reconvergence pessimism
            7.775 ^ dp.rf.rf[4][29]$_DFFE_PP_/CLK (sky130_fd_sc_hd__edfxtp_1)
  -0.272    7.503   library setup time
            7.503   data required time
-----------------------------------------------------------
            7.503   data required time
           -7.148   data arrival time
-----------------------------------------------------------
            0.354   slack (MET)


Startpoint: dp.rf.rf[5][1]$_DFFE_PP_
            (rising edge-triggered flip-flop clocked by clk)
Endpoint: dp.rf.rf[5][29]$_DFFE_PP_
          (rising edge-triggered flip-flop clocked by clk)
Path Group: clk
Path Type: max

   Delay     Time   Description
-----------------------------------------------------------
   0.000    0.000   clock clk (rise edge)
   0.775    0.775   clock network delay (ideal)
   0.000    0.775 ^ dp.rf.rf[5][1]$_DFFE_PP_/CLK (sky130_fd_sc_hd__edfxtp_1)
   0.362    1.137 v dp.rf.rf[5][1]$_DFFE_PP_/Q (sky130_fd_sc_hd__edfxtp_1)
   0.283    1.421 v _4342_/X (sky130_fd_sc_hd__mux2_2)
   0.289    1.709 v _4343_/X (sky130_fd_sc_hd__a221o_1)
   0.140    1.849 ^ _4344_/Y (sky130_fd_sc_hd__a22oi_1)
   0.073    1.923 v _4345_/Y (sky130_fd_sc_hd__a31oi_1)
   0.225    2.147 v _4346_/X (sky130_fd_sc_hd__a22o_1)
   0.249    2.396 ^ _4354_/Y (sky130_fd_sc_hd__a311oi_2)
   0.177    2.573 ^ place987/X (sky130_fd_sc_hd__buf_4)
   0.236    2.809 ^ place986/X (sky130_fd_sc_hd__buf_4)
   0.195    3.004 v _7418_/Y (sky130_fd_sc_hd__o21ai_0)
   0.315    3.318 v _7731_/SUM (sky130_fd_sc_hd__ha_1)
   0.183    3.502 v _6932_/X (sky130_fd_sc_hd__a21o_1)
   0.241    3.743 ^ _6933_/Y (sky130_fd_sc_hd__a21oi_1)
   0.100    3.843 v _6934_/Y (sky130_fd_sc_hd__o21bai_1)
   0.201    4.043 v _6935_/X (sky130_fd_sc_hd__a21o_1)
   0.375    4.419 ^ _6936_/Y (sky130_fd_sc_hd__a21oi_1)
   0.196    4.615 v _6943_/Y (sky130_fd_sc_hd__o21ai_0)
   0.199    4.814 v place817/X (sky130_fd_sc_hd__buf_4)
   0.220    5.033 ^ _6952_/Y (sky130_fd_sc_hd__o211ai_1)
   0.183    5.217 ^ place809/X (sky130_fd_sc_hd__buf_4)
   0.155    5.372 v _6957_/Y (sky130_fd_sc_hd__a31oi_1)
   0.371    5.743 ^ _6961_/Y (sky130_fd_sc_hd__a41oi_1)
   0.197    5.940 v _6965_/Y (sky130_fd_sc_hd__a211oi_1)
   0.208    6.147 v _6966_/X (sky130_fd_sc_hd__a21o_1)
   0.161    6.309 ^ _6967_/Y (sky130_fd_sc_hd__a21oi_1)
   0.274    6.582 ^ _6968_/X (sky130_fd_sc_hd__xor2_1)
   0.084    6.666 v _7135_/Y (sky130_fd_sc_hd__nor2_1)
   0.294    6.960 v _7136_/X (sky130_fd_sc_hd__a211o_1)
   0.175    7.135 v place760/X (sky130_fd_sc_hd__buf_12)
   0.013    7.148 v dp.rf.rf[5][29]$_DFFE_PP_/D (sky130_fd_sc_hd__edfxtp_1)
            7.148   data arrival time

   7.000    7.000   clock clk (rise edge)
   0.775    7.775   clock network delay (ideal)
   0.000    7.775   clock reconvergence pessimism
            7.775 ^ dp.rf.rf[5][29]$_DFFE_PP_/CLK (sky130_fd_sc_hd__edfxtp_1)
  -0.272    7.503   library setup time
            7.503   data required time
-----------------------------------------------------------
            7.503   data required time
           -7.148   data arrival time
-----------------------------------------------------------
            0.354   slack (MET)


Startpoint: dp.rf.rf[5][1]$_DFFE_PP_
            (rising edge-triggered flip-flop clocked by clk)
Endpoint: dp.rf.rf[1][29]$_DFFE_PP_
          (rising edge-triggered flip-flop clocked by clk)
Path Group: clk
Path Type: max

   Delay     Time   Description
-----------------------------------------------------------
   0.000    0.000   clock clk (rise edge)
   0.775    0.775   clock network delay (ideal)
   0.000    0.775 ^ dp.rf.rf[5][1]$_DFFE_PP_/CLK (sky130_fd_sc_hd__edfxtp_1)
   0.362    1.137 v dp.rf.rf[5][1]$_DFFE_PP_/Q (sky130_fd_sc_hd__edfxtp_1)
   0.283    1.421 v _4342_/X (sky130_fd_sc_hd__mux2_2)
   0.289    1.709 v _4343_/X (sky130_fd_sc_hd__a221o_1)
   0.140    1.849 ^ _4344_/Y (sky130_fd_sc_hd__a22oi_1)
   0.073    1.923 v _4345_/Y (sky130_fd_sc_hd__a31oi_1)
   0.225    2.147 v _4346_/X (sky130_fd_sc_hd__a22o_1)
   0.249    2.396 ^ _4354_/Y (sky130_fd_sc_hd__a311oi_2)
   0.177    2.573 ^ place987/X (sky130_fd_sc_hd__buf_4)
   0.236    2.809 ^ place986/X (sky130_fd_sc_hd__buf_4)
   0.195    3.004 v _7418_/Y (sky130_fd_sc_hd__o21ai_0)
   0.315    3.318 v _7731_/SUM (sky130_fd_sc_hd__ha_1)
   0.183    3.502 v _6932_/X (sky130_fd_sc_hd__a21o_1)
   0.241    3.743 ^ _6933_/Y (sky130_fd_sc_hd__a21oi_1)
   0.100    3.843 v _6934_/Y (sky130_fd_sc_hd__o21bai_1)
   0.201    4.043 v _6935_/X (sky130_fd_sc_hd__a21o_1)
   0.375    4.419 ^ _6936_/Y (sky130_fd_sc_hd__a21oi_1)
   0.196    4.615 v _6943_/Y (sky130_fd_sc_hd__o21ai_0)
   0.199    4.814 v place817/X (sky130_fd_sc_hd__buf_4)
   0.220    5.033 ^ _6952_/Y (sky130_fd_sc_hd__o211ai_1)
   0.183    5.217 ^ place809/X (sky130_fd_sc_hd__buf_4)
   0.155    5.372 v _6957_/Y (sky130_fd_sc_hd__a31oi_1)
   0.371    5.743 ^ _6961_/Y (sky130_fd_sc_hd__a41oi_1)
   0.197    5.940 v _6965_/Y (sky130_fd_sc_hd__a211oi_1)
   0.208    6.147 v _6966_/X (sky130_fd_sc_hd__a21o_1)
   0.161    6.309 ^ _6967_/Y (sky130_fd_sc_hd__a21oi_1)
   0.274    6.582 ^ _6968_/X (sky130_fd_sc_hd__xor2_1)
   0.084    6.666 v _7135_/Y (sky130_fd_sc_hd__nor2_1)
   0.294    6.960 v _7136_/X (sky130_fd_sc_hd__a211o_1)
   0.175    7.135 v place760/X (sky130_fd_sc_hd__buf_12)
   0.013    7.148 v dp.rf.rf[1][29]$_DFFE_PP_/D (sky130_fd_sc_hd__edfxtp_1)
            7.148   data arrival time

   7.000    7.000   clock clk (rise edge)
   0.775    7.775   clock network delay (ideal)
   0.000    7.775   clock reconvergence pessimism
            7.775 ^ dp.rf.rf[1][29]$_DFFE_PP_/CLK (sky130_fd_sc_hd__edfxtp_1)
  -0.272    7.503   library setup time
            7.503   data required time
-----------------------------------------------------------
            7.503   data required time
           -7.148   data arrival time
-----------------------------------------------------------
            0.355   slack (MET)


Startpoint: dp.rf.rf[5][1]$_DFFE_PP_
            (rising edge-triggered flip-flop clocked by clk)
Endpoint: dp.rf.rf[18][29]$_DFFE_PP_
          (rising edge-triggered flip-flop clocked by clk)
Path Group: clk
Path Type: max

   Delay     Time   Description
-----------------------------------------------------------
   0.000    0.000   clock clk (rise edge)
   0.775    0.775   clock network delay (ideal)
   0.000    0.775 ^ dp.rf.rf[5][1]$_DFFE_PP_/CLK (sky130_fd_sc_hd__edfxtp_1)
   0.362    1.137 v dp.rf.rf[5][1]$_DFFE_PP_/Q (sky130_fd_sc_hd__edfxtp_1)
   0.283    1.421 v _4342_/X (sky130_fd_sc_hd__mux2_2)
   0.289    1.709 v _4343_/X (sky130_fd_sc_hd__a221o_1)
   0.140    1.849 ^ _4344_/Y (sky130_fd_sc_hd__a22oi_1)
   0.073    1.923 v _4345_/Y (sky130_fd_sc_hd__a31oi_1)
   0.225    2.147 v _4346_/X (sky130_fd_sc_hd__a22o_1)
   0.249    2.396 ^ _4354_/Y (sky130_fd_sc_hd__a311oi_2)
   0.177    2.573 ^ place987/X (sky130_fd_sc_hd__buf_4)
   0.236    2.809 ^ place986/X (sky130_fd_sc_hd__buf_4)
   0.195    3.004 v _7418_/Y (sky130_fd_sc_hd__o21ai_0)
   0.315    3.318 v _7731_/SUM (sky130_fd_sc_hd__ha_1)
   0.183    3.502 v _6932_/X (sky130_fd_sc_hd__a21o_1)
   0.241    3.743 ^ _6933_/Y (sky130_fd_sc_hd__a21oi_1)
   0.100    3.843 v _6934_/Y (sky130_fd_sc_hd__o21bai_1)
   0.201    4.043 v _6935_/X (sky130_fd_sc_hd__a21o_1)
   0.375    4.419 ^ _6936_/Y (sky130_fd_sc_hd__a21oi_1)
   0.196    4.615 v _6943_/Y (sky130_fd_sc_hd__o21ai_0)
   0.199    4.814 v place817/X (sky130_fd_sc_hd__buf_4)
   0.220    5.033 ^ _6952_/Y (sky130_fd_sc_hd__o211ai_1)
   0.183    5.217 ^ place809/X (sky130_fd_sc_hd__buf_4)
   0.155    5.372 v _6957_/Y (sky130_fd_sc_hd__a31oi_1)
   0.371    5.743 ^ _6961_/Y (sky130_fd_sc_hd__a41oi_1)
   0.197    5.940 v _6965_/Y (sky130_fd_sc_hd__a211oi_1)
   0.208    6.147 v _6966_/X (sky130_fd_sc_hd__a21o_1)
   0.161    6.309 ^ _6967_/Y (sky130_fd_sc_hd__a21oi_1)
   0.274    6.582 ^ _6968_/X (sky130_fd_sc_hd__xor2_1)
   0.084    6.666 v _7135_/Y (sky130_fd_sc_hd__nor2_1)
   0.294    6.960 v _7136_/X (sky130_fd_sc_hd__a211o_1)
   0.175    7.135 v place760/X (sky130_fd_sc_hd__buf_12)
   0.013    7.148 v dp.rf.rf[18][29]$_DFFE_PP_/D (sky130_fd_sc_hd__edfxtp_1)
            7.148   data arrival time

   7.000    7.000   clock clk (rise edge)
   0.775    7.775   clock network delay (ideal)
   0.000    7.775   clock reconvergence pessimism
            7.775 ^ dp.rf.rf[18][29]$_DFFE_PP_/CLK (sky130_fd_sc_hd__edfxtp_1)
  -0.272    7.503   library setup time
            7.503   data required time
-----------------------------------------------------------
            7.503   data required time
           -7.148   data arrival time
-----------------------------------------------------------
            0.355   slack (MET)


Startpoint: dp.rf.rf[5][1]$_DFFE_PP_
            (rising edge-triggered flip-flop clocked by clk)
Endpoint: dp.rf.rf[2][29]$_DFFE_PP_
          (rising edge-triggered flip-flop clocked by clk)
Path Group: clk
Path Type: max

   Delay     Time   Description
-----------------------------------------------------------
   0.000    0.000   clock clk (rise edge)
   0.775    0.775   clock network delay (ideal)
   0.000    0.775 ^ dp.rf.rf[5][1]$_DFFE_PP_/CLK (sky130_fd_sc_hd__edfxtp_1)
   0.362    1.137 v dp.rf.rf[5][1]$_DFFE_PP_/Q (sky130_fd_sc_hd__edfxtp_1)
   0.283    1.421 v _4342_/X (sky130_fd_sc_hd__mux2_2)
   0.289    1.709 v _4343_/X (sky130_fd_sc_hd__a221o_1)
   0.140    1.849 ^ _4344_/Y (sky130_fd_sc_hd__a22oi_1)
   0.073    1.923 v _4345_/Y (sky130_fd_sc_hd__a31oi_1)
   0.225    2.147 v _4346_/X (sky130_fd_sc_hd__a22o_1)
   0.249    2.396 ^ _4354_/Y (sky130_fd_sc_hd__a311oi_2)
   0.177    2.573 ^ place987/X (sky130_fd_sc_hd__buf_4)
   0.236    2.809 ^ place986/X (sky130_fd_sc_hd__buf_4)
   0.195    3.004 v _7418_/Y (sky130_fd_sc_hd__o21ai_0)
   0.315    3.318 v _7731_/SUM (sky130_fd_sc_hd__ha_1)
   0.183    3.502 v _6932_/X (sky130_fd_sc_hd__a21o_1)
   0.241    3.743 ^ _6933_/Y (sky130_fd_sc_hd__a21oi_1)
   0.100    3.843 v _6934_/Y (sky130_fd_sc_hd__o21bai_1)
   0.201    4.043 v _6935_/X (sky130_fd_sc_hd__a21o_1)
   0.375    4.419 ^ _6936_/Y (sky130_fd_sc_hd__a21oi_1)
   0.196    4.615 v _6943_/Y (sky130_fd_sc_hd__o21ai_0)
   0.199    4.814 v place817/X (sky130_fd_sc_hd__buf_4)
   0.220    5.033 ^ _6952_/Y (sky130_fd_sc_hd__o211ai_1)
   0.183    5.217 ^ place809/X (sky130_fd_sc_hd__buf_4)
   0.155    5.372 v _6957_/Y (sky130_fd_sc_hd__a31oi_1)
   0.371    5.743 ^ _6961_/Y (sky130_fd_sc_hd__a41oi_1)
   0.197    5.940 v _6965_/Y (sky130_fd_sc_hd__a211oi_1)
   0.208    6.147 v _6966_/X (sky130_fd_sc_hd__a21o_1)
   0.161    6.309 ^ _6967_/Y (sky130_fd_sc_hd__a21oi_1)
   0.274    6.582 ^ _6968_/X (sky130_fd_sc_hd__xor2_1)
   0.084    6.666 v _7135_/Y (sky130_fd_sc_hd__nor2_1)
   0.294    6.960 v _7136_/X (sky130_fd_sc_hd__a211o_1)
   0.175    7.135 v place760/X (sky130_fd_sc_hd__buf_12)
   0.013    7.148 v dp.rf.rf[2][29]$_DFFE_PP_/D (sky130_fd_sc_hd__edfxtp_1)
            7.148   data arrival time

   7.000    7.000   clock clk (rise edge)
   0.775    7.775   clock network delay (ideal)
   0.000    7.775   clock reconvergence pessimism
            7.775 ^ dp.rf.rf[2][29]$_DFFE_PP_/CLK (sky130_fd_sc_hd__edfxtp_1)
  -0.272    7.503   library setup time
            7.503   data required time
-----------------------------------------------------------
            7.503   data required time
           -7.148   data arrival time
-----------------------------------------------------------
            0.355   slack (MET)


Startpoint: dp.rf.rf[5][1]$_DFFE_PP_
            (rising edge-triggered flip-flop clocked by clk)
Endpoint: dp.rf.rf[3][29]$_DFFE_PP_
          (rising edge-triggered flip-flop clocked by clk)
Path Group: clk
Path Type: max

   Delay     Time   Description
-----------------------------------------------------------
   0.000    0.000   clock clk (rise edge)
   0.775    0.775   clock network delay (ideal)
   0.000    0.775 ^ dp.rf.rf[5][1]$_DFFE_PP_/CLK (sky130_fd_sc_hd__edfxtp_1)
   0.362    1.137 v dp.rf.rf[5][1]$_DFFE_PP_/Q (sky130_fd_sc_hd__edfxtp_1)
   0.283    1.421 v _4342_/X (sky130_fd_sc_hd__mux2_2)
   0.289    1.709 v _4343_/X (sky130_fd_sc_hd__a221o_1)
   0.140    1.849 ^ _4344_/Y (sky130_fd_sc_hd__a22oi_1)
   0.073    1.923 v _4345_/Y (sky130_fd_sc_hd__a31oi_1)
   0.225    2.147 v _4346_/X (sky130_fd_sc_hd__a22o_1)
   0.249    2.396 ^ _4354_/Y (sky130_fd_sc_hd__a311oi_2)
   0.177    2.573 ^ place987/X (sky130_fd_sc_hd__buf_4)
   0.236    2.809 ^ place986/X (sky130_fd_sc_hd__buf_4)
   0.195    3.004 v _7418_/Y (sky130_fd_sc_hd__o21ai_0)
   0.315    3.318 v _7731_/SUM (sky130_fd_sc_hd__ha_1)
   0.183    3.502 v _6932_/X (sky130_fd_sc_hd__a21o_1)
   0.241    3.743 ^ _6933_/Y (sky130_fd_sc_hd__a21oi_1)
   0.100    3.843 v _6934_/Y (sky130_fd_sc_hd__o21bai_1)
   0.201    4.043 v _6935_/X (sky130_fd_sc_hd__a21o_1)
   0.375    4.419 ^ _6936_/Y (sky130_fd_sc_hd__a21oi_1)
   0.196    4.615 v _6943_/Y (sky130_fd_sc_hd__o21ai_0)
   0.199    4.814 v place817/X (sky130_fd_sc_hd__buf_4)
   0.220    5.033 ^ _6952_/Y (sky130_fd_sc_hd__o211ai_1)
   0.183    5.217 ^ place809/X (sky130_fd_sc_hd__buf_4)
   0.155    5.372 v _6957_/Y (sky130_fd_sc_hd__a31oi_1)
   0.371    5.743 ^ _6961_/Y (sky130_fd_sc_hd__a41oi_1)
   0.197    5.940 v _6965_/Y (sky130_fd_sc_hd__a211oi_1)
   0.208    6.147 v _6966_/X (sky130_fd_sc_hd__a21o_1)
   0.161    6.309 ^ _6967_/Y (sky130_fd_sc_hd__a21oi_1)
   0.274    6.582 ^ _6968_/X (sky130_fd_sc_hd__xor2_1)
   0.084    6.666 v _7135_/Y (sky130_fd_sc_hd__nor2_1)
   0.294    6.960 v _7136_/X (sky130_fd_sc_hd__a211o_1)
   0.175    7.135 v place760/X (sky130_fd_sc_hd__buf_12)
   0.013    7.147 v dp.rf.rf[3][29]$_DFFE_PP_/D (sky130_fd_sc_hd__edfxtp_1)
            7.147   data arrival time

   7.000    7.000   clock clk (rise edge)
   0.775    7.775   clock network delay (ideal)
   0.000    7.775   clock reconvergence pessimism
            7.775 ^ dp.rf.rf[3][29]$_DFFE_PP_/CLK (sky130_fd_sc_hd__edfxtp_1)
  -0.272    7.503   library setup time
            7.503   data required time
-----------------------------------------------------------
            7.503   data required time
           -7.147   data arrival time
-----------------------------------------------------------
            0.355   slack (MET)


Startpoint: dp.rf.rf[5][1]$_DFFE_PP_
            (rising edge-triggered flip-flop clocked by clk)
Endpoint: dp.rf.rf[19][29]$_DFFE_PP_
          (rising edge-triggered flip-flop clocked by clk)
Path Group: clk
Path Type: max

   Delay     Time   Description
-----------------------------------------------------------
   0.000    0.000   clock clk (rise edge)
   0.775    0.775   clock network delay (ideal)
   0.000    0.775 ^ dp.rf.rf[5][1]$_DFFE_PP_/CLK (sky130_fd_sc_hd__edfxtp_1)
   0.362    1.137 v dp.rf.rf[5][1]$_DFFE_PP_/Q (sky130_fd_sc_hd__edfxtp_1)
   0.283    1.421 v _4342_/X (sky130_fd_sc_hd__mux2_2)
   0.289    1.709 v _4343_/X (sky130_fd_sc_hd__a221o_1)
   0.140    1.849 ^ _4344_/Y (sky130_fd_sc_hd__a22oi_1)
   0.073    1.923 v _4345_/Y (sky130_fd_sc_hd__a31oi_1)
   0.225    2.147 v _4346_/X (sky130_fd_sc_hd__a22o_1)
   0.249    2.396 ^ _4354_/Y (sky130_fd_sc_hd__a311oi_2)
   0.177    2.573 ^ place987/X (sky130_fd_sc_hd__buf_4)
   0.236    2.809 ^ place986/X (sky130_fd_sc_hd__buf_4)
   0.195    3.004 v _7418_/Y (sky130_fd_sc_hd__o21ai_0)
   0.315    3.318 v _7731_/SUM (sky130_fd_sc_hd__ha_1)
   0.183    3.502 v _6932_/X (sky130_fd_sc_hd__a21o_1)
   0.241    3.743 ^ _6933_/Y (sky130_fd_sc_hd__a21oi_1)
   0.100    3.843 v _6934_/Y (sky130_fd_sc_hd__o21bai_1)
   0.201    4.043 v _6935_/X (sky130_fd_sc_hd__a21o_1)
   0.375    4.419 ^ _6936_/Y (sky130_fd_sc_hd__a21oi_1)
   0.196    4.615 v _6943_/Y (sky130_fd_sc_hd__o21ai_0)
   0.199    4.814 v place817/X (sky130_fd_sc_hd__buf_4)
   0.220    5.033 ^ _6952_/Y (sky130_fd_sc_hd__o211ai_1)
   0.183    5.217 ^ place809/X (sky130_fd_sc_hd__buf_4)
   0.155    5.372 v _6957_/Y (sky130_fd_sc_hd__a31oi_1)
   0.371    5.743 ^ _6961_/Y (sky130_fd_sc_hd__a41oi_1)
   0.197    5.940 v _6965_/Y (sky130_fd_sc_hd__a211oi_1)
   0.208    6.147 v _6966_/X (sky130_fd_sc_hd__a21o_1)
   0.161    6.309 ^ _6967_/Y (sky130_fd_sc_hd__a21oi_1)
   0.274    6.582 ^ _6968_/X (sky130_fd_sc_hd__xor2_1)
   0.084    6.666 v _7135_/Y (sky130_fd_sc_hd__nor2_1)
   0.294    6.960 v _7136_/X (sky130_fd_sc_hd__a211o_1)
   0.175    7.135 v place760/X (sky130_fd_sc_hd__buf_12)
   0.012    7.147 v dp.rf.rf[19][29]$_DFFE_PP_/D (sky130_fd_sc_hd__edfxtp_1)
            7.147   data arrival time

   7.000    7.000   clock clk (rise edge)
   0.775    7.775   clock network delay (ideal)
   0.000    7.775   clock reconvergence pessimism
            7.775 ^ dp.rf.rf[19][29]$_DFFE_PP_/CLK (sky130_fd_sc_hd__edfxtp_1)
  -0.272    7.503   library setup time
            7.503   data required time
-----------------------------------------------------------
            7.503   data required time
           -7.147   data arrival time
-----------------------------------------------------------
            0.356   slack (MET)


Startpoint: dp.rf.rf[5][1]$_DFFE_PP_
            (rising edge-triggered flip-flop clocked by clk)
Endpoint: dp.rf.rf[0][29]$_DFFE_PP_
          (rising edge-triggered flip-flop clocked by clk)
Path Group: clk
Path Type: max

   Delay     Time   Description
-----------------------------------------------------------
   0.000    0.000   clock clk (rise edge)
   0.775    0.775   clock network delay (ideal)
   0.000    0.775 ^ dp.rf.rf[5][1]$_DFFE_PP_/CLK (sky130_fd_sc_hd__edfxtp_1)
   0.362    1.137 v dp.rf.rf[5][1]$_DFFE_PP_/Q (sky130_fd_sc_hd__edfxtp_1)
   0.283    1.421 v _4342_/X (sky130_fd_sc_hd__mux2_2)
   0.289    1.709 v _4343_/X (sky130_fd_sc_hd__a221o_1)
   0.140    1.849 ^ _4344_/Y (sky130_fd_sc_hd__a22oi_1)
   0.073    1.923 v _4345_/Y (sky130_fd_sc_hd__a31oi_1)
   0.225    2.147 v _4346_/X (sky130_fd_sc_hd__a22o_1)
   0.249    2.396 ^ _4354_/Y (sky130_fd_sc_hd__a311oi_2)
   0.177    2.573 ^ place987/X (sky130_fd_sc_hd__buf_4)
   0.236    2.809 ^ place986/X (sky130_fd_sc_hd__buf_4)
   0.195    3.004 v _7418_/Y (sky130_fd_sc_hd__o21ai_0)
   0.315    3.318 v _7731_/SUM (sky130_fd_sc_hd__ha_1)
   0.183    3.502 v _6932_/X (sky130_fd_sc_hd__a21o_1)
   0.241    3.743 ^ _6933_/Y (sky130_fd_sc_hd__a21oi_1)
   0.100    3.843 v _6934_/Y (sky130_fd_sc_hd__o21bai_1)
   0.201    4.043 v _6935_/X (sky130_fd_sc_hd__a21o_1)
   0.375    4.419 ^ _6936_/Y (sky130_fd_sc_hd__a21oi_1)
   0.196    4.615 v _6943_/Y (sky130_fd_sc_hd__o21ai_0)
   0.199    4.814 v place817/X (sky130_fd_sc_hd__buf_4)
   0.220    5.033 ^ _6952_/Y (sky130_fd_sc_hd__o211ai_1)
   0.183    5.217 ^ place809/X (sky130_fd_sc_hd__buf_4)
   0.155    5.372 v _6957_/Y (sky130_fd_sc_hd__a31oi_1)
   0.371    5.743 ^ _6961_/Y (sky130_fd_sc_hd__a41oi_1)
   0.197    5.940 v _6965_/Y (sky130_fd_sc_hd__a211oi_1)
   0.208    6.147 v _6966_/X (sky130_fd_sc_hd__a21o_1)
   0.161    6.309 ^ _6967_/Y (sky130_fd_sc_hd__a21oi_1)
   0.274    6.582 ^ _6968_/X (sky130_fd_sc_hd__xor2_1)
   0.084    6.666 v _7135_/Y (sky130_fd_sc_hd__nor2_1)
   0.294    6.960 v _7136_/X (sky130_fd_sc_hd__a211o_1)
   0.175    7.135 v place760/X (sky130_fd_sc_hd__buf_12)
   0.012    7.147 v dp.rf.rf[0][29]$_DFFE_PP_/D (sky130_fd_sc_hd__edfxtp_1)
            7.147   data arrival time

   7.000    7.000   clock clk (rise edge)
   0.775    7.775   clock network delay (ideal)
   0.000    7.775   clock reconvergence pessimism
            7.775 ^ dp.rf.rf[0][29]$_DFFE_PP_/CLK (sky130_fd_sc_hd__edfxtp_1)
  -0.272    7.503   library setup time
            7.503   data required time
-----------------------------------------------------------
            7.503   data required time
           -7.147   data arrival time
-----------------------------------------------------------
            0.356   slack (MET)


Startpoint: dp.rf.rf[5][1]$_DFFE_PP_
            (rising edge-triggered flip-flop clocked by clk)
Endpoint: dp.rf.rf[22][29]$_DFFE_PP_
          (rising edge-triggered flip-flop clocked by clk)
Path Group: clk
Path Type: max

   Delay     Time   Description
-----------------------------------------------------------
   0.000    0.000   clock clk (rise edge)
   0.775    0.775   clock network delay (ideal)
   0.000    0.775 ^ dp.rf.rf[5][1]$_DFFE_PP_/CLK (sky130_fd_sc_hd__edfxtp_1)
   0.362    1.137 v dp.rf.rf[5][1]$_DFFE_PP_/Q (sky130_fd_sc_hd__edfxtp_1)
   0.283    1.421 v _4342_/X (sky130_fd_sc_hd__mux2_2)
   0.289    1.709 v _4343_/X (sky130_fd_sc_hd__a221o_1)
   0.140    1.849 ^ _4344_/Y (sky130_fd_sc_hd__a22oi_1)
   0.073    1.923 v _4345_/Y (sky130_fd_sc_hd__a31oi_1)
   0.225    2.147 v _4346_/X (sky130_fd_sc_hd__a22o_1)
   0.249    2.396 ^ _4354_/Y (sky130_fd_sc_hd__a311oi_2)
   0.177    2.573 ^ place987/X (sky130_fd_sc_hd__buf_4)
   0.236    2.809 ^ place986/X (sky130_fd_sc_hd__buf_4)
   0.195    3.004 v _7418_/Y (sky130_fd_sc_hd__o21ai_0)
   0.315    3.318 v _7731_/SUM (sky130_fd_sc_hd__ha_1)
   0.183    3.502 v _6932_/X (sky130_fd_sc_hd__a21o_1)
   0.241    3.743 ^ _6933_/Y (sky130_fd_sc_hd__a21oi_1)
   0.100    3.843 v _6934_/Y (sky130_fd_sc_hd__o21bai_1)
   0.201    4.043 v _6935_/X (sky130_fd_sc_hd__a21o_1)
   0.375    4.419 ^ _6936_/Y (sky130_fd_sc_hd__a21oi_1)
   0.196    4.615 v _6943_/Y (sky130_fd_sc_hd__o21ai_0)
   0.199    4.814 v place817/X (sky130_fd_sc_hd__buf_4)
   0.220    5.033 ^ _6952_/Y (sky130_fd_sc_hd__o211ai_1)
   0.183    5.217 ^ place809/X (sky130_fd_sc_hd__buf_4)
   0.155    5.372 v _6957_/Y (sky130_fd_sc_hd__a31oi_1)
   0.371    5.743 ^ _6961_/Y (sky130_fd_sc_hd__a41oi_1)
   0.197    5.940 v _6965_/Y (sky130_fd_sc_hd__a211oi_1)
   0.208    6.147 v _6966_/X (sky130_fd_sc_hd__a21o_1)
   0.161    6.309 ^ _6967_/Y (sky130_fd_sc_hd__a21oi_1)
   0.274    6.582 ^ _6968_/X (sky130_fd_sc_hd__xor2_1)
   0.084    6.666 v _7135_/Y (sky130_fd_sc_hd__nor2_1)
   0.294    6.960 v _7136_/X (sky130_fd_sc_hd__a211o_1)
   0.175    7.135 v place760/X (sky130_fd_sc_hd__buf_12)
   0.012    7.147 v dp.rf.rf[22][29]$_DFFE_PP_/D (sky130_fd_sc_hd__edfxtp_1)
            7.147   data arrival time

   7.000    7.000   clock clk (rise edge)
   0.775    7.775   clock network delay (ideal)
   0.000    7.775   clock reconvergence pessimism
            7.775 ^ dp.rf.rf[22][29]$_DFFE_PP_/CLK (sky130_fd_sc_hd__edfxtp_1)
  -0.272    7.503   library setup time
            7.503   data required time
-----------------------------------------------------------
            7.503   data required time
           -7.147   data arrival time
-----------------------------------------------------------
            0.356   slack (MET)


Startpoint: dp.rf.rf[5][1]$_DFFE_PP_
            (rising edge-triggered flip-flop clocked by clk)
Endpoint: dp.rf.rf[20][29]$_DFFE_PP_
          (rising edge-triggered flip-flop clocked by clk)
Path Group: clk
Path Type: max

   Delay     Time   Description
-----------------------------------------------------------
   0.000    0.000   clock clk (rise edge)
   0.775    0.775   clock network delay (ideal)
   0.000    0.775 ^ dp.rf.rf[5][1]$_DFFE_PP_/CLK (sky130_fd_sc_hd__edfxtp_1)
   0.362    1.137 v dp.rf.rf[5][1]$_DFFE_PP_/Q (sky130_fd_sc_hd__edfxtp_1)
   0.283    1.421 v _4342_/X (sky130_fd_sc_hd__mux2_2)
   0.289    1.709 v _4343_/X (sky130_fd_sc_hd__a221o_1)
   0.140    1.849 ^ _4344_/Y (sky130_fd_sc_hd__a22oi_1)
   0.073    1.923 v _4345_/Y (sky130_fd_sc_hd__a31oi_1)
   0.225    2.147 v _4346_/X (sky130_fd_sc_hd__a22o_1)
   0.249    2.396 ^ _4354_/Y (sky130_fd_sc_hd__a311oi_2)
   0.177    2.573 ^ place987/X (sky130_fd_sc_hd__buf_4)
   0.236    2.809 ^ place986/X (sky130_fd_sc_hd__buf_4)
   0.195    3.004 v _7418_/Y (sky130_fd_sc_hd__o21ai_0)
   0.315    3.318 v _7731_/SUM (sky130_fd_sc_hd__ha_1)
   0.183    3.502 v _6932_/X (sky130_fd_sc_hd__a21o_1)
   0.241    3.743 ^ _6933_/Y (sky130_fd_sc_hd__a21oi_1)
   0.100    3.843 v _6934_/Y (sky130_fd_sc_hd__o21bai_1)
   0.201    4.043 v _6935_/X (sky130_fd_sc_hd__a21o_1)
   0.375    4.419 ^ _6936_/Y (sky130_fd_sc_hd__a21oi_1)
   0.196    4.615 v _6943_/Y (sky130_fd_sc_hd__o21ai_0)
   0.199    4.814 v place817/X (sky130_fd_sc_hd__buf_4)
   0.220    5.033 ^ _6952_/Y (sky130_fd_sc_hd__o211ai_1)
   0.183    5.217 ^ place809/X (sky130_fd_sc_hd__buf_4)
   0.155    5.372 v _6957_/Y (sky130_fd_sc_hd__a31oi_1)
   0.371    5.743 ^ _6961_/Y (sky130_fd_sc_hd__a41oi_1)
   0.197    5.940 v _6965_/Y (sky130_fd_sc_hd__a211oi_1)
   0.208    6.147 v _6966_/X (sky130_fd_sc_hd__a21o_1)
   0.161    6.309 ^ _6967_/Y (sky130_fd_sc_hd__a21oi_1)
   0.274    6.582 ^ _6968_/X (sky130_fd_sc_hd__xor2_1)
   0.084    6.666 v _7135_/Y (sky130_fd_sc_hd__nor2_1)
   0.294    6.960 v _7136_/X (sky130_fd_sc_hd__a211o_1)
   0.175    7.135 v place760/X (sky130_fd_sc_hd__buf_12)
   0.011    7.146 v dp.rf.rf[20][29]$_DFFE_PP_/D (sky130_fd_sc_hd__edfxtp_1)
            7.146   data arrival time

   7.000    7.000   clock clk (rise edge)
   0.775    7.775   clock network delay (ideal)
   0.000    7.775   clock reconvergence pessimism
            7.775 ^ dp.rf.rf[20][29]$_DFFE_PP_/CLK (sky130_fd_sc_hd__edfxtp_1)
  -0.272    7.503   library setup time
            7.503   data required time
-----------------------------------------------------------
            7.503   data required time
           -7.146   data arrival time
-----------------------------------------------------------
            0.357   slack (MET)


Startpoint: dp.rf.rf[5][1]$_DFFE_PP_
            (rising edge-triggered flip-flop clocked by clk)
Endpoint: dp.rf.rf[21][29]$_DFFE_PP_
          (rising edge-triggered flip-flop clocked by clk)
Path Group: clk
Path Type: max

   Delay     Time   Description
-----------------------------------------------------------
   0.000    0.000   clock clk (rise edge)
   0.775    0.775   clock network delay (ideal)
   0.000    0.775 ^ dp.rf.rf[5][1]$_DFFE_PP_/CLK (sky130_fd_sc_hd__edfxtp_1)
   0.362    1.137 v dp.rf.rf[5][1]$_DFFE_PP_/Q (sky130_fd_sc_hd__edfxtp_1)
   0.283    1.421 v _4342_/X (sky130_fd_sc_hd__mux2_2)
   0.289    1.709 v _4343_/X (sky130_fd_sc_hd__a221o_1)
   0.140    1.849 ^ _4344_/Y (sky130_fd_sc_hd__a22oi_1)
   0.073    1.923 v _4345_/Y (sky130_fd_sc_hd__a31oi_1)
   0.225    2.147 v _4346_/X (sky130_fd_sc_hd__a22o_1)
   0.249    2.396 ^ _4354_/Y (sky130_fd_sc_hd__a311oi_2)
   0.177    2.573 ^ place987/X (sky130_fd_sc_hd__buf_4)
   0.236    2.809 ^ place986/X (sky130_fd_sc_hd__buf_4)
   0.195    3.004 v _7418_/Y (sky130_fd_sc_hd__o21ai_0)
   0.315    3.318 v _7731_/SUM (sky130_fd_sc_hd__ha_1)
   0.183    3.502 v _6932_/X (sky130_fd_sc_hd__a21o_1)
   0.241    3.743 ^ _6933_/Y (sky130_fd_sc_hd__a21oi_1)
   0.100    3.843 v _6934_/Y (sky130_fd_sc_hd__o21bai_1)
   0.201    4.043 v _6935_/X (sky130_fd_sc_hd__a21o_1)
   0.375    4.419 ^ _6936_/Y (sky130_fd_sc_hd__a21oi_1)
   0.196    4.615 v _6943_/Y (sky130_fd_sc_hd__o21ai_0)
   0.199    4.814 v place817/X (sky130_fd_sc_hd__buf_4)
   0.220    5.033 ^ _6952_/Y (sky130_fd_sc_hd__o211ai_1)
   0.183    5.217 ^ place809/X (sky130_fd_sc_hd__buf_4)
   0.155    5.372 v _6957_/Y (sky130_fd_sc_hd__a31oi_1)
   0.371    5.743 ^ _6961_/Y (sky130_fd_sc_hd__a41oi_1)
   0.197    5.940 v _6965_/Y (sky130_fd_sc_hd__a211oi_1)
   0.208    6.147 v _6966_/X (sky130_fd_sc_hd__a21o_1)
   0.161    6.309 ^ _6967_/Y (sky130_fd_sc_hd__a21oi_1)
   0.274    6.582 ^ _6968_/X (sky130_fd_sc_hd__xor2_1)
   0.084    6.666 v _7135_/Y (sky130_fd_sc_hd__nor2_1)
   0.294    6.960 v _7136_/X (sky130_fd_sc_hd__a211o_1)
   0.175    7.135 v place760/X (sky130_fd_sc_hd__buf_12)
   0.011    7.146 v dp.rf.rf[21][29]$_DFFE_PP_/D (sky130_fd_sc_hd__edfxtp_1)
            7.146   data arrival time

   7.000    7.000   clock clk (rise edge)
   0.775    7.775   clock network delay (ideal)
   0.000    7.775   clock reconvergence pessimism
            7.775 ^ dp.rf.rf[21][29]$_DFFE_PP_/CLK (sky130_fd_sc_hd__edfxtp_1)
  -0.272    7.503   library setup time
            7.503   data required time
-----------------------------------------------------------
            7.503   data required time
           -7.146   data arrival time
-----------------------------------------------------------
            0.357   slack (MET)


Startpoint: dp.rf.rf[5][1]$_DFFE_PP_
            (rising edge-triggered flip-flop clocked by clk)
Endpoint: dp.rf.rf[23][29]$_DFFE_PP_
          (rising edge-triggered flip-flop clocked by clk)
Path Group: clk
Path Type: max

   Delay     Time   Description
-----------------------------------------------------------
   0.000    0.000   clock clk (rise edge)
   0.775    0.775   clock network delay (ideal)
   0.000    0.775 ^ dp.rf.rf[5][1]$_DFFE_PP_/CLK (sky130_fd_sc_hd__edfxtp_1)
   0.362    1.137 v dp.rf.rf[5][1]$_DFFE_PP_/Q (sky130_fd_sc_hd__edfxtp_1)
   0.283    1.421 v _4342_/X (sky130_fd_sc_hd__mux2_2)
   0.289    1.709 v _4343_/X (sky130_fd_sc_hd__a221o_1)
   0.140    1.849 ^ _4344_/Y (sky130_fd_sc_hd__a22oi_1)
   0.073    1.923 v _4345_/Y (sky130_fd_sc_hd__a31oi_1)
   0.225    2.147 v _4346_/X (sky130_fd_sc_hd__a22o_1)
   0.249    2.396 ^ _4354_/Y (sky130_fd_sc_hd__a311oi_2)
   0.177    2.573 ^ place987/X (sky130_fd_sc_hd__buf_4)
   0.236    2.809 ^ place986/X (sky130_fd_sc_hd__buf_4)
   0.195    3.004 v _7418_/Y (sky130_fd_sc_hd__o21ai_0)
   0.315    3.318 v _7731_/SUM (sky130_fd_sc_hd__ha_1)
   0.183    3.502 v _6932_/X (sky130_fd_sc_hd__a21o_1)
   0.241    3.743 ^ _6933_/Y (sky130_fd_sc_hd__a21oi_1)
   0.100    3.843 v _6934_/Y (sky130_fd_sc_hd__o21bai_1)
   0.201    4.043 v _6935_/X (sky130_fd_sc_hd__a21o_1)
   0.375    4.419 ^ _6936_/Y (sky130_fd_sc_hd__a21oi_1)
   0.196    4.615 v _6943_/Y (sky130_fd_sc_hd__o21ai_0)
   0.199    4.814 v place817/X (sky130_fd_sc_hd__buf_4)
   0.220    5.033 ^ _6952_/Y (sky130_fd_sc_hd__o211ai_1)
   0.183    5.217 ^ place809/X (sky130_fd_sc_hd__buf_4)
   0.155    5.372 v _6957_/Y (sky130_fd_sc_hd__a31oi_1)
   0.371    5.743 ^ _6961_/Y (sky130_fd_sc_hd__a41oi_1)
   0.197    5.940 v _6965_/Y (sky130_fd_sc_hd__a211oi_1)
   0.208    6.147 v _6966_/X (sky130_fd_sc_hd__a21o_1)
   0.161    6.309 ^ _6967_/Y (sky130_fd_sc_hd__a21oi_1)
   0.274    6.582 ^ _6968_/X (sky130_fd_sc_hd__xor2_1)
   0.084    6.666 v _7135_/Y (sky130_fd_sc_hd__nor2_1)
   0.294    6.960 v _7136_/X (sky130_fd_sc_hd__a211o_1)
   0.175    7.135 v place760/X (sky130_fd_sc_hd__buf_12)
   0.010    7.145 v dp.rf.rf[23][29]$_DFFE_PP_/D (sky130_fd_sc_hd__edfxtp_1)
            7.145   data arrival time

   7.000    7.000   clock clk (rise edge)
   0.775    7.775   clock network delay (ideal)
   0.000    7.775   clock reconvergence pessimism
            7.775 ^ dp.rf.rf[23][29]$_DFFE_PP_/CLK (sky130_fd_sc_hd__edfxtp_1)
  -0.272    7.503   library setup time
            7.503   data required time
-----------------------------------------------------------
            7.503   data required time
           -7.145   data arrival time
-----------------------------------------------------------
            0.358   slack (MET)


Startpoint: dp.rf.rf[11][2]$_DFFE_PP_
            (rising edge-triggered flip-flop clocked by clk)
Endpoint: dp.rf.rf[18][20]$_DFFE_PP_
          (rising edge-triggered flip-flop clocked by clk)
Path Group: clk
Path Type: max

   Delay     Time   Description
-----------------------------------------------------------
   0.000    0.000   clock clk (rise edge)
   0.775    0.775   clock network delay (ideal)
   0.000    0.775 ^ dp.rf.rf[11][2]$_DFFE_PP_/CLK (sky130_fd_sc_hd__edfxtp_1)
   0.357    1.132 v dp.rf.rf[11][2]$_DFFE_PP_/Q (sky130_fd_sc_hd__edfxtp_1)
   0.512    1.644 v _4270_/X (sky130_fd_sc_hd__mux4_2)
   0.494    2.139 v _4274_/X (sky130_fd_sc_hd__mux4_2)
   0.166    2.305 ^ _4281_/Y (sky130_fd_sc_hd__a22oi_2)
   0.163    2.468 ^ place1090/X (sky130_fd_sc_hd__buf_4)
   0.065    2.533 v _6016_/Y (sky130_fd_sc_hd__nand2_1)
   0.198    2.730 v _6084_/X (sky130_fd_sc_hd__o21a_1)
   0.152    2.882 v _7511_/Y (sky130_fd_sc_hd__xnor2_2)
   0.320    3.202 ^ _7714_/SUM (sky130_fd_sc_hd__ha_1)
   0.155    3.357 ^ _5928_/X (sky130_fd_sc_hd__a21o_1)
   0.078    3.436 v _5929_/Y (sky130_fd_sc_hd__a21oi_2)
   0.147    3.582 ^ _5931_/Y (sky130_fd_sc_hd__o21ai_2)
   0.109    3.692 v _5935_/Y (sky130_fd_sc_hd__a311oi_2)
   0.187    3.879 v place822/X (sky130_fd_sc_hd__buf_4)
   0.261    4.140 ^ _5954_/Y (sky130_fd_sc_hd__o2111ai_4)
   0.104    4.244 v _5958_/Y (sky130_fd_sc_hd__nand2_2)
   0.130    4.374 v rebuffer1237/X (sky130_fd_sc_hd__buf_6)
   0.116    4.490 v rebuffer1236/X (sky130_fd_sc_hd__buf_4)
   0.116    4.606 v rebuffer1235/X (sky130_fd_sc_hd__buf_4)
   0.115    4.720 v rebuffer1234/X (sky130_fd_sc_hd__buf_4)
   0.114    4.834 v rebuffer1233/X (sky130_fd_sc_hd__buf_4)
   0.121    4.956 v rebuffer1232/X (sky130_fd_sc_hd__buf_4)
   0.117    5.073 v rebuffer1231/X (sky130_fd_sc_hd__buf_4)
   0.116    5.189 v rebuffer1230/X (sky130_fd_sc_hd__buf_4)
   0.118    5.307 v rebuffer1229/X (sky130_fd_sc_hd__buf_4)
   0.116    5.422 v rebuffer1228/X (sky130_fd_sc_hd__buf_4)
   0.119    5.541 v rebuffer1227/X (sky130_fd_sc_hd__buf_4)
   0.119    5.660 v rebuffer1226/X (sky130_fd_sc_hd__buf_4)
   0.130    5.790 v place805/X (sky130_fd_sc_hd__buf_4)
   0.121    5.912 v _6490_/Y (sky130_fd_sc_hd__xnor2_2)
   0.174    6.086 ^ _6493_/Y (sky130_fd_sc_hd__a21oi_2)
   0.099    6.185 v _6494_/Y (sky130_fd_sc_hd__o22ai_2)
   0.145    6.330 v rebuffer1254/X (sky130_fd_sc_hd__buf_4)
   0.138    6.468 v place792/X (sky130_fd_sc_hd__buf_4)
   0.220    6.688 ^ _7189_/Y (sky130_fd_sc_hd__o221ai_1)
   0.165    6.853 v _7190_/Y (sky130_fd_sc_hd__o221ai_2)
   0.226    7.080 v place754/X (sky130_fd_sc_hd__buf_12)
   0.022    7.101 v dp.rf.rf[18][20]$_DFFE_PP_/D (sky130_fd_sc_hd__edfxtp_1)
            7.101   data arrival time

   7.000    7.000   clock clk (rise edge)
   0.775    7.775   clock network delay (ideal)
   0.000    7.775   clock reconvergence pessimism
            7.775 ^ dp.rf.rf[18][20]$_DFFE_PP_/CLK (sky130_fd_sc_hd__edfxtp_1)
  -0.277    7.498   library setup time
            7.498   data required time
-----------------------------------------------------------
            7.498   data required time
           -7.101   data arrival time
-----------------------------------------------------------
            0.397   slack (MET)


Startpoint: dp.rf.rf[11][2]$_DFFE_PP_
            (rising edge-triggered flip-flop clocked by clk)
Endpoint: dp.rf.rf[16][20]$_DFFE_PP_
          (rising edge-triggered flip-flop clocked by clk)
Path Group: clk
Path Type: max

   Delay     Time   Description
-----------------------------------------------------------
   0.000    0.000   clock clk (rise edge)
   0.775    0.775   clock network delay (ideal)
   0.000    0.775 ^ dp.rf.rf[11][2]$_DFFE_PP_/CLK (sky130_fd_sc_hd__edfxtp_1)
   0.357    1.132 v dp.rf.rf[11][2]$_DFFE_PP_/Q (sky130_fd_sc_hd__edfxtp_1)
   0.512    1.644 v _4270_/X (sky130_fd_sc_hd__mux4_2)
   0.494    2.139 v _4274_/X (sky130_fd_sc_hd__mux4_2)
   0.166    2.305 ^ _4281_/Y (sky130_fd_sc_hd__a22oi_2)
   0.163    2.468 ^ place1090/X (sky130_fd_sc_hd__buf_4)
   0.065    2.533 v _6016_/Y (sky130_fd_sc_hd__nand2_1)
   0.198    2.730 v _6084_/X (sky130_fd_sc_hd__o21a_1)
   0.152    2.882 v _7511_/Y (sky130_fd_sc_hd__xnor2_2)
   0.320    3.202 ^ _7714_/SUM (sky130_fd_sc_hd__ha_1)
   0.155    3.357 ^ _5928_/X (sky130_fd_sc_hd__a21o_1)
   0.078    3.436 v _5929_/Y (sky130_fd_sc_hd__a21oi_2)
   0.147    3.582 ^ _5931_/Y (sky130_fd_sc_hd__o21ai_2)
   0.109    3.692 v _5935_/Y (sky130_fd_sc_hd__a311oi_2)
   0.187    3.879 v place822/X (sky130_fd_sc_hd__buf_4)
   0.261    4.140 ^ _5954_/Y (sky130_fd_sc_hd__o2111ai_4)
   0.104    4.244 v _5958_/Y (sky130_fd_sc_hd__nand2_2)
   0.130    4.374 v rebuffer1237/X (sky130_fd_sc_hd__buf_6)
   0.116    4.490 v rebuffer1236/X (sky130_fd_sc_hd__buf_4)
   0.116    4.606 v rebuffer1235/X (sky130_fd_sc_hd__buf_4)
   0.115    4.720 v rebuffer1234/X (sky130_fd_sc_hd__buf_4)
   0.114    4.834 v rebuffer1233/X (sky130_fd_sc_hd__buf_4)
   0.121    4.956 v rebuffer1232/X (sky130_fd_sc_hd__buf_4)
   0.117    5.073 v rebuffer1231/X (sky130_fd_sc_hd__buf_4)
   0.116    5.189 v rebuffer1230/X (sky130_fd_sc_hd__buf_4)
   0.118    5.307 v rebuffer1229/X (sky130_fd_sc_hd__buf_4)
   0.116    5.422 v rebuffer1228/X (sky130_fd_sc_hd__buf_4)
   0.119    5.541 v rebuffer1227/X (sky130_fd_sc_hd__buf_4)
   0.119    5.660 v rebuffer1226/X (sky130_fd_sc_hd__buf_4)
   0.130    5.790 v place805/X (sky130_fd_sc_hd__buf_4)
   0.121    5.912 v _6490_/Y (sky130_fd_sc_hd__xnor2_2)
   0.174    6.086 ^ _6493_/Y (sky130_fd_sc_hd__a21oi_2)
   0.099    6.185 v _6494_/Y (sky130_fd_sc_hd__o22ai_2)
   0.145    6.330 v rebuffer1254/X (sky130_fd_sc_hd__buf_4)
   0.138    6.468 v place792/X (sky130_fd_sc_hd__buf_4)
   0.220    6.688 ^ _7189_/Y (sky130_fd_sc_hd__o221ai_1)
   0.165    6.853 v _7190_/Y (sky130_fd_sc_hd__o221ai_2)
   0.226    7.080 v place754/X (sky130_fd_sc_hd__buf_12)
   0.022    7.101 v dp.rf.rf[16][20]$_DFFE_PP_/D (sky130_fd_sc_hd__edfxtp_1)
            7.101   data arrival time

   7.000    7.000   clock clk (rise edge)
   0.775    7.775   clock network delay (ideal)
   0.000    7.775   clock reconvergence pessimism
            7.775 ^ dp.rf.rf[16][20]$_DFFE_PP_/CLK (sky130_fd_sc_hd__edfxtp_1)
  -0.277    7.498   library setup time
            7.498   data required time
-----------------------------------------------------------
            7.498   data required time
           -7.101   data arrival time
-----------------------------------------------------------
            0.397   slack (MET)


Startpoint: dp.rf.rf[11][2]$_DFFE_PP_
            (rising edge-triggered flip-flop clocked by clk)
Endpoint: dp.rf.rf[17][20]$_DFFE_PP_
          (rising edge-triggered flip-flop clocked by clk)
Path Group: clk
Path Type: max

   Delay     Time   Description
-----------------------------------------------------------
   0.000    0.000   clock clk (rise edge)
   0.775    0.775   clock network delay (ideal)
   0.000    0.775 ^ dp.rf.rf[11][2]$_DFFE_PP_/CLK (sky130_fd_sc_hd__edfxtp_1)
   0.357    1.132 v dp.rf.rf[11][2]$_DFFE_PP_/Q (sky130_fd_sc_hd__edfxtp_1)
   0.512    1.644 v _4270_/X (sky130_fd_sc_hd__mux4_2)
   0.494    2.139 v _4274_/X (sky130_fd_sc_hd__mux4_2)
   0.166    2.305 ^ _4281_/Y (sky130_fd_sc_hd__a22oi_2)
   0.163    2.468 ^ place1090/X (sky130_fd_sc_hd__buf_4)
   0.065    2.533 v _6016_/Y (sky130_fd_sc_hd__nand2_1)
   0.198    2.730 v _6084_/X (sky130_fd_sc_hd__o21a_1)
   0.152    2.882 v _7511_/Y (sky130_fd_sc_hd__xnor2_2)
   0.320    3.202 ^ _7714_/SUM (sky130_fd_sc_hd__ha_1)
   0.155    3.357 ^ _5928_/X (sky130_fd_sc_hd__a21o_1)
   0.078    3.436 v _5929_/Y (sky130_fd_sc_hd__a21oi_2)
   0.147    3.582 ^ _5931_/Y (sky130_fd_sc_hd__o21ai_2)
   0.109    3.692 v _5935_/Y (sky130_fd_sc_hd__a311oi_2)
   0.187    3.879 v place822/X (sky130_fd_sc_hd__buf_4)
   0.261    4.140 ^ _5954_/Y (sky130_fd_sc_hd__o2111ai_4)
   0.104    4.244 v _5958_/Y (sky130_fd_sc_hd__nand2_2)
   0.130    4.374 v rebuffer1237/X (sky130_fd_sc_hd__buf_6)
   0.116    4.490 v rebuffer1236/X (sky130_fd_sc_hd__buf_4)
   0.116    4.606 v rebuffer1235/X (sky130_fd_sc_hd__buf_4)
   0.115    4.720 v rebuffer1234/X (sky130_fd_sc_hd__buf_4)
   0.114    4.834 v rebuffer1233/X (sky130_fd_sc_hd__buf_4)
   0.121    4.956 v rebuffer1232/X (sky130_fd_sc_hd__buf_4)
   0.117    5.073 v rebuffer1231/X (sky130_fd_sc_hd__buf_4)
   0.116    5.189 v rebuffer1230/X (sky130_fd_sc_hd__buf_4)
   0.118    5.307 v rebuffer1229/X (sky130_fd_sc_hd__buf_4)
   0.116    5.422 v rebuffer1228/X (sky130_fd_sc_hd__buf_4)
   0.119    5.541 v rebuffer1227/X (sky130_fd_sc_hd__buf_4)
   0.119    5.660 v rebuffer1226/X (sky130_fd_sc_hd__buf_4)
   0.130    5.790 v place805/X (sky130_fd_sc_hd__buf_4)
   0.121    5.912 v _6490_/Y (sky130_fd_sc_hd__xnor2_2)
   0.174    6.086 ^ _6493_/Y (sky130_fd_sc_hd__a21oi_2)
   0.099    6.185 v _6494_/Y (sky130_fd_sc_hd__o22ai_2)
   0.145    6.330 v rebuffer1254/X (sky130_fd_sc_hd__buf_4)
   0.138    6.468 v place792/X (sky130_fd_sc_hd__buf_4)
   0.220    6.688 ^ _7189_/Y (sky130_fd_sc_hd__o221ai_1)
   0.165    6.853 v _7190_/Y (sky130_fd_sc_hd__o221ai_2)
   0.226    7.080 v place754/X (sky130_fd_sc_hd__buf_12)
   0.022    7.101 v dp.rf.rf[17][20]$_DFFE_PP_/D (sky130_fd_sc_hd__edfxtp_1)
            7.101   data arrival time

   7.000    7.000   clock clk (rise edge)
   0.775    7.775   clock network delay (ideal)
   0.000    7.775   clock reconvergence pessimism
            7.775 ^ dp.rf.rf[17][20]$_DFFE_PP_/CLK (sky130_fd_sc_hd__edfxtp_1)
  -0.277    7.498   library setup time
            7.498   data required time
-----------------------------------------------------------
            7.498   data required time
           -7.101   data arrival time
-----------------------------------------------------------
            0.397   slack (MET)


Startpoint: dp.rf.rf[11][2]$_DFFE_PP_
            (rising edge-triggered flip-flop clocked by clk)
Endpoint: dp.rf.rf[19][20]$_DFFE_PP_
          (rising edge-triggered flip-flop clocked by clk)
Path Group: clk
Path Type: max

   Delay     Time   Description
-----------------------------------------------------------
   0.000    0.000   clock clk (rise edge)
   0.775    0.775   clock network delay (ideal)
   0.000    0.775 ^ dp.rf.rf[11][2]$_DFFE_PP_/CLK (sky130_fd_sc_hd__edfxtp_1)
   0.357    1.132 v dp.rf.rf[11][2]$_DFFE_PP_/Q (sky130_fd_sc_hd__edfxtp_1)
   0.512    1.644 v _4270_/X (sky130_fd_sc_hd__mux4_2)
   0.494    2.139 v _4274_/X (sky130_fd_sc_hd__mux4_2)
   0.166    2.305 ^ _4281_/Y (sky130_fd_sc_hd__a22oi_2)
   0.163    2.468 ^ place1090/X (sky130_fd_sc_hd__buf_4)
   0.065    2.533 v _6016_/Y (sky130_fd_sc_hd__nand2_1)
   0.198    2.730 v _6084_/X (sky130_fd_sc_hd__o21a_1)
   0.152    2.882 v _7511_/Y (sky130_fd_sc_hd__xnor2_2)
   0.320    3.202 ^ _7714_/SUM (sky130_fd_sc_hd__ha_1)
   0.155    3.357 ^ _5928_/X (sky130_fd_sc_hd__a21o_1)
   0.078    3.436 v _5929_/Y (sky130_fd_sc_hd__a21oi_2)
   0.147    3.582 ^ _5931_/Y (sky130_fd_sc_hd__o21ai_2)
   0.109    3.692 v _5935_/Y (sky130_fd_sc_hd__a311oi_2)
   0.187    3.879 v place822/X (sky130_fd_sc_hd__buf_4)
   0.261    4.140 ^ _5954_/Y (sky130_fd_sc_hd__o2111ai_4)
   0.104    4.244 v _5958_/Y (sky130_fd_sc_hd__nand2_2)
   0.130    4.374 v rebuffer1237/X (sky130_fd_sc_hd__buf_6)
   0.116    4.490 v rebuffer1236/X (sky130_fd_sc_hd__buf_4)
   0.116    4.606 v rebuffer1235/X (sky130_fd_sc_hd__buf_4)
   0.115    4.720 v rebuffer1234/X (sky130_fd_sc_hd__buf_4)
   0.114    4.834 v rebuffer1233/X (sky130_fd_sc_hd__buf_4)
   0.121    4.956 v rebuffer1232/X (sky130_fd_sc_hd__buf_4)
   0.117    5.073 v rebuffer1231/X (sky130_fd_sc_hd__buf_4)
   0.116    5.189 v rebuffer1230/X (sky130_fd_sc_hd__buf_4)
   0.118    5.307 v rebuffer1229/X (sky130_fd_sc_hd__buf_4)
   0.116    5.422 v rebuffer1228/X (sky130_fd_sc_hd__buf_4)
   0.119    5.541 v rebuffer1227/X (sky130_fd_sc_hd__buf_4)
   0.119    5.660 v rebuffer1226/X (sky130_fd_sc_hd__buf_4)
   0.130    5.790 v place805/X (sky130_fd_sc_hd__buf_4)
   0.121    5.912 v _6490_/Y (sky130_fd_sc_hd__xnor2_2)
   0.174    6.086 ^ _6493_/Y (sky130_fd_sc_hd__a21oi_2)
   0.099    6.185 v _6494_/Y (sky130_fd_sc_hd__o22ai_2)
   0.145    6.330 v rebuffer1254/X (sky130_fd_sc_hd__buf_4)
   0.138    6.468 v place792/X (sky130_fd_sc_hd__buf_4)
   0.220    6.688 ^ _7189_/Y (sky130_fd_sc_hd__o221ai_1)
   0.165    6.853 v _7190_/Y (sky130_fd_sc_hd__o221ai_2)
   0.226    7.080 v place754/X (sky130_fd_sc_hd__buf_12)
   0.022    7.101 v dp.rf.rf[19][20]$_DFFE_PP_/D (sky130_fd_sc_hd__edfxtp_1)
            7.101   data arrival time

   7.000    7.000   clock clk (rise edge)
   0.775    7.775   clock network delay (ideal)
   0.000    7.775   clock reconvergence pessimism
            7.775 ^ dp.rf.rf[19][20]$_DFFE_PP_/CLK (sky130_fd_sc_hd__edfxtp_1)
  -0.277    7.498   library setup time
            7.498   data required time
-----------------------------------------------------------
            7.498   data required time
           -7.101   data arrival time
-----------------------------------------------------------
            0.397   slack (MET)


Startpoint: dp.rf.rf[11][2]$_DFFE_PP_
            (rising edge-triggered flip-flop clocked by clk)
Endpoint: dp.rf.rf[20][20]$_DFFE_PP_
          (rising edge-triggered flip-flop clocked by clk)
Path Group: clk
Path Type: max

   Delay     Time   Description
-----------------------------------------------------------
   0.000    0.000   clock clk (rise edge)
   0.775    0.775   clock network delay (ideal)
   0.000    0.775 ^ dp.rf.rf[11][2]$_DFFE_PP_/CLK (sky130_fd_sc_hd__edfxtp_1)
   0.357    1.132 v dp.rf.rf[11][2]$_DFFE_PP_/Q (sky130_fd_sc_hd__edfxtp_1)
   0.512    1.644 v _4270_/X (sky130_fd_sc_hd__mux4_2)
   0.494    2.139 v _4274_/X (sky130_fd_sc_hd__mux4_2)
   0.166    2.305 ^ _4281_/Y (sky130_fd_sc_hd__a22oi_2)
   0.163    2.468 ^ place1090/X (sky130_fd_sc_hd__buf_4)
   0.065    2.533 v _6016_/Y (sky130_fd_sc_hd__nand2_1)
   0.198    2.730 v _6084_/X (sky130_fd_sc_hd__o21a_1)
   0.152    2.882 v _7511_/Y (sky130_fd_sc_hd__xnor2_2)
   0.320    3.202 ^ _7714_/SUM (sky130_fd_sc_hd__ha_1)
   0.155    3.357 ^ _5928_/X (sky130_fd_sc_hd__a21o_1)
   0.078    3.436 v _5929_/Y (sky130_fd_sc_hd__a21oi_2)
   0.147    3.582 ^ _5931_/Y (sky130_fd_sc_hd__o21ai_2)
   0.109    3.692 v _5935_/Y (sky130_fd_sc_hd__a311oi_2)
   0.187    3.879 v place822/X (sky130_fd_sc_hd__buf_4)
   0.261    4.140 ^ _5954_/Y (sky130_fd_sc_hd__o2111ai_4)
   0.104    4.244 v _5958_/Y (sky130_fd_sc_hd__nand2_2)
   0.130    4.374 v rebuffer1237/X (sky130_fd_sc_hd__buf_6)
   0.116    4.490 v rebuffer1236/X (sky130_fd_sc_hd__buf_4)
   0.116    4.606 v rebuffer1235/X (sky130_fd_sc_hd__buf_4)
   0.115    4.720 v rebuffer1234/X (sky130_fd_sc_hd__buf_4)
   0.114    4.834 v rebuffer1233/X (sky130_fd_sc_hd__buf_4)
   0.121    4.956 v rebuffer1232/X (sky130_fd_sc_hd__buf_4)
   0.117    5.073 v rebuffer1231/X (sky130_fd_sc_hd__buf_4)
   0.116    5.189 v rebuffer1230/X (sky130_fd_sc_hd__buf_4)
   0.118    5.307 v rebuffer1229/X (sky130_fd_sc_hd__buf_4)
   0.116    5.422 v rebuffer1228/X (sky130_fd_sc_hd__buf_4)
   0.119    5.541 v rebuffer1227/X (sky130_fd_sc_hd__buf_4)
   0.119    5.660 v rebuffer1226/X (sky130_fd_sc_hd__buf_4)
   0.130    5.790 v place805/X (sky130_fd_sc_hd__buf_4)
   0.121    5.912 v _6490_/Y (sky130_fd_sc_hd__xnor2_2)
   0.174    6.086 ^ _6493_/Y (sky130_fd_sc_hd__a21oi_2)
   0.099    6.185 v _6494_/Y (sky130_fd_sc_hd__o22ai_2)
   0.145    6.330 v rebuffer1254/X (sky130_fd_sc_hd__buf_4)
   0.138    6.468 v place792/X (sky130_fd_sc_hd__buf_4)
   0.220    6.688 ^ _7189_/Y (sky130_fd_sc_hd__o221ai_1)
   0.165    6.853 v _7190_/Y (sky130_fd_sc_hd__o221ai_2)
   0.226    7.080 v place754/X (sky130_fd_sc_hd__buf_12)
   0.021    7.101 v dp.rf.rf[20][20]$_DFFE_PP_/D (sky130_fd_sc_hd__edfxtp_1)
            7.101   data arrival time

   7.000    7.000   clock clk (rise edge)
   0.775    7.775   clock network delay (ideal)
   0.000    7.775   clock reconvergence pessimism
            7.775 ^ dp.rf.rf[20][20]$_DFFE_PP_/CLK (sky130_fd_sc_hd__edfxtp_1)
  -0.277    7.498   library setup time
            7.498   data required time
-----------------------------------------------------------
            7.498   data required time
           -7.101   data arrival time
-----------------------------------------------------------
            0.397   slack (MET)


Startpoint: dp.rf.rf[11][2]$_DFFE_PP_
            (rising edge-triggered flip-flop clocked by clk)
Endpoint: dp.rf.rf[22][20]$_DFFE_PP_
          (rising edge-triggered flip-flop clocked by clk)
Path Group: clk
Path Type: max

   Delay     Time   Description
-----------------------------------------------------------
   0.000    0.000   clock clk (rise edge)
   0.775    0.775   clock network delay (ideal)
   0.000    0.775 ^ dp.rf.rf[11][2]$_DFFE_PP_/CLK (sky130_fd_sc_hd__edfxtp_1)
   0.357    1.132 v dp.rf.rf[11][2]$_DFFE_PP_/Q (sky130_fd_sc_hd__edfxtp_1)
   0.512    1.644 v _4270_/X (sky130_fd_sc_hd__mux4_2)
   0.494    2.139 v _4274_/X (sky130_fd_sc_hd__mux4_2)
   0.166    2.305 ^ _4281_/Y (sky130_fd_sc_hd__a22oi_2)
   0.163    2.468 ^ place1090/X (sky130_fd_sc_hd__buf_4)
   0.065    2.533 v _6016_/Y (sky130_fd_sc_hd__nand2_1)
   0.198    2.730 v _6084_/X (sky130_fd_sc_hd__o21a_1)
   0.152    2.882 v _7511_/Y (sky130_fd_sc_hd__xnor2_2)
   0.320    3.202 ^ _7714_/SUM (sky130_fd_sc_hd__ha_1)
   0.155    3.357 ^ _5928_/X (sky130_fd_sc_hd__a21o_1)
   0.078    3.436 v _5929_/Y (sky130_fd_sc_hd__a21oi_2)
   0.147    3.582 ^ _5931_/Y (sky130_fd_sc_hd__o21ai_2)
   0.109    3.692 v _5935_/Y (sky130_fd_sc_hd__a311oi_2)
   0.187    3.879 v place822/X (sky130_fd_sc_hd__buf_4)
   0.261    4.140 ^ _5954_/Y (sky130_fd_sc_hd__o2111ai_4)
   0.104    4.244 v _5958_/Y (sky130_fd_sc_hd__nand2_2)
   0.130    4.374 v rebuffer1237/X (sky130_fd_sc_hd__buf_6)
   0.116    4.490 v rebuffer1236/X (sky130_fd_sc_hd__buf_4)
   0.116    4.606 v rebuffer1235/X (sky130_fd_sc_hd__buf_4)
   0.115    4.720 v rebuffer1234/X (sky130_fd_sc_hd__buf_4)
   0.114    4.834 v rebuffer1233/X (sky130_fd_sc_hd__buf_4)
   0.121    4.956 v rebuffer1232/X (sky130_fd_sc_hd__buf_4)
   0.117    5.073 v rebuffer1231/X (sky130_fd_sc_hd__buf_4)
   0.116    5.189 v rebuffer1230/X (sky130_fd_sc_hd__buf_4)
   0.118    5.307 v rebuffer1229/X (sky130_fd_sc_hd__buf_4)
   0.116    5.422 v rebuffer1228/X (sky130_fd_sc_hd__buf_4)
   0.119    5.541 v rebuffer1227/X (sky130_fd_sc_hd__buf_4)
   0.119    5.660 v rebuffer1226/X (sky130_fd_sc_hd__buf_4)
   0.130    5.790 v place805/X (sky130_fd_sc_hd__buf_4)
   0.121    5.912 v _6490_/Y (sky130_fd_sc_hd__xnor2_2)
   0.174    6.086 ^ _6493_/Y (sky130_fd_sc_hd__a21oi_2)
   0.099    6.185 v _6494_/Y (sky130_fd_sc_hd__o22ai_2)
   0.145    6.330 v rebuffer1254/X (sky130_fd_sc_hd__buf_4)
   0.138    6.468 v place792/X (sky130_fd_sc_hd__buf_4)
   0.220    6.688 ^ _7189_/Y (sky130_fd_sc_hd__o221ai_1)
   0.165    6.853 v _7190_/Y (sky130_fd_sc_hd__o221ai_2)
   0.226    7.080 v place754/X (sky130_fd_sc_hd__buf_12)
   0.021    7.101 v dp.rf.rf[22][20]$_DFFE_PP_/D (sky130_fd_sc_hd__edfxtp_1)
            7.101   data arrival time

   7.000    7.000   clock clk (rise edge)
   0.775    7.775   clock network delay (ideal)
   0.000    7.775   clock reconvergence pessimism
            7.775 ^ dp.rf.rf[22][20]$_DFFE_PP_/CLK (sky130_fd_sc_hd__edfxtp_1)
  -0.277    7.498   library setup time
            7.498   data required time
-----------------------------------------------------------
            7.498   data required time
           -7.101   data arrival time
-----------------------------------------------------------
            0.397   slack (MET)


Startpoint: dp.rf.rf[11][2]$_DFFE_PP_
            (rising edge-triggered flip-flop clocked by clk)
Endpoint: dp.rf.rf[21][20]$_DFFE_PP_
          (rising edge-triggered flip-flop clocked by clk)
Path Group: clk
Path Type: max

   Delay     Time   Description
-----------------------------------------------------------
   0.000    0.000   clock clk (rise edge)
   0.775    0.775   clock network delay (ideal)
   0.000    0.775 ^ dp.rf.rf[11][2]$_DFFE_PP_/CLK (sky130_fd_sc_hd__edfxtp_1)
   0.357    1.132 v dp.rf.rf[11][2]$_DFFE_PP_/Q (sky130_fd_sc_hd__edfxtp_1)
   0.512    1.644 v _4270_/X (sky130_fd_sc_hd__mux4_2)
   0.494    2.139 v _4274_/X (sky130_fd_sc_hd__mux4_2)
   0.166    2.305 ^ _4281_/Y (sky130_fd_sc_hd__a22oi_2)
   0.163    2.468 ^ place1090/X (sky130_fd_sc_hd__buf_4)
   0.065    2.533 v _6016_/Y (sky130_fd_sc_hd__nand2_1)
   0.198    2.730 v _6084_/X (sky130_fd_sc_hd__o21a_1)
   0.152    2.882 v _7511_/Y (sky130_fd_sc_hd__xnor2_2)
   0.320    3.202 ^ _7714_/SUM (sky130_fd_sc_hd__ha_1)
   0.155    3.357 ^ _5928_/X (sky130_fd_sc_hd__a21o_1)
   0.078    3.436 v _5929_/Y (sky130_fd_sc_hd__a21oi_2)
   0.147    3.582 ^ _5931_/Y (sky130_fd_sc_hd__o21ai_2)
   0.109    3.692 v _5935_/Y (sky130_fd_sc_hd__a311oi_2)
   0.187    3.879 v place822/X (sky130_fd_sc_hd__buf_4)
   0.261    4.140 ^ _5954_/Y (sky130_fd_sc_hd__o2111ai_4)
   0.104    4.244 v _5958_/Y (sky130_fd_sc_hd__nand2_2)
   0.130    4.374 v rebuffer1237/X (sky130_fd_sc_hd__buf_6)
   0.116    4.490 v rebuffer1236/X (sky130_fd_sc_hd__buf_4)
   0.116    4.606 v rebuffer1235/X (sky130_fd_sc_hd__buf_4)
   0.115    4.720 v rebuffer1234/X (sky130_fd_sc_hd__buf_4)
   0.114    4.834 v rebuffer1233/X (sky130_fd_sc_hd__buf_4)
   0.121    4.956 v rebuffer1232/X (sky130_fd_sc_hd__buf_4)
   0.117    5.073 v rebuffer1231/X (sky130_fd_sc_hd__buf_4)
   0.116    5.189 v rebuffer1230/X (sky130_fd_sc_hd__buf_4)
   0.118    5.307 v rebuffer1229/X (sky130_fd_sc_hd__buf_4)
   0.116    5.422 v rebuffer1228/X (sky130_fd_sc_hd__buf_4)
   0.119    5.541 v rebuffer1227/X (sky130_fd_sc_hd__buf_4)
   0.119    5.660 v rebuffer1226/X (sky130_fd_sc_hd__buf_4)
   0.130    5.790 v place805/X (sky130_fd_sc_hd__buf_4)
   0.121    5.912 v _6490_/Y (sky130_fd_sc_hd__xnor2_2)
   0.174    6.086 ^ _6493_/Y (sky130_fd_sc_hd__a21oi_2)
   0.099    6.185 v _6494_/Y (sky130_fd_sc_hd__o22ai_2)
   0.145    6.330 v rebuffer1254/X (sky130_fd_sc_hd__buf_4)
   0.138    6.468 v place792/X (sky130_fd_sc_hd__buf_4)
   0.220    6.688 ^ _7189_/Y (sky130_fd_sc_hd__o221ai_1)
   0.165    6.853 v _7190_/Y (sky130_fd_sc_hd__o221ai_2)
   0.226    7.080 v place754/X (sky130_fd_sc_hd__buf_12)
   0.021    7.101 v dp.rf.rf[21][20]$_DFFE_PP_/D (sky130_fd_sc_hd__edfxtp_1)
            7.101   data arrival time

   7.000    7.000   clock clk (rise edge)
   0.775    7.775   clock network delay (ideal)
   0.000    7.775   clock reconvergence pessimism
            7.775 ^ dp.rf.rf[21][20]$_DFFE_PP_/CLK (sky130_fd_sc_hd__edfxtp_1)
  -0.277    7.498   library setup time
            7.498   data required time
-----------------------------------------------------------
            7.498   data required time
           -7.101   data arrival time
-----------------------------------------------------------
            0.397   slack (MET)


Startpoint: dp.rf.rf[11][2]$_DFFE_PP_
            (rising edge-triggered flip-flop clocked by clk)
Endpoint: dp.rf.rf[23][20]$_DFFE_PP_
          (rising edge-triggered flip-flop clocked by clk)
Path Group: clk
Path Type: max

   Delay     Time   Description
-----------------------------------------------------------
   0.000    0.000   clock clk (rise edge)
   0.775    0.775   clock network delay (ideal)
   0.000    0.775 ^ dp.rf.rf[11][2]$_DFFE_PP_/CLK (sky130_fd_sc_hd__edfxtp_1)
   0.357    1.132 v dp.rf.rf[11][2]$_DFFE_PP_/Q (sky130_fd_sc_hd__edfxtp_1)
   0.512    1.644 v _4270_/X (sky130_fd_sc_hd__mux4_2)
   0.494    2.139 v _4274_/X (sky130_fd_sc_hd__mux4_2)
   0.166    2.305 ^ _4281_/Y (sky130_fd_sc_hd__a22oi_2)
   0.163    2.468 ^ place1090/X (sky130_fd_sc_hd__buf_4)
   0.065    2.533 v _6016_/Y (sky130_fd_sc_hd__nand2_1)
   0.198    2.730 v _6084_/X (sky130_fd_sc_hd__o21a_1)
   0.152    2.882 v _7511_/Y (sky130_fd_sc_hd__xnor2_2)
   0.320    3.202 ^ _7714_/SUM (sky130_fd_sc_hd__ha_1)
   0.155    3.357 ^ _5928_/X (sky130_fd_sc_hd__a21o_1)
   0.078    3.436 v _5929_/Y (sky130_fd_sc_hd__a21oi_2)
   0.147    3.582 ^ _5931_/Y (sky130_fd_sc_hd__o21ai_2)
   0.109    3.692 v _5935_/Y (sky130_fd_sc_hd__a311oi_2)
   0.187    3.879 v place822/X (sky130_fd_sc_hd__buf_4)
   0.261    4.140 ^ _5954_/Y (sky130_fd_sc_hd__o2111ai_4)
   0.104    4.244 v _5958_/Y (sky130_fd_sc_hd__nand2_2)
   0.130    4.374 v rebuffer1237/X (sky130_fd_sc_hd__buf_6)
   0.116    4.490 v rebuffer1236/X (sky130_fd_sc_hd__buf_4)
   0.116    4.606 v rebuffer1235/X (sky130_fd_sc_hd__buf_4)
   0.115    4.720 v rebuffer1234/X (sky130_fd_sc_hd__buf_4)
   0.114    4.834 v rebuffer1233/X (sky130_fd_sc_hd__buf_4)
   0.121    4.956 v rebuffer1232/X (sky130_fd_sc_hd__buf_4)
   0.117    5.073 v rebuffer1231/X (sky130_fd_sc_hd__buf_4)
   0.116    5.189 v rebuffer1230/X (sky130_fd_sc_hd__buf_4)
   0.118    5.307 v rebuffer1229/X (sky130_fd_sc_hd__buf_4)
   0.116    5.422 v rebuffer1228/X (sky130_fd_sc_hd__buf_4)
   0.119    5.541 v rebuffer1227/X (sky130_fd_sc_hd__buf_4)
   0.119    5.660 v rebuffer1226/X (sky130_fd_sc_hd__buf_4)
   0.130    5.790 v place805/X (sky130_fd_sc_hd__buf_4)
   0.121    5.912 v _6490_/Y (sky130_fd_sc_hd__xnor2_2)
   0.174    6.086 ^ _6493_/Y (sky130_fd_sc_hd__a21oi_2)
   0.099    6.185 v _6494_/Y (sky130_fd_sc_hd__o22ai_2)
   0.145    6.330 v rebuffer1254/X (sky130_fd_sc_hd__buf_4)
   0.138    6.468 v place792/X (sky130_fd_sc_hd__buf_4)
   0.220    6.688 ^ _7189_/Y (sky130_fd_sc_hd__o221ai_1)
   0.165    6.853 v _7190_/Y (sky130_fd_sc_hd__o221ai_2)
   0.226    7.080 v place754/X (sky130_fd_sc_hd__buf_12)
   0.021    7.101 v dp.rf.rf[23][20]$_DFFE_PP_/D (sky130_fd_sc_hd__edfxtp_1)
            7.101   data arrival time

   7.000    7.000   clock clk (rise edge)
   0.775    7.775   clock network delay (ideal)
   0.000    7.775   clock reconvergence pessimism
            7.775 ^ dp.rf.rf[23][20]$_DFFE_PP_/CLK (sky130_fd_sc_hd__edfxtp_1)
  -0.277    7.498   library setup time
            7.498   data required time
-----------------------------------------------------------
            7.498   data required time
           -7.101   data arrival time
-----------------------------------------------------------
            0.398   slack (MET)


Startpoint: dp.rf.rf[11][2]$_DFFE_PP_
            (rising edge-triggered flip-flop clocked by clk)
Endpoint: dp.rf.rf[29][20]$_DFFE_PP_
          (rising edge-triggered flip-flop clocked by clk)
Path Group: clk
Path Type: max

   Delay     Time   Description
-----------------------------------------------------------
   0.000    0.000   clock clk (rise edge)
   0.775    0.775   clock network delay (ideal)
   0.000    0.775 ^ dp.rf.rf[11][2]$_DFFE_PP_/CLK (sky130_fd_sc_hd__edfxtp_1)
   0.357    1.132 v dp.rf.rf[11][2]$_DFFE_PP_/Q (sky130_fd_sc_hd__edfxtp_1)
   0.512    1.644 v _4270_/X (sky130_fd_sc_hd__mux4_2)
   0.494    2.139 v _4274_/X (sky130_fd_sc_hd__mux4_2)
   0.166    2.305 ^ _4281_/Y (sky130_fd_sc_hd__a22oi_2)
   0.163    2.468 ^ place1090/X (sky130_fd_sc_hd__buf_4)
   0.065    2.533 v _6016_/Y (sky130_fd_sc_hd__nand2_1)
   0.198    2.730 v _6084_/X (sky130_fd_sc_hd__o21a_1)
   0.152    2.882 v _7511_/Y (sky130_fd_sc_hd__xnor2_2)
   0.320    3.202 ^ _7714_/SUM (sky130_fd_sc_hd__ha_1)
   0.155    3.357 ^ _5928_/X (sky130_fd_sc_hd__a21o_1)
   0.078    3.436 v _5929_/Y (sky130_fd_sc_hd__a21oi_2)
   0.147    3.582 ^ _5931_/Y (sky130_fd_sc_hd__o21ai_2)
   0.109    3.692 v _5935_/Y (sky130_fd_sc_hd__a311oi_2)
   0.187    3.879 v place822/X (sky130_fd_sc_hd__buf_4)
   0.261    4.140 ^ _5954_/Y (sky130_fd_sc_hd__o2111ai_4)
   0.104    4.244 v _5958_/Y (sky130_fd_sc_hd__nand2_2)
   0.130    4.374 v rebuffer1237/X (sky130_fd_sc_hd__buf_6)
   0.116    4.490 v rebuffer1236/X (sky130_fd_sc_hd__buf_4)
   0.116    4.606 v rebuffer1235/X (sky130_fd_sc_hd__buf_4)
   0.115    4.720 v rebuffer1234/X (sky130_fd_sc_hd__buf_4)
   0.114    4.834 v rebuffer1233/X (sky130_fd_sc_hd__buf_4)
   0.121    4.956 v rebuffer1232/X (sky130_fd_sc_hd__buf_4)
   0.117    5.073 v rebuffer1231/X (sky130_fd_sc_hd__buf_4)
   0.116    5.189 v rebuffer1230/X (sky130_fd_sc_hd__buf_4)
   0.118    5.307 v rebuffer1229/X (sky130_fd_sc_hd__buf_4)
   0.116    5.422 v rebuffer1228/X (sky130_fd_sc_hd__buf_4)
   0.119    5.541 v rebuffer1227/X (sky130_fd_sc_hd__buf_4)
   0.119    5.660 v rebuffer1226/X (sky130_fd_sc_hd__buf_4)
   0.130    5.790 v place805/X (sky130_fd_sc_hd__buf_4)
   0.121    5.912 v _6490_/Y (sky130_fd_sc_hd__xnor2_2)
   0.174    6.086 ^ _6493_/Y (sky130_fd_sc_hd__a21oi_2)
   0.099    6.185 v _6494_/Y (sky130_fd_sc_hd__o22ai_2)
   0.145    6.330 v rebuffer1254/X (sky130_fd_sc_hd__buf_4)
   0.138    6.468 v place792/X (sky130_fd_sc_hd__buf_4)
   0.220    6.688 ^ _7189_/Y (sky130_fd_sc_hd__o221ai_1)
   0.165    6.853 v _7190_/Y (sky130_fd_sc_hd__o221ai_2)
   0.226    7.080 v place754/X (sky130_fd_sc_hd__buf_12)
   0.021    7.101 v dp.rf.rf[29][20]$_DFFE_PP_/D (sky130_fd_sc_hd__edfxtp_1)
            7.101   data arrival time

   7.000    7.000   clock clk (rise edge)
   0.775    7.775   clock network delay (ideal)
   0.000    7.775   clock reconvergence pessimism
            7.775 ^ dp.rf.rf[29][20]$_DFFE_PP_/CLK (sky130_fd_sc_hd__edfxtp_1)
  -0.276    7.499   library setup time
            7.499   data required time
-----------------------------------------------------------
            7.499   data required time
           -7.101   data arrival time
-----------------------------------------------------------
            0.398   slack (MET)


Startpoint: dp.rf.rf[11][2]$_DFFE_PP_
            (rising edge-triggered flip-flop clocked by clk)
Endpoint: dp.rf.rf[28][20]$_DFFE_PP_
          (rising edge-triggered flip-flop clocked by clk)
Path Group: clk
Path Type: max

   Delay     Time   Description
-----------------------------------------------------------
   0.000    0.000   clock clk (rise edge)
   0.775    0.775   clock network delay (ideal)
   0.000    0.775 ^ dp.rf.rf[11][2]$_DFFE_PP_/CLK (sky130_fd_sc_hd__edfxtp_1)
   0.357    1.132 v dp.rf.rf[11][2]$_DFFE_PP_/Q (sky130_fd_sc_hd__edfxtp_1)
   0.512    1.644 v _4270_/X (sky130_fd_sc_hd__mux4_2)
   0.494    2.139 v _4274_/X (sky130_fd_sc_hd__mux4_2)
   0.166    2.305 ^ _4281_/Y (sky130_fd_sc_hd__a22oi_2)
   0.163    2.468 ^ place1090/X (sky130_fd_sc_hd__buf_4)
   0.065    2.533 v _6016_/Y (sky130_fd_sc_hd__nand2_1)
   0.198    2.730 v _6084_/X (sky130_fd_sc_hd__o21a_1)
   0.152    2.882 v _7511_/Y (sky130_fd_sc_hd__xnor2_2)
   0.320    3.202 ^ _7714_/SUM (sky130_fd_sc_hd__ha_1)
   0.155    3.357 ^ _5928_/X (sky130_fd_sc_hd__a21o_1)
   0.078    3.436 v _5929_/Y (sky130_fd_sc_hd__a21oi_2)
   0.147    3.582 ^ _5931_/Y (sky130_fd_sc_hd__o21ai_2)
   0.109    3.692 v _5935_/Y (sky130_fd_sc_hd__a311oi_2)
   0.187    3.879 v place822/X (sky130_fd_sc_hd__buf_4)
   0.261    4.140 ^ _5954_/Y (sky130_fd_sc_hd__o2111ai_4)
   0.104    4.244 v _5958_/Y (sky130_fd_sc_hd__nand2_2)
   0.130    4.374 v rebuffer1237/X (sky130_fd_sc_hd__buf_6)
   0.116    4.490 v rebuffer1236/X (sky130_fd_sc_hd__buf_4)
   0.116    4.606 v rebuffer1235/X (sky130_fd_sc_hd__buf_4)
   0.115    4.720 v rebuffer1234/X (sky130_fd_sc_hd__buf_4)
   0.114    4.834 v rebuffer1233/X (sky130_fd_sc_hd__buf_4)
   0.121    4.956 v rebuffer1232/X (sky130_fd_sc_hd__buf_4)
   0.117    5.073 v rebuffer1231/X (sky130_fd_sc_hd__buf_4)
   0.116    5.189 v rebuffer1230/X (sky130_fd_sc_hd__buf_4)
   0.118    5.307 v rebuffer1229/X (sky130_fd_sc_hd__buf_4)
   0.116    5.422 v rebuffer1228/X (sky130_fd_sc_hd__buf_4)
   0.119    5.541 v rebuffer1227/X (sky130_fd_sc_hd__buf_4)
   0.119    5.660 v rebuffer1226/X (sky130_fd_sc_hd__buf_4)
   0.130    5.790 v place805/X (sky130_fd_sc_hd__buf_4)
   0.121    5.912 v _6490_/Y (sky130_fd_sc_hd__xnor2_2)
   0.174    6.086 ^ _6493_/Y (sky130_fd_sc_hd__a21oi_2)
   0.099    6.185 v _6494_/Y (sky130_fd_sc_hd__o22ai_2)
   0.145    6.330 v rebuffer1254/X (sky130_fd_sc_hd__buf_4)
   0.138    6.468 v place792/X (sky130_fd_sc_hd__buf_4)
   0.220    6.688 ^ _7189_/Y (sky130_fd_sc_hd__o221ai_1)
   0.165    6.853 v _7190_/Y (sky130_fd_sc_hd__o221ai_2)
   0.226    7.080 v place754/X (sky130_fd_sc_hd__buf_12)
   0.021    7.101 v dp.rf.rf[28][20]$_DFFE_PP_/D (sky130_fd_sc_hd__edfxtp_1)
            7.101   data arrival time

   7.000    7.000   clock clk (rise edge)
   0.775    7.775   clock network delay (ideal)
   0.000    7.775   clock reconvergence pessimism
            7.775 ^ dp.rf.rf[28][20]$_DFFE_PP_/CLK (sky130_fd_sc_hd__edfxtp_1)
  -0.276    7.499   library setup time
            7.499   data required time
-----------------------------------------------------------
            7.499   data required time
           -7.101   data arrival time
-----------------------------------------------------------
            0.398   slack (MET)


Startpoint: dp.rf.rf[11][2]$_DFFE_PP_
            (rising edge-triggered flip-flop clocked by clk)
Endpoint: dp.rf.rf[31][20]$_DFFE_PP_
          (rising edge-triggered flip-flop clocked by clk)
Path Group: clk
Path Type: max

   Delay     Time   Description
-----------------------------------------------------------
   0.000    0.000   clock clk (rise edge)
   0.775    0.775   clock network delay (ideal)
   0.000    0.775 ^ dp.rf.rf[11][2]$_DFFE_PP_/CLK (sky130_fd_sc_hd__edfxtp_1)
   0.357    1.132 v dp.rf.rf[11][2]$_DFFE_PP_/Q (sky130_fd_sc_hd__edfxtp_1)
   0.512    1.644 v _4270_/X (sky130_fd_sc_hd__mux4_2)
   0.494    2.139 v _4274_/X (sky130_fd_sc_hd__mux4_2)
   0.166    2.305 ^ _4281_/Y (sky130_fd_sc_hd__a22oi_2)
   0.163    2.468 ^ place1090/X (sky130_fd_sc_hd__buf_4)
   0.065    2.533 v _6016_/Y (sky130_fd_sc_hd__nand2_1)
   0.198    2.730 v _6084_/X (sky130_fd_sc_hd__o21a_1)
   0.152    2.882 v _7511_/Y (sky130_fd_sc_hd__xnor2_2)
   0.320    3.202 ^ _7714_/SUM (sky130_fd_sc_hd__ha_1)
   0.155    3.357 ^ _5928_/X (sky130_fd_sc_hd__a21o_1)
   0.078    3.436 v _5929_/Y (sky130_fd_sc_hd__a21oi_2)
   0.147    3.582 ^ _5931_/Y (sky130_fd_sc_hd__o21ai_2)
   0.109    3.692 v _5935_/Y (sky130_fd_sc_hd__a311oi_2)
   0.187    3.879 v place822/X (sky130_fd_sc_hd__buf_4)
   0.261    4.140 ^ _5954_/Y (sky130_fd_sc_hd__o2111ai_4)
   0.104    4.244 v _5958_/Y (sky130_fd_sc_hd__nand2_2)
   0.130    4.374 v rebuffer1237/X (sky130_fd_sc_hd__buf_6)
   0.116    4.490 v rebuffer1236/X (sky130_fd_sc_hd__buf_4)
   0.116    4.606 v rebuffer1235/X (sky130_fd_sc_hd__buf_4)
   0.115    4.720 v rebuffer1234/X (sky130_fd_sc_hd__buf_4)
   0.114    4.834 v rebuffer1233/X (sky130_fd_sc_hd__buf_4)
   0.121    4.956 v rebuffer1232/X (sky130_fd_sc_hd__buf_4)
   0.117    5.073 v rebuffer1231/X (sky130_fd_sc_hd__buf_4)
   0.116    5.189 v rebuffer1230/X (sky130_fd_sc_hd__buf_4)
   0.118    5.307 v rebuffer1229/X (sky130_fd_sc_hd__buf_4)
   0.116    5.422 v rebuffer1228/X (sky130_fd_sc_hd__buf_4)
   0.119    5.541 v rebuffer1227/X (sky130_fd_sc_hd__buf_4)
   0.119    5.660 v rebuffer1226/X (sky130_fd_sc_hd__buf_4)
   0.130    5.790 v place805/X (sky130_fd_sc_hd__buf_4)
   0.121    5.912 v _6490_/Y (sky130_fd_sc_hd__xnor2_2)
   0.174    6.086 ^ _6493_/Y (sky130_fd_sc_hd__a21oi_2)
   0.099    6.185 v _6494_/Y (sky130_fd_sc_hd__o22ai_2)
   0.145    6.330 v rebuffer1254/X (sky130_fd_sc_hd__buf_4)
   0.138    6.468 v place792/X (sky130_fd_sc_hd__buf_4)
   0.220    6.688 ^ _7189_/Y (sky130_fd_sc_hd__o221ai_1)
   0.165    6.853 v _7190_/Y (sky130_fd_sc_hd__o221ai_2)
   0.226    7.080 v place754/X (sky130_fd_sc_hd__buf_12)
   0.021    7.101 v dp.rf.rf[31][20]$_DFFE_PP_/D (sky130_fd_sc_hd__edfxtp_1)
            7.101   data arrival time

   7.000    7.000   clock clk (rise edge)
   0.775    7.775   clock network delay (ideal)
   0.000    7.775   clock reconvergence pessimism
            7.775 ^ dp.rf.rf[31][20]$_DFFE_PP_/CLK (sky130_fd_sc_hd__edfxtp_1)
  -0.276    7.499   library setup time
            7.499   data required time
-----------------------------------------------------------
            7.499   data required time
           -7.101   data arrival time
-----------------------------------------------------------
            0.398   slack (MET)


Startpoint: dp.rf.rf[11][2]$_DFFE_PP_
            (rising edge-triggered flip-flop clocked by clk)
Endpoint: dp.rf.rf[30][20]$_DFFE_PP_
          (rising edge-triggered flip-flop clocked by clk)
Path Group: clk
Path Type: max

   Delay     Time   Description
-----------------------------------------------------------
   0.000    0.000   clock clk (rise edge)
   0.775    0.775   clock network delay (ideal)
   0.000    0.775 ^ dp.rf.rf[11][2]$_DFFE_PP_/CLK (sky130_fd_sc_hd__edfxtp_1)
   0.357    1.132 v dp.rf.rf[11][2]$_DFFE_PP_/Q (sky130_fd_sc_hd__edfxtp_1)
   0.512    1.644 v _4270_/X (sky130_fd_sc_hd__mux4_2)
   0.494    2.139 v _4274_/X (sky130_fd_sc_hd__mux4_2)
   0.166    2.305 ^ _4281_/Y (sky130_fd_sc_hd__a22oi_2)
   0.163    2.468 ^ place1090/X (sky130_fd_sc_hd__buf_4)
   0.065    2.533 v _6016_/Y (sky130_fd_sc_hd__nand2_1)
   0.198    2.730 v _6084_/X (sky130_fd_sc_hd__o21a_1)
   0.152    2.882 v _7511_/Y (sky130_fd_sc_hd__xnor2_2)
   0.320    3.202 ^ _7714_/SUM (sky130_fd_sc_hd__ha_1)
   0.155    3.357 ^ _5928_/X (sky130_fd_sc_hd__a21o_1)
   0.078    3.436 v _5929_/Y (sky130_fd_sc_hd__a21oi_2)
   0.147    3.582 ^ _5931_/Y (sky130_fd_sc_hd__o21ai_2)
   0.109    3.692 v _5935_/Y (sky130_fd_sc_hd__a311oi_2)
   0.187    3.879 v place822/X (sky130_fd_sc_hd__buf_4)
   0.261    4.140 ^ _5954_/Y (sky130_fd_sc_hd__o2111ai_4)
   0.104    4.244 v _5958_/Y (sky130_fd_sc_hd__nand2_2)
   0.130    4.374 v rebuffer1237/X (sky130_fd_sc_hd__buf_6)
   0.116    4.490 v rebuffer1236/X (sky130_fd_sc_hd__buf_4)
   0.116    4.606 v rebuffer1235/X (sky130_fd_sc_hd__buf_4)
   0.115    4.720 v rebuffer1234/X (sky130_fd_sc_hd__buf_4)
   0.114    4.834 v rebuffer1233/X (sky130_fd_sc_hd__buf_4)
   0.121    4.956 v rebuffer1232/X (sky130_fd_sc_hd__buf_4)
   0.117    5.073 v rebuffer1231/X (sky130_fd_sc_hd__buf_4)
   0.116    5.189 v rebuffer1230/X (sky130_fd_sc_hd__buf_4)
   0.118    5.307 v rebuffer1229/X (sky130_fd_sc_hd__buf_4)
   0.116    5.422 v rebuffer1228/X (sky130_fd_sc_hd__buf_4)
   0.119    5.541 v rebuffer1227/X (sky130_fd_sc_hd__buf_4)
   0.119    5.660 v rebuffer1226/X (sky130_fd_sc_hd__buf_4)
   0.130    5.790 v place805/X (sky130_fd_sc_hd__buf_4)
   0.121    5.912 v _6490_/Y (sky130_fd_sc_hd__xnor2_2)
   0.174    6.086 ^ _6493_/Y (sky130_fd_sc_hd__a21oi_2)
   0.099    6.185 v _6494_/Y (sky130_fd_sc_hd__o22ai_2)
   0.145    6.330 v rebuffer1254/X (sky130_fd_sc_hd__buf_4)
   0.138    6.468 v place792/X (sky130_fd_sc_hd__buf_4)
   0.220    6.688 ^ _7189_/Y (sky130_fd_sc_hd__o221ai_1)
   0.165    6.853 v _7190_/Y (sky130_fd_sc_hd__o221ai_2)
   0.226    7.080 v place754/X (sky130_fd_sc_hd__buf_12)
   0.021    7.100 v dp.rf.rf[30][20]$_DFFE_PP_/D (sky130_fd_sc_hd__edfxtp_1)
            7.100   data arrival time

   7.000    7.000   clock clk (rise edge)
   0.775    7.775   clock network delay (ideal)
   0.000    7.775   clock reconvergence pessimism
            7.775 ^ dp.rf.rf[30][20]$_DFFE_PP_/CLK (sky130_fd_sc_hd__edfxtp_1)
  -0.276    7.499   library setup time
            7.499   data required time
-----------------------------------------------------------
            7.499   data required time
           -7.100   data arrival time
-----------------------------------------------------------
            0.398   slack (MET)


Startpoint: dp.rf.rf[11][2]$_DFFE_PP_
            (rising edge-triggered flip-flop clocked by clk)
Endpoint: dp.rf.rf[26][20]$_DFFE_PP_
          (rising edge-triggered flip-flop clocked by clk)
Path Group: clk
Path Type: max

   Delay     Time   Description
-----------------------------------------------------------
   0.000    0.000   clock clk (rise edge)
   0.775    0.775   clock network delay (ideal)
   0.000    0.775 ^ dp.rf.rf[11][2]$_DFFE_PP_/CLK (sky130_fd_sc_hd__edfxtp_1)
   0.357    1.132 v dp.rf.rf[11][2]$_DFFE_PP_/Q (sky130_fd_sc_hd__edfxtp_1)
   0.512    1.644 v _4270_/X (sky130_fd_sc_hd__mux4_2)
   0.494    2.139 v _4274_/X (sky130_fd_sc_hd__mux4_2)
   0.166    2.305 ^ _4281_/Y (sky130_fd_sc_hd__a22oi_2)
   0.163    2.468 ^ place1090/X (sky130_fd_sc_hd__buf_4)
   0.065    2.533 v _6016_/Y (sky130_fd_sc_hd__nand2_1)
   0.198    2.730 v _6084_/X (sky130_fd_sc_hd__o21a_1)
   0.152    2.882 v _7511_/Y (sky130_fd_sc_hd__xnor2_2)
   0.320    3.202 ^ _7714_/SUM (sky130_fd_sc_hd__ha_1)
   0.155    3.357 ^ _5928_/X (sky130_fd_sc_hd__a21o_1)
   0.078    3.436 v _5929_/Y (sky130_fd_sc_hd__a21oi_2)
   0.147    3.582 ^ _5931_/Y (sky130_fd_sc_hd__o21ai_2)
   0.109    3.692 v _5935_/Y (sky130_fd_sc_hd__a311oi_2)
   0.187    3.879 v place822/X (sky130_fd_sc_hd__buf_4)
   0.261    4.140 ^ _5954_/Y (sky130_fd_sc_hd__o2111ai_4)
   0.104    4.244 v _5958_/Y (sky130_fd_sc_hd__nand2_2)
   0.130    4.374 v rebuffer1237/X (sky130_fd_sc_hd__buf_6)
   0.116    4.490 v rebuffer1236/X (sky130_fd_sc_hd__buf_4)
   0.116    4.606 v rebuffer1235/X (sky130_fd_sc_hd__buf_4)
   0.115    4.720 v rebuffer1234/X (sky130_fd_sc_hd__buf_4)
   0.114    4.834 v rebuffer1233/X (sky130_fd_sc_hd__buf_4)
   0.121    4.956 v rebuffer1232/X (sky130_fd_sc_hd__buf_4)
   0.117    5.073 v rebuffer1231/X (sky130_fd_sc_hd__buf_4)
   0.116    5.189 v rebuffer1230/X (sky130_fd_sc_hd__buf_4)
   0.118    5.307 v rebuffer1229/X (sky130_fd_sc_hd__buf_4)
   0.116    5.422 v rebuffer1228/X (sky130_fd_sc_hd__buf_4)
   0.119    5.541 v rebuffer1227/X (sky130_fd_sc_hd__buf_4)
   0.119    5.660 v rebuffer1226/X (sky130_fd_sc_hd__buf_4)
   0.130    5.790 v place805/X (sky130_fd_sc_hd__buf_4)
   0.121    5.912 v _6490_/Y (sky130_fd_sc_hd__xnor2_2)
   0.174    6.086 ^ _6493_/Y (sky130_fd_sc_hd__a21oi_2)
   0.099    6.185 v _6494_/Y (sky130_fd_sc_hd__o22ai_2)
   0.145    6.330 v rebuffer1254/X (sky130_fd_sc_hd__buf_4)
   0.138    6.468 v place792/X (sky130_fd_sc_hd__buf_4)
   0.220    6.688 ^ _7189_/Y (sky130_fd_sc_hd__o221ai_1)
   0.165    6.853 v _7190_/Y (sky130_fd_sc_hd__o221ai_2)
   0.226    7.080 v place754/X (sky130_fd_sc_hd__buf_12)
   0.021    7.100 v dp.rf.rf[26][20]$_DFFE_PP_/D (sky130_fd_sc_hd__edfxtp_1)
            7.100   data arrival time

   7.000    7.000   clock clk (rise edge)
   0.775    7.775   clock network delay (ideal)
   0.000    7.775   clock reconvergence pessimism
            7.775 ^ dp.rf.rf[26][20]$_DFFE_PP_/CLK (sky130_fd_sc_hd__edfxtp_1)
  -0.276    7.499   library setup time
            7.499   data required time
-----------------------------------------------------------
            7.499   data required time
           -7.100   data arrival time
-----------------------------------------------------------
            0.398   slack (MET)


Startpoint: dp.rf.rf[11][2]$_DFFE_PP_
            (rising edge-triggered flip-flop clocked by clk)
Endpoint: dp.rf.rf[27][20]$_DFFE_PP_
          (rising edge-triggered flip-flop clocked by clk)
Path Group: clk
Path Type: max

   Delay     Time   Description
-----------------------------------------------------------
   0.000    0.000   clock clk (rise edge)
   0.775    0.775   clock network delay (ideal)
   0.000    0.775 ^ dp.rf.rf[11][2]$_DFFE_PP_/CLK (sky130_fd_sc_hd__edfxtp_1)
   0.357    1.132 v dp.rf.rf[11][2]$_DFFE_PP_/Q (sky130_fd_sc_hd__edfxtp_1)
   0.512    1.644 v _4270_/X (sky130_fd_sc_hd__mux4_2)
   0.494    2.139 v _4274_/X (sky130_fd_sc_hd__mux4_2)
   0.166    2.305 ^ _4281_/Y (sky130_fd_sc_hd__a22oi_2)
   0.163    2.468 ^ place1090/X (sky130_fd_sc_hd__buf_4)
   0.065    2.533 v _6016_/Y (sky130_fd_sc_hd__nand2_1)
   0.198    2.730 v _6084_/X (sky130_fd_sc_hd__o21a_1)
   0.152    2.882 v _7511_/Y (sky130_fd_sc_hd__xnor2_2)
   0.320    3.202 ^ _7714_/SUM (sky130_fd_sc_hd__ha_1)
   0.155    3.357 ^ _5928_/X (sky130_fd_sc_hd__a21o_1)
   0.078    3.436 v _5929_/Y (sky130_fd_sc_hd__a21oi_2)
   0.147    3.582 ^ _5931_/Y (sky130_fd_sc_hd__o21ai_2)
   0.109    3.692 v _5935_/Y (sky130_fd_sc_hd__a311oi_2)
   0.187    3.879 v place822/X (sky130_fd_sc_hd__buf_4)
   0.261    4.140 ^ _5954_/Y (sky130_fd_sc_hd__o2111ai_4)
   0.104    4.244 v _5958_/Y (sky130_fd_sc_hd__nand2_2)
   0.130    4.374 v rebuffer1237/X (sky130_fd_sc_hd__buf_6)
   0.116    4.490 v rebuffer1236/X (sky130_fd_sc_hd__buf_4)
   0.116    4.606 v rebuffer1235/X (sky130_fd_sc_hd__buf_4)
   0.115    4.720 v rebuffer1234/X (sky130_fd_sc_hd__buf_4)
   0.114    4.834 v rebuffer1233/X (sky130_fd_sc_hd__buf_4)
   0.121    4.956 v rebuffer1232/X (sky130_fd_sc_hd__buf_4)
   0.117    5.073 v rebuffer1231/X (sky130_fd_sc_hd__buf_4)
   0.116    5.189 v rebuffer1230/X (sky130_fd_sc_hd__buf_4)
   0.118    5.307 v rebuffer1229/X (sky130_fd_sc_hd__buf_4)
   0.116    5.422 v rebuffer1228/X (sky130_fd_sc_hd__buf_4)
   0.119    5.541 v rebuffer1227/X (sky130_fd_sc_hd__buf_4)
   0.119    5.660 v rebuffer1226/X (sky130_fd_sc_hd__buf_4)
   0.130    5.790 v place805/X (sky130_fd_sc_hd__buf_4)
   0.121    5.912 v _6490_/Y (sky130_fd_sc_hd__xnor2_2)
   0.174    6.086 ^ _6493_/Y (sky130_fd_sc_hd__a21oi_2)
   0.099    6.185 v _6494_/Y (sky130_fd_sc_hd__o22ai_2)
   0.145    6.330 v rebuffer1254/X (sky130_fd_sc_hd__buf_4)
   0.138    6.468 v place792/X (sky130_fd_sc_hd__buf_4)
   0.220    6.688 ^ _7189_/Y (sky130_fd_sc_hd__o221ai_1)
   0.165    6.853 v _7190_/Y (sky130_fd_sc_hd__o221ai_2)
   0.226    7.080 v place754/X (sky130_fd_sc_hd__buf_12)
   0.020    7.100 v dp.rf.rf[27][20]$_DFFE_PP_/D (sky130_fd_sc_hd__edfxtp_1)
            7.100   data arrival time

   7.000    7.000   clock clk (rise edge)
   0.775    7.775   clock network delay (ideal)
   0.000    7.775   clock reconvergence pessimism
            7.775 ^ dp.rf.rf[27][20]$_DFFE_PP_/CLK (sky130_fd_sc_hd__edfxtp_1)
  -0.276    7.499   library setup time
            7.499   data required time
-----------------------------------------------------------
            7.499   data required time
           -7.100   data arrival time
-----------------------------------------------------------
            0.399   slack (MET)


Startpoint: dp.rf.rf[11][2]$_DFFE_PP_
            (rising edge-triggered flip-flop clocked by clk)
Endpoint: dp.rf.rf[25][20]$_DFFE_PP_
          (rising edge-triggered flip-flop clocked by clk)
Path Group: clk
Path Type: max

   Delay     Time   Description
-----------------------------------------------------------
   0.000    0.000   clock clk (rise edge)
   0.775    0.775   clock network delay (ideal)
   0.000    0.775 ^ dp.rf.rf[11][2]$_DFFE_PP_/CLK (sky130_fd_sc_hd__edfxtp_1)
   0.357    1.132 v dp.rf.rf[11][2]$_DFFE_PP_/Q (sky130_fd_sc_hd__edfxtp_1)
   0.512    1.644 v _4270_/X (sky130_fd_sc_hd__mux4_2)
   0.494    2.139 v _4274_/X (sky130_fd_sc_hd__mux4_2)
   0.166    2.305 ^ _4281_/Y (sky130_fd_sc_hd__a22oi_2)
   0.163    2.468 ^ place1090/X (sky130_fd_sc_hd__buf_4)
   0.065    2.533 v _6016_/Y (sky130_fd_sc_hd__nand2_1)
   0.198    2.730 v _6084_/X (sky130_fd_sc_hd__o21a_1)
   0.152    2.882 v _7511_/Y (sky130_fd_sc_hd__xnor2_2)
   0.320    3.202 ^ _7714_/SUM (sky130_fd_sc_hd__ha_1)
   0.155    3.357 ^ _5928_/X (sky130_fd_sc_hd__a21o_1)
   0.078    3.436 v _5929_/Y (sky130_fd_sc_hd__a21oi_2)
   0.147    3.582 ^ _5931_/Y (sky130_fd_sc_hd__o21ai_2)
   0.109    3.692 v _5935_/Y (sky130_fd_sc_hd__a311oi_2)
   0.187    3.879 v place822/X (sky130_fd_sc_hd__buf_4)
   0.261    4.140 ^ _5954_/Y (sky130_fd_sc_hd__o2111ai_4)
   0.104    4.244 v _5958_/Y (sky130_fd_sc_hd__nand2_2)
   0.130    4.374 v rebuffer1237/X (sky130_fd_sc_hd__buf_6)
   0.116    4.490 v rebuffer1236/X (sky130_fd_sc_hd__buf_4)
   0.116    4.606 v rebuffer1235/X (sky130_fd_sc_hd__buf_4)
   0.115    4.720 v rebuffer1234/X (sky130_fd_sc_hd__buf_4)
   0.114    4.834 v rebuffer1233/X (sky130_fd_sc_hd__buf_4)
   0.121    4.956 v rebuffer1232/X (sky130_fd_sc_hd__buf_4)
   0.117    5.073 v rebuffer1231/X (sky130_fd_sc_hd__buf_4)
   0.116    5.189 v rebuffer1230/X (sky130_fd_sc_hd__buf_4)
   0.118    5.307 v rebuffer1229/X (sky130_fd_sc_hd__buf_4)
   0.116    5.422 v rebuffer1228/X (sky130_fd_sc_hd__buf_4)
   0.119    5.541 v rebuffer1227/X (sky130_fd_sc_hd__buf_4)
   0.119    5.660 v rebuffer1226/X (sky130_fd_sc_hd__buf_4)
   0.130    5.790 v place805/X (sky130_fd_sc_hd__buf_4)
   0.121    5.912 v _6490_/Y (sky130_fd_sc_hd__xnor2_2)
   0.174    6.086 ^ _6493_/Y (sky130_fd_sc_hd__a21oi_2)
   0.099    6.185 v _6494_/Y (sky130_fd_sc_hd__o22ai_2)
   0.145    6.330 v rebuffer1254/X (sky130_fd_sc_hd__buf_4)
   0.138    6.468 v place792/X (sky130_fd_sc_hd__buf_4)
   0.220    6.688 ^ _7189_/Y (sky130_fd_sc_hd__o221ai_1)
   0.165    6.853 v _7190_/Y (sky130_fd_sc_hd__o221ai_2)
   0.226    7.080 v place754/X (sky130_fd_sc_hd__buf_12)
   0.020    7.100 v dp.rf.rf[25][20]$_DFFE_PP_/D (sky130_fd_sc_hd__edfxtp_1)
            7.100   data arrival time

   7.000    7.000   clock clk (rise edge)
   0.775    7.775   clock network delay (ideal)
   0.000    7.775   clock reconvergence pessimism
            7.775 ^ dp.rf.rf[25][20]$_DFFE_PP_/CLK (sky130_fd_sc_hd__edfxtp_1)
  -0.276    7.499   library setup time
            7.499   data required time
-----------------------------------------------------------
            7.499   data required time
           -7.100   data arrival time
-----------------------------------------------------------
            0.399   slack (MET)


Startpoint: dp.rf.rf[11][2]$_DFFE_PP_
            (rising edge-triggered flip-flop clocked by clk)
Endpoint: dp.rf.rf[24][20]$_DFFE_PP_
          (rising edge-triggered flip-flop clocked by clk)
Path Group: clk
Path Type: max

   Delay     Time   Description
-----------------------------------------------------------
   0.000    0.000   clock clk (rise edge)
   0.775    0.775   clock network delay (ideal)
   0.000    0.775 ^ dp.rf.rf[11][2]$_DFFE_PP_/CLK (sky130_fd_sc_hd__edfxtp_1)
   0.357    1.132 v dp.rf.rf[11][2]$_DFFE_PP_/Q (sky130_fd_sc_hd__edfxtp_1)
   0.512    1.644 v _4270_/X (sky130_fd_sc_hd__mux4_2)
   0.494    2.139 v _4274_/X (sky130_fd_sc_hd__mux4_2)
   0.166    2.305 ^ _4281_/Y (sky130_fd_sc_hd__a22oi_2)
   0.163    2.468 ^ place1090/X (sky130_fd_sc_hd__buf_4)
   0.065    2.533 v _6016_/Y (sky130_fd_sc_hd__nand2_1)
   0.198    2.730 v _6084_/X (sky130_fd_sc_hd__o21a_1)
   0.152    2.882 v _7511_/Y (sky130_fd_sc_hd__xnor2_2)
   0.320    3.202 ^ _7714_/SUM (sky130_fd_sc_hd__ha_1)
   0.155    3.357 ^ _5928_/X (sky130_fd_sc_hd__a21o_1)
   0.078    3.436 v _5929_/Y (sky130_fd_sc_hd__a21oi_2)
   0.147    3.582 ^ _5931_/Y (sky130_fd_sc_hd__o21ai_2)
   0.109    3.692 v _5935_/Y (sky130_fd_sc_hd__a311oi_2)
   0.187    3.879 v place822/X (sky130_fd_sc_hd__buf_4)
   0.261    4.140 ^ _5954_/Y (sky130_fd_sc_hd__o2111ai_4)
   0.104    4.244 v _5958_/Y (sky130_fd_sc_hd__nand2_2)
   0.130    4.374 v rebuffer1237/X (sky130_fd_sc_hd__buf_6)
   0.116    4.490 v rebuffer1236/X (sky130_fd_sc_hd__buf_4)
   0.116    4.606 v rebuffer1235/X (sky130_fd_sc_hd__buf_4)
   0.115    4.720 v rebuffer1234/X (sky130_fd_sc_hd__buf_4)
   0.114    4.834 v rebuffer1233/X (sky130_fd_sc_hd__buf_4)
   0.121    4.956 v rebuffer1232/X (sky130_fd_sc_hd__buf_4)
   0.117    5.073 v rebuffer1231/X (sky130_fd_sc_hd__buf_4)
   0.116    5.189 v rebuffer1230/X (sky130_fd_sc_hd__buf_4)
   0.118    5.307 v rebuffer1229/X (sky130_fd_sc_hd__buf_4)
   0.116    5.422 v rebuffer1228/X (sky130_fd_sc_hd__buf_4)
   0.119    5.541 v rebuffer1227/X (sky130_fd_sc_hd__buf_4)
   0.119    5.660 v rebuffer1226/X (sky130_fd_sc_hd__buf_4)
   0.130    5.790 v place805/X (sky130_fd_sc_hd__buf_4)
   0.121    5.912 v _6490_/Y (sky130_fd_sc_hd__xnor2_2)
   0.174    6.086 ^ _6493_/Y (sky130_fd_sc_hd__a21oi_2)
   0.099    6.185 v _6494_/Y (sky130_fd_sc_hd__o22ai_2)
   0.145    6.330 v rebuffer1254/X (sky130_fd_sc_hd__buf_4)
   0.138    6.468 v place792/X (sky130_fd_sc_hd__buf_4)
   0.220    6.688 ^ _7189_/Y (sky130_fd_sc_hd__o221ai_1)
   0.165    6.853 v _7190_/Y (sky130_fd_sc_hd__o221ai_2)
   0.226    7.080 v place754/X (sky130_fd_sc_hd__buf_12)
   0.020    7.100 v dp.rf.rf[24][20]$_DFFE_PP_/D (sky130_fd_sc_hd__edfxtp_1)
            7.100   data arrival time

   7.000    7.000   clock clk (rise edge)
   0.775    7.775   clock network delay (ideal)
   0.000    7.775   clock reconvergence pessimism
            7.775 ^ dp.rf.rf[24][20]$_DFFE_PP_/CLK (sky130_fd_sc_hd__edfxtp_1)
  -0.276    7.499   library setup time
            7.499   data required time
-----------------------------------------------------------
            7.499   data required time
           -7.100   data arrival time
-----------------------------------------------------------
            0.399   slack (MET)


Startpoint: dp.rf.rf[11][2]$_DFFE_PP_
            (rising edge-triggered flip-flop clocked by clk)
Endpoint: dp.rf.rf[2][20]$_DFFE_PP_
          (rising edge-triggered flip-flop clocked by clk)
Path Group: clk
Path Type: max

   Delay     Time   Description
-----------------------------------------------------------
   0.000    0.000   clock clk (rise edge)
   0.775    0.775   clock network delay (ideal)
   0.000    0.775 ^ dp.rf.rf[11][2]$_DFFE_PP_/CLK (sky130_fd_sc_hd__edfxtp_1)
   0.357    1.132 v dp.rf.rf[11][2]$_DFFE_PP_/Q (sky130_fd_sc_hd__edfxtp_1)
   0.512    1.644 v _4270_/X (sky130_fd_sc_hd__mux4_2)
   0.494    2.139 v _4274_/X (sky130_fd_sc_hd__mux4_2)
   0.166    2.305 ^ _4281_/Y (sky130_fd_sc_hd__a22oi_2)
   0.163    2.468 ^ place1090/X (sky130_fd_sc_hd__buf_4)
   0.065    2.533 v _6016_/Y (sky130_fd_sc_hd__nand2_1)
   0.198    2.730 v _6084_/X (sky130_fd_sc_hd__o21a_1)
   0.152    2.882 v _7511_/Y (sky130_fd_sc_hd__xnor2_2)
   0.320    3.202 ^ _7714_/SUM (sky130_fd_sc_hd__ha_1)
   0.155    3.357 ^ _5928_/X (sky130_fd_sc_hd__a21o_1)
   0.078    3.436 v _5929_/Y (sky130_fd_sc_hd__a21oi_2)
   0.147    3.582 ^ _5931_/Y (sky130_fd_sc_hd__o21ai_2)
   0.109    3.692 v _5935_/Y (sky130_fd_sc_hd__a311oi_2)
   0.187    3.879 v place822/X (sky130_fd_sc_hd__buf_4)
   0.261    4.140 ^ _5954_/Y (sky130_fd_sc_hd__o2111ai_4)
   0.104    4.244 v _5958_/Y (sky130_fd_sc_hd__nand2_2)
   0.130    4.374 v rebuffer1237/X (sky130_fd_sc_hd__buf_6)
   0.116    4.490 v rebuffer1236/X (sky130_fd_sc_hd__buf_4)
   0.116    4.606 v rebuffer1235/X (sky130_fd_sc_hd__buf_4)
   0.115    4.720 v rebuffer1234/X (sky130_fd_sc_hd__buf_4)
   0.114    4.834 v rebuffer1233/X (sky130_fd_sc_hd__buf_4)
   0.121    4.956 v rebuffer1232/X (sky130_fd_sc_hd__buf_4)
   0.117    5.073 v rebuffer1231/X (sky130_fd_sc_hd__buf_4)
   0.116    5.189 v rebuffer1230/X (sky130_fd_sc_hd__buf_4)
   0.118    5.307 v rebuffer1229/X (sky130_fd_sc_hd__buf_4)
   0.116    5.422 v rebuffer1228/X (sky130_fd_sc_hd__buf_4)
   0.119    5.541 v rebuffer1227/X (sky130_fd_sc_hd__buf_4)
   0.119    5.660 v rebuffer1226/X (sky130_fd_sc_hd__buf_4)
   0.130    5.790 v place805/X (sky130_fd_sc_hd__buf_4)
   0.121    5.912 v _6490_/Y (sky130_fd_sc_hd__xnor2_2)
   0.174    6.086 ^ _6493_/Y (sky130_fd_sc_hd__a21oi_2)
   0.099    6.185 v _6494_/Y (sky130_fd_sc_hd__o22ai_2)
   0.145    6.330 v rebuffer1254/X (sky130_fd_sc_hd__buf_4)
   0.138    6.468 v place792/X (sky130_fd_sc_hd__buf_4)
   0.220    6.688 ^ _7189_/Y (sky130_fd_sc_hd__o221ai_1)
   0.165    6.853 v _7190_/Y (sky130_fd_sc_hd__o221ai_2)
   0.226    7.080 v place754/X (sky130_fd_sc_hd__buf_12)
   0.019    7.098 v dp.rf.rf[2][20]$_DFFE_PP_/D (sky130_fd_sc_hd__edfxtp_1)
            7.098   data arrival time

   7.000    7.000   clock clk (rise edge)
   0.775    7.775   clock network delay (ideal)
   0.000    7.775   clock reconvergence pessimism
            7.775 ^ dp.rf.rf[2][20]$_DFFE_PP_/CLK (sky130_fd_sc_hd__edfxtp_1)
  -0.276    7.499   library setup time
            7.499   data required time
-----------------------------------------------------------
            7.499   data required time
           -7.098   data arrival time
-----------------------------------------------------------
            0.401   slack (MET)


Startpoint: dp.rf.rf[11][2]$_DFFE_PP_
            (rising edge-triggered flip-flop clocked by clk)
Endpoint: dp.rf.rf[3][20]$_DFFE_PP_
          (rising edge-triggered flip-flop clocked by clk)
Path Group: clk
Path Type: max

   Delay     Time   Description
-----------------------------------------------------------
   0.000    0.000   clock clk (rise edge)
   0.775    0.775   clock network delay (ideal)
   0.000    0.775 ^ dp.rf.rf[11][2]$_DFFE_PP_/CLK (sky130_fd_sc_hd__edfxtp_1)
   0.357    1.132 v dp.rf.rf[11][2]$_DFFE_PP_/Q (sky130_fd_sc_hd__edfxtp_1)
   0.512    1.644 v _4270_/X (sky130_fd_sc_hd__mux4_2)
   0.494    2.139 v _4274_/X (sky130_fd_sc_hd__mux4_2)
   0.166    2.305 ^ _4281_/Y (sky130_fd_sc_hd__a22oi_2)
   0.163    2.468 ^ place1090/X (sky130_fd_sc_hd__buf_4)
   0.065    2.533 v _6016_/Y (sky130_fd_sc_hd__nand2_1)
   0.198    2.730 v _6084_/X (sky130_fd_sc_hd__o21a_1)
   0.152    2.882 v _7511_/Y (sky130_fd_sc_hd__xnor2_2)
   0.320    3.202 ^ _7714_/SUM (sky130_fd_sc_hd__ha_1)
   0.155    3.357 ^ _5928_/X (sky130_fd_sc_hd__a21o_1)
   0.078    3.436 v _5929_/Y (sky130_fd_sc_hd__a21oi_2)
   0.147    3.582 ^ _5931_/Y (sky130_fd_sc_hd__o21ai_2)
   0.109    3.692 v _5935_/Y (sky130_fd_sc_hd__a311oi_2)
   0.187    3.879 v place822/X (sky130_fd_sc_hd__buf_4)
   0.261    4.140 ^ _5954_/Y (sky130_fd_sc_hd__o2111ai_4)
   0.104    4.244 v _5958_/Y (sky130_fd_sc_hd__nand2_2)
   0.130    4.374 v rebuffer1237/X (sky130_fd_sc_hd__buf_6)
   0.116    4.490 v rebuffer1236/X (sky130_fd_sc_hd__buf_4)
   0.116    4.606 v rebuffer1235/X (sky130_fd_sc_hd__buf_4)
   0.115    4.720 v rebuffer1234/X (sky130_fd_sc_hd__buf_4)
   0.114    4.834 v rebuffer1233/X (sky130_fd_sc_hd__buf_4)
   0.121    4.956 v rebuffer1232/X (sky130_fd_sc_hd__buf_4)
   0.117    5.073 v rebuffer1231/X (sky130_fd_sc_hd__buf_4)
   0.116    5.189 v rebuffer1230/X (sky130_fd_sc_hd__buf_4)
   0.118    5.307 v rebuffer1229/X (sky130_fd_sc_hd__buf_4)
   0.116    5.422 v rebuffer1228/X (sky130_fd_sc_hd__buf_4)
   0.119    5.541 v rebuffer1227/X (sky130_fd_sc_hd__buf_4)
   0.119    5.660 v rebuffer1226/X (sky130_fd_sc_hd__buf_4)
   0.130    5.790 v place805/X (sky130_fd_sc_hd__buf_4)
   0.121    5.912 v _6490_/Y (sky130_fd_sc_hd__xnor2_2)
   0.174    6.086 ^ _6493_/Y (sky130_fd_sc_hd__a21oi_2)
   0.099    6.185 v _6494_/Y (sky130_fd_sc_hd__o22ai_2)
   0.145    6.330 v rebuffer1254/X (sky130_fd_sc_hd__buf_4)
   0.138    6.468 v place792/X (sky130_fd_sc_hd__buf_4)
   0.220    6.688 ^ _7189_/Y (sky130_fd_sc_hd__o221ai_1)
   0.165    6.853 v _7190_/Y (sky130_fd_sc_hd__o221ai_2)
   0.226    7.080 v place754/X (sky130_fd_sc_hd__buf_12)
   0.019    7.098 v dp.rf.rf[3][20]$_DFFE_PP_/D (sky130_fd_sc_hd__edfxtp_1)
            7.098   data arrival time

   7.000    7.000   clock clk (rise edge)
   0.775    7.775   clock network delay (ideal)
   0.000    7.775   clock reconvergence pessimism
            7.775 ^ dp.rf.rf[3][20]$_DFFE_PP_/CLK (sky130_fd_sc_hd__edfxtp_1)
  -0.276    7.499   library setup time
            7.499   data required time
-----------------------------------------------------------
            7.499   data required time
           -7.098   data arrival time
-----------------------------------------------------------
            0.401   slack (MET)


Startpoint: dp.rf.rf[11][2]$_DFFE_PP_
            (rising edge-triggered flip-flop clocked by clk)
Endpoint: dp.rf.rf[0][20]$_DFFE_PP_
          (rising edge-triggered flip-flop clocked by clk)
Path Group: clk
Path Type: max

   Delay     Time   Description
-----------------------------------------------------------
   0.000    0.000   clock clk (rise edge)
   0.775    0.775   clock network delay (ideal)
   0.000    0.775 ^ dp.rf.rf[11][2]$_DFFE_PP_/CLK (sky130_fd_sc_hd__edfxtp_1)
   0.357    1.132 v dp.rf.rf[11][2]$_DFFE_PP_/Q (sky130_fd_sc_hd__edfxtp_1)
   0.512    1.644 v _4270_/X (sky130_fd_sc_hd__mux4_2)
   0.494    2.139 v _4274_/X (sky130_fd_sc_hd__mux4_2)
   0.166    2.305 ^ _4281_/Y (sky130_fd_sc_hd__a22oi_2)
   0.163    2.468 ^ place1090/X (sky130_fd_sc_hd__buf_4)
   0.065    2.533 v _6016_/Y (sky130_fd_sc_hd__nand2_1)
   0.198    2.730 v _6084_/X (sky130_fd_sc_hd__o21a_1)
   0.152    2.882 v _7511_/Y (sky130_fd_sc_hd__xnor2_2)
   0.320    3.202 ^ _7714_/SUM (sky130_fd_sc_hd__ha_1)
   0.155    3.357 ^ _5928_/X (sky130_fd_sc_hd__a21o_1)
   0.078    3.436 v _5929_/Y (sky130_fd_sc_hd__a21oi_2)
   0.147    3.582 ^ _5931_/Y (sky130_fd_sc_hd__o21ai_2)
   0.109    3.692 v _5935_/Y (sky130_fd_sc_hd__a311oi_2)
   0.187    3.879 v place822/X (sky130_fd_sc_hd__buf_4)
   0.261    4.140 ^ _5954_/Y (sky130_fd_sc_hd__o2111ai_4)
   0.104    4.244 v _5958_/Y (sky130_fd_sc_hd__nand2_2)
   0.130    4.374 v rebuffer1237/X (sky130_fd_sc_hd__buf_6)
   0.116    4.490 v rebuffer1236/X (sky130_fd_sc_hd__buf_4)
   0.116    4.606 v rebuffer1235/X (sky130_fd_sc_hd__buf_4)
   0.115    4.720 v rebuffer1234/X (sky130_fd_sc_hd__buf_4)
   0.114    4.834 v rebuffer1233/X (sky130_fd_sc_hd__buf_4)
   0.121    4.956 v rebuffer1232/X (sky130_fd_sc_hd__buf_4)
   0.117    5.073 v rebuffer1231/X (sky130_fd_sc_hd__buf_4)
   0.116    5.189 v rebuffer1230/X (sky130_fd_sc_hd__buf_4)
   0.118    5.307 v rebuffer1229/X (sky130_fd_sc_hd__buf_4)
   0.116    5.422 v rebuffer1228/X (sky130_fd_sc_hd__buf_4)
   0.119    5.541 v rebuffer1227/X (sky130_fd_sc_hd__buf_4)
   0.119    5.660 v rebuffer1226/X (sky130_fd_sc_hd__buf_4)
   0.130    5.790 v place805/X (sky130_fd_sc_hd__buf_4)
   0.121    5.912 v _6490_/Y (sky130_fd_sc_hd__xnor2_2)
   0.174    6.086 ^ _6493_/Y (sky130_fd_sc_hd__a21oi_2)
   0.099    6.185 v _6494_/Y (sky130_fd_sc_hd__o22ai_2)
   0.145    6.330 v rebuffer1254/X (sky130_fd_sc_hd__buf_4)
   0.138    6.468 v place792/X (sky130_fd_sc_hd__buf_4)
   0.220    6.688 ^ _7189_/Y (sky130_fd_sc_hd__o221ai_1)
   0.165    6.853 v _7190_/Y (sky130_fd_sc_hd__o221ai_2)
   0.226    7.080 v place754/X (sky130_fd_sc_hd__buf_12)
   0.018    7.097 v dp.rf.rf[0][20]$_DFFE_PP_/D (sky130_fd_sc_hd__edfxtp_1)
            7.097   data arrival time

   7.000    7.000   clock clk (rise edge)
   0.775    7.775   clock network delay (ideal)
   0.000    7.775   clock reconvergence pessimism
            7.775 ^ dp.rf.rf[0][20]$_DFFE_PP_/CLK (sky130_fd_sc_hd__edfxtp_1)
  -0.275    7.500   library setup time
            7.500   data required time
-----------------------------------------------------------
            7.500   data required time
           -7.097   data arrival time
-----------------------------------------------------------
            0.402   slack (MET)


Startpoint: dp.rf.rf[11][2]$_DFFE_PP_
            (rising edge-triggered flip-flop clocked by clk)
Endpoint: dp.rf.rf[1][20]$_DFFE_PP_
          (rising edge-triggered flip-flop clocked by clk)
Path Group: clk
Path Type: max

   Delay     Time   Description
-----------------------------------------------------------
   0.000    0.000   clock clk (rise edge)
   0.775    0.775   clock network delay (ideal)
   0.000    0.775 ^ dp.rf.rf[11][2]$_DFFE_PP_/CLK (sky130_fd_sc_hd__edfxtp_1)
   0.357    1.132 v dp.rf.rf[11][2]$_DFFE_PP_/Q (sky130_fd_sc_hd__edfxtp_1)
   0.512    1.644 v _4270_/X (sky130_fd_sc_hd__mux4_2)
   0.494    2.139 v _4274_/X (sky130_fd_sc_hd__mux4_2)
   0.166    2.305 ^ _4281_/Y (sky130_fd_sc_hd__a22oi_2)
   0.163    2.468 ^ place1090/X (sky130_fd_sc_hd__buf_4)
   0.065    2.533 v _6016_/Y (sky130_fd_sc_hd__nand2_1)
   0.198    2.730 v _6084_/X (sky130_fd_sc_hd__o21a_1)
   0.152    2.882 v _7511_/Y (sky130_fd_sc_hd__xnor2_2)
   0.320    3.202 ^ _7714_/SUM (sky130_fd_sc_hd__ha_1)
   0.155    3.357 ^ _5928_/X (sky130_fd_sc_hd__a21o_1)
   0.078    3.436 v _5929_/Y (sky130_fd_sc_hd__a21oi_2)
   0.147    3.582 ^ _5931_/Y (sky130_fd_sc_hd__o21ai_2)
   0.109    3.692 v _5935_/Y (sky130_fd_sc_hd__a311oi_2)
   0.187    3.879 v place822/X (sky130_fd_sc_hd__buf_4)
   0.261    4.140 ^ _5954_/Y (sky130_fd_sc_hd__o2111ai_4)
   0.104    4.244 v _5958_/Y (sky130_fd_sc_hd__nand2_2)
   0.130    4.374 v rebuffer1237/X (sky130_fd_sc_hd__buf_6)
   0.116    4.490 v rebuffer1236/X (sky130_fd_sc_hd__buf_4)
   0.116    4.606 v rebuffer1235/X (sky130_fd_sc_hd__buf_4)
   0.115    4.720 v rebuffer1234/X (sky130_fd_sc_hd__buf_4)
   0.114    4.834 v rebuffer1233/X (sky130_fd_sc_hd__buf_4)
   0.121    4.956 v rebuffer1232/X (sky130_fd_sc_hd__buf_4)
   0.117    5.073 v rebuffer1231/X (sky130_fd_sc_hd__buf_4)
   0.116    5.189 v rebuffer1230/X (sky130_fd_sc_hd__buf_4)
   0.118    5.307 v rebuffer1229/X (sky130_fd_sc_hd__buf_4)
   0.116    5.422 v rebuffer1228/X (sky130_fd_sc_hd__buf_4)
   0.119    5.541 v rebuffer1227/X (sky130_fd_sc_hd__buf_4)
   0.119    5.660 v rebuffer1226/X (sky130_fd_sc_hd__buf_4)
   0.130    5.790 v place805/X (sky130_fd_sc_hd__buf_4)
   0.121    5.912 v _6490_/Y (sky130_fd_sc_hd__xnor2_2)
   0.174    6.086 ^ _6493_/Y (sky130_fd_sc_hd__a21oi_2)
   0.099    6.185 v _6494_/Y (sky130_fd_sc_hd__o22ai_2)
   0.145    6.330 v rebuffer1254/X (sky130_fd_sc_hd__buf_4)
   0.138    6.468 v place792/X (sky130_fd_sc_hd__buf_4)
   0.220    6.688 ^ _7189_/Y (sky130_fd_sc_hd__o221ai_1)
   0.165    6.853 v _7190_/Y (sky130_fd_sc_hd__o221ai_2)
   0.226    7.080 v place754/X (sky130_fd_sc_hd__buf_12)
   0.018    7.097 v dp.rf.rf[1][20]$_DFFE_PP_/D (sky130_fd_sc_hd__edfxtp_1)
            7.097   data arrival time

   7.000    7.000   clock clk (rise edge)
   0.775    7.775   clock network delay (ideal)
   0.000    7.775   clock reconvergence pessimism
            7.775 ^ dp.rf.rf[1][20]$_DFFE_PP_/CLK (sky130_fd_sc_hd__edfxtp_1)
  -0.275    7.500   library setup time
            7.500   data required time
-----------------------------------------------------------
            7.500   data required time
           -7.097   data arrival time
-----------------------------------------------------------
            0.402   slack (MET)


Startpoint: dp.rf.rf[11][2]$_DFFE_PP_
            (rising edge-triggered flip-flop clocked by clk)
Endpoint: dp.rf.rf[6][20]$_DFFE_PP_
          (rising edge-triggered flip-flop clocked by clk)
Path Group: clk
Path Type: max

   Delay     Time   Description
-----------------------------------------------------------
   0.000    0.000   clock clk (rise edge)
   0.775    0.775   clock network delay (ideal)
   0.000    0.775 ^ dp.rf.rf[11][2]$_DFFE_PP_/CLK (sky130_fd_sc_hd__edfxtp_1)
   0.357    1.132 v dp.rf.rf[11][2]$_DFFE_PP_/Q (sky130_fd_sc_hd__edfxtp_1)
   0.512    1.644 v _4270_/X (sky130_fd_sc_hd__mux4_2)
   0.494    2.139 v _4274_/X (sky130_fd_sc_hd__mux4_2)
   0.166    2.305 ^ _4281_/Y (sky130_fd_sc_hd__a22oi_2)
   0.163    2.468 ^ place1090/X (sky130_fd_sc_hd__buf_4)
   0.065    2.533 v _6016_/Y (sky130_fd_sc_hd__nand2_1)
   0.198    2.730 v _6084_/X (sky130_fd_sc_hd__o21a_1)
   0.152    2.882 v _7511_/Y (sky130_fd_sc_hd__xnor2_2)
   0.320    3.202 ^ _7714_/SUM (sky130_fd_sc_hd__ha_1)
   0.155    3.357 ^ _5928_/X (sky130_fd_sc_hd__a21o_1)
   0.078    3.436 v _5929_/Y (sky130_fd_sc_hd__a21oi_2)
   0.147    3.582 ^ _5931_/Y (sky130_fd_sc_hd__o21ai_2)
   0.109    3.692 v _5935_/Y (sky130_fd_sc_hd__a311oi_2)
   0.187    3.879 v place822/X (sky130_fd_sc_hd__buf_4)
   0.261    4.140 ^ _5954_/Y (sky130_fd_sc_hd__o2111ai_4)
   0.104    4.244 v _5958_/Y (sky130_fd_sc_hd__nand2_2)
   0.130    4.374 v rebuffer1237/X (sky130_fd_sc_hd__buf_6)
   0.116    4.490 v rebuffer1236/X (sky130_fd_sc_hd__buf_4)
   0.116    4.606 v rebuffer1235/X (sky130_fd_sc_hd__buf_4)
   0.115    4.720 v rebuffer1234/X (sky130_fd_sc_hd__buf_4)
   0.114    4.834 v rebuffer1233/X (sky130_fd_sc_hd__buf_4)
   0.121    4.956 v rebuffer1232/X (sky130_fd_sc_hd__buf_4)
   0.117    5.073 v rebuffer1231/X (sky130_fd_sc_hd__buf_4)
   0.116    5.189 v rebuffer1230/X (sky130_fd_sc_hd__buf_4)
   0.118    5.307 v rebuffer1229/X (sky130_fd_sc_hd__buf_4)
   0.116    5.422 v rebuffer1228/X (sky130_fd_sc_hd__buf_4)
   0.119    5.541 v rebuffer1227/X (sky130_fd_sc_hd__buf_4)
   0.119    5.660 v rebuffer1226/X (sky130_fd_sc_hd__buf_4)
   0.130    5.790 v place805/X (sky130_fd_sc_hd__buf_4)
   0.121    5.912 v _6490_/Y (sky130_fd_sc_hd__xnor2_2)
   0.174    6.086 ^ _6493_/Y (sky130_fd_sc_hd__a21oi_2)
   0.099    6.185 v _6494_/Y (sky130_fd_sc_hd__o22ai_2)
   0.145    6.330 v rebuffer1254/X (sky130_fd_sc_hd__buf_4)
   0.138    6.468 v place792/X (sky130_fd_sc_hd__buf_4)
   0.220    6.688 ^ _7189_/Y (sky130_fd_sc_hd__o221ai_1)
   0.165    6.853 v _7190_/Y (sky130_fd_sc_hd__o221ai_2)
   0.226    7.080 v place754/X (sky130_fd_sc_hd__buf_12)
   0.017    7.097 v dp.rf.rf[6][20]$_DFFE_PP_/D (sky130_fd_sc_hd__edfxtp_1)
            7.097   data arrival time

   7.000    7.000   clock clk (rise edge)
   0.775    7.775   clock network delay (ideal)
   0.000    7.775   clock reconvergence pessimism
            7.775 ^ dp.rf.rf[6][20]$_DFFE_PP_/CLK (sky130_fd_sc_hd__edfxtp_1)
  -0.275    7.500   library setup time
            7.500   data required time
-----------------------------------------------------------
            7.500   data required time
           -7.097   data arrival time
-----------------------------------------------------------
            0.403   slack (MET)


Startpoint: dp.rf.rf[11][2]$_DFFE_PP_
            (rising edge-triggered flip-flop clocked by clk)
Endpoint: dp.rf.rf[8][20]$_DFFE_PP_
          (rising edge-triggered flip-flop clocked by clk)
Path Group: clk
Path Type: max

   Delay     Time   Description
-----------------------------------------------------------
   0.000    0.000   clock clk (rise edge)
   0.775    0.775   clock network delay (ideal)
   0.000    0.775 ^ dp.rf.rf[11][2]$_DFFE_PP_/CLK (sky130_fd_sc_hd__edfxtp_1)
   0.357    1.132 v dp.rf.rf[11][2]$_DFFE_PP_/Q (sky130_fd_sc_hd__edfxtp_1)
   0.512    1.644 v _4270_/X (sky130_fd_sc_hd__mux4_2)
   0.494    2.139 v _4274_/X (sky130_fd_sc_hd__mux4_2)
   0.166    2.305 ^ _4281_/Y (sky130_fd_sc_hd__a22oi_2)
   0.163    2.468 ^ place1090/X (sky130_fd_sc_hd__buf_4)
   0.065    2.533 v _6016_/Y (sky130_fd_sc_hd__nand2_1)
   0.198    2.730 v _6084_/X (sky130_fd_sc_hd__o21a_1)
   0.152    2.882 v _7511_/Y (sky130_fd_sc_hd__xnor2_2)
   0.320    3.202 ^ _7714_/SUM (sky130_fd_sc_hd__ha_1)
   0.155    3.357 ^ _5928_/X (sky130_fd_sc_hd__a21o_1)
   0.078    3.436 v _5929_/Y (sky130_fd_sc_hd__a21oi_2)
   0.147    3.582 ^ _5931_/Y (sky130_fd_sc_hd__o21ai_2)
   0.109    3.692 v _5935_/Y (sky130_fd_sc_hd__a311oi_2)
   0.187    3.879 v place822/X (sky130_fd_sc_hd__buf_4)
   0.261    4.140 ^ _5954_/Y (sky130_fd_sc_hd__o2111ai_4)
   0.104    4.244 v _5958_/Y (sky130_fd_sc_hd__nand2_2)
   0.130    4.374 v rebuffer1237/X (sky130_fd_sc_hd__buf_6)
   0.116    4.490 v rebuffer1236/X (sky130_fd_sc_hd__buf_4)
   0.116    4.606 v rebuffer1235/X (sky130_fd_sc_hd__buf_4)
   0.115    4.720 v rebuffer1234/X (sky130_fd_sc_hd__buf_4)
   0.114    4.834 v rebuffer1233/X (sky130_fd_sc_hd__buf_4)
   0.121    4.956 v rebuffer1232/X (sky130_fd_sc_hd__buf_4)
   0.117    5.073 v rebuffer1231/X (sky130_fd_sc_hd__buf_4)
   0.116    5.189 v rebuffer1230/X (sky130_fd_sc_hd__buf_4)
   0.118    5.307 v rebuffer1229/X (sky130_fd_sc_hd__buf_4)
   0.116    5.422 v rebuffer1228/X (sky130_fd_sc_hd__buf_4)
   0.119    5.541 v rebuffer1227/X (sky130_fd_sc_hd__buf_4)
   0.119    5.660 v rebuffer1226/X (sky130_fd_sc_hd__buf_4)
   0.130    5.790 v place805/X (sky130_fd_sc_hd__buf_4)
   0.121    5.912 v _6490_/Y (sky130_fd_sc_hd__xnor2_2)
   0.174    6.086 ^ _6493_/Y (sky130_fd_sc_hd__a21oi_2)
   0.099    6.185 v _6494_/Y (sky130_fd_sc_hd__o22ai_2)
   0.145    6.330 v rebuffer1254/X (sky130_fd_sc_hd__buf_4)
   0.138    6.468 v place792/X (sky130_fd_sc_hd__buf_4)
   0.220    6.688 ^ _7189_/Y (sky130_fd_sc_hd__o221ai_1)
   0.165    6.853 v _7190_/Y (sky130_fd_sc_hd__o221ai_2)
   0.226    7.080 v place754/X (sky130_fd_sc_hd__buf_12)
   0.017    7.097 v dp.rf.rf[8][20]$_DFFE_PP_/D (sky130_fd_sc_hd__edfxtp_1)
            7.097   data arrival time

   7.000    7.000   clock clk (rise edge)
   0.775    7.775   clock network delay (ideal)
   0.000    7.775   clock reconvergence pessimism
            7.775 ^ dp.rf.rf[8][20]$_DFFE_PP_/CLK (sky130_fd_sc_hd__edfxtp_1)
  -0.275    7.500   library setup time
            7.500   data required time
-----------------------------------------------------------
            7.500   data required time
           -7.097   data arrival time
-----------------------------------------------------------
            0.403   slack (MET)


Startpoint: dp.rf.rf[11][2]$_DFFE_PP_
            (rising edge-triggered flip-flop clocked by clk)
Endpoint: dp.rf.rf[9][20]$_DFFE_PP_
          (rising edge-triggered flip-flop clocked by clk)
Path Group: clk
Path Type: max

   Delay     Time   Description
-----------------------------------------------------------
   0.000    0.000   clock clk (rise edge)
   0.775    0.775   clock network delay (ideal)
   0.000    0.775 ^ dp.rf.rf[11][2]$_DFFE_PP_/CLK (sky130_fd_sc_hd__edfxtp_1)
   0.357    1.132 v dp.rf.rf[11][2]$_DFFE_PP_/Q (sky130_fd_sc_hd__edfxtp_1)
   0.512    1.644 v _4270_/X (sky130_fd_sc_hd__mux4_2)
   0.494    2.139 v _4274_/X (sky130_fd_sc_hd__mux4_2)
   0.166    2.305 ^ _4281_/Y (sky130_fd_sc_hd__a22oi_2)
   0.163    2.468 ^ place1090/X (sky130_fd_sc_hd__buf_4)
   0.065    2.533 v _6016_/Y (sky130_fd_sc_hd__nand2_1)
   0.198    2.730 v _6084_/X (sky130_fd_sc_hd__o21a_1)
   0.152    2.882 v _7511_/Y (sky130_fd_sc_hd__xnor2_2)
   0.320    3.202 ^ _7714_/SUM (sky130_fd_sc_hd__ha_1)
   0.155    3.357 ^ _5928_/X (sky130_fd_sc_hd__a21o_1)
   0.078    3.436 v _5929_/Y (sky130_fd_sc_hd__a21oi_2)
   0.147    3.582 ^ _5931_/Y (sky130_fd_sc_hd__o21ai_2)
   0.109    3.692 v _5935_/Y (sky130_fd_sc_hd__a311oi_2)
   0.187    3.879 v place822/X (sky130_fd_sc_hd__buf_4)
   0.261    4.140 ^ _5954_/Y (sky130_fd_sc_hd__o2111ai_4)
   0.104    4.244 v _5958_/Y (sky130_fd_sc_hd__nand2_2)
   0.130    4.374 v rebuffer1237/X (sky130_fd_sc_hd__buf_6)
   0.116    4.490 v rebuffer1236/X (sky130_fd_sc_hd__buf_4)
   0.116    4.606 v rebuffer1235/X (sky130_fd_sc_hd__buf_4)
   0.115    4.720 v rebuffer1234/X (sky130_fd_sc_hd__buf_4)
   0.114    4.834 v rebuffer1233/X (sky130_fd_sc_hd__buf_4)
   0.121    4.956 v rebuffer1232/X (sky130_fd_sc_hd__buf_4)
   0.117    5.073 v rebuffer1231/X (sky130_fd_sc_hd__buf_4)
   0.116    5.189 v rebuffer1230/X (sky130_fd_sc_hd__buf_4)
   0.118    5.307 v rebuffer1229/X (sky130_fd_sc_hd__buf_4)
   0.116    5.422 v rebuffer1228/X (sky130_fd_sc_hd__buf_4)
   0.119    5.541 v rebuffer1227/X (sky130_fd_sc_hd__buf_4)
   0.119    5.660 v rebuffer1226/X (sky130_fd_sc_hd__buf_4)
   0.130    5.790 v place805/X (sky130_fd_sc_hd__buf_4)
   0.121    5.912 v _6490_/Y (sky130_fd_sc_hd__xnor2_2)
   0.174    6.086 ^ _6493_/Y (sky130_fd_sc_hd__a21oi_2)
   0.099    6.185 v _6494_/Y (sky130_fd_sc_hd__o22ai_2)
   0.145    6.330 v rebuffer1254/X (sky130_fd_sc_hd__buf_4)
   0.138    6.468 v place792/X (sky130_fd_sc_hd__buf_4)
   0.220    6.688 ^ _7189_/Y (sky130_fd_sc_hd__o221ai_1)
   0.165    6.853 v _7190_/Y (sky130_fd_sc_hd__o221ai_2)
   0.226    7.080 v place754/X (sky130_fd_sc_hd__buf_12)
   0.017    7.097 v dp.rf.rf[9][20]$_DFFE_PP_/D (sky130_fd_sc_hd__edfxtp_1)
            7.097   data arrival time

   7.000    7.000   clock clk (rise edge)
   0.775    7.775   clock network delay (ideal)
   0.000    7.775   clock reconvergence pessimism
            7.775 ^ dp.rf.rf[9][20]$_DFFE_PP_/CLK (sky130_fd_sc_hd__edfxtp_1)
  -0.275    7.500   library setup time
            7.500   data required time
-----------------------------------------------------------
            7.500   data required time
           -7.097   data arrival time
-----------------------------------------------------------
            0.403   slack (MET)


Startpoint: dp.rf.rf[11][2]$_DFFE_PP_
            (rising edge-triggered flip-flop clocked by clk)
Endpoint: dp.rf.rf[10][20]$_DFFE_PP_
          (rising edge-triggered flip-flop clocked by clk)
Path Group: clk
Path Type: max

   Delay     Time   Description
-----------------------------------------------------------
   0.000    0.000   clock clk (rise edge)
   0.775    0.775   clock network delay (ideal)
   0.000    0.775 ^ dp.rf.rf[11][2]$_DFFE_PP_/CLK (sky130_fd_sc_hd__edfxtp_1)
   0.357    1.132 v dp.rf.rf[11][2]$_DFFE_PP_/Q (sky130_fd_sc_hd__edfxtp_1)
   0.512    1.644 v _4270_/X (sky130_fd_sc_hd__mux4_2)
   0.494    2.139 v _4274_/X (sky130_fd_sc_hd__mux4_2)
   0.166    2.305 ^ _4281_/Y (sky130_fd_sc_hd__a22oi_2)
   0.163    2.468 ^ place1090/X (sky130_fd_sc_hd__buf_4)
   0.065    2.533 v _6016_/Y (sky130_fd_sc_hd__nand2_1)
   0.198    2.730 v _6084_/X (sky130_fd_sc_hd__o21a_1)
   0.152    2.882 v _7511_/Y (sky130_fd_sc_hd__xnor2_2)
   0.320    3.202 ^ _7714_/SUM (sky130_fd_sc_hd__ha_1)
   0.155    3.357 ^ _5928_/X (sky130_fd_sc_hd__a21o_1)
   0.078    3.436 v _5929_/Y (sky130_fd_sc_hd__a21oi_2)
   0.147    3.582 ^ _5931_/Y (sky130_fd_sc_hd__o21ai_2)
   0.109    3.692 v _5935_/Y (sky130_fd_sc_hd__a311oi_2)
   0.187    3.879 v place822/X (sky130_fd_sc_hd__buf_4)
   0.261    4.140 ^ _5954_/Y (sky130_fd_sc_hd__o2111ai_4)
   0.104    4.244 v _5958_/Y (sky130_fd_sc_hd__nand2_2)
   0.130    4.374 v rebuffer1237/X (sky130_fd_sc_hd__buf_6)
   0.116    4.490 v rebuffer1236/X (sky130_fd_sc_hd__buf_4)
   0.116    4.606 v rebuffer1235/X (sky130_fd_sc_hd__buf_4)
   0.115    4.720 v rebuffer1234/X (sky130_fd_sc_hd__buf_4)
   0.114    4.834 v rebuffer1233/X (sky130_fd_sc_hd__buf_4)
   0.121    4.956 v rebuffer1232/X (sky130_fd_sc_hd__buf_4)
   0.117    5.073 v rebuffer1231/X (sky130_fd_sc_hd__buf_4)
   0.116    5.189 v rebuffer1230/X (sky130_fd_sc_hd__buf_4)
   0.118    5.307 v rebuffer1229/X (sky130_fd_sc_hd__buf_4)
   0.116    5.422 v rebuffer1228/X (sky130_fd_sc_hd__buf_4)
   0.119    5.541 v rebuffer1227/X (sky130_fd_sc_hd__buf_4)
   0.119    5.660 v rebuffer1226/X (sky130_fd_sc_hd__buf_4)
   0.130    5.790 v place805/X (sky130_fd_sc_hd__buf_4)
   0.121    5.912 v _6490_/Y (sky130_fd_sc_hd__xnor2_2)
   0.174    6.086 ^ _6493_/Y (sky130_fd_sc_hd__a21oi_2)
   0.099    6.185 v _6494_/Y (sky130_fd_sc_hd__o22ai_2)
   0.145    6.330 v rebuffer1254/X (sky130_fd_sc_hd__buf_4)
   0.138    6.468 v place792/X (sky130_fd_sc_hd__buf_4)
   0.220    6.688 ^ _7189_/Y (sky130_fd_sc_hd__o221ai_1)
   0.165    6.853 v _7190_/Y (sky130_fd_sc_hd__o221ai_2)
   0.226    7.080 v place754/X (sky130_fd_sc_hd__buf_12)
   0.017    7.097 v dp.rf.rf[10][20]$_DFFE_PP_/D (sky130_fd_sc_hd__edfxtp_1)
            7.097   data arrival time

   7.000    7.000   clock clk (rise edge)
   0.775    7.775   clock network delay (ideal)
   0.000    7.775   clock reconvergence pessimism
            7.775 ^ dp.rf.rf[10][20]$_DFFE_PP_/CLK (sky130_fd_sc_hd__edfxtp_1)
  -0.275    7.500   library setup time
            7.500   data required time
-----------------------------------------------------------
            7.500   data required time
           -7.097   data arrival time
-----------------------------------------------------------
            0.403   slack (MET)


Startpoint: dp.rf.rf[11][2]$_DFFE_PP_
            (rising edge-triggered flip-flop clocked by clk)
Endpoint: dp.rf.rf[7][20]$_DFFE_PP_
          (rising edge-triggered flip-flop clocked by clk)
Path Group: clk
Path Type: max

   Delay     Time   Description
-----------------------------------------------------------
   0.000    0.000   clock clk (rise edge)
   0.775    0.775   clock network delay (ideal)
   0.000    0.775 ^ dp.rf.rf[11][2]$_DFFE_PP_/CLK (sky130_fd_sc_hd__edfxtp_1)
   0.357    1.132 v dp.rf.rf[11][2]$_DFFE_PP_/Q (sky130_fd_sc_hd__edfxtp_1)
   0.512    1.644 v _4270_/X (sky130_fd_sc_hd__mux4_2)
   0.494    2.139 v _4274_/X (sky130_fd_sc_hd__mux4_2)
   0.166    2.305 ^ _4281_/Y (sky130_fd_sc_hd__a22oi_2)
   0.163    2.468 ^ place1090/X (sky130_fd_sc_hd__buf_4)
   0.065    2.533 v _6016_/Y (sky130_fd_sc_hd__nand2_1)
   0.198    2.730 v _6084_/X (sky130_fd_sc_hd__o21a_1)
   0.152    2.882 v _7511_/Y (sky130_fd_sc_hd__xnor2_2)
   0.320    3.202 ^ _7714_/SUM (sky130_fd_sc_hd__ha_1)
   0.155    3.357 ^ _5928_/X (sky130_fd_sc_hd__a21o_1)
   0.078    3.436 v _5929_/Y (sky130_fd_sc_hd__a21oi_2)
   0.147    3.582 ^ _5931_/Y (sky130_fd_sc_hd__o21ai_2)
   0.109    3.692 v _5935_/Y (sky130_fd_sc_hd__a311oi_2)
   0.187    3.879 v place822/X (sky130_fd_sc_hd__buf_4)
   0.261    4.140 ^ _5954_/Y (sky130_fd_sc_hd__o2111ai_4)
   0.104    4.244 v _5958_/Y (sky130_fd_sc_hd__nand2_2)
   0.130    4.374 v rebuffer1237/X (sky130_fd_sc_hd__buf_6)
   0.116    4.490 v rebuffer1236/X (sky130_fd_sc_hd__buf_4)
   0.116    4.606 v rebuffer1235/X (sky130_fd_sc_hd__buf_4)
   0.115    4.720 v rebuffer1234/X (sky130_fd_sc_hd__buf_4)
   0.114    4.834 v rebuffer1233/X (sky130_fd_sc_hd__buf_4)
   0.121    4.956 v rebuffer1232/X (sky130_fd_sc_hd__buf_4)
   0.117    5.073 v rebuffer1231/X (sky130_fd_sc_hd__buf_4)
   0.116    5.189 v rebuffer1230/X (sky130_fd_sc_hd__buf_4)
   0.118    5.307 v rebuffer1229/X (sky130_fd_sc_hd__buf_4)
   0.116    5.422 v rebuffer1228/X (sky130_fd_sc_hd__buf_4)
   0.119    5.541 v rebuffer1227/X (sky130_fd_sc_hd__buf_4)
   0.119    5.660 v rebuffer1226/X (sky130_fd_sc_hd__buf_4)
   0.130    5.790 v place805/X (sky130_fd_sc_hd__buf_4)
   0.121    5.912 v _6490_/Y (sky130_fd_sc_hd__xnor2_2)
   0.174    6.086 ^ _6493_/Y (sky130_fd_sc_hd__a21oi_2)
   0.099    6.185 v _6494_/Y (sky130_fd_sc_hd__o22ai_2)
   0.145    6.330 v rebuffer1254/X (sky130_fd_sc_hd__buf_4)
   0.138    6.468 v place792/X (sky130_fd_sc_hd__buf_4)
   0.220    6.688 ^ _7189_/Y (sky130_fd_sc_hd__o221ai_1)
   0.165    6.853 v _7190_/Y (sky130_fd_sc_hd__o221ai_2)
   0.226    7.080 v place754/X (sky130_fd_sc_hd__buf_12)
   0.017    7.097 v dp.rf.rf[7][20]$_DFFE_PP_/D (sky130_fd_sc_hd__edfxtp_1)
            7.097   data arrival time

   7.000    7.000   clock clk (rise edge)
   0.775    7.775   clock network delay (ideal)
   0.000    7.775   clock reconvergence pessimism
            7.775 ^ dp.rf.rf[7][20]$_DFFE_PP_/CLK (sky130_fd_sc_hd__edfxtp_1)
  -0.275    7.500   library setup time
            7.500   data required time
-----------------------------------------------------------
            7.500   data required time
           -7.097   data arrival time
-----------------------------------------------------------
            0.403   slack (MET)


Startpoint: dp.rf.rf[11][2]$_DFFE_PP_
            (rising edge-triggered flip-flop clocked by clk)
Endpoint: dp.rf.rf[11][20]$_DFFE_PP_
          (rising edge-triggered flip-flop clocked by clk)
Path Group: clk
Path Type: max

   Delay     Time   Description
-----------------------------------------------------------
   0.000    0.000   clock clk (rise edge)
   0.775    0.775   clock network delay (ideal)
   0.000    0.775 ^ dp.rf.rf[11][2]$_DFFE_PP_/CLK (sky130_fd_sc_hd__edfxtp_1)
   0.357    1.132 v dp.rf.rf[11][2]$_DFFE_PP_/Q (sky130_fd_sc_hd__edfxtp_1)
   0.512    1.644 v _4270_/X (sky130_fd_sc_hd__mux4_2)
   0.494    2.139 v _4274_/X (sky130_fd_sc_hd__mux4_2)
   0.166    2.305 ^ _4281_/Y (sky130_fd_sc_hd__a22oi_2)
   0.163    2.468 ^ place1090/X (sky130_fd_sc_hd__buf_4)
   0.065    2.533 v _6016_/Y (sky130_fd_sc_hd__nand2_1)
   0.198    2.730 v _6084_/X (sky130_fd_sc_hd__o21a_1)
   0.152    2.882 v _7511_/Y (sky130_fd_sc_hd__xnor2_2)
   0.320    3.202 ^ _7714_/SUM (sky130_fd_sc_hd__ha_1)
   0.155    3.357 ^ _5928_/X (sky130_fd_sc_hd__a21o_1)
   0.078    3.436 v _5929_/Y (sky130_fd_sc_hd__a21oi_2)
   0.147    3.582 ^ _5931_/Y (sky130_fd_sc_hd__o21ai_2)
   0.109    3.692 v _5935_/Y (sky130_fd_sc_hd__a311oi_2)
   0.187    3.879 v place822/X (sky130_fd_sc_hd__buf_4)
   0.261    4.140 ^ _5954_/Y (sky130_fd_sc_hd__o2111ai_4)
   0.104    4.244 v _5958_/Y (sky130_fd_sc_hd__nand2_2)
   0.130    4.374 v rebuffer1237/X (sky130_fd_sc_hd__buf_6)
   0.116    4.490 v rebuffer1236/X (sky130_fd_sc_hd__buf_4)
   0.116    4.606 v rebuffer1235/X (sky130_fd_sc_hd__buf_4)
   0.115    4.720 v rebuffer1234/X (sky130_fd_sc_hd__buf_4)
   0.114    4.834 v rebuffer1233/X (sky130_fd_sc_hd__buf_4)
   0.121    4.956 v rebuffer1232/X (sky130_fd_sc_hd__buf_4)
   0.117    5.073 v rebuffer1231/X (sky130_fd_sc_hd__buf_4)
   0.116    5.189 v rebuffer1230/X (sky130_fd_sc_hd__buf_4)
   0.118    5.307 v rebuffer1229/X (sky130_fd_sc_hd__buf_4)
   0.116    5.422 v rebuffer1228/X (sky130_fd_sc_hd__buf_4)
   0.119    5.541 v rebuffer1227/X (sky130_fd_sc_hd__buf_4)
   0.119    5.660 v rebuffer1226/X (sky130_fd_sc_hd__buf_4)
   0.130    5.790 v place805/X (sky130_fd_sc_hd__buf_4)
   0.121    5.912 v _6490_/Y (sky130_fd_sc_hd__xnor2_2)
   0.174    6.086 ^ _6493_/Y (sky130_fd_sc_hd__a21oi_2)
   0.099    6.185 v _6494_/Y (sky130_fd_sc_hd__o22ai_2)
   0.145    6.330 v rebuffer1254/X (sky130_fd_sc_hd__buf_4)
   0.138    6.468 v place792/X (sky130_fd_sc_hd__buf_4)
   0.220    6.688 ^ _7189_/Y (sky130_fd_sc_hd__o221ai_1)
   0.165    6.853 v _7190_/Y (sky130_fd_sc_hd__o221ai_2)
   0.226    7.080 v place754/X (sky130_fd_sc_hd__buf_12)
   0.017    7.096 v dp.rf.rf[11][20]$_DFFE_PP_/D (sky130_fd_sc_hd__edfxtp_1)
            7.096   data arrival time

   7.000    7.000   clock clk (rise edge)
   0.775    7.775   clock network delay (ideal)
   0.000    7.775   clock reconvergence pessimism
            7.775 ^ dp.rf.rf[11][20]$_DFFE_PP_/CLK (sky130_fd_sc_hd__edfxtp_1)
  -0.275    7.500   library setup time
            7.500   data required time
-----------------------------------------------------------
            7.500   data required time
           -7.096   data arrival time
-----------------------------------------------------------
            0.403   slack (MET)


Startpoint: dp.rf.rf[11][2]$_DFFE_PP_
            (rising edge-triggered flip-flop clocked by clk)
Endpoint: dp.rf.rf[13][20]$_DFFE_PP_
          (rising edge-triggered flip-flop clocked by clk)
Path Group: clk
Path Type: max

   Delay     Time   Description
-----------------------------------------------------------
   0.000    0.000   clock clk (rise edge)
   0.775    0.775   clock network delay (ideal)
   0.000    0.775 ^ dp.rf.rf[11][2]$_DFFE_PP_/CLK (sky130_fd_sc_hd__edfxtp_1)
   0.357    1.132 v dp.rf.rf[11][2]$_DFFE_PP_/Q (sky130_fd_sc_hd__edfxtp_1)
   0.512    1.644 v _4270_/X (sky130_fd_sc_hd__mux4_2)
   0.494    2.139 v _4274_/X (sky130_fd_sc_hd__mux4_2)
   0.166    2.305 ^ _4281_/Y (sky130_fd_sc_hd__a22oi_2)
   0.163    2.468 ^ place1090/X (sky130_fd_sc_hd__buf_4)
   0.065    2.533 v _6016_/Y (sky130_fd_sc_hd__nand2_1)
   0.198    2.730 v _6084_/X (sky130_fd_sc_hd__o21a_1)
   0.152    2.882 v _7511_/Y (sky130_fd_sc_hd__xnor2_2)
   0.320    3.202 ^ _7714_/SUM (sky130_fd_sc_hd__ha_1)
   0.155    3.357 ^ _5928_/X (sky130_fd_sc_hd__a21o_1)
   0.078    3.436 v _5929_/Y (sky130_fd_sc_hd__a21oi_2)
   0.147    3.582 ^ _5931_/Y (sky130_fd_sc_hd__o21ai_2)
   0.109    3.692 v _5935_/Y (sky130_fd_sc_hd__a311oi_2)
   0.187    3.879 v place822/X (sky130_fd_sc_hd__buf_4)
   0.261    4.140 ^ _5954_/Y (sky130_fd_sc_hd__o2111ai_4)
   0.104    4.244 v _5958_/Y (sky130_fd_sc_hd__nand2_2)
   0.130    4.374 v rebuffer1237/X (sky130_fd_sc_hd__buf_6)
   0.116    4.490 v rebuffer1236/X (sky130_fd_sc_hd__buf_4)
   0.116    4.606 v rebuffer1235/X (sky130_fd_sc_hd__buf_4)
   0.115    4.720 v rebuffer1234/X (sky130_fd_sc_hd__buf_4)
   0.114    4.834 v rebuffer1233/X (sky130_fd_sc_hd__buf_4)
   0.121    4.956 v rebuffer1232/X (sky130_fd_sc_hd__buf_4)
   0.117    5.073 v rebuffer1231/X (sky130_fd_sc_hd__buf_4)
   0.116    5.189 v rebuffer1230/X (sky130_fd_sc_hd__buf_4)
   0.118    5.307 v rebuffer1229/X (sky130_fd_sc_hd__buf_4)
   0.116    5.422 v rebuffer1228/X (sky130_fd_sc_hd__buf_4)
   0.119    5.541 v rebuffer1227/X (sky130_fd_sc_hd__buf_4)
   0.119    5.660 v rebuffer1226/X (sky130_fd_sc_hd__buf_4)
   0.130    5.790 v place805/X (sky130_fd_sc_hd__buf_4)
   0.121    5.912 v _6490_/Y (sky130_fd_sc_hd__xnor2_2)
   0.174    6.086 ^ _6493_/Y (sky130_fd_sc_hd__a21oi_2)
   0.099    6.185 v _6494_/Y (sky130_fd_sc_hd__o22ai_2)
   0.145    6.330 v rebuffer1254/X (sky130_fd_sc_hd__buf_4)
   0.138    6.468 v place792/X (sky130_fd_sc_hd__buf_4)
   0.220    6.688 ^ _7189_/Y (sky130_fd_sc_hd__o221ai_1)
   0.165    6.853 v _7190_/Y (sky130_fd_sc_hd__o221ai_2)
   0.226    7.080 v place754/X (sky130_fd_sc_hd__buf_12)
   0.017    7.096 v dp.rf.rf[13][20]$_DFFE_PP_/D (sky130_fd_sc_hd__edfxtp_1)
            7.096   data arrival time

   7.000    7.000   clock clk (rise edge)
   0.775    7.775   clock network delay (ideal)
   0.000    7.775   clock reconvergence pessimism
            7.775 ^ dp.rf.rf[13][20]$_DFFE_PP_/CLK (sky130_fd_sc_hd__edfxtp_1)
  -0.275    7.500   library setup time
            7.500   data required time
-----------------------------------------------------------
            7.500   data required time
           -7.096   data arrival time
-----------------------------------------------------------
            0.403   slack (MET)


Startpoint: dp.rf.rf[11][2]$_DFFE_PP_
            (rising edge-triggered flip-flop clocked by clk)
Endpoint: dp.rf.rf[15][20]$_DFFE_PP_
          (rising edge-triggered flip-flop clocked by clk)
Path Group: clk
Path Type: max

   Delay     Time   Description
-----------------------------------------------------------
   0.000    0.000   clock clk (rise edge)
   0.775    0.775   clock network delay (ideal)
   0.000    0.775 ^ dp.rf.rf[11][2]$_DFFE_PP_/CLK (sky130_fd_sc_hd__edfxtp_1)
   0.357    1.132 v dp.rf.rf[11][2]$_DFFE_PP_/Q (sky130_fd_sc_hd__edfxtp_1)
   0.512    1.644 v _4270_/X (sky130_fd_sc_hd__mux4_2)
   0.494    2.139 v _4274_/X (sky130_fd_sc_hd__mux4_2)
   0.166    2.305 ^ _4281_/Y (sky130_fd_sc_hd__a22oi_2)
   0.163    2.468 ^ place1090/X (sky130_fd_sc_hd__buf_4)
   0.065    2.533 v _6016_/Y (sky130_fd_sc_hd__nand2_1)
   0.198    2.730 v _6084_/X (sky130_fd_sc_hd__o21a_1)
   0.152    2.882 v _7511_/Y (sky130_fd_sc_hd__xnor2_2)
   0.320    3.202 ^ _7714_/SUM (sky130_fd_sc_hd__ha_1)
   0.155    3.357 ^ _5928_/X (sky130_fd_sc_hd__a21o_1)
   0.078    3.436 v _5929_/Y (sky130_fd_sc_hd__a21oi_2)
   0.147    3.582 ^ _5931_/Y (sky130_fd_sc_hd__o21ai_2)
   0.109    3.692 v _5935_/Y (sky130_fd_sc_hd__a311oi_2)
   0.187    3.879 v place822/X (sky130_fd_sc_hd__buf_4)
   0.261    4.140 ^ _5954_/Y (sky130_fd_sc_hd__o2111ai_4)
   0.104    4.244 v _5958_/Y (sky130_fd_sc_hd__nand2_2)
   0.130    4.374 v rebuffer1237/X (sky130_fd_sc_hd__buf_6)
   0.116    4.490 v rebuffer1236/X (sky130_fd_sc_hd__buf_4)
   0.116    4.606 v rebuffer1235/X (sky130_fd_sc_hd__buf_4)
   0.115    4.720 v rebuffer1234/X (sky130_fd_sc_hd__buf_4)
   0.114    4.834 v rebuffer1233/X (sky130_fd_sc_hd__buf_4)
   0.121    4.956 v rebuffer1232/X (sky130_fd_sc_hd__buf_4)
   0.117    5.073 v rebuffer1231/X (sky130_fd_sc_hd__buf_4)
   0.116    5.189 v rebuffer1230/X (sky130_fd_sc_hd__buf_4)
   0.118    5.307 v rebuffer1229/X (sky130_fd_sc_hd__buf_4)
   0.116    5.422 v rebuffer1228/X (sky130_fd_sc_hd__buf_4)
   0.119    5.541 v rebuffer1227/X (sky130_fd_sc_hd__buf_4)
   0.119    5.660 v rebuffer1226/X (sky130_fd_sc_hd__buf_4)
   0.130    5.790 v place805/X (sky130_fd_sc_hd__buf_4)
   0.121    5.912 v _6490_/Y (sky130_fd_sc_hd__xnor2_2)
   0.174    6.086 ^ _6493_/Y (sky130_fd_sc_hd__a21oi_2)
   0.099    6.185 v _6494_/Y (sky130_fd_sc_hd__o22ai_2)
   0.145    6.330 v rebuffer1254/X (sky130_fd_sc_hd__buf_4)
   0.138    6.468 v place792/X (sky130_fd_sc_hd__buf_4)
   0.220    6.688 ^ _7189_/Y (sky130_fd_sc_hd__o221ai_1)
   0.165    6.853 v _7190_/Y (sky130_fd_sc_hd__o221ai_2)
   0.226    7.080 v place754/X (sky130_fd_sc_hd__buf_12)
   0.017    7.096 v dp.rf.rf[15][20]$_DFFE_PP_/D (sky130_fd_sc_hd__edfxtp_1)
            7.096   data arrival time

   7.000    7.000   clock clk (rise edge)
   0.775    7.775   clock network delay (ideal)
   0.000    7.775   clock reconvergence pessimism
            7.775 ^ dp.rf.rf[15][20]$_DFFE_PP_/CLK (sky130_fd_sc_hd__edfxtp_1)
  -0.275    7.500   library setup time
            7.500   data required time
-----------------------------------------------------------
            7.500   data required time
           -7.096   data arrival time
-----------------------------------------------------------
            0.404   slack (MET)


Startpoint: dp.rf.rf[11][2]$_DFFE_PP_
            (rising edge-triggered flip-flop clocked by clk)
Endpoint: dp.rf.rf[5][20]$_DFFE_PP_
          (rising edge-triggered flip-flop clocked by clk)
Path Group: clk
Path Type: max

   Delay     Time   Description
-----------------------------------------------------------
   0.000    0.000   clock clk (rise edge)
   0.775    0.775   clock network delay (ideal)
   0.000    0.775 ^ dp.rf.rf[11][2]$_DFFE_PP_/CLK (sky130_fd_sc_hd__edfxtp_1)
   0.357    1.132 v dp.rf.rf[11][2]$_DFFE_PP_/Q (sky130_fd_sc_hd__edfxtp_1)
   0.512    1.644 v _4270_/X (sky130_fd_sc_hd__mux4_2)
   0.494    2.139 v _4274_/X (sky130_fd_sc_hd__mux4_2)
   0.166    2.305 ^ _4281_/Y (sky130_fd_sc_hd__a22oi_2)
   0.163    2.468 ^ place1090/X (sky130_fd_sc_hd__buf_4)
   0.065    2.533 v _6016_/Y (sky130_fd_sc_hd__nand2_1)
   0.198    2.730 v _6084_/X (sky130_fd_sc_hd__o21a_1)
   0.152    2.882 v _7511_/Y (sky130_fd_sc_hd__xnor2_2)
   0.320    3.202 ^ _7714_/SUM (sky130_fd_sc_hd__ha_1)
   0.155    3.357 ^ _5928_/X (sky130_fd_sc_hd__a21o_1)
   0.078    3.436 v _5929_/Y (sky130_fd_sc_hd__a21oi_2)
   0.147    3.582 ^ _5931_/Y (sky130_fd_sc_hd__o21ai_2)
   0.109    3.692 v _5935_/Y (sky130_fd_sc_hd__a311oi_2)
   0.187    3.879 v place822/X (sky130_fd_sc_hd__buf_4)
   0.261    4.140 ^ _5954_/Y (sky130_fd_sc_hd__o2111ai_4)
   0.104    4.244 v _5958_/Y (sky130_fd_sc_hd__nand2_2)
   0.130    4.374 v rebuffer1237/X (sky130_fd_sc_hd__buf_6)
   0.116    4.490 v rebuffer1236/X (sky130_fd_sc_hd__buf_4)
   0.116    4.606 v rebuffer1235/X (sky130_fd_sc_hd__buf_4)
   0.115    4.720 v rebuffer1234/X (sky130_fd_sc_hd__buf_4)
   0.114    4.834 v rebuffer1233/X (sky130_fd_sc_hd__buf_4)
   0.121    4.956 v rebuffer1232/X (sky130_fd_sc_hd__buf_4)
   0.117    5.073 v rebuffer1231/X (sky130_fd_sc_hd__buf_4)
   0.116    5.189 v rebuffer1230/X (sky130_fd_sc_hd__buf_4)
   0.118    5.307 v rebuffer1229/X (sky130_fd_sc_hd__buf_4)
   0.116    5.422 v rebuffer1228/X (sky130_fd_sc_hd__buf_4)
   0.119    5.541 v rebuffer1227/X (sky130_fd_sc_hd__buf_4)
   0.119    5.660 v rebuffer1226/X (sky130_fd_sc_hd__buf_4)
   0.130    5.790 v place805/X (sky130_fd_sc_hd__buf_4)
   0.121    5.912 v _6490_/Y (sky130_fd_sc_hd__xnor2_2)
   0.174    6.086 ^ _6493_/Y (sky130_fd_sc_hd__a21oi_2)
   0.099    6.185 v _6494_/Y (sky130_fd_sc_hd__o22ai_2)
   0.145    6.330 v rebuffer1254/X (sky130_fd_sc_hd__buf_4)
   0.138    6.468 v place792/X (sky130_fd_sc_hd__buf_4)
   0.220    6.688 ^ _7189_/Y (sky130_fd_sc_hd__o221ai_1)
   0.165    6.853 v _7190_/Y (sky130_fd_sc_hd__o221ai_2)
   0.226    7.080 v place754/X (sky130_fd_sc_hd__buf_12)
   0.017    7.096 v dp.rf.rf[5][20]$_DFFE_PP_/D (sky130_fd_sc_hd__edfxtp_1)
            7.096   data arrival time

   7.000    7.000   clock clk (rise edge)
   0.775    7.775   clock network delay (ideal)
   0.000    7.775   clock reconvergence pessimism
            7.775 ^ dp.rf.rf[5][20]$_DFFE_PP_/CLK (sky130_fd_sc_hd__edfxtp_1)
  -0.275    7.500   library setup time
            7.500   data required time
-----------------------------------------------------------
            7.500   data required time
           -7.096   data arrival time
-----------------------------------------------------------
            0.404   slack (MET)


Startpoint: dp.rf.rf[11][2]$_DFFE_PP_
            (rising edge-triggered flip-flop clocked by clk)
Endpoint: dp.rf.rf[12][20]$_DFFE_PP_
          (rising edge-triggered flip-flop clocked by clk)
Path Group: clk
Path Type: max

   Delay     Time   Description
-----------------------------------------------------------
   0.000    0.000   clock clk (rise edge)
   0.775    0.775   clock network delay (ideal)
   0.000    0.775 ^ dp.rf.rf[11][2]$_DFFE_PP_/CLK (sky130_fd_sc_hd__edfxtp_1)
   0.357    1.132 v dp.rf.rf[11][2]$_DFFE_PP_/Q (sky130_fd_sc_hd__edfxtp_1)
   0.512    1.644 v _4270_/X (sky130_fd_sc_hd__mux4_2)
   0.494    2.139 v _4274_/X (sky130_fd_sc_hd__mux4_2)
   0.166    2.305 ^ _4281_/Y (sky130_fd_sc_hd__a22oi_2)
   0.163    2.468 ^ place1090/X (sky130_fd_sc_hd__buf_4)
   0.065    2.533 v _6016_/Y (sky130_fd_sc_hd__nand2_1)
   0.198    2.730 v _6084_/X (sky130_fd_sc_hd__o21a_1)
   0.152    2.882 v _7511_/Y (sky130_fd_sc_hd__xnor2_2)
   0.320    3.202 ^ _7714_/SUM (sky130_fd_sc_hd__ha_1)
   0.155    3.357 ^ _5928_/X (sky130_fd_sc_hd__a21o_1)
   0.078    3.436 v _5929_/Y (sky130_fd_sc_hd__a21oi_2)
   0.147    3.582 ^ _5931_/Y (sky130_fd_sc_hd__o21ai_2)
   0.109    3.692 v _5935_/Y (sky130_fd_sc_hd__a311oi_2)
   0.187    3.879 v place822/X (sky130_fd_sc_hd__buf_4)
   0.261    4.140 ^ _5954_/Y (sky130_fd_sc_hd__o2111ai_4)
   0.104    4.244 v _5958_/Y (sky130_fd_sc_hd__nand2_2)
   0.130    4.374 v rebuffer1237/X (sky130_fd_sc_hd__buf_6)
   0.116    4.490 v rebuffer1236/X (sky130_fd_sc_hd__buf_4)
   0.116    4.606 v rebuffer1235/X (sky130_fd_sc_hd__buf_4)
   0.115    4.720 v rebuffer1234/X (sky130_fd_sc_hd__buf_4)
   0.114    4.834 v rebuffer1233/X (sky130_fd_sc_hd__buf_4)
   0.121    4.956 v rebuffer1232/X (sky130_fd_sc_hd__buf_4)
   0.117    5.073 v rebuffer1231/X (sky130_fd_sc_hd__buf_4)
   0.116    5.189 v rebuffer1230/X (sky130_fd_sc_hd__buf_4)
   0.118    5.307 v rebuffer1229/X (sky130_fd_sc_hd__buf_4)
   0.116    5.422 v rebuffer1228/X (sky130_fd_sc_hd__buf_4)
   0.119    5.541 v rebuffer1227/X (sky130_fd_sc_hd__buf_4)
   0.119    5.660 v rebuffer1226/X (sky130_fd_sc_hd__buf_4)
   0.130    5.790 v place805/X (sky130_fd_sc_hd__buf_4)
   0.121    5.912 v _6490_/Y (sky130_fd_sc_hd__xnor2_2)
   0.174    6.086 ^ _6493_/Y (sky130_fd_sc_hd__a21oi_2)
   0.099    6.185 v _6494_/Y (sky130_fd_sc_hd__o22ai_2)
   0.145    6.330 v rebuffer1254/X (sky130_fd_sc_hd__buf_4)
   0.138    6.468 v place792/X (sky130_fd_sc_hd__buf_4)
   0.220    6.688 ^ _7189_/Y (sky130_fd_sc_hd__o221ai_1)
   0.165    6.853 v _7190_/Y (sky130_fd_sc_hd__o221ai_2)
   0.226    7.080 v place754/X (sky130_fd_sc_hd__buf_12)
   0.017    7.096 v dp.rf.rf[12][20]$_DFFE_PP_/D (sky130_fd_sc_hd__edfxtp_1)
            7.096   data arrival time

   7.000    7.000   clock clk (rise edge)
   0.775    7.775   clock network delay (ideal)
   0.000    7.775   clock reconvergence pessimism
            7.775 ^ dp.rf.rf[12][20]$_DFFE_PP_/CLK (sky130_fd_sc_hd__edfxtp_1)
  -0.275    7.500   library setup time
            7.500   data required time
-----------------------------------------------------------
            7.500   data required time
           -7.096   data arrival time
-----------------------------------------------------------
            0.404   slack (MET)


Startpoint: dp.rf.rf[11][2]$_DFFE_PP_
            (rising edge-triggered flip-flop clocked by clk)
Endpoint: dp.rf.rf[14][20]$_DFFE_PP_
          (rising edge-triggered flip-flop clocked by clk)
Path Group: clk
Path Type: max

   Delay     Time   Description
-----------------------------------------------------------
   0.000    0.000   clock clk (rise edge)
   0.775    0.775   clock network delay (ideal)
   0.000    0.775 ^ dp.rf.rf[11][2]$_DFFE_PP_/CLK (sky130_fd_sc_hd__edfxtp_1)
   0.357    1.132 v dp.rf.rf[11][2]$_DFFE_PP_/Q (sky130_fd_sc_hd__edfxtp_1)
   0.512    1.644 v _4270_/X (sky130_fd_sc_hd__mux4_2)
   0.494    2.139 v _4274_/X (sky130_fd_sc_hd__mux4_2)
   0.166    2.305 ^ _4281_/Y (sky130_fd_sc_hd__a22oi_2)
   0.163    2.468 ^ place1090/X (sky130_fd_sc_hd__buf_4)
   0.065    2.533 v _6016_/Y (sky130_fd_sc_hd__nand2_1)
   0.198    2.730 v _6084_/X (sky130_fd_sc_hd__o21a_1)
   0.152    2.882 v _7511_/Y (sky130_fd_sc_hd__xnor2_2)
   0.320    3.202 ^ _7714_/SUM (sky130_fd_sc_hd__ha_1)
   0.155    3.357 ^ _5928_/X (sky130_fd_sc_hd__a21o_1)
   0.078    3.436 v _5929_/Y (sky130_fd_sc_hd__a21oi_2)
   0.147    3.582 ^ _5931_/Y (sky130_fd_sc_hd__o21ai_2)
   0.109    3.692 v _5935_/Y (sky130_fd_sc_hd__a311oi_2)
   0.187    3.879 v place822/X (sky130_fd_sc_hd__buf_4)
   0.261    4.140 ^ _5954_/Y (sky130_fd_sc_hd__o2111ai_4)
   0.104    4.244 v _5958_/Y (sky130_fd_sc_hd__nand2_2)
   0.130    4.374 v rebuffer1237/X (sky130_fd_sc_hd__buf_6)
   0.116    4.490 v rebuffer1236/X (sky130_fd_sc_hd__buf_4)
   0.116    4.606 v rebuffer1235/X (sky130_fd_sc_hd__buf_4)
   0.115    4.720 v rebuffer1234/X (sky130_fd_sc_hd__buf_4)
   0.114    4.834 v rebuffer1233/X (sky130_fd_sc_hd__buf_4)
   0.121    4.956 v rebuffer1232/X (sky130_fd_sc_hd__buf_4)
   0.117    5.073 v rebuffer1231/X (sky130_fd_sc_hd__buf_4)
   0.116    5.189 v rebuffer1230/X (sky130_fd_sc_hd__buf_4)
   0.118    5.307 v rebuffer1229/X (sky130_fd_sc_hd__buf_4)
   0.116    5.422 v rebuffer1228/X (sky130_fd_sc_hd__buf_4)
   0.119    5.541 v rebuffer1227/X (sky130_fd_sc_hd__buf_4)
   0.119    5.660 v rebuffer1226/X (sky130_fd_sc_hd__buf_4)
   0.130    5.790 v place805/X (sky130_fd_sc_hd__buf_4)
   0.121    5.912 v _6490_/Y (sky130_fd_sc_hd__xnor2_2)
   0.174    6.086 ^ _6493_/Y (sky130_fd_sc_hd__a21oi_2)
   0.099    6.185 v _6494_/Y (sky130_fd_sc_hd__o22ai_2)
   0.145    6.330 v rebuffer1254/X (sky130_fd_sc_hd__buf_4)
   0.138    6.468 v place792/X (sky130_fd_sc_hd__buf_4)
   0.220    6.688 ^ _7189_/Y (sky130_fd_sc_hd__o221ai_1)
   0.165    6.853 v _7190_/Y (sky130_fd_sc_hd__o221ai_2)
   0.226    7.080 v place754/X (sky130_fd_sc_hd__buf_12)
   0.017    7.096 v dp.rf.rf[14][20]$_DFFE_PP_/D (sky130_fd_sc_hd__edfxtp_1)
            7.096   data arrival time

   7.000    7.000   clock clk (rise edge)
   0.775    7.775   clock network delay (ideal)
   0.000    7.775   clock reconvergence pessimism
            7.775 ^ dp.rf.rf[14][20]$_DFFE_PP_/CLK (sky130_fd_sc_hd__edfxtp_1)
  -0.275    7.500   library setup time
            7.500   data required time
-----------------------------------------------------------
            7.500   data required time
           -7.096   data arrival time
-----------------------------------------------------------
            0.404   slack (MET)


Startpoint: dp.rf.rf[11][2]$_DFFE_PP_
            (rising edge-triggered flip-flop clocked by clk)
Endpoint: dp.rf.rf[4][20]$_DFFE_PP_
          (rising edge-triggered flip-flop clocked by clk)
Path Group: clk
Path Type: max

   Delay     Time   Description
-----------------------------------------------------------
   0.000    0.000   clock clk (rise edge)
   0.775    0.775   clock network delay (ideal)
   0.000    0.775 ^ dp.rf.rf[11][2]$_DFFE_PP_/CLK (sky130_fd_sc_hd__edfxtp_1)
   0.357    1.132 v dp.rf.rf[11][2]$_DFFE_PP_/Q (sky130_fd_sc_hd__edfxtp_1)
   0.512    1.644 v _4270_/X (sky130_fd_sc_hd__mux4_2)
   0.494    2.139 v _4274_/X (sky130_fd_sc_hd__mux4_2)
   0.166    2.305 ^ _4281_/Y (sky130_fd_sc_hd__a22oi_2)
   0.163    2.468 ^ place1090/X (sky130_fd_sc_hd__buf_4)
   0.065    2.533 v _6016_/Y (sky130_fd_sc_hd__nand2_1)
   0.198    2.730 v _6084_/X (sky130_fd_sc_hd__o21a_1)
   0.152    2.882 v _7511_/Y (sky130_fd_sc_hd__xnor2_2)
   0.320    3.202 ^ _7714_/SUM (sky130_fd_sc_hd__ha_1)
   0.155    3.357 ^ _5928_/X (sky130_fd_sc_hd__a21o_1)
   0.078    3.436 v _5929_/Y (sky130_fd_sc_hd__a21oi_2)
   0.147    3.582 ^ _5931_/Y (sky130_fd_sc_hd__o21ai_2)
   0.109    3.692 v _5935_/Y (sky130_fd_sc_hd__a311oi_2)
   0.187    3.879 v place822/X (sky130_fd_sc_hd__buf_4)
   0.261    4.140 ^ _5954_/Y (sky130_fd_sc_hd__o2111ai_4)
   0.104    4.244 v _5958_/Y (sky130_fd_sc_hd__nand2_2)
   0.130    4.374 v rebuffer1237/X (sky130_fd_sc_hd__buf_6)
   0.116    4.490 v rebuffer1236/X (sky130_fd_sc_hd__buf_4)
   0.116    4.606 v rebuffer1235/X (sky130_fd_sc_hd__buf_4)
   0.115    4.720 v rebuffer1234/X (sky130_fd_sc_hd__buf_4)
   0.114    4.834 v rebuffer1233/X (sky130_fd_sc_hd__buf_4)
   0.121    4.956 v rebuffer1232/X (sky130_fd_sc_hd__buf_4)
   0.117    5.073 v rebuffer1231/X (sky130_fd_sc_hd__buf_4)
   0.116    5.189 v rebuffer1230/X (sky130_fd_sc_hd__buf_4)
   0.118    5.307 v rebuffer1229/X (sky130_fd_sc_hd__buf_4)
   0.116    5.422 v rebuffer1228/X (sky130_fd_sc_hd__buf_4)
   0.119    5.541 v rebuffer1227/X (sky130_fd_sc_hd__buf_4)
   0.119    5.660 v rebuffer1226/X (sky130_fd_sc_hd__buf_4)
   0.130    5.790 v place805/X (sky130_fd_sc_hd__buf_4)
   0.121    5.912 v _6490_/Y (sky130_fd_sc_hd__xnor2_2)
   0.174    6.086 ^ _6493_/Y (sky130_fd_sc_hd__a21oi_2)
   0.099    6.185 v _6494_/Y (sky130_fd_sc_hd__o22ai_2)
   0.145    6.330 v rebuffer1254/X (sky130_fd_sc_hd__buf_4)
   0.138    6.468 v place792/X (sky130_fd_sc_hd__buf_4)
   0.220    6.688 ^ _7189_/Y (sky130_fd_sc_hd__o221ai_1)
   0.165    6.853 v _7190_/Y (sky130_fd_sc_hd__o221ai_2)
   0.226    7.080 v place754/X (sky130_fd_sc_hd__buf_12)
   0.015    7.094 v dp.rf.rf[4][20]$_DFFE_PP_/D (sky130_fd_sc_hd__edfxtp_1)
            7.094   data arrival time

   7.000    7.000   clock clk (rise edge)
   0.775    7.775   clock network delay (ideal)
   0.000    7.775   clock reconvergence pessimism
            7.775 ^ dp.rf.rf[4][20]$_DFFE_PP_/CLK (sky130_fd_sc_hd__edfxtp_1)
  -0.274    7.501   library setup time
            7.501   data required time
-----------------------------------------------------------
            7.501   data required time
           -7.094   data arrival time
-----------------------------------------------------------
            0.406   slack (MET)


Startpoint: dp.rf.rf[5][1]$_DFFE_PP_
            (rising edge-triggered flip-flop clocked by clk)
Endpoint: dp.rf.rf[14][28]$_DFFE_PP_
          (rising edge-triggered flip-flop clocked by clk)
Path Group: clk
Path Type: max

   Delay     Time   Description
-----------------------------------------------------------
   0.000    0.000   clock clk (rise edge)
   0.775    0.775   clock network delay (ideal)
   0.000    0.775 ^ dp.rf.rf[5][1]$_DFFE_PP_/CLK (sky130_fd_sc_hd__edfxtp_1)
   0.362    1.137 v dp.rf.rf[5][1]$_DFFE_PP_/Q (sky130_fd_sc_hd__edfxtp_1)
   0.283    1.421 v _4342_/X (sky130_fd_sc_hd__mux2_2)
   0.289    1.709 v _4343_/X (sky130_fd_sc_hd__a221o_1)
   0.140    1.849 ^ _4344_/Y (sky130_fd_sc_hd__a22oi_1)
   0.073    1.923 v _4345_/Y (sky130_fd_sc_hd__a31oi_1)
   0.225    2.147 v _4346_/X (sky130_fd_sc_hd__a22o_1)
   0.249    2.396 ^ _4354_/Y (sky130_fd_sc_hd__a311oi_2)
   0.177    2.573 ^ place987/X (sky130_fd_sc_hd__buf_4)
   0.236    2.809 ^ place986/X (sky130_fd_sc_hd__buf_4)
   0.195    3.004 v _7418_/Y (sky130_fd_sc_hd__o21ai_0)
   0.466    3.469 v _7642_/COUT (sky130_fd_sc_hd__fa_1)
   0.184    3.653 v _6883_/X (sky130_fd_sc_hd__a21o_1)
   0.182    3.835 ^ _6884_/Y (sky130_fd_sc_hd__a21oi_1)
   0.087    3.923 v _6885_/Y (sky130_fd_sc_hd__o21bai_1)
   0.256    4.179 ^ _6886_/Y (sky130_fd_sc_hd__a21oi_1)
   0.159    4.337 v _6887_/Y (sky130_fd_sc_hd__o21bai_1)
   0.238    4.575 ^ _6895_/Y (sky130_fd_sc_hd__a41oi_1)
   0.161    4.736 ^ place810/X (sky130_fd_sc_hd__buf_4)
   0.191    4.927 v _6899_/Y (sky130_fd_sc_hd__a21oi_1)
   0.274    5.201 ^ _6903_/Y (sky130_fd_sc_hd__a41oi_2)
   0.154    5.355 ^ place802/X (sky130_fd_sc_hd__buf_4)
   0.091    5.447 v _6907_/Y (sky130_fd_sc_hd__a21oi_1)
   0.334    5.781 ^ _6911_/Y (sky130_fd_sc_hd__a41oi_1)
   0.216    5.996 v _6915_/Y (sky130_fd_sc_hd__a21oi_1)
   0.215    6.212 v _6972_/X (sky130_fd_sc_hd__a21o_1)
   0.161    6.373 ^ _6973_/Y (sky130_fd_sc_hd__a21oi_1)
   0.258    6.631 ^ _6974_/X (sky130_fd_sc_hd__xor2_1)
   0.184    6.814 v _7145_/Y (sky130_fd_sc_hd__o221ai_2)
   0.231    7.046 v place747/X (sky130_fd_sc_hd__buf_12)
   0.023    7.069 v dp.rf.rf[14][28]$_DFFE_PP_/D (sky130_fd_sc_hd__edfxtp_1)
            7.069   data arrival time

   7.000    7.000   clock clk (rise edge)
   0.775    7.775   clock network delay (ideal)
   0.000    7.775   clock reconvergence pessimism
            7.775 ^ dp.rf.rf[14][28]$_DFFE_PP_/CLK (sky130_fd_sc_hd__edfxtp_1)
  -0.275    7.500   library setup time
            7.500   data required time
-----------------------------------------------------------
            7.500   data required time
           -7.069   data arrival time
-----------------------------------------------------------
            0.431   slack (MET)


Startpoint: dp.rf.rf[5][1]$_DFFE_PP_
            (rising edge-triggered flip-flop clocked by clk)
Endpoint: dp.rf.rf[15][28]$_DFFE_PP_
          (rising edge-triggered flip-flop clocked by clk)
Path Group: clk
Path Type: max

   Delay     Time   Description
-----------------------------------------------------------
   0.000    0.000   clock clk (rise edge)
   0.775    0.775   clock network delay (ideal)
   0.000    0.775 ^ dp.rf.rf[5][1]$_DFFE_PP_/CLK (sky130_fd_sc_hd__edfxtp_1)
   0.362    1.137 v dp.rf.rf[5][1]$_DFFE_PP_/Q (sky130_fd_sc_hd__edfxtp_1)
   0.283    1.421 v _4342_/X (sky130_fd_sc_hd__mux2_2)
   0.289    1.709 v _4343_/X (sky130_fd_sc_hd__a221o_1)
   0.140    1.849 ^ _4344_/Y (sky130_fd_sc_hd__a22oi_1)
   0.073    1.923 v _4345_/Y (sky130_fd_sc_hd__a31oi_1)
   0.225    2.147 v _4346_/X (sky130_fd_sc_hd__a22o_1)
   0.249    2.396 ^ _4354_/Y (sky130_fd_sc_hd__a311oi_2)
   0.177    2.573 ^ place987/X (sky130_fd_sc_hd__buf_4)
   0.236    2.809 ^ place986/X (sky130_fd_sc_hd__buf_4)
   0.195    3.004 v _7418_/Y (sky130_fd_sc_hd__o21ai_0)
   0.466    3.469 v _7642_/COUT (sky130_fd_sc_hd__fa_1)
   0.184    3.653 v _6883_/X (sky130_fd_sc_hd__a21o_1)
   0.182    3.835 ^ _6884_/Y (sky130_fd_sc_hd__a21oi_1)
   0.087    3.923 v _6885_/Y (sky130_fd_sc_hd__o21bai_1)
   0.256    4.179 ^ _6886_/Y (sky130_fd_sc_hd__a21oi_1)
   0.159    4.337 v _6887_/Y (sky130_fd_sc_hd__o21bai_1)
   0.238    4.575 ^ _6895_/Y (sky130_fd_sc_hd__a41oi_1)
   0.161    4.736 ^ place810/X (sky130_fd_sc_hd__buf_4)
   0.191    4.927 v _6899_/Y (sky130_fd_sc_hd__a21oi_1)
   0.274    5.201 ^ _6903_/Y (sky130_fd_sc_hd__a41oi_2)
   0.154    5.355 ^ place802/X (sky130_fd_sc_hd__buf_4)
   0.091    5.447 v _6907_/Y (sky130_fd_sc_hd__a21oi_1)
   0.334    5.781 ^ _6911_/Y (sky130_fd_sc_hd__a41oi_1)
   0.216    5.996 v _6915_/Y (sky130_fd_sc_hd__a21oi_1)
   0.215    6.212 v _6972_/X (sky130_fd_sc_hd__a21o_1)
   0.161    6.373 ^ _6973_/Y (sky130_fd_sc_hd__a21oi_1)
   0.258    6.631 ^ _6974_/X (sky130_fd_sc_hd__xor2_1)
   0.184    6.814 v _7145_/Y (sky130_fd_sc_hd__o221ai_2)
   0.231    7.046 v place747/X (sky130_fd_sc_hd__buf_12)
   0.023    7.069 v dp.rf.rf[15][28]$_DFFE_PP_/D (sky130_fd_sc_hd__edfxtp_1)
            7.069   data arrival time

   7.000    7.000   clock clk (rise edge)
   0.775    7.775   clock network delay (ideal)
   0.000    7.775   clock reconvergence pessimism
            7.775 ^ dp.rf.rf[15][28]$_DFFE_PP_/CLK (sky130_fd_sc_hd__edfxtp_1)
  -0.275    7.500   library setup time
            7.500   data required time
-----------------------------------------------------------
            7.500   data required time
           -7.069   data arrival time
-----------------------------------------------------------
            0.431   slack (MET)


Startpoint: dp.rf.rf[5][1]$_DFFE_PP_
            (rising edge-triggered flip-flop clocked by clk)
Endpoint: dp.rf.rf[12][28]$_DFFE_PP_
          (rising edge-triggered flip-flop clocked by clk)
Path Group: clk
Path Type: max

   Delay     Time   Description
-----------------------------------------------------------
   0.000    0.000   clock clk (rise edge)
   0.775    0.775   clock network delay (ideal)
   0.000    0.775 ^ dp.rf.rf[5][1]$_DFFE_PP_/CLK (sky130_fd_sc_hd__edfxtp_1)
   0.362    1.137 v dp.rf.rf[5][1]$_DFFE_PP_/Q (sky130_fd_sc_hd__edfxtp_1)
   0.283    1.421 v _4342_/X (sky130_fd_sc_hd__mux2_2)
   0.289    1.709 v _4343_/X (sky130_fd_sc_hd__a221o_1)
   0.140    1.849 ^ _4344_/Y (sky130_fd_sc_hd__a22oi_1)
   0.073    1.923 v _4345_/Y (sky130_fd_sc_hd__a31oi_1)
   0.225    2.147 v _4346_/X (sky130_fd_sc_hd__a22o_1)
   0.249    2.396 ^ _4354_/Y (sky130_fd_sc_hd__a311oi_2)
   0.177    2.573 ^ place987/X (sky130_fd_sc_hd__buf_4)
   0.236    2.809 ^ place986/X (sky130_fd_sc_hd__buf_4)
   0.195    3.004 v _7418_/Y (sky130_fd_sc_hd__o21ai_0)
   0.466    3.469 v _7642_/COUT (sky130_fd_sc_hd__fa_1)
   0.184    3.653 v _6883_/X (sky130_fd_sc_hd__a21o_1)
   0.182    3.835 ^ _6884_/Y (sky130_fd_sc_hd__a21oi_1)
   0.087    3.923 v _6885_/Y (sky130_fd_sc_hd__o21bai_1)
   0.256    4.179 ^ _6886_/Y (sky130_fd_sc_hd__a21oi_1)
   0.159    4.337 v _6887_/Y (sky130_fd_sc_hd__o21bai_1)
   0.238    4.575 ^ _6895_/Y (sky130_fd_sc_hd__a41oi_1)
   0.161    4.736 ^ place810/X (sky130_fd_sc_hd__buf_4)
   0.191    4.927 v _6899_/Y (sky130_fd_sc_hd__a21oi_1)
   0.274    5.201 ^ _6903_/Y (sky130_fd_sc_hd__a41oi_2)
   0.154    5.355 ^ place802/X (sky130_fd_sc_hd__buf_4)
   0.091    5.447 v _6907_/Y (sky130_fd_sc_hd__a21oi_1)
   0.334    5.781 ^ _6911_/Y (sky130_fd_sc_hd__a41oi_1)
   0.216    5.996 v _6915_/Y (sky130_fd_sc_hd__a21oi_1)
   0.215    6.212 v _6972_/X (sky130_fd_sc_hd__a21o_1)
   0.161    6.373 ^ _6973_/Y (sky130_fd_sc_hd__a21oi_1)
   0.258    6.631 ^ _6974_/X (sky130_fd_sc_hd__xor2_1)
   0.184    6.814 v _7145_/Y (sky130_fd_sc_hd__o221ai_2)
   0.231    7.046 v place747/X (sky130_fd_sc_hd__buf_12)
   0.023    7.069 v dp.rf.rf[12][28]$_DFFE_PP_/D (sky130_fd_sc_hd__edfxtp_1)
            7.069   data arrival time

   7.000    7.000   clock clk (rise edge)
   0.775    7.775   clock network delay (ideal)
   0.000    7.775   clock reconvergence pessimism
            7.775 ^ dp.rf.rf[12][28]$_DFFE_PP_/CLK (sky130_fd_sc_hd__edfxtp_1)
  -0.275    7.500   library setup time
            7.500   data required time
-----------------------------------------------------------
            7.500   data required time
           -7.069   data arrival time
-----------------------------------------------------------
            0.431   slack (MET)


Startpoint: dp.rf.rf[5][1]$_DFFE_PP_
            (rising edge-triggered flip-flop clocked by clk)
Endpoint: dp.rf.rf[13][28]$_DFFE_PP_
          (rising edge-triggered flip-flop clocked by clk)
Path Group: clk
Path Type: max

   Delay     Time   Description
-----------------------------------------------------------
   0.000    0.000   clock clk (rise edge)
   0.775    0.775   clock network delay (ideal)
   0.000    0.775 ^ dp.rf.rf[5][1]$_DFFE_PP_/CLK (sky130_fd_sc_hd__edfxtp_1)
   0.362    1.137 v dp.rf.rf[5][1]$_DFFE_PP_/Q (sky130_fd_sc_hd__edfxtp_1)
   0.283    1.421 v _4342_/X (sky130_fd_sc_hd__mux2_2)
   0.289    1.709 v _4343_/X (sky130_fd_sc_hd__a221o_1)
   0.140    1.849 ^ _4344_/Y (sky130_fd_sc_hd__a22oi_1)
   0.073    1.923 v _4345_/Y (sky130_fd_sc_hd__a31oi_1)
   0.225    2.147 v _4346_/X (sky130_fd_sc_hd__a22o_1)
   0.249    2.396 ^ _4354_/Y (sky130_fd_sc_hd__a311oi_2)
   0.177    2.573 ^ place987/X (sky130_fd_sc_hd__buf_4)
   0.236    2.809 ^ place986/X (sky130_fd_sc_hd__buf_4)
   0.195    3.004 v _7418_/Y (sky130_fd_sc_hd__o21ai_0)
   0.466    3.469 v _7642_/COUT (sky130_fd_sc_hd__fa_1)
   0.184    3.653 v _6883_/X (sky130_fd_sc_hd__a21o_1)
   0.182    3.835 ^ _6884_/Y (sky130_fd_sc_hd__a21oi_1)
   0.087    3.923 v _6885_/Y (sky130_fd_sc_hd__o21bai_1)
   0.256    4.179 ^ _6886_/Y (sky130_fd_sc_hd__a21oi_1)
   0.159    4.337 v _6887_/Y (sky130_fd_sc_hd__o21bai_1)
   0.238    4.575 ^ _6895_/Y (sky130_fd_sc_hd__a41oi_1)
   0.161    4.736 ^ place810/X (sky130_fd_sc_hd__buf_4)
   0.191    4.927 v _6899_/Y (sky130_fd_sc_hd__a21oi_1)
   0.274    5.201 ^ _6903_/Y (sky130_fd_sc_hd__a41oi_2)
   0.154    5.355 ^ place802/X (sky130_fd_sc_hd__buf_4)
   0.091    5.447 v _6907_/Y (sky130_fd_sc_hd__a21oi_1)
   0.334    5.781 ^ _6911_/Y (sky130_fd_sc_hd__a41oi_1)
   0.216    5.996 v _6915_/Y (sky130_fd_sc_hd__a21oi_1)
   0.215    6.212 v _6972_/X (sky130_fd_sc_hd__a21o_1)
   0.161    6.373 ^ _6973_/Y (sky130_fd_sc_hd__a21oi_1)
   0.258    6.631 ^ _6974_/X (sky130_fd_sc_hd__xor2_1)
   0.184    6.814 v _7145_/Y (sky130_fd_sc_hd__o221ai_2)
   0.231    7.046 v place747/X (sky130_fd_sc_hd__buf_12)
   0.023    7.069 v dp.rf.rf[13][28]$_DFFE_PP_/D (sky130_fd_sc_hd__edfxtp_1)
            7.069   data arrival time

   7.000    7.000   clock clk (rise edge)
   0.775    7.775   clock network delay (ideal)
   0.000    7.775   clock reconvergence pessimism
            7.775 ^ dp.rf.rf[13][28]$_DFFE_PP_/CLK (sky130_fd_sc_hd__edfxtp_1)
  -0.275    7.500   library setup time
            7.500   data required time
-----------------------------------------------------------
            7.500   data required time
           -7.069   data arrival time
-----------------------------------------------------------
            0.431   slack (MET)


Startpoint: dp.rf.rf[5][1]$_DFFE_PP_
            (rising edge-triggered flip-flop clocked by clk)
Endpoint: dp.rf.rf[10][28]$_DFFE_PP_
          (rising edge-triggered flip-flop clocked by clk)
Path Group: clk
Path Type: max

   Delay     Time   Description
-----------------------------------------------------------
   0.000    0.000   clock clk (rise edge)
   0.775    0.775   clock network delay (ideal)
   0.000    0.775 ^ dp.rf.rf[5][1]$_DFFE_PP_/CLK (sky130_fd_sc_hd__edfxtp_1)
   0.362    1.137 v dp.rf.rf[5][1]$_DFFE_PP_/Q (sky130_fd_sc_hd__edfxtp_1)
   0.283    1.421 v _4342_/X (sky130_fd_sc_hd__mux2_2)
   0.289    1.709 v _4343_/X (sky130_fd_sc_hd__a221o_1)
   0.140    1.849 ^ _4344_/Y (sky130_fd_sc_hd__a22oi_1)
   0.073    1.923 v _4345_/Y (sky130_fd_sc_hd__a31oi_1)
   0.225    2.147 v _4346_/X (sky130_fd_sc_hd__a22o_1)
   0.249    2.396 ^ _4354_/Y (sky130_fd_sc_hd__a311oi_2)
   0.177    2.573 ^ place987/X (sky130_fd_sc_hd__buf_4)
   0.236    2.809 ^ place986/X (sky130_fd_sc_hd__buf_4)
   0.195    3.004 v _7418_/Y (sky130_fd_sc_hd__o21ai_0)
   0.466    3.469 v _7642_/COUT (sky130_fd_sc_hd__fa_1)
   0.184    3.653 v _6883_/X (sky130_fd_sc_hd__a21o_1)
   0.182    3.835 ^ _6884_/Y (sky130_fd_sc_hd__a21oi_1)
   0.087    3.923 v _6885_/Y (sky130_fd_sc_hd__o21bai_1)
   0.256    4.179 ^ _6886_/Y (sky130_fd_sc_hd__a21oi_1)
   0.159    4.337 v _6887_/Y (sky130_fd_sc_hd__o21bai_1)
   0.238    4.575 ^ _6895_/Y (sky130_fd_sc_hd__a41oi_1)
   0.161    4.736 ^ place810/X (sky130_fd_sc_hd__buf_4)
   0.191    4.927 v _6899_/Y (sky130_fd_sc_hd__a21oi_1)
   0.274    5.201 ^ _6903_/Y (sky130_fd_sc_hd__a41oi_2)
   0.154    5.355 ^ place802/X (sky130_fd_sc_hd__buf_4)
   0.091    5.447 v _6907_/Y (sky130_fd_sc_hd__a21oi_1)
   0.334    5.781 ^ _6911_/Y (sky130_fd_sc_hd__a41oi_1)
   0.216    5.996 v _6915_/Y (sky130_fd_sc_hd__a21oi_1)
   0.215    6.212 v _6972_/X (sky130_fd_sc_hd__a21o_1)
   0.161    6.373 ^ _6973_/Y (sky130_fd_sc_hd__a21oi_1)
   0.258    6.631 ^ _6974_/X (sky130_fd_sc_hd__xor2_1)
   0.184    6.814 v _7145_/Y (sky130_fd_sc_hd__o221ai_2)
   0.231    7.046 v place747/X (sky130_fd_sc_hd__buf_12)
   0.023    7.069 v dp.rf.rf[10][28]$_DFFE_PP_/D (sky130_fd_sc_hd__edfxtp_1)
            7.069   data arrival time

   7.000    7.000   clock clk (rise edge)
   0.775    7.775   clock network delay (ideal)
   0.000    7.775   clock reconvergence pessimism
            7.775 ^ dp.rf.rf[10][28]$_DFFE_PP_/CLK (sky130_fd_sc_hd__edfxtp_1)
  -0.275    7.500   library setup time
            7.500   data required time
-----------------------------------------------------------
            7.500   data required time
           -7.069   data arrival time
-----------------------------------------------------------
            0.431   slack (MET)


Startpoint: dp.rf.rf[5][1]$_DFFE_PP_
            (rising edge-triggered flip-flop clocked by clk)
Endpoint: dp.rf.rf[11][28]$_DFFE_PP_
          (rising edge-triggered flip-flop clocked by clk)
Path Group: clk
Path Type: max

   Delay     Time   Description
-----------------------------------------------------------
   0.000    0.000   clock clk (rise edge)
   0.775    0.775   clock network delay (ideal)
   0.000    0.775 ^ dp.rf.rf[5][1]$_DFFE_PP_/CLK (sky130_fd_sc_hd__edfxtp_1)
   0.362    1.137 v dp.rf.rf[5][1]$_DFFE_PP_/Q (sky130_fd_sc_hd__edfxtp_1)
   0.283    1.421 v _4342_/X (sky130_fd_sc_hd__mux2_2)
   0.289    1.709 v _4343_/X (sky130_fd_sc_hd__a221o_1)
   0.140    1.849 ^ _4344_/Y (sky130_fd_sc_hd__a22oi_1)
   0.073    1.923 v _4345_/Y (sky130_fd_sc_hd__a31oi_1)
   0.225    2.147 v _4346_/X (sky130_fd_sc_hd__a22o_1)
   0.249    2.396 ^ _4354_/Y (sky130_fd_sc_hd__a311oi_2)
   0.177    2.573 ^ place987/X (sky130_fd_sc_hd__buf_4)
   0.236    2.809 ^ place986/X (sky130_fd_sc_hd__buf_4)
   0.195    3.004 v _7418_/Y (sky130_fd_sc_hd__o21ai_0)
   0.466    3.469 v _7642_/COUT (sky130_fd_sc_hd__fa_1)
   0.184    3.653 v _6883_/X (sky130_fd_sc_hd__a21o_1)
   0.182    3.835 ^ _6884_/Y (sky130_fd_sc_hd__a21oi_1)
   0.087    3.923 v _6885_/Y (sky130_fd_sc_hd__o21bai_1)
   0.256    4.179 ^ _6886_/Y (sky130_fd_sc_hd__a21oi_1)
   0.159    4.337 v _6887_/Y (sky130_fd_sc_hd__o21bai_1)
   0.238    4.575 ^ _6895_/Y (sky130_fd_sc_hd__a41oi_1)
   0.161    4.736 ^ place810/X (sky130_fd_sc_hd__buf_4)
   0.191    4.927 v _6899_/Y (sky130_fd_sc_hd__a21oi_1)
   0.274    5.201 ^ _6903_/Y (sky130_fd_sc_hd__a41oi_2)
   0.154    5.355 ^ place802/X (sky130_fd_sc_hd__buf_4)
   0.091    5.447 v _6907_/Y (sky130_fd_sc_hd__a21oi_1)
   0.334    5.781 ^ _6911_/Y (sky130_fd_sc_hd__a41oi_1)
   0.216    5.996 v _6915_/Y (sky130_fd_sc_hd__a21oi_1)
   0.215    6.212 v _6972_/X (sky130_fd_sc_hd__a21o_1)
   0.161    6.373 ^ _6973_/Y (sky130_fd_sc_hd__a21oi_1)
   0.258    6.631 ^ _6974_/X (sky130_fd_sc_hd__xor2_1)
   0.184    6.814 v _7145_/Y (sky130_fd_sc_hd__o221ai_2)
   0.231    7.046 v place747/X (sky130_fd_sc_hd__buf_12)
   0.023    7.069 v dp.rf.rf[11][28]$_DFFE_PP_/D (sky130_fd_sc_hd__edfxtp_1)
            7.069   data arrival time

   7.000    7.000   clock clk (rise edge)
   0.775    7.775   clock network delay (ideal)
   0.000    7.775   clock reconvergence pessimism
            7.775 ^ dp.rf.rf[11][28]$_DFFE_PP_/CLK (sky130_fd_sc_hd__edfxtp_1)
  -0.275    7.500   library setup time
            7.500   data required time
-----------------------------------------------------------
            7.500   data required time
           -7.069   data arrival time
-----------------------------------------------------------
            0.431   slack (MET)


Startpoint: dp.rf.rf[5][1]$_DFFE_PP_
            (rising edge-triggered flip-flop clocked by clk)
Endpoint: dp.rf.rf[9][28]$_DFFE_PP_
          (rising edge-triggered flip-flop clocked by clk)
Path Group: clk
Path Type: max

   Delay     Time   Description
-----------------------------------------------------------
   0.000    0.000   clock clk (rise edge)
   0.775    0.775   clock network delay (ideal)
   0.000    0.775 ^ dp.rf.rf[5][1]$_DFFE_PP_/CLK (sky130_fd_sc_hd__edfxtp_1)
   0.362    1.137 v dp.rf.rf[5][1]$_DFFE_PP_/Q (sky130_fd_sc_hd__edfxtp_1)
   0.283    1.421 v _4342_/X (sky130_fd_sc_hd__mux2_2)
   0.289    1.709 v _4343_/X (sky130_fd_sc_hd__a221o_1)
   0.140    1.849 ^ _4344_/Y (sky130_fd_sc_hd__a22oi_1)
   0.073    1.923 v _4345_/Y (sky130_fd_sc_hd__a31oi_1)
   0.225    2.147 v _4346_/X (sky130_fd_sc_hd__a22o_1)
   0.249    2.396 ^ _4354_/Y (sky130_fd_sc_hd__a311oi_2)
   0.177    2.573 ^ place987/X (sky130_fd_sc_hd__buf_4)
   0.236    2.809 ^ place986/X (sky130_fd_sc_hd__buf_4)
   0.195    3.004 v _7418_/Y (sky130_fd_sc_hd__o21ai_0)
   0.466    3.469 v _7642_/COUT (sky130_fd_sc_hd__fa_1)
   0.184    3.653 v _6883_/X (sky130_fd_sc_hd__a21o_1)
   0.182    3.835 ^ _6884_/Y (sky130_fd_sc_hd__a21oi_1)
   0.087    3.923 v _6885_/Y (sky130_fd_sc_hd__o21bai_1)
   0.256    4.179 ^ _6886_/Y (sky130_fd_sc_hd__a21oi_1)
   0.159    4.337 v _6887_/Y (sky130_fd_sc_hd__o21bai_1)
   0.238    4.575 ^ _6895_/Y (sky130_fd_sc_hd__a41oi_1)
   0.161    4.736 ^ place810/X (sky130_fd_sc_hd__buf_4)
   0.191    4.927 v _6899_/Y (sky130_fd_sc_hd__a21oi_1)
   0.274    5.201 ^ _6903_/Y (sky130_fd_sc_hd__a41oi_2)
   0.154    5.355 ^ place802/X (sky130_fd_sc_hd__buf_4)
   0.091    5.447 v _6907_/Y (sky130_fd_sc_hd__a21oi_1)
   0.334    5.781 ^ _6911_/Y (sky130_fd_sc_hd__a41oi_1)
   0.216    5.996 v _6915_/Y (sky130_fd_sc_hd__a21oi_1)
   0.215    6.212 v _6972_/X (sky130_fd_sc_hd__a21o_1)
   0.161    6.373 ^ _6973_/Y (sky130_fd_sc_hd__a21oi_1)
   0.258    6.631 ^ _6974_/X (sky130_fd_sc_hd__xor2_1)
   0.184    6.814 v _7145_/Y (sky130_fd_sc_hd__o221ai_2)
   0.231    7.046 v place747/X (sky130_fd_sc_hd__buf_12)
   0.023    7.069 v dp.rf.rf[9][28]$_DFFE_PP_/D (sky130_fd_sc_hd__edfxtp_1)
            7.069   data arrival time

   7.000    7.000   clock clk (rise edge)
   0.775    7.775   clock network delay (ideal)
   0.000    7.775   clock reconvergence pessimism
            7.775 ^ dp.rf.rf[9][28]$_DFFE_PP_/CLK (sky130_fd_sc_hd__edfxtp_1)
  -0.275    7.500   library setup time
            7.500   data required time
-----------------------------------------------------------
            7.500   data required time
           -7.069   data arrival time
-----------------------------------------------------------
            0.431   slack (MET)


Startpoint: dp.rf.rf[5][1]$_DFFE_PP_
            (rising edge-triggered flip-flop clocked by clk)
Endpoint: dp.rf.rf[8][28]$_DFFE_PP_
          (rising edge-triggered flip-flop clocked by clk)
Path Group: clk
Path Type: max

   Delay     Time   Description
-----------------------------------------------------------
   0.000    0.000   clock clk (rise edge)
   0.775    0.775   clock network delay (ideal)
   0.000    0.775 ^ dp.rf.rf[5][1]$_DFFE_PP_/CLK (sky130_fd_sc_hd__edfxtp_1)
   0.362    1.137 v dp.rf.rf[5][1]$_DFFE_PP_/Q (sky130_fd_sc_hd__edfxtp_1)
   0.283    1.421 v _4342_/X (sky130_fd_sc_hd__mux2_2)
   0.289    1.709 v _4343_/X (sky130_fd_sc_hd__a221o_1)
   0.140    1.849 ^ _4344_/Y (sky130_fd_sc_hd__a22oi_1)
   0.073    1.923 v _4345_/Y (sky130_fd_sc_hd__a31oi_1)
   0.225    2.147 v _4346_/X (sky130_fd_sc_hd__a22o_1)
   0.249    2.396 ^ _4354_/Y (sky130_fd_sc_hd__a311oi_2)
   0.177    2.573 ^ place987/X (sky130_fd_sc_hd__buf_4)
   0.236    2.809 ^ place986/X (sky130_fd_sc_hd__buf_4)
   0.195    3.004 v _7418_/Y (sky130_fd_sc_hd__o21ai_0)
   0.466    3.469 v _7642_/COUT (sky130_fd_sc_hd__fa_1)
   0.184    3.653 v _6883_/X (sky130_fd_sc_hd__a21o_1)
   0.182    3.835 ^ _6884_/Y (sky130_fd_sc_hd__a21oi_1)
   0.087    3.923 v _6885_/Y (sky130_fd_sc_hd__o21bai_1)
   0.256    4.179 ^ _6886_/Y (sky130_fd_sc_hd__a21oi_1)
   0.159    4.337 v _6887_/Y (sky130_fd_sc_hd__o21bai_1)
   0.238    4.575 ^ _6895_/Y (sky130_fd_sc_hd__a41oi_1)
   0.161    4.736 ^ place810/X (sky130_fd_sc_hd__buf_4)
   0.191    4.927 v _6899_/Y (sky130_fd_sc_hd__a21oi_1)
   0.274    5.201 ^ _6903_/Y (sky130_fd_sc_hd__a41oi_2)
   0.154    5.355 ^ place802/X (sky130_fd_sc_hd__buf_4)
   0.091    5.447 v _6907_/Y (sky130_fd_sc_hd__a21oi_1)
   0.334    5.781 ^ _6911_/Y (sky130_fd_sc_hd__a41oi_1)
   0.216    5.996 v _6915_/Y (sky130_fd_sc_hd__a21oi_1)
   0.215    6.212 v _6972_/X (sky130_fd_sc_hd__a21o_1)
   0.161    6.373 ^ _6973_/Y (sky130_fd_sc_hd__a21oi_1)
   0.258    6.631 ^ _6974_/X (sky130_fd_sc_hd__xor2_1)
   0.184    6.814 v _7145_/Y (sky130_fd_sc_hd__o221ai_2)
   0.231    7.046 v place747/X (sky130_fd_sc_hd__buf_12)
   0.023    7.068 v dp.rf.rf[8][28]$_DFFE_PP_/D (sky130_fd_sc_hd__edfxtp_1)
            7.068   data arrival time

   7.000    7.000   clock clk (rise edge)
   0.775    7.775   clock network delay (ideal)
   0.000    7.775   clock reconvergence pessimism
            7.775 ^ dp.rf.rf[8][28]$_DFFE_PP_/CLK (sky130_fd_sc_hd__edfxtp_1)
  -0.275    7.500   library setup time
            7.500   data required time
-----------------------------------------------------------
            7.500   data required time
           -7.068   data arrival time
-----------------------------------------------------------
            0.431   slack (MET)


Startpoint: dp.rf.rf[5][1]$_DFFE_PP_
            (rising edge-triggered flip-flop clocked by clk)
Endpoint: dp.rf.rf[4][28]$_DFFE_PP_
          (rising edge-triggered flip-flop clocked by clk)
Path Group: clk
Path Type: max

   Delay     Time   Description
-----------------------------------------------------------
   0.000    0.000   clock clk (rise edge)
   0.775    0.775   clock network delay (ideal)
   0.000    0.775 ^ dp.rf.rf[5][1]$_DFFE_PP_/CLK (sky130_fd_sc_hd__edfxtp_1)
   0.362    1.137 v dp.rf.rf[5][1]$_DFFE_PP_/Q (sky130_fd_sc_hd__edfxtp_1)
   0.283    1.421 v _4342_/X (sky130_fd_sc_hd__mux2_2)
   0.289    1.709 v _4343_/X (sky130_fd_sc_hd__a221o_1)
   0.140    1.849 ^ _4344_/Y (sky130_fd_sc_hd__a22oi_1)
   0.073    1.923 v _4345_/Y (sky130_fd_sc_hd__a31oi_1)
   0.225    2.147 v _4346_/X (sky130_fd_sc_hd__a22o_1)
   0.249    2.396 ^ _4354_/Y (sky130_fd_sc_hd__a311oi_2)
   0.177    2.573 ^ place987/X (sky130_fd_sc_hd__buf_4)
   0.236    2.809 ^ place986/X (sky130_fd_sc_hd__buf_4)
   0.195    3.004 v _7418_/Y (sky130_fd_sc_hd__o21ai_0)
   0.466    3.469 v _7642_/COUT (sky130_fd_sc_hd__fa_1)
   0.184    3.653 v _6883_/X (sky130_fd_sc_hd__a21o_1)
   0.182    3.835 ^ _6884_/Y (sky130_fd_sc_hd__a21oi_1)
   0.087    3.923 v _6885_/Y (sky130_fd_sc_hd__o21bai_1)
   0.256    4.179 ^ _6886_/Y (sky130_fd_sc_hd__a21oi_1)
   0.159    4.337 v _6887_/Y (sky130_fd_sc_hd__o21bai_1)
   0.238    4.575 ^ _6895_/Y (sky130_fd_sc_hd__a41oi_1)
   0.161    4.736 ^ place810/X (sky130_fd_sc_hd__buf_4)
   0.191    4.927 v _6899_/Y (sky130_fd_sc_hd__a21oi_1)
   0.274    5.201 ^ _6903_/Y (sky130_fd_sc_hd__a41oi_2)
   0.154    5.355 ^ place802/X (sky130_fd_sc_hd__buf_4)
   0.091    5.447 v _6907_/Y (sky130_fd_sc_hd__a21oi_1)
   0.334    5.781 ^ _6911_/Y (sky130_fd_sc_hd__a41oi_1)
   0.216    5.996 v _6915_/Y (sky130_fd_sc_hd__a21oi_1)
   0.215    6.212 v _6972_/X (sky130_fd_sc_hd__a21o_1)
   0.161    6.373 ^ _6973_/Y (sky130_fd_sc_hd__a21oi_1)
   0.258    6.631 ^ _6974_/X (sky130_fd_sc_hd__xor2_1)
   0.184    6.814 v _7145_/Y (sky130_fd_sc_hd__o221ai_2)
   0.231    7.046 v place747/X (sky130_fd_sc_hd__buf_12)
   0.023    7.068 v dp.rf.rf[4][28]$_DFFE_PP_/D (sky130_fd_sc_hd__edfxtp_1)
            7.068   data arrival time

   7.000    7.000   clock clk (rise edge)
   0.775    7.775   clock network delay (ideal)
   0.000    7.775   clock reconvergence pessimism
            7.775 ^ dp.rf.rf[4][28]$_DFFE_PP_/CLK (sky130_fd_sc_hd__edfxtp_1)
  -0.275    7.500   library setup time
            7.500   data required time
-----------------------------------------------------------
            7.500   data required time
           -7.068   data arrival time
-----------------------------------------------------------
            0.431   slack (MET)


Startpoint: dp.rf.rf[5][1]$_DFFE_PP_
            (rising edge-triggered flip-flop clocked by clk)
Endpoint: dp.rf.rf[0][28]$_DFFE_PP_
          (rising edge-triggered flip-flop clocked by clk)
Path Group: clk
Path Type: max

   Delay     Time   Description
-----------------------------------------------------------
   0.000    0.000   clock clk (rise edge)
   0.775    0.775   clock network delay (ideal)
   0.000    0.775 ^ dp.rf.rf[5][1]$_DFFE_PP_/CLK (sky130_fd_sc_hd__edfxtp_1)
   0.362    1.137 v dp.rf.rf[5][1]$_DFFE_PP_/Q (sky130_fd_sc_hd__edfxtp_1)
   0.283    1.421 v _4342_/X (sky130_fd_sc_hd__mux2_2)
   0.289    1.709 v _4343_/X (sky130_fd_sc_hd__a221o_1)
   0.140    1.849 ^ _4344_/Y (sky130_fd_sc_hd__a22oi_1)
   0.073    1.923 v _4345_/Y (sky130_fd_sc_hd__a31oi_1)
   0.225    2.147 v _4346_/X (sky130_fd_sc_hd__a22o_1)
   0.249    2.396 ^ _4354_/Y (sky130_fd_sc_hd__a311oi_2)
   0.177    2.573 ^ place987/X (sky130_fd_sc_hd__buf_4)
   0.236    2.809 ^ place986/X (sky130_fd_sc_hd__buf_4)
   0.195    3.004 v _7418_/Y (sky130_fd_sc_hd__o21ai_0)
   0.466    3.469 v _7642_/COUT (sky130_fd_sc_hd__fa_1)
   0.184    3.653 v _6883_/X (sky130_fd_sc_hd__a21o_1)
   0.182    3.835 ^ _6884_/Y (sky130_fd_sc_hd__a21oi_1)
   0.087    3.923 v _6885_/Y (sky130_fd_sc_hd__o21bai_1)
   0.256    4.179 ^ _6886_/Y (sky130_fd_sc_hd__a21oi_1)
   0.159    4.337 v _6887_/Y (sky130_fd_sc_hd__o21bai_1)
   0.238    4.575 ^ _6895_/Y (sky130_fd_sc_hd__a41oi_1)
   0.161    4.736 ^ place810/X (sky130_fd_sc_hd__buf_4)
   0.191    4.927 v _6899_/Y (sky130_fd_sc_hd__a21oi_1)
   0.274    5.201 ^ _6903_/Y (sky130_fd_sc_hd__a41oi_2)
   0.154    5.355 ^ place802/X (sky130_fd_sc_hd__buf_4)
   0.091    5.447 v _6907_/Y (sky130_fd_sc_hd__a21oi_1)
   0.334    5.781 ^ _6911_/Y (sky130_fd_sc_hd__a41oi_1)
   0.216    5.996 v _6915_/Y (sky130_fd_sc_hd__a21oi_1)
   0.215    6.212 v _6972_/X (sky130_fd_sc_hd__a21o_1)
   0.161    6.373 ^ _6973_/Y (sky130_fd_sc_hd__a21oi_1)
   0.258    6.631 ^ _6974_/X (sky130_fd_sc_hd__xor2_1)
   0.184    6.814 v _7145_/Y (sky130_fd_sc_hd__o221ai_2)
   0.231    7.046 v place747/X (sky130_fd_sc_hd__buf_12)
   0.023    7.068 v dp.rf.rf[0][28]$_DFFE_PP_/D (sky130_fd_sc_hd__edfxtp_1)
            7.068   data arrival time

   7.000    7.000   clock clk (rise edge)
   0.775    7.775   clock network delay (ideal)
   0.000    7.775   clock reconvergence pessimism
            7.775 ^ dp.rf.rf[0][28]$_DFFE_PP_/CLK (sky130_fd_sc_hd__edfxtp_1)
  -0.275    7.500   library setup time
            7.500   data required time
-----------------------------------------------------------
            7.500   data required time
           -7.068   data arrival time
-----------------------------------------------------------
            0.432   slack (MET)


Startpoint: dp.rf.rf[5][1]$_DFFE_PP_
            (rising edge-triggered flip-flop clocked by clk)
Endpoint: dp.rf.rf[1][28]$_DFFE_PP_
          (rising edge-triggered flip-flop clocked by clk)
Path Group: clk
Path Type: max

   Delay     Time   Description
-----------------------------------------------------------
   0.000    0.000   clock clk (rise edge)
   0.775    0.775   clock network delay (ideal)
   0.000    0.775 ^ dp.rf.rf[5][1]$_DFFE_PP_/CLK (sky130_fd_sc_hd__edfxtp_1)
   0.362    1.137 v dp.rf.rf[5][1]$_DFFE_PP_/Q (sky130_fd_sc_hd__edfxtp_1)
   0.283    1.421 v _4342_/X (sky130_fd_sc_hd__mux2_2)
   0.289    1.709 v _4343_/X (sky130_fd_sc_hd__a221o_1)
   0.140    1.849 ^ _4344_/Y (sky130_fd_sc_hd__a22oi_1)
   0.073    1.923 v _4345_/Y (sky130_fd_sc_hd__a31oi_1)
   0.225    2.147 v _4346_/X (sky130_fd_sc_hd__a22o_1)
   0.249    2.396 ^ _4354_/Y (sky130_fd_sc_hd__a311oi_2)
   0.177    2.573 ^ place987/X (sky130_fd_sc_hd__buf_4)
   0.236    2.809 ^ place986/X (sky130_fd_sc_hd__buf_4)
   0.195    3.004 v _7418_/Y (sky130_fd_sc_hd__o21ai_0)
   0.466    3.469 v _7642_/COUT (sky130_fd_sc_hd__fa_1)
   0.184    3.653 v _6883_/X (sky130_fd_sc_hd__a21o_1)
   0.182    3.835 ^ _6884_/Y (sky130_fd_sc_hd__a21oi_1)
   0.087    3.923 v _6885_/Y (sky130_fd_sc_hd__o21bai_1)
   0.256    4.179 ^ _6886_/Y (sky130_fd_sc_hd__a21oi_1)
   0.159    4.337 v _6887_/Y (sky130_fd_sc_hd__o21bai_1)
   0.238    4.575 ^ _6895_/Y (sky130_fd_sc_hd__a41oi_1)
   0.161    4.736 ^ place810/X (sky130_fd_sc_hd__buf_4)
   0.191    4.927 v _6899_/Y (sky130_fd_sc_hd__a21oi_1)
   0.274    5.201 ^ _6903_/Y (sky130_fd_sc_hd__a41oi_2)
   0.154    5.355 ^ place802/X (sky130_fd_sc_hd__buf_4)
   0.091    5.447 v _6907_/Y (sky130_fd_sc_hd__a21oi_1)
   0.334    5.781 ^ _6911_/Y (sky130_fd_sc_hd__a41oi_1)
   0.216    5.996 v _6915_/Y (sky130_fd_sc_hd__a21oi_1)
   0.215    6.212 v _6972_/X (sky130_fd_sc_hd__a21o_1)
   0.161    6.373 ^ _6973_/Y (sky130_fd_sc_hd__a21oi_1)
   0.258    6.631 ^ _6974_/X (sky130_fd_sc_hd__xor2_1)
   0.184    6.814 v _7145_/Y (sky130_fd_sc_hd__o221ai_2)
   0.231    7.046 v place747/X (sky130_fd_sc_hd__buf_12)
   0.023    7.068 v dp.rf.rf[1][28]$_DFFE_PP_/D (sky130_fd_sc_hd__edfxtp_1)
            7.068   data arrival time

   7.000    7.000   clock clk (rise edge)
   0.775    7.775   clock network delay (ideal)
   0.000    7.775   clock reconvergence pessimism
            7.775 ^ dp.rf.rf[1][28]$_DFFE_PP_/CLK (sky130_fd_sc_hd__edfxtp_1)
  -0.275    7.500   library setup time
            7.500   data required time
-----------------------------------------------------------
            7.500   data required time
           -7.068   data arrival time
-----------------------------------------------------------
            0.432   slack (MET)


Startpoint: dp.rf.rf[5][1]$_DFFE_PP_
            (rising edge-triggered flip-flop clocked by clk)
Endpoint: dp.rf.rf[5][28]$_DFFE_PP_
          (rising edge-triggered flip-flop clocked by clk)
Path Group: clk
Path Type: max

   Delay     Time   Description
-----------------------------------------------------------
   0.000    0.000   clock clk (rise edge)
   0.775    0.775   clock network delay (ideal)
   0.000    0.775 ^ dp.rf.rf[5][1]$_DFFE_PP_/CLK (sky130_fd_sc_hd__edfxtp_1)
   0.362    1.137 v dp.rf.rf[5][1]$_DFFE_PP_/Q (sky130_fd_sc_hd__edfxtp_1)
   0.283    1.421 v _4342_/X (sky130_fd_sc_hd__mux2_2)
   0.289    1.709 v _4343_/X (sky130_fd_sc_hd__a221o_1)
   0.140    1.849 ^ _4344_/Y (sky130_fd_sc_hd__a22oi_1)
   0.073    1.923 v _4345_/Y (sky130_fd_sc_hd__a31oi_1)
   0.225    2.147 v _4346_/X (sky130_fd_sc_hd__a22o_1)
   0.249    2.396 ^ _4354_/Y (sky130_fd_sc_hd__a311oi_2)
   0.177    2.573 ^ place987/X (sky130_fd_sc_hd__buf_4)
   0.236    2.809 ^ place986/X (sky130_fd_sc_hd__buf_4)
   0.195    3.004 v _7418_/Y (sky130_fd_sc_hd__o21ai_0)
   0.466    3.469 v _7642_/COUT (sky130_fd_sc_hd__fa_1)
   0.184    3.653 v _6883_/X (sky130_fd_sc_hd__a21o_1)
   0.182    3.835 ^ _6884_/Y (sky130_fd_sc_hd__a21oi_1)
   0.087    3.923 v _6885_/Y (sky130_fd_sc_hd__o21bai_1)
   0.256    4.179 ^ _6886_/Y (sky130_fd_sc_hd__a21oi_1)
   0.159    4.337 v _6887_/Y (sky130_fd_sc_hd__o21bai_1)
   0.238    4.575 ^ _6895_/Y (sky130_fd_sc_hd__a41oi_1)
   0.161    4.736 ^ place810/X (sky130_fd_sc_hd__buf_4)
   0.191    4.927 v _6899_/Y (sky130_fd_sc_hd__a21oi_1)
   0.274    5.201 ^ _6903_/Y (sky130_fd_sc_hd__a41oi_2)
   0.154    5.355 ^ place802/X (sky130_fd_sc_hd__buf_4)
   0.091    5.447 v _6907_/Y (sky130_fd_sc_hd__a21oi_1)
   0.334    5.781 ^ _6911_/Y (sky130_fd_sc_hd__a41oi_1)
   0.216    5.996 v _6915_/Y (sky130_fd_sc_hd__a21oi_1)
   0.215    6.212 v _6972_/X (sky130_fd_sc_hd__a21o_1)
   0.161    6.373 ^ _6973_/Y (sky130_fd_sc_hd__a21oi_1)
   0.258    6.631 ^ _6974_/X (sky130_fd_sc_hd__xor2_1)
   0.184    6.814 v _7145_/Y (sky130_fd_sc_hd__o221ai_2)
   0.231    7.046 v place747/X (sky130_fd_sc_hd__buf_12)
   0.022    7.068 v dp.rf.rf[5][28]$_DFFE_PP_/D (sky130_fd_sc_hd__edfxtp_1)
            7.068   data arrival time

   7.000    7.000   clock clk (rise edge)
   0.775    7.775   clock network delay (ideal)
   0.000    7.775   clock reconvergence pessimism
            7.775 ^ dp.rf.rf[5][28]$_DFFE_PP_/CLK (sky130_fd_sc_hd__edfxtp_1)
  -0.275    7.500   library setup time
            7.500   data required time
-----------------------------------------------------------
            7.500   data required time
           -7.068   data arrival time
-----------------------------------------------------------
            0.432   slack (MET)


Startpoint: dp.rf.rf[5][1]$_DFFE_PP_
            (rising edge-triggered flip-flop clocked by clk)
Endpoint: dp.rf.rf[6][28]$_DFFE_PP_
          (rising edge-triggered flip-flop clocked by clk)
Path Group: clk
Path Type: max

   Delay     Time   Description
-----------------------------------------------------------
   0.000    0.000   clock clk (rise edge)
   0.775    0.775   clock network delay (ideal)
   0.000    0.775 ^ dp.rf.rf[5][1]$_DFFE_PP_/CLK (sky130_fd_sc_hd__edfxtp_1)
   0.362    1.137 v dp.rf.rf[5][1]$_DFFE_PP_/Q (sky130_fd_sc_hd__edfxtp_1)
   0.283    1.421 v _4342_/X (sky130_fd_sc_hd__mux2_2)
   0.289    1.709 v _4343_/X (sky130_fd_sc_hd__a221o_1)
   0.140    1.849 ^ _4344_/Y (sky130_fd_sc_hd__a22oi_1)
   0.073    1.923 v _4345_/Y (sky130_fd_sc_hd__a31oi_1)
   0.225    2.147 v _4346_/X (sky130_fd_sc_hd__a22o_1)
   0.249    2.396 ^ _4354_/Y (sky130_fd_sc_hd__a311oi_2)
   0.177    2.573 ^ place987/X (sky130_fd_sc_hd__buf_4)
   0.236    2.809 ^ place986/X (sky130_fd_sc_hd__buf_4)
   0.195    3.004 v _7418_/Y (sky130_fd_sc_hd__o21ai_0)
   0.466    3.469 v _7642_/COUT (sky130_fd_sc_hd__fa_1)
   0.184    3.653 v _6883_/X (sky130_fd_sc_hd__a21o_1)
   0.182    3.835 ^ _6884_/Y (sky130_fd_sc_hd__a21oi_1)
   0.087    3.923 v _6885_/Y (sky130_fd_sc_hd__o21bai_1)
   0.256    4.179 ^ _6886_/Y (sky130_fd_sc_hd__a21oi_1)
   0.159    4.337 v _6887_/Y (sky130_fd_sc_hd__o21bai_1)
   0.238    4.575 ^ _6895_/Y (sky130_fd_sc_hd__a41oi_1)
   0.161    4.736 ^ place810/X (sky130_fd_sc_hd__buf_4)
   0.191    4.927 v _6899_/Y (sky130_fd_sc_hd__a21oi_1)
   0.274    5.201 ^ _6903_/Y (sky130_fd_sc_hd__a41oi_2)
   0.154    5.355 ^ place802/X (sky130_fd_sc_hd__buf_4)
   0.091    5.447 v _6907_/Y (sky130_fd_sc_hd__a21oi_1)
   0.334    5.781 ^ _6911_/Y (sky130_fd_sc_hd__a41oi_1)
   0.216    5.996 v _6915_/Y (sky130_fd_sc_hd__a21oi_1)
   0.215    6.212 v _6972_/X (sky130_fd_sc_hd__a21o_1)
   0.161    6.373 ^ _6973_/Y (sky130_fd_sc_hd__a21oi_1)
   0.258    6.631 ^ _6974_/X (sky130_fd_sc_hd__xor2_1)
   0.184    6.814 v _7145_/Y (sky130_fd_sc_hd__o221ai_2)
   0.231    7.046 v place747/X (sky130_fd_sc_hd__buf_12)
   0.022    7.068 v dp.rf.rf[6][28]$_DFFE_PP_/D (sky130_fd_sc_hd__edfxtp_1)
            7.068   data arrival time

   7.000    7.000   clock clk (rise edge)
   0.775    7.775   clock network delay (ideal)
   0.000    7.775   clock reconvergence pessimism
            7.775 ^ dp.rf.rf[6][28]$_DFFE_PP_/CLK (sky130_fd_sc_hd__edfxtp_1)
  -0.275    7.500   library setup time
            7.500   data required time
-----------------------------------------------------------
            7.500   data required time
           -7.068   data arrival time
-----------------------------------------------------------
            0.432   slack (MET)


Startpoint: dp.rf.rf[5][1]$_DFFE_PP_
            (rising edge-triggered flip-flop clocked by clk)
Endpoint: dp.rf.rf[7][28]$_DFFE_PP_
          (rising edge-triggered flip-flop clocked by clk)
Path Group: clk
Path Type: max

   Delay     Time   Description
-----------------------------------------------------------
   0.000    0.000   clock clk (rise edge)
   0.775    0.775   clock network delay (ideal)
   0.000    0.775 ^ dp.rf.rf[5][1]$_DFFE_PP_/CLK (sky130_fd_sc_hd__edfxtp_1)
   0.362    1.137 v dp.rf.rf[5][1]$_DFFE_PP_/Q (sky130_fd_sc_hd__edfxtp_1)
   0.283    1.421 v _4342_/X (sky130_fd_sc_hd__mux2_2)
   0.289    1.709 v _4343_/X (sky130_fd_sc_hd__a221o_1)
   0.140    1.849 ^ _4344_/Y (sky130_fd_sc_hd__a22oi_1)
   0.073    1.923 v _4345_/Y (sky130_fd_sc_hd__a31oi_1)
   0.225    2.147 v _4346_/X (sky130_fd_sc_hd__a22o_1)
   0.249    2.396 ^ _4354_/Y (sky130_fd_sc_hd__a311oi_2)
   0.177    2.573 ^ place987/X (sky130_fd_sc_hd__buf_4)
   0.236    2.809 ^ place986/X (sky130_fd_sc_hd__buf_4)
   0.195    3.004 v _7418_/Y (sky130_fd_sc_hd__o21ai_0)
   0.466    3.469 v _7642_/COUT (sky130_fd_sc_hd__fa_1)
   0.184    3.653 v _6883_/X (sky130_fd_sc_hd__a21o_1)
   0.182    3.835 ^ _6884_/Y (sky130_fd_sc_hd__a21oi_1)
   0.087    3.923 v _6885_/Y (sky130_fd_sc_hd__o21bai_1)
   0.256    4.179 ^ _6886_/Y (sky130_fd_sc_hd__a21oi_1)
   0.159    4.337 v _6887_/Y (sky130_fd_sc_hd__o21bai_1)
   0.238    4.575 ^ _6895_/Y (sky130_fd_sc_hd__a41oi_1)
   0.161    4.736 ^ place810/X (sky130_fd_sc_hd__buf_4)
   0.191    4.927 v _6899_/Y (sky130_fd_sc_hd__a21oi_1)
   0.274    5.201 ^ _6903_/Y (sky130_fd_sc_hd__a41oi_2)
   0.154    5.355 ^ place802/X (sky130_fd_sc_hd__buf_4)
   0.091    5.447 v _6907_/Y (sky130_fd_sc_hd__a21oi_1)
   0.334    5.781 ^ _6911_/Y (sky130_fd_sc_hd__a41oi_1)
   0.216    5.996 v _6915_/Y (sky130_fd_sc_hd__a21oi_1)
   0.215    6.212 v _6972_/X (sky130_fd_sc_hd__a21o_1)
   0.161    6.373 ^ _6973_/Y (sky130_fd_sc_hd__a21oi_1)
   0.258    6.631 ^ _6974_/X (sky130_fd_sc_hd__xor2_1)
   0.184    6.814 v _7145_/Y (sky130_fd_sc_hd__o221ai_2)
   0.231    7.046 v place747/X (sky130_fd_sc_hd__buf_12)
   0.022    7.067 v dp.rf.rf[7][28]$_DFFE_PP_/D (sky130_fd_sc_hd__edfxtp_1)
            7.067   data arrival time

   7.000    7.000   clock clk (rise edge)
   0.775    7.775   clock network delay (ideal)
   0.000    7.775   clock reconvergence pessimism
            7.775 ^ dp.rf.rf[7][28]$_DFFE_PP_/CLK (sky130_fd_sc_hd__edfxtp_1)
  -0.275    7.500   library setup time
            7.500   data required time
-----------------------------------------------------------
            7.500   data required time
           -7.067   data arrival time
-----------------------------------------------------------
            0.433   slack (MET)


Startpoint: dp.rf.rf[5][1]$_DFFE_PP_
            (rising edge-triggered flip-flop clocked by clk)
Endpoint: dp.rf.rf[3][28]$_DFFE_PP_
          (rising edge-triggered flip-flop clocked by clk)
Path Group: clk
Path Type: max

   Delay     Time   Description
-----------------------------------------------------------
   0.000    0.000   clock clk (rise edge)
   0.775    0.775   clock network delay (ideal)
   0.000    0.775 ^ dp.rf.rf[5][1]$_DFFE_PP_/CLK (sky130_fd_sc_hd__edfxtp_1)
   0.362    1.137 v dp.rf.rf[5][1]$_DFFE_PP_/Q (sky130_fd_sc_hd__edfxtp_1)
   0.283    1.421 v _4342_/X (sky130_fd_sc_hd__mux2_2)
   0.289    1.709 v _4343_/X (sky130_fd_sc_hd__a221o_1)
   0.140    1.849 ^ _4344_/Y (sky130_fd_sc_hd__a22oi_1)
   0.073    1.923 v _4345_/Y (sky130_fd_sc_hd__a31oi_1)
   0.225    2.147 v _4346_/X (sky130_fd_sc_hd__a22o_1)
   0.249    2.396 ^ _4354_/Y (sky130_fd_sc_hd__a311oi_2)
   0.177    2.573 ^ place987/X (sky130_fd_sc_hd__buf_4)
   0.236    2.809 ^ place986/X (sky130_fd_sc_hd__buf_4)
   0.195    3.004 v _7418_/Y (sky130_fd_sc_hd__o21ai_0)
   0.466    3.469 v _7642_/COUT (sky130_fd_sc_hd__fa_1)
   0.184    3.653 v _6883_/X (sky130_fd_sc_hd__a21o_1)
   0.182    3.835 ^ _6884_/Y (sky130_fd_sc_hd__a21oi_1)
   0.087    3.923 v _6885_/Y (sky130_fd_sc_hd__o21bai_1)
   0.256    4.179 ^ _6886_/Y (sky130_fd_sc_hd__a21oi_1)
   0.159    4.337 v _6887_/Y (sky130_fd_sc_hd__o21bai_1)
   0.238    4.575 ^ _6895_/Y (sky130_fd_sc_hd__a41oi_1)
   0.161    4.736 ^ place810/X (sky130_fd_sc_hd__buf_4)
   0.191    4.927 v _6899_/Y (sky130_fd_sc_hd__a21oi_1)
   0.274    5.201 ^ _6903_/Y (sky130_fd_sc_hd__a41oi_2)
   0.154    5.355 ^ place802/X (sky130_fd_sc_hd__buf_4)
   0.091    5.447 v _6907_/Y (sky130_fd_sc_hd__a21oi_1)
   0.334    5.781 ^ _6911_/Y (sky130_fd_sc_hd__a41oi_1)
   0.216    5.996 v _6915_/Y (sky130_fd_sc_hd__a21oi_1)
   0.215    6.212 v _6972_/X (sky130_fd_sc_hd__a21o_1)
   0.161    6.373 ^ _6973_/Y (sky130_fd_sc_hd__a21oi_1)
   0.258    6.631 ^ _6974_/X (sky130_fd_sc_hd__xor2_1)
   0.184    6.814 v _7145_/Y (sky130_fd_sc_hd__o221ai_2)
   0.231    7.046 v place747/X (sky130_fd_sc_hd__buf_12)
   0.021    7.067 v dp.rf.rf[3][28]$_DFFE_PP_/D (sky130_fd_sc_hd__edfxtp_1)
            7.067   data arrival time

   7.000    7.000   clock clk (rise edge)
   0.775    7.775   clock network delay (ideal)
   0.000    7.775   clock reconvergence pessimism
            7.775 ^ dp.rf.rf[3][28]$_DFFE_PP_/CLK (sky130_fd_sc_hd__edfxtp_1)
  -0.275    7.500   library setup time
            7.500   data required time
-----------------------------------------------------------
            7.500   data required time
           -7.067   data arrival time
-----------------------------------------------------------
            0.433   slack (MET)


Startpoint: dp.rf.rf[5][1]$_DFFE_PP_
            (rising edge-triggered flip-flop clocked by clk)
Endpoint: dp.rf.rf[2][28]$_DFFE_PP_
          (rising edge-triggered flip-flop clocked by clk)
Path Group: clk
Path Type: max

   Delay     Time   Description
-----------------------------------------------------------
   0.000    0.000   clock clk (rise edge)
   0.775    0.775   clock network delay (ideal)
   0.000    0.775 ^ dp.rf.rf[5][1]$_DFFE_PP_/CLK (sky130_fd_sc_hd__edfxtp_1)
   0.362    1.137 v dp.rf.rf[5][1]$_DFFE_PP_/Q (sky130_fd_sc_hd__edfxtp_1)
   0.283    1.421 v _4342_/X (sky130_fd_sc_hd__mux2_2)
   0.289    1.709 v _4343_/X (sky130_fd_sc_hd__a221o_1)
   0.140    1.849 ^ _4344_/Y (sky130_fd_sc_hd__a22oi_1)
   0.073    1.923 v _4345_/Y (sky130_fd_sc_hd__a31oi_1)
   0.225    2.147 v _4346_/X (sky130_fd_sc_hd__a22o_1)
   0.249    2.396 ^ _4354_/Y (sky130_fd_sc_hd__a311oi_2)
   0.177    2.573 ^ place987/X (sky130_fd_sc_hd__buf_4)
   0.236    2.809 ^ place986/X (sky130_fd_sc_hd__buf_4)
   0.195    3.004 v _7418_/Y (sky130_fd_sc_hd__o21ai_0)
   0.466    3.469 v _7642_/COUT (sky130_fd_sc_hd__fa_1)
   0.184    3.653 v _6883_/X (sky130_fd_sc_hd__a21o_1)
   0.182    3.835 ^ _6884_/Y (sky130_fd_sc_hd__a21oi_1)
   0.087    3.923 v _6885_/Y (sky130_fd_sc_hd__o21bai_1)
   0.256    4.179 ^ _6886_/Y (sky130_fd_sc_hd__a21oi_1)
   0.159    4.337 v _6887_/Y (sky130_fd_sc_hd__o21bai_1)
   0.238    4.575 ^ _6895_/Y (sky130_fd_sc_hd__a41oi_1)
   0.161    4.736 ^ place810/X (sky130_fd_sc_hd__buf_4)
   0.191    4.927 v _6899_/Y (sky130_fd_sc_hd__a21oi_1)
   0.274    5.201 ^ _6903_/Y (sky130_fd_sc_hd__a41oi_2)
   0.154    5.355 ^ place802/X (sky130_fd_sc_hd__buf_4)
   0.091    5.447 v _6907_/Y (sky130_fd_sc_hd__a21oi_1)
   0.334    5.781 ^ _6911_/Y (sky130_fd_sc_hd__a41oi_1)
   0.216    5.996 v _6915_/Y (sky130_fd_sc_hd__a21oi_1)
   0.215    6.212 v _6972_/X (sky130_fd_sc_hd__a21o_1)
   0.161    6.373 ^ _6973_/Y (sky130_fd_sc_hd__a21oi_1)
   0.258    6.631 ^ _6974_/X (sky130_fd_sc_hd__xor2_1)
   0.184    6.814 v _7145_/Y (sky130_fd_sc_hd__o221ai_2)
   0.231    7.046 v place747/X (sky130_fd_sc_hd__buf_12)
   0.021    7.067 v dp.rf.rf[2][28]$_DFFE_PP_/D (sky130_fd_sc_hd__edfxtp_1)
            7.067   data arrival time

   7.000    7.000   clock clk (rise edge)
   0.775    7.775   clock network delay (ideal)
   0.000    7.775   clock reconvergence pessimism
            7.775 ^ dp.rf.rf[2][28]$_DFFE_PP_/CLK (sky130_fd_sc_hd__edfxtp_1)
  -0.275    7.500   library setup time
            7.500   data required time
-----------------------------------------------------------
            7.500   data required time
           -7.067   data arrival time
-----------------------------------------------------------
            0.434   slack (MET)


Startpoint: dp.rf.rf[5][1]$_DFFE_PP_
            (rising edge-triggered flip-flop clocked by clk)
Endpoint: dp.rf.rf[28][28]$_DFFE_PP_
          (rising edge-triggered flip-flop clocked by clk)
Path Group: clk
Path Type: max

   Delay     Time   Description
-----------------------------------------------------------
   0.000    0.000   clock clk (rise edge)
   0.775    0.775   clock network delay (ideal)
   0.000    0.775 ^ dp.rf.rf[5][1]$_DFFE_PP_/CLK (sky130_fd_sc_hd__edfxtp_1)
   0.362    1.137 v dp.rf.rf[5][1]$_DFFE_PP_/Q (sky130_fd_sc_hd__edfxtp_1)
   0.283    1.421 v _4342_/X (sky130_fd_sc_hd__mux2_2)
   0.289    1.709 v _4343_/X (sky130_fd_sc_hd__a221o_1)
   0.140    1.849 ^ _4344_/Y (sky130_fd_sc_hd__a22oi_1)
   0.073    1.923 v _4345_/Y (sky130_fd_sc_hd__a31oi_1)
   0.225    2.147 v _4346_/X (sky130_fd_sc_hd__a22o_1)
   0.249    2.396 ^ _4354_/Y (sky130_fd_sc_hd__a311oi_2)
   0.177    2.573 ^ place987/X (sky130_fd_sc_hd__buf_4)
   0.236    2.809 ^ place986/X (sky130_fd_sc_hd__buf_4)
   0.195    3.004 v _7418_/Y (sky130_fd_sc_hd__o21ai_0)
   0.466    3.469 v _7642_/COUT (sky130_fd_sc_hd__fa_1)
   0.184    3.653 v _6883_/X (sky130_fd_sc_hd__a21o_1)
   0.182    3.835 ^ _6884_/Y (sky130_fd_sc_hd__a21oi_1)
   0.087    3.923 v _6885_/Y (sky130_fd_sc_hd__o21bai_1)
   0.256    4.179 ^ _6886_/Y (sky130_fd_sc_hd__a21oi_1)
   0.159    4.337 v _6887_/Y (sky130_fd_sc_hd__o21bai_1)
   0.238    4.575 ^ _6895_/Y (sky130_fd_sc_hd__a41oi_1)
   0.161    4.736 ^ place810/X (sky130_fd_sc_hd__buf_4)
   0.191    4.927 v _6899_/Y (sky130_fd_sc_hd__a21oi_1)
   0.274    5.201 ^ _6903_/Y (sky130_fd_sc_hd__a41oi_2)
   0.154    5.355 ^ place802/X (sky130_fd_sc_hd__buf_4)
   0.091    5.447 v _6907_/Y (sky130_fd_sc_hd__a21oi_1)
   0.334    5.781 ^ _6911_/Y (sky130_fd_sc_hd__a41oi_1)
   0.216    5.996 v _6915_/Y (sky130_fd_sc_hd__a21oi_1)
   0.215    6.212 v _6972_/X (sky130_fd_sc_hd__a21o_1)
   0.161    6.373 ^ _6973_/Y (sky130_fd_sc_hd__a21oi_1)
   0.258    6.631 ^ _6974_/X (sky130_fd_sc_hd__xor2_1)
   0.184    6.814 v _7145_/Y (sky130_fd_sc_hd__o221ai_2)
   0.231    7.046 v place747/X (sky130_fd_sc_hd__buf_12)
   0.019    7.065 v dp.rf.rf[28][28]$_DFFE_PP_/D (sky130_fd_sc_hd__edfxtp_1)
            7.065   data arrival time

   7.000    7.000   clock clk (rise edge)
   0.775    7.775   clock network delay (ideal)
   0.000    7.775   clock reconvergence pessimism
            7.775 ^ dp.rf.rf[28][28]$_DFFE_PP_/CLK (sky130_fd_sc_hd__edfxtp_1)
  -0.274    7.501   library setup time
            7.501   data required time
-----------------------------------------------------------
            7.501   data required time
           -7.065   data arrival time
-----------------------------------------------------------
            0.436   slack (MET)


Startpoint: dp.rf.rf[5][1]$_DFFE_PP_
            (rising edge-triggered flip-flop clocked by clk)
Endpoint: dp.rf.rf[24][28]$_DFFE_PP_
          (rising edge-triggered flip-flop clocked by clk)
Path Group: clk
Path Type: max

   Delay     Time   Description
-----------------------------------------------------------
   0.000    0.000   clock clk (rise edge)
   0.775    0.775   clock network delay (ideal)
   0.000    0.775 ^ dp.rf.rf[5][1]$_DFFE_PP_/CLK (sky130_fd_sc_hd__edfxtp_1)
   0.362    1.137 v dp.rf.rf[5][1]$_DFFE_PP_/Q (sky130_fd_sc_hd__edfxtp_1)
   0.283    1.421 v _4342_/X (sky130_fd_sc_hd__mux2_2)
   0.289    1.709 v _4343_/X (sky130_fd_sc_hd__a221o_1)
   0.140    1.849 ^ _4344_/Y (sky130_fd_sc_hd__a22oi_1)
   0.073    1.923 v _4345_/Y (sky130_fd_sc_hd__a31oi_1)
   0.225    2.147 v _4346_/X (sky130_fd_sc_hd__a22o_1)
   0.249    2.396 ^ _4354_/Y (sky130_fd_sc_hd__a311oi_2)
   0.177    2.573 ^ place987/X (sky130_fd_sc_hd__buf_4)
   0.236    2.809 ^ place986/X (sky130_fd_sc_hd__buf_4)
   0.195    3.004 v _7418_/Y (sky130_fd_sc_hd__o21ai_0)
   0.466    3.469 v _7642_/COUT (sky130_fd_sc_hd__fa_1)
   0.184    3.653 v _6883_/X (sky130_fd_sc_hd__a21o_1)
   0.182    3.835 ^ _6884_/Y (sky130_fd_sc_hd__a21oi_1)
   0.087    3.923 v _6885_/Y (sky130_fd_sc_hd__o21bai_1)
   0.256    4.179 ^ _6886_/Y (sky130_fd_sc_hd__a21oi_1)
   0.159    4.337 v _6887_/Y (sky130_fd_sc_hd__o21bai_1)
   0.238    4.575 ^ _6895_/Y (sky130_fd_sc_hd__a41oi_1)
   0.161    4.736 ^ place810/X (sky130_fd_sc_hd__buf_4)
   0.191    4.927 v _6899_/Y (sky130_fd_sc_hd__a21oi_1)
   0.274    5.201 ^ _6903_/Y (sky130_fd_sc_hd__a41oi_2)
   0.154    5.355 ^ place802/X (sky130_fd_sc_hd__buf_4)
   0.091    5.447 v _6907_/Y (sky130_fd_sc_hd__a21oi_1)
   0.334    5.781 ^ _6911_/Y (sky130_fd_sc_hd__a41oi_1)
   0.216    5.996 v _6915_/Y (sky130_fd_sc_hd__a21oi_1)
   0.215    6.212 v _6972_/X (sky130_fd_sc_hd__a21o_1)
   0.161    6.373 ^ _6973_/Y (sky130_fd_sc_hd__a21oi_1)
   0.258    6.631 ^ _6974_/X (sky130_fd_sc_hd__xor2_1)
   0.184    6.814 v _7145_/Y (sky130_fd_sc_hd__o221ai_2)
   0.231    7.046 v place747/X (sky130_fd_sc_hd__buf_12)
   0.018    7.064 v dp.rf.rf[24][28]$_DFFE_PP_/D (sky130_fd_sc_hd__edfxtp_1)
            7.064   data arrival time

   7.000    7.000   clock clk (rise edge)
   0.775    7.775   clock network delay (ideal)
   0.000    7.775   clock reconvergence pessimism
            7.775 ^ dp.rf.rf[24][28]$_DFFE_PP_/CLK (sky130_fd_sc_hd__edfxtp_1)
  -0.274    7.501   library setup time
            7.501   data required time
-----------------------------------------------------------
            7.501   data required time
           -7.064   data arrival time
-----------------------------------------------------------
            0.437   slack (MET)


Startpoint: dp.rf.rf[5][1]$_DFFE_PP_
            (rising edge-triggered flip-flop clocked by clk)
Endpoint: dp.rf.rf[29][28]$_DFFE_PP_
          (rising edge-triggered flip-flop clocked by clk)
Path Group: clk
Path Type: max

   Delay     Time   Description
-----------------------------------------------------------
   0.000    0.000   clock clk (rise edge)
   0.775    0.775   clock network delay (ideal)
   0.000    0.775 ^ dp.rf.rf[5][1]$_DFFE_PP_/CLK (sky130_fd_sc_hd__edfxtp_1)
   0.362    1.137 v dp.rf.rf[5][1]$_DFFE_PP_/Q (sky130_fd_sc_hd__edfxtp_1)
   0.283    1.421 v _4342_/X (sky130_fd_sc_hd__mux2_2)
   0.289    1.709 v _4343_/X (sky130_fd_sc_hd__a221o_1)
   0.140    1.849 ^ _4344_/Y (sky130_fd_sc_hd__a22oi_1)
   0.073    1.923 v _4345_/Y (sky130_fd_sc_hd__a31oi_1)
   0.225    2.147 v _4346_/X (sky130_fd_sc_hd__a22o_1)
   0.249    2.396 ^ _4354_/Y (sky130_fd_sc_hd__a311oi_2)
   0.177    2.573 ^ place987/X (sky130_fd_sc_hd__buf_4)
   0.236    2.809 ^ place986/X (sky130_fd_sc_hd__buf_4)
   0.195    3.004 v _7418_/Y (sky130_fd_sc_hd__o21ai_0)
   0.466    3.469 v _7642_/COUT (sky130_fd_sc_hd__fa_1)
   0.184    3.653 v _6883_/X (sky130_fd_sc_hd__a21o_1)
   0.182    3.835 ^ _6884_/Y (sky130_fd_sc_hd__a21oi_1)
   0.087    3.923 v _6885_/Y (sky130_fd_sc_hd__o21bai_1)
   0.256    4.179 ^ _6886_/Y (sky130_fd_sc_hd__a21oi_1)
   0.159    4.337 v _6887_/Y (sky130_fd_sc_hd__o21bai_1)
   0.238    4.575 ^ _6895_/Y (sky130_fd_sc_hd__a41oi_1)
   0.161    4.736 ^ place810/X (sky130_fd_sc_hd__buf_4)
   0.191    4.927 v _6899_/Y (sky130_fd_sc_hd__a21oi_1)
   0.274    5.201 ^ _6903_/Y (sky130_fd_sc_hd__a41oi_2)
   0.154    5.355 ^ place802/X (sky130_fd_sc_hd__buf_4)
   0.091    5.447 v _6907_/Y (sky130_fd_sc_hd__a21oi_1)
   0.334    5.781 ^ _6911_/Y (sky130_fd_sc_hd__a41oi_1)
   0.216    5.996 v _6915_/Y (sky130_fd_sc_hd__a21oi_1)
   0.215    6.212 v _6972_/X (sky130_fd_sc_hd__a21o_1)
   0.161    6.373 ^ _6973_/Y (sky130_fd_sc_hd__a21oi_1)
   0.258    6.631 ^ _6974_/X (sky130_fd_sc_hd__xor2_1)
   0.184    6.814 v _7145_/Y (sky130_fd_sc_hd__o221ai_2)
   0.231    7.046 v place747/X (sky130_fd_sc_hd__buf_12)
   0.018    7.064 v dp.rf.rf[29][28]$_DFFE_PP_/D (sky130_fd_sc_hd__edfxtp_1)
            7.064   data arrival time

   7.000    7.000   clock clk (rise edge)
   0.775    7.775   clock network delay (ideal)
   0.000    7.775   clock reconvergence pessimism
            7.775 ^ dp.rf.rf[29][28]$_DFFE_PP_/CLK (sky130_fd_sc_hd__edfxtp_1)
  -0.273    7.502   library setup time
            7.502   data required time
-----------------------------------------------------------
            7.502   data required time
           -7.064   data arrival time
-----------------------------------------------------------
            0.438   slack (MET)


Startpoint: dp.rf.rf[5][1]$_DFFE_PP_
            (rising edge-triggered flip-flop clocked by clk)
Endpoint: dp.rf.rf[31][28]$_DFFE_PP_
          (rising edge-triggered flip-flop clocked by clk)
Path Group: clk
Path Type: max

   Delay     Time   Description
-----------------------------------------------------------
   0.000    0.000   clock clk (rise edge)
   0.775    0.775   clock network delay (ideal)
   0.000    0.775 ^ dp.rf.rf[5][1]$_DFFE_PP_/CLK (sky130_fd_sc_hd__edfxtp_1)
   0.362    1.137 v dp.rf.rf[5][1]$_DFFE_PP_/Q (sky130_fd_sc_hd__edfxtp_1)
   0.283    1.421 v _4342_/X (sky130_fd_sc_hd__mux2_2)
   0.289    1.709 v _4343_/X (sky130_fd_sc_hd__a221o_1)
   0.140    1.849 ^ _4344_/Y (sky130_fd_sc_hd__a22oi_1)
   0.073    1.923 v _4345_/Y (sky130_fd_sc_hd__a31oi_1)
   0.225    2.147 v _4346_/X (sky130_fd_sc_hd__a22o_1)
   0.249    2.396 ^ _4354_/Y (sky130_fd_sc_hd__a311oi_2)
   0.177    2.573 ^ place987/X (sky130_fd_sc_hd__buf_4)
   0.236    2.809 ^ place986/X (sky130_fd_sc_hd__buf_4)
   0.195    3.004 v _7418_/Y (sky130_fd_sc_hd__o21ai_0)
   0.466    3.469 v _7642_/COUT (sky130_fd_sc_hd__fa_1)
   0.184    3.653 v _6883_/X (sky130_fd_sc_hd__a21o_1)
   0.182    3.835 ^ _6884_/Y (sky130_fd_sc_hd__a21oi_1)
   0.087    3.923 v _6885_/Y (sky130_fd_sc_hd__o21bai_1)
   0.256    4.179 ^ _6886_/Y (sky130_fd_sc_hd__a21oi_1)
   0.159    4.337 v _6887_/Y (sky130_fd_sc_hd__o21bai_1)
   0.238    4.575 ^ _6895_/Y (sky130_fd_sc_hd__a41oi_1)
   0.161    4.736 ^ place810/X (sky130_fd_sc_hd__buf_4)
   0.191    4.927 v _6899_/Y (sky130_fd_sc_hd__a21oi_1)
   0.274    5.201 ^ _6903_/Y (sky130_fd_sc_hd__a41oi_2)
   0.154    5.355 ^ place802/X (sky130_fd_sc_hd__buf_4)
   0.091    5.447 v _6907_/Y (sky130_fd_sc_hd__a21oi_1)
   0.334    5.781 ^ _6911_/Y (sky130_fd_sc_hd__a41oi_1)
   0.216    5.996 v _6915_/Y (sky130_fd_sc_hd__a21oi_1)
   0.215    6.212 v _6972_/X (sky130_fd_sc_hd__a21o_1)
   0.161    6.373 ^ _6973_/Y (sky130_fd_sc_hd__a21oi_1)
   0.258    6.631 ^ _6974_/X (sky130_fd_sc_hd__xor2_1)
   0.184    6.814 v _7145_/Y (sky130_fd_sc_hd__o221ai_2)
   0.231    7.046 v place747/X (sky130_fd_sc_hd__buf_12)
   0.018    7.064 v dp.rf.rf[31][28]$_DFFE_PP_/D (sky130_fd_sc_hd__edfxtp_1)
            7.064   data arrival time

   7.000    7.000   clock clk (rise edge)
   0.775    7.775   clock network delay (ideal)
   0.000    7.775   clock reconvergence pessimism
            7.775 ^ dp.rf.rf[31][28]$_DFFE_PP_/CLK (sky130_fd_sc_hd__edfxtp_1)
  -0.273    7.502   library setup time
            7.502   data required time
-----------------------------------------------------------
            7.502   data required time
           -7.064   data arrival time
-----------------------------------------------------------
            0.438   slack (MET)


Startpoint: dp.rf.rf[5][1]$_DFFE_PP_
            (rising edge-triggered flip-flop clocked by clk)
Endpoint: dp.rf.rf[30][28]$_DFFE_PP_
          (rising edge-triggered flip-flop clocked by clk)
Path Group: clk
Path Type: max

   Delay     Time   Description
-----------------------------------------------------------
   0.000    0.000   clock clk (rise edge)
   0.775    0.775   clock network delay (ideal)
   0.000    0.775 ^ dp.rf.rf[5][1]$_DFFE_PP_/CLK (sky130_fd_sc_hd__edfxtp_1)
   0.362    1.137 v dp.rf.rf[5][1]$_DFFE_PP_/Q (sky130_fd_sc_hd__edfxtp_1)
   0.283    1.421 v _4342_/X (sky130_fd_sc_hd__mux2_2)
   0.289    1.709 v _4343_/X (sky130_fd_sc_hd__a221o_1)
   0.140    1.849 ^ _4344_/Y (sky130_fd_sc_hd__a22oi_1)
   0.073    1.923 v _4345_/Y (sky130_fd_sc_hd__a31oi_1)
   0.225    2.147 v _4346_/X (sky130_fd_sc_hd__a22o_1)
   0.249    2.396 ^ _4354_/Y (sky130_fd_sc_hd__a311oi_2)
   0.177    2.573 ^ place987/X (sky130_fd_sc_hd__buf_4)
   0.236    2.809 ^ place986/X (sky130_fd_sc_hd__buf_4)
   0.195    3.004 v _7418_/Y (sky130_fd_sc_hd__o21ai_0)
   0.466    3.469 v _7642_/COUT (sky130_fd_sc_hd__fa_1)
   0.184    3.653 v _6883_/X (sky130_fd_sc_hd__a21o_1)
   0.182    3.835 ^ _6884_/Y (sky130_fd_sc_hd__a21oi_1)
   0.087    3.923 v _6885_/Y (sky130_fd_sc_hd__o21bai_1)
   0.256    4.179 ^ _6886_/Y (sky130_fd_sc_hd__a21oi_1)
   0.159    4.337 v _6887_/Y (sky130_fd_sc_hd__o21bai_1)
   0.238    4.575 ^ _6895_/Y (sky130_fd_sc_hd__a41oi_1)
   0.161    4.736 ^ place810/X (sky130_fd_sc_hd__buf_4)
   0.191    4.927 v _6899_/Y (sky130_fd_sc_hd__a21oi_1)
   0.274    5.201 ^ _6903_/Y (sky130_fd_sc_hd__a41oi_2)
   0.154    5.355 ^ place802/X (sky130_fd_sc_hd__buf_4)
   0.091    5.447 v _6907_/Y (sky130_fd_sc_hd__a21oi_1)
   0.334    5.781 ^ _6911_/Y (sky130_fd_sc_hd__a41oi_1)
   0.216    5.996 v _6915_/Y (sky130_fd_sc_hd__a21oi_1)
   0.215    6.212 v _6972_/X (sky130_fd_sc_hd__a21o_1)
   0.161    6.373 ^ _6973_/Y (sky130_fd_sc_hd__a21oi_1)
   0.258    6.631 ^ _6974_/X (sky130_fd_sc_hd__xor2_1)
   0.184    6.814 v _7145_/Y (sky130_fd_sc_hd__o221ai_2)
   0.231    7.046 v place747/X (sky130_fd_sc_hd__buf_12)
   0.017    7.063 v dp.rf.rf[30][28]$_DFFE_PP_/D (sky130_fd_sc_hd__edfxtp_1)
            7.063   data arrival time

   7.000    7.000   clock clk (rise edge)
   0.775    7.775   clock network delay (ideal)
   0.000    7.775   clock reconvergence pessimism
            7.775 ^ dp.rf.rf[30][28]$_DFFE_PP_/CLK (sky130_fd_sc_hd__edfxtp_1)
  -0.273    7.502   library setup time
            7.502   data required time
-----------------------------------------------------------
            7.502   data required time
           -7.063   data arrival time
-----------------------------------------------------------
            0.439   slack (MET)


Startpoint: dp.rf.rf[5][1]$_DFFE_PP_
            (rising edge-triggered flip-flop clocked by clk)
Endpoint: dp.rf.rf[27][28]$_DFFE_PP_
          (rising edge-triggered flip-flop clocked by clk)
Path Group: clk
Path Type: max

   Delay     Time   Description
-----------------------------------------------------------
   0.000    0.000   clock clk (rise edge)
   0.775    0.775   clock network delay (ideal)
   0.000    0.775 ^ dp.rf.rf[5][1]$_DFFE_PP_/CLK (sky130_fd_sc_hd__edfxtp_1)
   0.362    1.137 v dp.rf.rf[5][1]$_DFFE_PP_/Q (sky130_fd_sc_hd__edfxtp_1)
   0.283    1.421 v _4342_/X (sky130_fd_sc_hd__mux2_2)
   0.289    1.709 v _4343_/X (sky130_fd_sc_hd__a221o_1)
   0.140    1.849 ^ _4344_/Y (sky130_fd_sc_hd__a22oi_1)
   0.073    1.923 v _4345_/Y (sky130_fd_sc_hd__a31oi_1)
   0.225    2.147 v _4346_/X (sky130_fd_sc_hd__a22o_1)
   0.249    2.396 ^ _4354_/Y (sky130_fd_sc_hd__a311oi_2)
   0.177    2.573 ^ place987/X (sky130_fd_sc_hd__buf_4)
   0.236    2.809 ^ place986/X (sky130_fd_sc_hd__buf_4)
   0.195    3.004 v _7418_/Y (sky130_fd_sc_hd__o21ai_0)
   0.466    3.469 v _7642_/COUT (sky130_fd_sc_hd__fa_1)
   0.184    3.653 v _6883_/X (sky130_fd_sc_hd__a21o_1)
   0.182    3.835 ^ _6884_/Y (sky130_fd_sc_hd__a21oi_1)
   0.087    3.923 v _6885_/Y (sky130_fd_sc_hd__o21bai_1)
   0.256    4.179 ^ _6886_/Y (sky130_fd_sc_hd__a21oi_1)
   0.159    4.337 v _6887_/Y (sky130_fd_sc_hd__o21bai_1)
   0.238    4.575 ^ _6895_/Y (sky130_fd_sc_hd__a41oi_1)
   0.161    4.736 ^ place810/X (sky130_fd_sc_hd__buf_4)
   0.191    4.927 v _6899_/Y (sky130_fd_sc_hd__a21oi_1)
   0.274    5.201 ^ _6903_/Y (sky130_fd_sc_hd__a41oi_2)
   0.154    5.355 ^ place802/X (sky130_fd_sc_hd__buf_4)
   0.091    5.447 v _6907_/Y (sky130_fd_sc_hd__a21oi_1)
   0.334    5.781 ^ _6911_/Y (sky130_fd_sc_hd__a41oi_1)
   0.216    5.996 v _6915_/Y (sky130_fd_sc_hd__a21oi_1)
   0.215    6.212 v _6972_/X (sky130_fd_sc_hd__a21o_1)
   0.161    6.373 ^ _6973_/Y (sky130_fd_sc_hd__a21oi_1)
   0.258    6.631 ^ _6974_/X (sky130_fd_sc_hd__xor2_1)
   0.184    6.814 v _7145_/Y (sky130_fd_sc_hd__o221ai_2)
   0.231    7.046 v place747/X (sky130_fd_sc_hd__buf_12)
   0.016    7.062 v dp.rf.rf[27][28]$_DFFE_PP_/D (sky130_fd_sc_hd__edfxtp_1)
            7.062   data arrival time

   7.000    7.000   clock clk (rise edge)
   0.775    7.775   clock network delay (ideal)
   0.000    7.775   clock reconvergence pessimism
            7.775 ^ dp.rf.rf[27][28]$_DFFE_PP_/CLK (sky130_fd_sc_hd__edfxtp_1)
  -0.273    7.502   library setup time
            7.502   data required time
-----------------------------------------------------------
            7.502   data required time
           -7.062   data arrival time
-----------------------------------------------------------
            0.440   slack (MET)


Startpoint: dp.rf.rf[5][1]$_DFFE_PP_
            (rising edge-triggered flip-flop clocked by clk)
Endpoint: dp.rf.rf[26][28]$_DFFE_PP_
          (rising edge-triggered flip-flop clocked by clk)
Path Group: clk
Path Type: max

   Delay     Time   Description
-----------------------------------------------------------
   0.000    0.000   clock clk (rise edge)
   0.775    0.775   clock network delay (ideal)
   0.000    0.775 ^ dp.rf.rf[5][1]$_DFFE_PP_/CLK (sky130_fd_sc_hd__edfxtp_1)
   0.362    1.137 v dp.rf.rf[5][1]$_DFFE_PP_/Q (sky130_fd_sc_hd__edfxtp_1)
   0.283    1.421 v _4342_/X (sky130_fd_sc_hd__mux2_2)
   0.289    1.709 v _4343_/X (sky130_fd_sc_hd__a221o_1)
   0.140    1.849 ^ _4344_/Y (sky130_fd_sc_hd__a22oi_1)
   0.073    1.923 v _4345_/Y (sky130_fd_sc_hd__a31oi_1)
   0.225    2.147 v _4346_/X (sky130_fd_sc_hd__a22o_1)
   0.249    2.396 ^ _4354_/Y (sky130_fd_sc_hd__a311oi_2)
   0.177    2.573 ^ place987/X (sky130_fd_sc_hd__buf_4)
   0.236    2.809 ^ place986/X (sky130_fd_sc_hd__buf_4)
   0.195    3.004 v _7418_/Y (sky130_fd_sc_hd__o21ai_0)
   0.466    3.469 v _7642_/COUT (sky130_fd_sc_hd__fa_1)
   0.184    3.653 v _6883_/X (sky130_fd_sc_hd__a21o_1)
   0.182    3.835 ^ _6884_/Y (sky130_fd_sc_hd__a21oi_1)
   0.087    3.923 v _6885_/Y (sky130_fd_sc_hd__o21bai_1)
   0.256    4.179 ^ _6886_/Y (sky130_fd_sc_hd__a21oi_1)
   0.159    4.337 v _6887_/Y (sky130_fd_sc_hd__o21bai_1)
   0.238    4.575 ^ _6895_/Y (sky130_fd_sc_hd__a41oi_1)
   0.161    4.736 ^ place810/X (sky130_fd_sc_hd__buf_4)
   0.191    4.927 v _6899_/Y (sky130_fd_sc_hd__a21oi_1)
   0.274    5.201 ^ _6903_/Y (sky130_fd_sc_hd__a41oi_2)
   0.154    5.355 ^ place802/X (sky130_fd_sc_hd__buf_4)
   0.091    5.447 v _6907_/Y (sky130_fd_sc_hd__a21oi_1)
   0.334    5.781 ^ _6911_/Y (sky130_fd_sc_hd__a41oi_1)
   0.216    5.996 v _6915_/Y (sky130_fd_sc_hd__a21oi_1)
   0.215    6.212 v _6972_/X (sky130_fd_sc_hd__a21o_1)
   0.161    6.373 ^ _6973_/Y (sky130_fd_sc_hd__a21oi_1)
   0.258    6.631 ^ _6974_/X (sky130_fd_sc_hd__xor2_1)
   0.184    6.814 v _7145_/Y (sky130_fd_sc_hd__o221ai_2)
   0.231    7.046 v place747/X (sky130_fd_sc_hd__buf_12)
   0.016    7.061 v dp.rf.rf[26][28]$_DFFE_PP_/D (sky130_fd_sc_hd__edfxtp_1)
            7.061   data arrival time

   7.000    7.000   clock clk (rise edge)
   0.775    7.775   clock network delay (ideal)
   0.000    7.775   clock reconvergence pessimism
            7.775 ^ dp.rf.rf[26][28]$_DFFE_PP_/CLK (sky130_fd_sc_hd__edfxtp_1)
  -0.273    7.502   library setup time
            7.502   data required time
-----------------------------------------------------------
            7.502   data required time
           -7.061   data arrival time
-----------------------------------------------------------
            0.441   slack (MET)


Startpoint: dp.rf.rf[5][1]$_DFFE_PP_
            (rising edge-triggered flip-flop clocked by clk)
Endpoint: dp.rf.rf[25][28]$_DFFE_PP_
          (rising edge-triggered flip-flop clocked by clk)
Path Group: clk
Path Type: max

   Delay     Time   Description
-----------------------------------------------------------
   0.000    0.000   clock clk (rise edge)
   0.775    0.775   clock network delay (ideal)
   0.000    0.775 ^ dp.rf.rf[5][1]$_DFFE_PP_/CLK (sky130_fd_sc_hd__edfxtp_1)
   0.362    1.137 v dp.rf.rf[5][1]$_DFFE_PP_/Q (sky130_fd_sc_hd__edfxtp_1)
   0.283    1.421 v _4342_/X (sky130_fd_sc_hd__mux2_2)
   0.289    1.709 v _4343_/X (sky130_fd_sc_hd__a221o_1)
   0.140    1.849 ^ _4344_/Y (sky130_fd_sc_hd__a22oi_1)
   0.073    1.923 v _4345_/Y (sky130_fd_sc_hd__a31oi_1)
   0.225    2.147 v _4346_/X (sky130_fd_sc_hd__a22o_1)
   0.249    2.396 ^ _4354_/Y (sky130_fd_sc_hd__a311oi_2)
   0.177    2.573 ^ place987/X (sky130_fd_sc_hd__buf_4)
   0.236    2.809 ^ place986/X (sky130_fd_sc_hd__buf_4)
   0.195    3.004 v _7418_/Y (sky130_fd_sc_hd__o21ai_0)
   0.466    3.469 v _7642_/COUT (sky130_fd_sc_hd__fa_1)
   0.184    3.653 v _6883_/X (sky130_fd_sc_hd__a21o_1)
   0.182    3.835 ^ _6884_/Y (sky130_fd_sc_hd__a21oi_1)
   0.087    3.923 v _6885_/Y (sky130_fd_sc_hd__o21bai_1)
   0.256    4.179 ^ _6886_/Y (sky130_fd_sc_hd__a21oi_1)
   0.159    4.337 v _6887_/Y (sky130_fd_sc_hd__o21bai_1)
   0.238    4.575 ^ _6895_/Y (sky130_fd_sc_hd__a41oi_1)
   0.161    4.736 ^ place810/X (sky130_fd_sc_hd__buf_4)
   0.191    4.927 v _6899_/Y (sky130_fd_sc_hd__a21oi_1)
   0.274    5.201 ^ _6903_/Y (sky130_fd_sc_hd__a41oi_2)
   0.154    5.355 ^ place802/X (sky130_fd_sc_hd__buf_4)
   0.091    5.447 v _6907_/Y (sky130_fd_sc_hd__a21oi_1)
   0.334    5.781 ^ _6911_/Y (sky130_fd_sc_hd__a41oi_1)
   0.216    5.996 v _6915_/Y (sky130_fd_sc_hd__a21oi_1)
   0.215    6.212 v _6972_/X (sky130_fd_sc_hd__a21o_1)
   0.161    6.373 ^ _6973_/Y (sky130_fd_sc_hd__a21oi_1)
   0.258    6.631 ^ _6974_/X (sky130_fd_sc_hd__xor2_1)
   0.184    6.814 v _7145_/Y (sky130_fd_sc_hd__o221ai_2)
   0.231    7.046 v place747/X (sky130_fd_sc_hd__buf_12)
   0.013    7.059 v dp.rf.rf[25][28]$_DFFE_PP_/D (sky130_fd_sc_hd__edfxtp_1)
            7.059   data arrival time

   7.000    7.000   clock clk (rise edge)
   0.775    7.775   clock network delay (ideal)
   0.000    7.775   clock reconvergence pessimism
            7.775 ^ dp.rf.rf[25][28]$_DFFE_PP_/CLK (sky130_fd_sc_hd__edfxtp_1)
  -0.272    7.503   library setup time
            7.503   data required time
-----------------------------------------------------------
            7.503   data required time
           -7.059   data arrival time
-----------------------------------------------------------
            0.444   slack (MET)


Startpoint: dp.rf.rf[5][1]$_DFFE_PP_
            (rising edge-triggered flip-flop clocked by clk)
Endpoint: dp.rf.rf[22][28]$_DFFE_PP_
          (rising edge-triggered flip-flop clocked by clk)
Path Group: clk
Path Type: max

   Delay     Time   Description
-----------------------------------------------------------
   0.000    0.000   clock clk (rise edge)
   0.775    0.775   clock network delay (ideal)
   0.000    0.775 ^ dp.rf.rf[5][1]$_DFFE_PP_/CLK (sky130_fd_sc_hd__edfxtp_1)
   0.362    1.137 v dp.rf.rf[5][1]$_DFFE_PP_/Q (sky130_fd_sc_hd__edfxtp_1)
   0.283    1.421 v _4342_/X (sky130_fd_sc_hd__mux2_2)
   0.289    1.709 v _4343_/X (sky130_fd_sc_hd__a221o_1)
   0.140    1.849 ^ _4344_/Y (sky130_fd_sc_hd__a22oi_1)
   0.073    1.923 v _4345_/Y (sky130_fd_sc_hd__a31oi_1)
   0.225    2.147 v _4346_/X (sky130_fd_sc_hd__a22o_1)
   0.249    2.396 ^ _4354_/Y (sky130_fd_sc_hd__a311oi_2)
   0.177    2.573 ^ place987/X (sky130_fd_sc_hd__buf_4)
   0.236    2.809 ^ place986/X (sky130_fd_sc_hd__buf_4)
   0.195    3.004 v _7418_/Y (sky130_fd_sc_hd__o21ai_0)
   0.466    3.469 v _7642_/COUT (sky130_fd_sc_hd__fa_1)
   0.184    3.653 v _6883_/X (sky130_fd_sc_hd__a21o_1)
   0.182    3.835 ^ _6884_/Y (sky130_fd_sc_hd__a21oi_1)
   0.087    3.923 v _6885_/Y (sky130_fd_sc_hd__o21bai_1)
   0.256    4.179 ^ _6886_/Y (sky130_fd_sc_hd__a21oi_1)
   0.159    4.337 v _6887_/Y (sky130_fd_sc_hd__o21bai_1)
   0.238    4.575 ^ _6895_/Y (sky130_fd_sc_hd__a41oi_1)
   0.161    4.736 ^ place810/X (sky130_fd_sc_hd__buf_4)
   0.191    4.927 v _6899_/Y (sky130_fd_sc_hd__a21oi_1)
   0.274    5.201 ^ _6903_/Y (sky130_fd_sc_hd__a41oi_2)
   0.154    5.355 ^ place802/X (sky130_fd_sc_hd__buf_4)
   0.091    5.447 v _6907_/Y (sky130_fd_sc_hd__a21oi_1)
   0.334    5.781 ^ _6911_/Y (sky130_fd_sc_hd__a41oi_1)
   0.216    5.996 v _6915_/Y (sky130_fd_sc_hd__a21oi_1)
   0.215    6.212 v _6972_/X (sky130_fd_sc_hd__a21o_1)
   0.161    6.373 ^ _6973_/Y (sky130_fd_sc_hd__a21oi_1)
   0.258    6.631 ^ _6974_/X (sky130_fd_sc_hd__xor2_1)
   0.184    6.814 v _7145_/Y (sky130_fd_sc_hd__o221ai_2)
   0.231    7.046 v place747/X (sky130_fd_sc_hd__buf_12)
   0.013    7.059 v dp.rf.rf[22][28]$_DFFE_PP_/D (sky130_fd_sc_hd__edfxtp_1)
            7.059   data arrival time

   7.000    7.000   clock clk (rise edge)
   0.775    7.775   clock network delay (ideal)
   0.000    7.775   clock reconvergence pessimism
            7.775 ^ dp.rf.rf[22][28]$_DFFE_PP_/CLK (sky130_fd_sc_hd__edfxtp_1)
  -0.272    7.503   library setup time
            7.503   data required time
-----------------------------------------------------------
            7.503   data required time
           -7.059   data arrival time
-----------------------------------------------------------
            0.444   slack (MET)


Startpoint: dp.rf.rf[5][1]$_DFFE_PP_
            (rising edge-triggered flip-flop clocked by clk)
Endpoint: dp.rf.rf[23][28]$_DFFE_PP_
          (rising edge-triggered flip-flop clocked by clk)
Path Group: clk
Path Type: max

   Delay     Time   Description
-----------------------------------------------------------
   0.000    0.000   clock clk (rise edge)
   0.775    0.775   clock network delay (ideal)
   0.000    0.775 ^ dp.rf.rf[5][1]$_DFFE_PP_/CLK (sky130_fd_sc_hd__edfxtp_1)
   0.362    1.137 v dp.rf.rf[5][1]$_DFFE_PP_/Q (sky130_fd_sc_hd__edfxtp_1)
   0.283    1.421 v _4342_/X (sky130_fd_sc_hd__mux2_2)
   0.289    1.709 v _4343_/X (sky130_fd_sc_hd__a221o_1)
   0.140    1.849 ^ _4344_/Y (sky130_fd_sc_hd__a22oi_1)
   0.073    1.923 v _4345_/Y (sky130_fd_sc_hd__a31oi_1)
   0.225    2.147 v _4346_/X (sky130_fd_sc_hd__a22o_1)
   0.249    2.396 ^ _4354_/Y (sky130_fd_sc_hd__a311oi_2)
   0.177    2.573 ^ place987/X (sky130_fd_sc_hd__buf_4)
   0.236    2.809 ^ place986/X (sky130_fd_sc_hd__buf_4)
   0.195    3.004 v _7418_/Y (sky130_fd_sc_hd__o21ai_0)
   0.466    3.469 v _7642_/COUT (sky130_fd_sc_hd__fa_1)
   0.184    3.653 v _6883_/X (sky130_fd_sc_hd__a21o_1)
   0.182    3.835 ^ _6884_/Y (sky130_fd_sc_hd__a21oi_1)
   0.087    3.923 v _6885_/Y (sky130_fd_sc_hd__o21bai_1)
   0.256    4.179 ^ _6886_/Y (sky130_fd_sc_hd__a21oi_1)
   0.159    4.337 v _6887_/Y (sky130_fd_sc_hd__o21bai_1)
   0.238    4.575 ^ _6895_/Y (sky130_fd_sc_hd__a41oi_1)
   0.161    4.736 ^ place810/X (sky130_fd_sc_hd__buf_4)
   0.191    4.927 v _6899_/Y (sky130_fd_sc_hd__a21oi_1)
   0.274    5.201 ^ _6903_/Y (sky130_fd_sc_hd__a41oi_2)
   0.154    5.355 ^ place802/X (sky130_fd_sc_hd__buf_4)
   0.091    5.447 v _6907_/Y (sky130_fd_sc_hd__a21oi_1)
   0.334    5.781 ^ _6911_/Y (sky130_fd_sc_hd__a41oi_1)
   0.216    5.996 v _6915_/Y (sky130_fd_sc_hd__a21oi_1)
   0.215    6.212 v _6972_/X (sky130_fd_sc_hd__a21o_1)
   0.161    6.373 ^ _6973_/Y (sky130_fd_sc_hd__a21oi_1)
   0.258    6.631 ^ _6974_/X (sky130_fd_sc_hd__xor2_1)
   0.184    6.814 v _7145_/Y (sky130_fd_sc_hd__o221ai_2)
   0.231    7.046 v place747/X (sky130_fd_sc_hd__buf_12)
   0.013    7.059 v dp.rf.rf[23][28]$_DFFE_PP_/D (sky130_fd_sc_hd__edfxtp_1)
            7.059   data arrival time

   7.000    7.000   clock clk (rise edge)
   0.775    7.775   clock network delay (ideal)
   0.000    7.775   clock reconvergence pessimism
            7.775 ^ dp.rf.rf[23][28]$_DFFE_PP_/CLK (sky130_fd_sc_hd__edfxtp_1)
  -0.272    7.503   library setup time
            7.503   data required time
-----------------------------------------------------------
            7.503   data required time
           -7.059   data arrival time
-----------------------------------------------------------
            0.444   slack (MET)


Startpoint: dp.rf.rf[5][1]$_DFFE_PP_
            (rising edge-triggered flip-flop clocked by clk)
Endpoint: dp.rf.rf[21][28]$_DFFE_PP_
          (rising edge-triggered flip-flop clocked by clk)
Path Group: clk
Path Type: max

   Delay     Time   Description
-----------------------------------------------------------
   0.000    0.000   clock clk (rise edge)
   0.775    0.775   clock network delay (ideal)
   0.000    0.775 ^ dp.rf.rf[5][1]$_DFFE_PP_/CLK (sky130_fd_sc_hd__edfxtp_1)
   0.362    1.137 v dp.rf.rf[5][1]$_DFFE_PP_/Q (sky130_fd_sc_hd__edfxtp_1)
   0.283    1.421 v _4342_/X (sky130_fd_sc_hd__mux2_2)
   0.289    1.709 v _4343_/X (sky130_fd_sc_hd__a221o_1)
   0.140    1.849 ^ _4344_/Y (sky130_fd_sc_hd__a22oi_1)
   0.073    1.923 v _4345_/Y (sky130_fd_sc_hd__a31oi_1)
   0.225    2.147 v _4346_/X (sky130_fd_sc_hd__a22o_1)
   0.249    2.396 ^ _4354_/Y (sky130_fd_sc_hd__a311oi_2)
   0.177    2.573 ^ place987/X (sky130_fd_sc_hd__buf_4)
   0.236    2.809 ^ place986/X (sky130_fd_sc_hd__buf_4)
   0.195    3.004 v _7418_/Y (sky130_fd_sc_hd__o21ai_0)
   0.466    3.469 v _7642_/COUT (sky130_fd_sc_hd__fa_1)
   0.184    3.653 v _6883_/X (sky130_fd_sc_hd__a21o_1)
   0.182    3.835 ^ _6884_/Y (sky130_fd_sc_hd__a21oi_1)
   0.087    3.923 v _6885_/Y (sky130_fd_sc_hd__o21bai_1)
   0.256    4.179 ^ _6886_/Y (sky130_fd_sc_hd__a21oi_1)
   0.159    4.337 v _6887_/Y (sky130_fd_sc_hd__o21bai_1)
   0.238    4.575 ^ _6895_/Y (sky130_fd_sc_hd__a41oi_1)
   0.161    4.736 ^ place810/X (sky130_fd_sc_hd__buf_4)
   0.191    4.927 v _6899_/Y (sky130_fd_sc_hd__a21oi_1)
   0.274    5.201 ^ _6903_/Y (sky130_fd_sc_hd__a41oi_2)
   0.154    5.355 ^ place802/X (sky130_fd_sc_hd__buf_4)
   0.091    5.447 v _6907_/Y (sky130_fd_sc_hd__a21oi_1)
   0.334    5.781 ^ _6911_/Y (sky130_fd_sc_hd__a41oi_1)
   0.216    5.996 v _6915_/Y (sky130_fd_sc_hd__a21oi_1)
   0.215    6.212 v _6972_/X (sky130_fd_sc_hd__a21o_1)
   0.161    6.373 ^ _6973_/Y (sky130_fd_sc_hd__a21oi_1)
   0.258    6.631 ^ _6974_/X (sky130_fd_sc_hd__xor2_1)
   0.184    6.814 v _7145_/Y (sky130_fd_sc_hd__o221ai_2)
   0.231    7.046 v place747/X (sky130_fd_sc_hd__buf_12)
   0.013    7.059 v dp.rf.rf[21][28]$_DFFE_PP_/D (sky130_fd_sc_hd__edfxtp_1)
            7.059   data arrival time

   7.000    7.000   clock clk (rise edge)
   0.775    7.775   clock network delay (ideal)
   0.000    7.775   clock reconvergence pessimism
            7.775 ^ dp.rf.rf[21][28]$_DFFE_PP_/CLK (sky130_fd_sc_hd__edfxtp_1)
  -0.272    7.503   library setup time
            7.503   data required time
-----------------------------------------------------------
            7.503   data required time
           -7.059   data arrival time
-----------------------------------------------------------
            0.445   slack (MET)


Startpoint: dp.rf.rf[5][1]$_DFFE_PP_
            (rising edge-triggered flip-flop clocked by clk)
Endpoint: dp.rf.rf[20][28]$_DFFE_PP_
          (rising edge-triggered flip-flop clocked by clk)
Path Group: clk
Path Type: max

   Delay     Time   Description
-----------------------------------------------------------
   0.000    0.000   clock clk (rise edge)
   0.775    0.775   clock network delay (ideal)
   0.000    0.775 ^ dp.rf.rf[5][1]$_DFFE_PP_/CLK (sky130_fd_sc_hd__edfxtp_1)
   0.362    1.137 v dp.rf.rf[5][1]$_DFFE_PP_/Q (sky130_fd_sc_hd__edfxtp_1)
   0.283    1.421 v _4342_/X (sky130_fd_sc_hd__mux2_2)
   0.289    1.709 v _4343_/X (sky130_fd_sc_hd__a221o_1)
   0.140    1.849 ^ _4344_/Y (sky130_fd_sc_hd__a22oi_1)
   0.073    1.923 v _4345_/Y (sky130_fd_sc_hd__a31oi_1)
   0.225    2.147 v _4346_/X (sky130_fd_sc_hd__a22o_1)
   0.249    2.396 ^ _4354_/Y (sky130_fd_sc_hd__a311oi_2)
   0.177    2.573 ^ place987/X (sky130_fd_sc_hd__buf_4)
   0.236    2.809 ^ place986/X (sky130_fd_sc_hd__buf_4)
   0.195    3.004 v _7418_/Y (sky130_fd_sc_hd__o21ai_0)
   0.466    3.469 v _7642_/COUT (sky130_fd_sc_hd__fa_1)
   0.184    3.653 v _6883_/X (sky130_fd_sc_hd__a21o_1)
   0.182    3.835 ^ _6884_/Y (sky130_fd_sc_hd__a21oi_1)
   0.087    3.923 v _6885_/Y (sky130_fd_sc_hd__o21bai_1)
   0.256    4.179 ^ _6886_/Y (sky130_fd_sc_hd__a21oi_1)
   0.159    4.337 v _6887_/Y (sky130_fd_sc_hd__o21bai_1)
   0.238    4.575 ^ _6895_/Y (sky130_fd_sc_hd__a41oi_1)
   0.161    4.736 ^ place810/X (sky130_fd_sc_hd__buf_4)
   0.191    4.927 v _6899_/Y (sky130_fd_sc_hd__a21oi_1)
   0.274    5.201 ^ _6903_/Y (sky130_fd_sc_hd__a41oi_2)
   0.154    5.355 ^ place802/X (sky130_fd_sc_hd__buf_4)
   0.091    5.447 v _6907_/Y (sky130_fd_sc_hd__a21oi_1)
   0.334    5.781 ^ _6911_/Y (sky130_fd_sc_hd__a41oi_1)
   0.216    5.996 v _6915_/Y (sky130_fd_sc_hd__a21oi_1)
   0.215    6.212 v _6972_/X (sky130_fd_sc_hd__a21o_1)
   0.161    6.373 ^ _6973_/Y (sky130_fd_sc_hd__a21oi_1)
   0.258    6.631 ^ _6974_/X (sky130_fd_sc_hd__xor2_1)
   0.184    6.814 v _7145_/Y (sky130_fd_sc_hd__o221ai_2)
   0.231    7.046 v place747/X (sky130_fd_sc_hd__buf_12)
   0.013    7.058 v dp.rf.rf[20][28]$_DFFE_PP_/D (sky130_fd_sc_hd__edfxtp_1)
            7.058   data arrival time

   7.000    7.000   clock clk (rise edge)
   0.775    7.775   clock network delay (ideal)
   0.000    7.775   clock reconvergence pessimism
            7.775 ^ dp.rf.rf[20][28]$_DFFE_PP_/CLK (sky130_fd_sc_hd__edfxtp_1)
  -0.272    7.503   library setup time
            7.503   data required time
-----------------------------------------------------------
            7.503   data required time
           -7.058   data arrival time
-----------------------------------------------------------
            0.445   slack (MET)


Startpoint: dp.rf.rf[5][1]$_DFFE_PP_
            (rising edge-triggered flip-flop clocked by clk)
Endpoint: dp.rf.rf[18][28]$_DFFE_PP_
          (rising edge-triggered flip-flop clocked by clk)
Path Group: clk
Path Type: max

   Delay     Time   Description
-----------------------------------------------------------
   0.000    0.000   clock clk (rise edge)
   0.775    0.775   clock network delay (ideal)
   0.000    0.775 ^ dp.rf.rf[5][1]$_DFFE_PP_/CLK (sky130_fd_sc_hd__edfxtp_1)
   0.362    1.137 v dp.rf.rf[5][1]$_DFFE_PP_/Q (sky130_fd_sc_hd__edfxtp_1)
   0.283    1.421 v _4342_/X (sky130_fd_sc_hd__mux2_2)
   0.289    1.709 v _4343_/X (sky130_fd_sc_hd__a221o_1)
   0.140    1.849 ^ _4344_/Y (sky130_fd_sc_hd__a22oi_1)
   0.073    1.923 v _4345_/Y (sky130_fd_sc_hd__a31oi_1)
   0.225    2.147 v _4346_/X (sky130_fd_sc_hd__a22o_1)
   0.249    2.396 ^ _4354_/Y (sky130_fd_sc_hd__a311oi_2)
   0.177    2.573 ^ place987/X (sky130_fd_sc_hd__buf_4)
   0.236    2.809 ^ place986/X (sky130_fd_sc_hd__buf_4)
   0.195    3.004 v _7418_/Y (sky130_fd_sc_hd__o21ai_0)
   0.466    3.469 v _7642_/COUT (sky130_fd_sc_hd__fa_1)
   0.184    3.653 v _6883_/X (sky130_fd_sc_hd__a21o_1)
   0.182    3.835 ^ _6884_/Y (sky130_fd_sc_hd__a21oi_1)
   0.087    3.923 v _6885_/Y (sky130_fd_sc_hd__o21bai_1)
   0.256    4.179 ^ _6886_/Y (sky130_fd_sc_hd__a21oi_1)
   0.159    4.337 v _6887_/Y (sky130_fd_sc_hd__o21bai_1)
   0.238    4.575 ^ _6895_/Y (sky130_fd_sc_hd__a41oi_1)
   0.161    4.736 ^ place810/X (sky130_fd_sc_hd__buf_4)
   0.191    4.927 v _6899_/Y (sky130_fd_sc_hd__a21oi_1)
   0.274    5.201 ^ _6903_/Y (sky130_fd_sc_hd__a41oi_2)
   0.154    5.355 ^ place802/X (sky130_fd_sc_hd__buf_4)
   0.091    5.447 v _6907_/Y (sky130_fd_sc_hd__a21oi_1)
   0.334    5.781 ^ _6911_/Y (sky130_fd_sc_hd__a41oi_1)
   0.216    5.996 v _6915_/Y (sky130_fd_sc_hd__a21oi_1)
   0.215    6.212 v _6972_/X (sky130_fd_sc_hd__a21o_1)
   0.161    6.373 ^ _6973_/Y (sky130_fd_sc_hd__a21oi_1)
   0.258    6.631 ^ _6974_/X (sky130_fd_sc_hd__xor2_1)
   0.184    6.814 v _7145_/Y (sky130_fd_sc_hd__o221ai_2)
   0.231    7.046 v place747/X (sky130_fd_sc_hd__buf_12)
   0.013    7.058 v dp.rf.rf[18][28]$_DFFE_PP_/D (sky130_fd_sc_hd__edfxtp_1)
            7.058   data arrival time

   7.000    7.000   clock clk (rise edge)
   0.775    7.775   clock network delay (ideal)
   0.000    7.775   clock reconvergence pessimism
            7.775 ^ dp.rf.rf[18][28]$_DFFE_PP_/CLK (sky130_fd_sc_hd__edfxtp_1)
  -0.272    7.503   library setup time
            7.503   data required time
-----------------------------------------------------------
            7.503   data required time
           -7.058   data arrival time
-----------------------------------------------------------
            0.445   slack (MET)


Startpoint: dp.rf.rf[5][1]$_DFFE_PP_
            (rising edge-triggered flip-flop clocked by clk)
Endpoint: dp.rf.rf[19][28]$_DFFE_PP_
          (rising edge-triggered flip-flop clocked by clk)
Path Group: clk
Path Type: max

   Delay     Time   Description
-----------------------------------------------------------
   0.000    0.000   clock clk (rise edge)
   0.775    0.775   clock network delay (ideal)
   0.000    0.775 ^ dp.rf.rf[5][1]$_DFFE_PP_/CLK (sky130_fd_sc_hd__edfxtp_1)
   0.362    1.137 v dp.rf.rf[5][1]$_DFFE_PP_/Q (sky130_fd_sc_hd__edfxtp_1)
   0.283    1.421 v _4342_/X (sky130_fd_sc_hd__mux2_2)
   0.289    1.709 v _4343_/X (sky130_fd_sc_hd__a221o_1)
   0.140    1.849 ^ _4344_/Y (sky130_fd_sc_hd__a22oi_1)
   0.073    1.923 v _4345_/Y (sky130_fd_sc_hd__a31oi_1)
   0.225    2.147 v _4346_/X (sky130_fd_sc_hd__a22o_1)
   0.249    2.396 ^ _4354_/Y (sky130_fd_sc_hd__a311oi_2)
   0.177    2.573 ^ place987/X (sky130_fd_sc_hd__buf_4)
   0.236    2.809 ^ place986/X (sky130_fd_sc_hd__buf_4)
   0.195    3.004 v _7418_/Y (sky130_fd_sc_hd__o21ai_0)
   0.466    3.469 v _7642_/COUT (sky130_fd_sc_hd__fa_1)
   0.184    3.653 v _6883_/X (sky130_fd_sc_hd__a21o_1)
   0.182    3.835 ^ _6884_/Y (sky130_fd_sc_hd__a21oi_1)
   0.087    3.923 v _6885_/Y (sky130_fd_sc_hd__o21bai_1)
   0.256    4.179 ^ _6886_/Y (sky130_fd_sc_hd__a21oi_1)
   0.159    4.337 v _6887_/Y (sky130_fd_sc_hd__o21bai_1)
   0.238    4.575 ^ _6895_/Y (sky130_fd_sc_hd__a41oi_1)
   0.161    4.736 ^ place810/X (sky130_fd_sc_hd__buf_4)
   0.191    4.927 v _6899_/Y (sky130_fd_sc_hd__a21oi_1)
   0.274    5.201 ^ _6903_/Y (sky130_fd_sc_hd__a41oi_2)
   0.154    5.355 ^ place802/X (sky130_fd_sc_hd__buf_4)
   0.091    5.447 v _6907_/Y (sky130_fd_sc_hd__a21oi_1)
   0.334    5.781 ^ _6911_/Y (sky130_fd_sc_hd__a41oi_1)
   0.216    5.996 v _6915_/Y (sky130_fd_sc_hd__a21oi_1)
   0.215    6.212 v _6972_/X (sky130_fd_sc_hd__a21o_1)
   0.161    6.373 ^ _6973_/Y (sky130_fd_sc_hd__a21oi_1)
   0.258    6.631 ^ _6974_/X (sky130_fd_sc_hd__xor2_1)
   0.184    6.814 v _7145_/Y (sky130_fd_sc_hd__o221ai_2)
   0.231    7.046 v place747/X (sky130_fd_sc_hd__buf_12)
   0.013    7.058 v dp.rf.rf[19][28]$_DFFE_PP_/D (sky130_fd_sc_hd__edfxtp_1)
            7.058   data arrival time

   7.000    7.000   clock clk (rise edge)
   0.775    7.775   clock network delay (ideal)
   0.000    7.775   clock reconvergence pessimism
            7.775 ^ dp.rf.rf[19][28]$_DFFE_PP_/CLK (sky130_fd_sc_hd__edfxtp_1)
  -0.272    7.503   library setup time
            7.503   data required time
-----------------------------------------------------------
            7.503   data required time
           -7.058   data arrival time
-----------------------------------------------------------
            0.445   slack (MET)


Startpoint: dp.rf.rf[5][1]$_DFFE_PP_
            (rising edge-triggered flip-flop clocked by clk)
Endpoint: dp.rf.rf[17][28]$_DFFE_PP_
          (rising edge-triggered flip-flop clocked by clk)
Path Group: clk
Path Type: max

   Delay     Time   Description
-----------------------------------------------------------
   0.000    0.000   clock clk (rise edge)
   0.775    0.775   clock network delay (ideal)
   0.000    0.775 ^ dp.rf.rf[5][1]$_DFFE_PP_/CLK (sky130_fd_sc_hd__edfxtp_1)
   0.362    1.137 v dp.rf.rf[5][1]$_DFFE_PP_/Q (sky130_fd_sc_hd__edfxtp_1)
   0.283    1.421 v _4342_/X (sky130_fd_sc_hd__mux2_2)
   0.289    1.709 v _4343_/X (sky130_fd_sc_hd__a221o_1)
   0.140    1.849 ^ _4344_/Y (sky130_fd_sc_hd__a22oi_1)
   0.073    1.923 v _4345_/Y (sky130_fd_sc_hd__a31oi_1)
   0.225    2.147 v _4346_/X (sky130_fd_sc_hd__a22o_1)
   0.249    2.396 ^ _4354_/Y (sky130_fd_sc_hd__a311oi_2)
   0.177    2.573 ^ place987/X (sky130_fd_sc_hd__buf_4)
   0.236    2.809 ^ place986/X (sky130_fd_sc_hd__buf_4)
   0.195    3.004 v _7418_/Y (sky130_fd_sc_hd__o21ai_0)
   0.466    3.469 v _7642_/COUT (sky130_fd_sc_hd__fa_1)
   0.184    3.653 v _6883_/X (sky130_fd_sc_hd__a21o_1)
   0.182    3.835 ^ _6884_/Y (sky130_fd_sc_hd__a21oi_1)
   0.087    3.923 v _6885_/Y (sky130_fd_sc_hd__o21bai_1)
   0.256    4.179 ^ _6886_/Y (sky130_fd_sc_hd__a21oi_1)
   0.159    4.337 v _6887_/Y (sky130_fd_sc_hd__o21bai_1)
   0.238    4.575 ^ _6895_/Y (sky130_fd_sc_hd__a41oi_1)
   0.161    4.736 ^ place810/X (sky130_fd_sc_hd__buf_4)
   0.191    4.927 v _6899_/Y (sky130_fd_sc_hd__a21oi_1)
   0.274    5.201 ^ _6903_/Y (sky130_fd_sc_hd__a41oi_2)
   0.154    5.355 ^ place802/X (sky130_fd_sc_hd__buf_4)
   0.091    5.447 v _6907_/Y (sky130_fd_sc_hd__a21oi_1)
   0.334    5.781 ^ _6911_/Y (sky130_fd_sc_hd__a41oi_1)
   0.216    5.996 v _6915_/Y (sky130_fd_sc_hd__a21oi_1)
   0.215    6.212 v _6972_/X (sky130_fd_sc_hd__a21o_1)
   0.161    6.373 ^ _6973_/Y (sky130_fd_sc_hd__a21oi_1)
   0.258    6.631 ^ _6974_/X (sky130_fd_sc_hd__xor2_1)
   0.184    6.814 v _7145_/Y (sky130_fd_sc_hd__o221ai_2)
   0.231    7.046 v place747/X (sky130_fd_sc_hd__buf_12)
   0.012    7.058 v dp.rf.rf[17][28]$_DFFE_PP_/D (sky130_fd_sc_hd__edfxtp_1)
            7.058   data arrival time

   7.000    7.000   clock clk (rise edge)
   0.775    7.775   clock network delay (ideal)
   0.000    7.775   clock reconvergence pessimism
            7.775 ^ dp.rf.rf[17][28]$_DFFE_PP_/CLK (sky130_fd_sc_hd__edfxtp_1)
  -0.272    7.503   library setup time
            7.503   data required time
-----------------------------------------------------------
            7.503   data required time
           -7.058   data arrival time
-----------------------------------------------------------
            0.445   slack (MET)


Startpoint: dp.rf.rf[5][1]$_DFFE_PP_
            (rising edge-triggered flip-flop clocked by clk)
Endpoint: dp.rf.rf[16][28]$_DFFE_PP_
          (rising edge-triggered flip-flop clocked by clk)
Path Group: clk
Path Type: max

   Delay     Time   Description
-----------------------------------------------------------
   0.000    0.000   clock clk (rise edge)
   0.775    0.775   clock network delay (ideal)
   0.000    0.775 ^ dp.rf.rf[5][1]$_DFFE_PP_/CLK (sky130_fd_sc_hd__edfxtp_1)
   0.362    1.137 v dp.rf.rf[5][1]$_DFFE_PP_/Q (sky130_fd_sc_hd__edfxtp_1)
   0.283    1.421 v _4342_/X (sky130_fd_sc_hd__mux2_2)
   0.289    1.709 v _4343_/X (sky130_fd_sc_hd__a221o_1)
   0.140    1.849 ^ _4344_/Y (sky130_fd_sc_hd__a22oi_1)
   0.073    1.923 v _4345_/Y (sky130_fd_sc_hd__a31oi_1)
   0.225    2.147 v _4346_/X (sky130_fd_sc_hd__a22o_1)
   0.249    2.396 ^ _4354_/Y (sky130_fd_sc_hd__a311oi_2)
   0.177    2.573 ^ place987/X (sky130_fd_sc_hd__buf_4)
   0.236    2.809 ^ place986/X (sky130_fd_sc_hd__buf_4)
   0.195    3.004 v _7418_/Y (sky130_fd_sc_hd__o21ai_0)
   0.466    3.469 v _7642_/COUT (sky130_fd_sc_hd__fa_1)
   0.184    3.653 v _6883_/X (sky130_fd_sc_hd__a21o_1)
   0.182    3.835 ^ _6884_/Y (sky130_fd_sc_hd__a21oi_1)
   0.087    3.923 v _6885_/Y (sky130_fd_sc_hd__o21bai_1)
   0.256    4.179 ^ _6886_/Y (sky130_fd_sc_hd__a21oi_1)
   0.159    4.337 v _6887_/Y (sky130_fd_sc_hd__o21bai_1)
   0.238    4.575 ^ _6895_/Y (sky130_fd_sc_hd__a41oi_1)
   0.161    4.736 ^ place810/X (sky130_fd_sc_hd__buf_4)
   0.191    4.927 v _6899_/Y (sky130_fd_sc_hd__a21oi_1)
   0.274    5.201 ^ _6903_/Y (sky130_fd_sc_hd__a41oi_2)
   0.154    5.355 ^ place802/X (sky130_fd_sc_hd__buf_4)
   0.091    5.447 v _6907_/Y (sky130_fd_sc_hd__a21oi_1)
   0.334    5.781 ^ _6911_/Y (sky130_fd_sc_hd__a41oi_1)
   0.216    5.996 v _6915_/Y (sky130_fd_sc_hd__a21oi_1)
   0.215    6.212 v _6972_/X (sky130_fd_sc_hd__a21o_1)
   0.161    6.373 ^ _6973_/Y (sky130_fd_sc_hd__a21oi_1)
   0.258    6.631 ^ _6974_/X (sky130_fd_sc_hd__xor2_1)
   0.184    6.814 v _7145_/Y (sky130_fd_sc_hd__o221ai_2)
   0.231    7.046 v place747/X (sky130_fd_sc_hd__buf_12)
   0.012    7.057 v dp.rf.rf[16][28]$_DFFE_PP_/D (sky130_fd_sc_hd__edfxtp_1)
            7.057   data arrival time

   7.000    7.000   clock clk (rise edge)
   0.775    7.775   clock network delay (ideal)
   0.000    7.775   clock reconvergence pessimism
            7.775 ^ dp.rf.rf[16][28]$_DFFE_PP_/CLK (sky130_fd_sc_hd__edfxtp_1)
  -0.272    7.503   library setup time
            7.503   data required time
-----------------------------------------------------------
            7.503   data required time
           -7.057   data arrival time
-----------------------------------------------------------
            0.446   slack (MET)


Startpoint: dp.rf.rf[11][0]$_DFFE_PP_
            (rising edge-triggered flip-flop clocked by clk)
Endpoint: dp.rf.rf[8][16]$_DFFE_PP_
          (rising edge-triggered flip-flop clocked by clk)
Path Group: clk
Path Type: max

   Delay     Time   Description
-----------------------------------------------------------
   0.000    0.000   clock clk (rise edge)
   0.775    0.775   clock network delay (ideal)
   0.000    0.775 ^ dp.rf.rf[11][0]$_DFFE_PP_/CLK (sky130_fd_sc_hd__edfxtp_1)
   0.362    1.137 v dp.rf.rf[11][0]$_DFFE_PP_/Q (sky130_fd_sc_hd__edfxtp_1)
   0.486    1.623 v _4369_/X (sky130_fd_sc_hd__mux4_2)
   0.178    1.801 ^ _4371_/Y (sky130_fd_sc_hd__mux2i_1)
   0.176    1.977 v _4372_/Y (sky130_fd_sc_hd__o221ai_1)
   0.204    2.181 ^ _6038_/Y (sky130_fd_sc_hd__nand3_2)
   0.108    2.289 v _6039_/Y (sky130_fd_sc_hd__o31ai_4)
   0.226    2.515 ^ _7513_/Y (sky130_fd_sc_hd__xnor2_2)
   0.065    2.580 v _7514_/Y (sky130_fd_sc_hd__inv_2)
   0.366    2.945 v _7641_/COUT (sky130_fd_sc_hd__fa_2)
   0.375    3.321 v _7640_/COUT (sky130_fd_sc_hd__fa_2)
   0.189    3.510 v _5928_/X (sky130_fd_sc_hd__a21o_1)
   0.187    3.698 ^ _5929_/Y (sky130_fd_sc_hd__a21oi_2)
   0.084    3.781 v _5931_/Y (sky130_fd_sc_hd__o21ai_2)
   0.138    3.919 v rebuffer1242/X (sky130_fd_sc_hd__buf_4)
   0.126    4.045 v place825/X (sky130_fd_sc_hd__buf_4)
   0.195    4.240 ^ _6578_/Y (sky130_fd_sc_hd__a31oi_2)
   0.099    4.339 v _6579_/Y (sky130_fd_sc_hd__inv_1)
   0.326    4.666 v _6580_/X (sky130_fd_sc_hd__or2_2)
   0.116    4.782 ^ _6581_/Y (sky130_fd_sc_hd__a21oi_2)
   0.147    4.929 ^ place804/X (sky130_fd_sc_hd__buf_4)
   0.103    5.032 v _6582_/Y (sky130_fd_sc_hd__o21ai_0)
   0.195    5.227 ^ _6583_/Y (sky130_fd_sc_hd__xnor2_1)
   0.100    5.326 v _6586_/Y (sky130_fd_sc_hd__a21oi_1)
   0.300    5.627 ^ _6587_/Y (sky130_fd_sc_hd__o32ai_1)
   0.226    5.853 ^ place782/X (sky130_fd_sc_hd__buf_4)
   0.937    6.790 ^ _7211_/X (sky130_fd_sc_hd__o31a_1)
   0.032    6.822 ^ dp.rf.rf[8][16]$_DFFE_PP_/D (sky130_fd_sc_hd__edfxtp_1)
            6.822   data arrival time

   7.000    7.000   clock clk (rise edge)
   0.775    7.775   clock network delay (ideal)
   0.000    7.775   clock reconvergence pessimism
            7.775 ^ dp.rf.rf[8][16]$_DFFE_PP_/CLK (sky130_fd_sc_hd__edfxtp_1)
  -0.376    7.399   library setup time
            7.399   data required time
-----------------------------------------------------------
            7.399   data required time
           -6.822   data arrival time
-----------------------------------------------------------
            0.577   slack (MET)


Startpoint: dp.rf.rf[11][0]$_DFFE_PP_
            (rising edge-triggered flip-flop clocked by clk)
Endpoint: dp.rf.rf[9][16]$_DFFE_PP_
          (rising edge-triggered flip-flop clocked by clk)
Path Group: clk
Path Type: max

   Delay     Time   Description
-----------------------------------------------------------
   0.000    0.000   clock clk (rise edge)
   0.775    0.775   clock network delay (ideal)
   0.000    0.775 ^ dp.rf.rf[11][0]$_DFFE_PP_/CLK (sky130_fd_sc_hd__edfxtp_1)
   0.362    1.137 v dp.rf.rf[11][0]$_DFFE_PP_/Q (sky130_fd_sc_hd__edfxtp_1)
   0.486    1.623 v _4369_/X (sky130_fd_sc_hd__mux4_2)
   0.178    1.801 ^ _4371_/Y (sky130_fd_sc_hd__mux2i_1)
   0.176    1.977 v _4372_/Y (sky130_fd_sc_hd__o221ai_1)
   0.204    2.181 ^ _6038_/Y (sky130_fd_sc_hd__nand3_2)
   0.108    2.289 v _6039_/Y (sky130_fd_sc_hd__o31ai_4)
   0.226    2.515 ^ _7513_/Y (sky130_fd_sc_hd__xnor2_2)
   0.065    2.580 v _7514_/Y (sky130_fd_sc_hd__inv_2)
   0.366    2.945 v _7641_/COUT (sky130_fd_sc_hd__fa_2)
   0.375    3.321 v _7640_/COUT (sky130_fd_sc_hd__fa_2)
   0.189    3.510 v _5928_/X (sky130_fd_sc_hd__a21o_1)
   0.187    3.698 ^ _5929_/Y (sky130_fd_sc_hd__a21oi_2)
   0.084    3.781 v _5931_/Y (sky130_fd_sc_hd__o21ai_2)
   0.138    3.919 v rebuffer1242/X (sky130_fd_sc_hd__buf_4)
   0.126    4.045 v place825/X (sky130_fd_sc_hd__buf_4)
   0.195    4.240 ^ _6578_/Y (sky130_fd_sc_hd__a31oi_2)
   0.099    4.339 v _6579_/Y (sky130_fd_sc_hd__inv_1)
   0.326    4.666 v _6580_/X (sky130_fd_sc_hd__or2_2)
   0.116    4.782 ^ _6581_/Y (sky130_fd_sc_hd__a21oi_2)
   0.147    4.929 ^ place804/X (sky130_fd_sc_hd__buf_4)
   0.103    5.032 v _6582_/Y (sky130_fd_sc_hd__o21ai_0)
   0.195    5.227 ^ _6583_/Y (sky130_fd_sc_hd__xnor2_1)
   0.100    5.326 v _6586_/Y (sky130_fd_sc_hd__a21oi_1)
   0.300    5.627 ^ _6587_/Y (sky130_fd_sc_hd__o32ai_1)
   0.226    5.853 ^ place782/X (sky130_fd_sc_hd__buf_4)
   0.937    6.790 ^ _7211_/X (sky130_fd_sc_hd__o31a_1)
   0.032    6.822 ^ dp.rf.rf[9][16]$_DFFE_PP_/D (sky130_fd_sc_hd__edfxtp_1)
            6.822   data arrival time

   7.000    7.000   clock clk (rise edge)
   0.775    7.775   clock network delay (ideal)
   0.000    7.775   clock reconvergence pessimism
            7.775 ^ dp.rf.rf[9][16]$_DFFE_PP_/CLK (sky130_fd_sc_hd__edfxtp_1)
  -0.376    7.399   library setup time
            7.399   data required time
-----------------------------------------------------------
            7.399   data required time
           -6.822   data arrival time
-----------------------------------------------------------
            0.577   slack (MET)


Startpoint: dp.rf.rf[11][0]$_DFFE_PP_
            (rising edge-triggered flip-flop clocked by clk)
Endpoint: dp.rf.rf[10][16]$_DFFE_PP_
          (rising edge-triggered flip-flop clocked by clk)
Path Group: clk
Path Type: max

   Delay     Time   Description
-----------------------------------------------------------
   0.000    0.000   clock clk (rise edge)
   0.775    0.775   clock network delay (ideal)
   0.000    0.775 ^ dp.rf.rf[11][0]$_DFFE_PP_/CLK (sky130_fd_sc_hd__edfxtp_1)
   0.362    1.137 v dp.rf.rf[11][0]$_DFFE_PP_/Q (sky130_fd_sc_hd__edfxtp_1)
   0.486    1.623 v _4369_/X (sky130_fd_sc_hd__mux4_2)
   0.178    1.801 ^ _4371_/Y (sky130_fd_sc_hd__mux2i_1)
   0.176    1.977 v _4372_/Y (sky130_fd_sc_hd__o221ai_1)
   0.204    2.181 ^ _6038_/Y (sky130_fd_sc_hd__nand3_2)
   0.108    2.289 v _6039_/Y (sky130_fd_sc_hd__o31ai_4)
   0.226    2.515 ^ _7513_/Y (sky130_fd_sc_hd__xnor2_2)
   0.065    2.580 v _7514_/Y (sky130_fd_sc_hd__inv_2)
   0.366    2.945 v _7641_/COUT (sky130_fd_sc_hd__fa_2)
   0.375    3.321 v _7640_/COUT (sky130_fd_sc_hd__fa_2)
   0.189    3.510 v _5928_/X (sky130_fd_sc_hd__a21o_1)
   0.187    3.698 ^ _5929_/Y (sky130_fd_sc_hd__a21oi_2)
   0.084    3.781 v _5931_/Y (sky130_fd_sc_hd__o21ai_2)
   0.138    3.919 v rebuffer1242/X (sky130_fd_sc_hd__buf_4)
   0.126    4.045 v place825/X (sky130_fd_sc_hd__buf_4)
   0.195    4.240 ^ _6578_/Y (sky130_fd_sc_hd__a31oi_2)
   0.099    4.339 v _6579_/Y (sky130_fd_sc_hd__inv_1)
   0.326    4.666 v _6580_/X (sky130_fd_sc_hd__or2_2)
   0.116    4.782 ^ _6581_/Y (sky130_fd_sc_hd__a21oi_2)
   0.147    4.929 ^ place804/X (sky130_fd_sc_hd__buf_4)
   0.103    5.032 v _6582_/Y (sky130_fd_sc_hd__o21ai_0)
   0.195    5.227 ^ _6583_/Y (sky130_fd_sc_hd__xnor2_1)
   0.100    5.326 v _6586_/Y (sky130_fd_sc_hd__a21oi_1)
   0.300    5.627 ^ _6587_/Y (sky130_fd_sc_hd__o32ai_1)
   0.226    5.853 ^ place782/X (sky130_fd_sc_hd__buf_4)
   0.937    6.790 ^ _7211_/X (sky130_fd_sc_hd__o31a_1)
   0.032    6.822 ^ dp.rf.rf[10][16]$_DFFE_PP_/D (sky130_fd_sc_hd__edfxtp_1)
            6.822   data arrival time

   7.000    7.000   clock clk (rise edge)
   0.775    7.775   clock network delay (ideal)
   0.000    7.775   clock reconvergence pessimism
            7.775 ^ dp.rf.rf[10][16]$_DFFE_PP_/CLK (sky130_fd_sc_hd__edfxtp_1)
  -0.376    7.399   library setup time
            7.399   data required time
-----------------------------------------------------------
            7.399   data required time
           -6.822   data arrival time
-----------------------------------------------------------
            0.577   slack (MET)


Startpoint: dp.rf.rf[11][0]$_DFFE_PP_
            (rising edge-triggered flip-flop clocked by clk)
Endpoint: dp.rf.rf[13][16]$_DFFE_PP_
          (rising edge-triggered flip-flop clocked by clk)
Path Group: clk
Path Type: max

   Delay     Time   Description
-----------------------------------------------------------
   0.000    0.000   clock clk (rise edge)
   0.775    0.775   clock network delay (ideal)
   0.000    0.775 ^ dp.rf.rf[11][0]$_DFFE_PP_/CLK (sky130_fd_sc_hd__edfxtp_1)
   0.362    1.137 v dp.rf.rf[11][0]$_DFFE_PP_/Q (sky130_fd_sc_hd__edfxtp_1)
   0.486    1.623 v _4369_/X (sky130_fd_sc_hd__mux4_2)
   0.178    1.801 ^ _4371_/Y (sky130_fd_sc_hd__mux2i_1)
   0.176    1.977 v _4372_/Y (sky130_fd_sc_hd__o221ai_1)
   0.204    2.181 ^ _6038_/Y (sky130_fd_sc_hd__nand3_2)
   0.108    2.289 v _6039_/Y (sky130_fd_sc_hd__o31ai_4)
   0.226    2.515 ^ _7513_/Y (sky130_fd_sc_hd__xnor2_2)
   0.065    2.580 v _7514_/Y (sky130_fd_sc_hd__inv_2)
   0.366    2.945 v _7641_/COUT (sky130_fd_sc_hd__fa_2)
   0.375    3.321 v _7640_/COUT (sky130_fd_sc_hd__fa_2)
   0.189    3.510 v _5928_/X (sky130_fd_sc_hd__a21o_1)
   0.187    3.698 ^ _5929_/Y (sky130_fd_sc_hd__a21oi_2)
   0.084    3.781 v _5931_/Y (sky130_fd_sc_hd__o21ai_2)
   0.138    3.919 v rebuffer1242/X (sky130_fd_sc_hd__buf_4)
   0.126    4.045 v place825/X (sky130_fd_sc_hd__buf_4)
   0.195    4.240 ^ _6578_/Y (sky130_fd_sc_hd__a31oi_2)
   0.099    4.339 v _6579_/Y (sky130_fd_sc_hd__inv_1)
   0.326    4.666 v _6580_/X (sky130_fd_sc_hd__or2_2)
   0.116    4.782 ^ _6581_/Y (sky130_fd_sc_hd__a21oi_2)
   0.147    4.929 ^ place804/X (sky130_fd_sc_hd__buf_4)
   0.103    5.032 v _6582_/Y (sky130_fd_sc_hd__o21ai_0)
   0.195    5.227 ^ _6583_/Y (sky130_fd_sc_hd__xnor2_1)
   0.100    5.326 v _6586_/Y (sky130_fd_sc_hd__a21oi_1)
   0.300    5.627 ^ _6587_/Y (sky130_fd_sc_hd__o32ai_1)
   0.226    5.853 ^ place782/X (sky130_fd_sc_hd__buf_4)
   0.937    6.790 ^ _7211_/X (sky130_fd_sc_hd__o31a_1)
   0.032    6.822 ^ dp.rf.rf[13][16]$_DFFE_PP_/D (sky130_fd_sc_hd__edfxtp_1)
            6.822   data arrival time

   7.000    7.000   clock clk (rise edge)
   0.775    7.775   clock network delay (ideal)
   0.000    7.775   clock reconvergence pessimism
            7.775 ^ dp.rf.rf[13][16]$_DFFE_PP_/CLK (sky130_fd_sc_hd__edfxtp_1)
  -0.376    7.399   library setup time
            7.399   data required time
-----------------------------------------------------------
            7.399   data required time
           -6.822   data arrival time
-----------------------------------------------------------
            0.577   slack (MET)


Startpoint: dp.rf.rf[11][0]$_DFFE_PP_
            (rising edge-triggered flip-flop clocked by clk)
Endpoint: dp.rf.rf[14][16]$_DFFE_PP_
          (rising edge-triggered flip-flop clocked by clk)
Path Group: clk
Path Type: max

   Delay     Time   Description
-----------------------------------------------------------
   0.000    0.000   clock clk (rise edge)
   0.775    0.775   clock network delay (ideal)
   0.000    0.775 ^ dp.rf.rf[11][0]$_DFFE_PP_/CLK (sky130_fd_sc_hd__edfxtp_1)
   0.362    1.137 v dp.rf.rf[11][0]$_DFFE_PP_/Q (sky130_fd_sc_hd__edfxtp_1)
   0.486    1.623 v _4369_/X (sky130_fd_sc_hd__mux4_2)
   0.178    1.801 ^ _4371_/Y (sky130_fd_sc_hd__mux2i_1)
   0.176    1.977 v _4372_/Y (sky130_fd_sc_hd__o221ai_1)
   0.204    2.181 ^ _6038_/Y (sky130_fd_sc_hd__nand3_2)
   0.108    2.289 v _6039_/Y (sky130_fd_sc_hd__o31ai_4)
   0.226    2.515 ^ _7513_/Y (sky130_fd_sc_hd__xnor2_2)
   0.065    2.580 v _7514_/Y (sky130_fd_sc_hd__inv_2)
   0.366    2.945 v _7641_/COUT (sky130_fd_sc_hd__fa_2)
   0.375    3.321 v _7640_/COUT (sky130_fd_sc_hd__fa_2)
   0.189    3.510 v _5928_/X (sky130_fd_sc_hd__a21o_1)
   0.187    3.698 ^ _5929_/Y (sky130_fd_sc_hd__a21oi_2)
   0.084    3.781 v _5931_/Y (sky130_fd_sc_hd__o21ai_2)
   0.138    3.919 v rebuffer1242/X (sky130_fd_sc_hd__buf_4)
   0.126    4.045 v place825/X (sky130_fd_sc_hd__buf_4)
   0.195    4.240 ^ _6578_/Y (sky130_fd_sc_hd__a31oi_2)
   0.099    4.339 v _6579_/Y (sky130_fd_sc_hd__inv_1)
   0.326    4.666 v _6580_/X (sky130_fd_sc_hd__or2_2)
   0.116    4.782 ^ _6581_/Y (sky130_fd_sc_hd__a21oi_2)
   0.147    4.929 ^ place804/X (sky130_fd_sc_hd__buf_4)
   0.103    5.032 v _6582_/Y (sky130_fd_sc_hd__o21ai_0)
   0.195    5.227 ^ _6583_/Y (sky130_fd_sc_hd__xnor2_1)
   0.100    5.326 v _6586_/Y (sky130_fd_sc_hd__a21oi_1)
   0.300    5.627 ^ _6587_/Y (sky130_fd_sc_hd__o32ai_1)
   0.226    5.853 ^ place782/X (sky130_fd_sc_hd__buf_4)
   0.937    6.790 ^ _7211_/X (sky130_fd_sc_hd__o31a_1)
   0.032    6.822 ^ dp.rf.rf[14][16]$_DFFE_PP_/D (sky130_fd_sc_hd__edfxtp_1)
            6.822   data arrival time

   7.000    7.000   clock clk (rise edge)
   0.775    7.775   clock network delay (ideal)
   0.000    7.775   clock reconvergence pessimism
            7.775 ^ dp.rf.rf[14][16]$_DFFE_PP_/CLK (sky130_fd_sc_hd__edfxtp_1)
  -0.376    7.399   library setup time
            7.399   data required time
-----------------------------------------------------------
            7.399   data required time
           -6.822   data arrival time
-----------------------------------------------------------
            0.577   slack (MET)


Startpoint: dp.rf.rf[11][0]$_DFFE_PP_
            (rising edge-triggered flip-flop clocked by clk)
Endpoint: dp.rf.rf[11][16]$_DFFE_PP_
          (rising edge-triggered flip-flop clocked by clk)
Path Group: clk
Path Type: max

   Delay     Time   Description
-----------------------------------------------------------
   0.000    0.000   clock clk (rise edge)
   0.775    0.775   clock network delay (ideal)
   0.000    0.775 ^ dp.rf.rf[11][0]$_DFFE_PP_/CLK (sky130_fd_sc_hd__edfxtp_1)
   0.362    1.137 v dp.rf.rf[11][0]$_DFFE_PP_/Q (sky130_fd_sc_hd__edfxtp_1)
   0.486    1.623 v _4369_/X (sky130_fd_sc_hd__mux4_2)
   0.178    1.801 ^ _4371_/Y (sky130_fd_sc_hd__mux2i_1)
   0.176    1.977 v _4372_/Y (sky130_fd_sc_hd__o221ai_1)
   0.204    2.181 ^ _6038_/Y (sky130_fd_sc_hd__nand3_2)
   0.108    2.289 v _6039_/Y (sky130_fd_sc_hd__o31ai_4)
   0.226    2.515 ^ _7513_/Y (sky130_fd_sc_hd__xnor2_2)
   0.065    2.580 v _7514_/Y (sky130_fd_sc_hd__inv_2)
   0.366    2.945 v _7641_/COUT (sky130_fd_sc_hd__fa_2)
   0.375    3.321 v _7640_/COUT (sky130_fd_sc_hd__fa_2)
   0.189    3.510 v _5928_/X (sky130_fd_sc_hd__a21o_1)
   0.187    3.698 ^ _5929_/Y (sky130_fd_sc_hd__a21oi_2)
   0.084    3.781 v _5931_/Y (sky130_fd_sc_hd__o21ai_2)
   0.138    3.919 v rebuffer1242/X (sky130_fd_sc_hd__buf_4)
   0.126    4.045 v place825/X (sky130_fd_sc_hd__buf_4)
   0.195    4.240 ^ _6578_/Y (sky130_fd_sc_hd__a31oi_2)
   0.099    4.339 v _6579_/Y (sky130_fd_sc_hd__inv_1)
   0.326    4.666 v _6580_/X (sky130_fd_sc_hd__or2_2)
   0.116    4.782 ^ _6581_/Y (sky130_fd_sc_hd__a21oi_2)
   0.147    4.929 ^ place804/X (sky130_fd_sc_hd__buf_4)
   0.103    5.032 v _6582_/Y (sky130_fd_sc_hd__o21ai_0)
   0.195    5.227 ^ _6583_/Y (sky130_fd_sc_hd__xnor2_1)
   0.100    5.326 v _6586_/Y (sky130_fd_sc_hd__a21oi_1)
   0.300    5.627 ^ _6587_/Y (sky130_fd_sc_hd__o32ai_1)
   0.226    5.853 ^ place782/X (sky130_fd_sc_hd__buf_4)
   0.937    6.790 ^ _7211_/X (sky130_fd_sc_hd__o31a_1)
   0.032    6.822 ^ dp.rf.rf[11][16]$_DFFE_PP_/D (sky130_fd_sc_hd__edfxtp_1)
            6.822   data arrival time

   7.000    7.000   clock clk (rise edge)
   0.775    7.775   clock network delay (ideal)
   0.000    7.775   clock reconvergence pessimism
            7.775 ^ dp.rf.rf[11][16]$_DFFE_PP_/CLK (sky130_fd_sc_hd__edfxtp_1)
  -0.376    7.399   library setup time
            7.399   data required time
-----------------------------------------------------------
            7.399   data required time
           -6.822   data arrival time
-----------------------------------------------------------
            0.577   slack (MET)


Startpoint: dp.rf.rf[11][0]$_DFFE_PP_
            (rising edge-triggered flip-flop clocked by clk)
Endpoint: dp.rf.rf[15][16]$_DFFE_PP_
          (rising edge-triggered flip-flop clocked by clk)
Path Group: clk
Path Type: max

   Delay     Time   Description
-----------------------------------------------------------
   0.000    0.000   clock clk (rise edge)
   0.775    0.775   clock network delay (ideal)
   0.000    0.775 ^ dp.rf.rf[11][0]$_DFFE_PP_/CLK (sky130_fd_sc_hd__edfxtp_1)
   0.362    1.137 v dp.rf.rf[11][0]$_DFFE_PP_/Q (sky130_fd_sc_hd__edfxtp_1)
   0.486    1.623 v _4369_/X (sky130_fd_sc_hd__mux4_2)
   0.178    1.801 ^ _4371_/Y (sky130_fd_sc_hd__mux2i_1)
   0.176    1.977 v _4372_/Y (sky130_fd_sc_hd__o221ai_1)
   0.204    2.181 ^ _6038_/Y (sky130_fd_sc_hd__nand3_2)
   0.108    2.289 v _6039_/Y (sky130_fd_sc_hd__o31ai_4)
   0.226    2.515 ^ _7513_/Y (sky130_fd_sc_hd__xnor2_2)
   0.065    2.580 v _7514_/Y (sky130_fd_sc_hd__inv_2)
   0.366    2.945 v _7641_/COUT (sky130_fd_sc_hd__fa_2)
   0.375    3.321 v _7640_/COUT (sky130_fd_sc_hd__fa_2)
   0.189    3.510 v _5928_/X (sky130_fd_sc_hd__a21o_1)
   0.187    3.698 ^ _5929_/Y (sky130_fd_sc_hd__a21oi_2)
   0.084    3.781 v _5931_/Y (sky130_fd_sc_hd__o21ai_2)
   0.138    3.919 v rebuffer1242/X (sky130_fd_sc_hd__buf_4)
   0.126    4.045 v place825/X (sky130_fd_sc_hd__buf_4)
   0.195    4.240 ^ _6578_/Y (sky130_fd_sc_hd__a31oi_2)
   0.099    4.339 v _6579_/Y (sky130_fd_sc_hd__inv_1)
   0.326    4.666 v _6580_/X (sky130_fd_sc_hd__or2_2)
   0.116    4.782 ^ _6581_/Y (sky130_fd_sc_hd__a21oi_2)
   0.147    4.929 ^ place804/X (sky130_fd_sc_hd__buf_4)
   0.103    5.032 v _6582_/Y (sky130_fd_sc_hd__o21ai_0)
   0.195    5.227 ^ _6583_/Y (sky130_fd_sc_hd__xnor2_1)
   0.100    5.326 v _6586_/Y (sky130_fd_sc_hd__a21oi_1)
   0.300    5.627 ^ _6587_/Y (sky130_fd_sc_hd__o32ai_1)
   0.226    5.853 ^ place782/X (sky130_fd_sc_hd__buf_4)
   0.937    6.790 ^ _7211_/X (sky130_fd_sc_hd__o31a_1)
   0.032    6.821 ^ dp.rf.rf[15][16]$_DFFE_PP_/D (sky130_fd_sc_hd__edfxtp_1)
            6.821   data arrival time

   7.000    7.000   clock clk (rise edge)
   0.775    7.775   clock network delay (ideal)
   0.000    7.775   clock reconvergence pessimism
            7.775 ^ dp.rf.rf[15][16]$_DFFE_PP_/CLK (sky130_fd_sc_hd__edfxtp_1)
  -0.376    7.399   library setup time
            7.399   data required time
-----------------------------------------------------------
            7.399   data required time
           -6.821   data arrival time
-----------------------------------------------------------
            0.577   slack (MET)


Startpoint: dp.rf.rf[11][0]$_DFFE_PP_
            (rising edge-triggered flip-flop clocked by clk)
Endpoint: dp.rf.rf[12][16]$_DFFE_PP_
          (rising edge-triggered flip-flop clocked by clk)
Path Group: clk
Path Type: max

   Delay     Time   Description
-----------------------------------------------------------
   0.000    0.000   clock clk (rise edge)
   0.775    0.775   clock network delay (ideal)
   0.000    0.775 ^ dp.rf.rf[11][0]$_DFFE_PP_/CLK (sky130_fd_sc_hd__edfxtp_1)
   0.362    1.137 v dp.rf.rf[11][0]$_DFFE_PP_/Q (sky130_fd_sc_hd__edfxtp_1)
   0.486    1.623 v _4369_/X (sky130_fd_sc_hd__mux4_2)
   0.178    1.801 ^ _4371_/Y (sky130_fd_sc_hd__mux2i_1)
   0.176    1.977 v _4372_/Y (sky130_fd_sc_hd__o221ai_1)
   0.204    2.181 ^ _6038_/Y (sky130_fd_sc_hd__nand3_2)
   0.108    2.289 v _6039_/Y (sky130_fd_sc_hd__o31ai_4)
   0.226    2.515 ^ _7513_/Y (sky130_fd_sc_hd__xnor2_2)
   0.065    2.580 v _7514_/Y (sky130_fd_sc_hd__inv_2)
   0.366    2.945 v _7641_/COUT (sky130_fd_sc_hd__fa_2)
   0.375    3.321 v _7640_/COUT (sky130_fd_sc_hd__fa_2)
   0.189    3.510 v _5928_/X (sky130_fd_sc_hd__a21o_1)
   0.187    3.698 ^ _5929_/Y (sky130_fd_sc_hd__a21oi_2)
   0.084    3.781 v _5931_/Y (sky130_fd_sc_hd__o21ai_2)
   0.138    3.919 v rebuffer1242/X (sky130_fd_sc_hd__buf_4)
   0.126    4.045 v place825/X (sky130_fd_sc_hd__buf_4)
   0.195    4.240 ^ _6578_/Y (sky130_fd_sc_hd__a31oi_2)
   0.099    4.339 v _6579_/Y (sky130_fd_sc_hd__inv_1)
   0.326    4.666 v _6580_/X (sky130_fd_sc_hd__or2_2)
   0.116    4.782 ^ _6581_/Y (sky130_fd_sc_hd__a21oi_2)
   0.147    4.929 ^ place804/X (sky130_fd_sc_hd__buf_4)
   0.103    5.032 v _6582_/Y (sky130_fd_sc_hd__o21ai_0)
   0.195    5.227 ^ _6583_/Y (sky130_fd_sc_hd__xnor2_1)
   0.100    5.326 v _6586_/Y (sky130_fd_sc_hd__a21oi_1)
   0.300    5.627 ^ _6587_/Y (sky130_fd_sc_hd__o32ai_1)
   0.226    5.853 ^ place782/X (sky130_fd_sc_hd__buf_4)
   0.937    6.790 ^ _7211_/X (sky130_fd_sc_hd__o31a_1)
   0.031    6.821 ^ dp.rf.rf[12][16]$_DFFE_PP_/D (sky130_fd_sc_hd__edfxtp_1)
            6.821   data arrival time

   7.000    7.000   clock clk (rise edge)
   0.775    7.775   clock network delay (ideal)
   0.000    7.775   clock reconvergence pessimism
            7.775 ^ dp.rf.rf[12][16]$_DFFE_PP_/CLK (sky130_fd_sc_hd__edfxtp_1)
  -0.376    7.399   library setup time
            7.399   data required time
-----------------------------------------------------------
            7.399   data required time
           -6.821   data arrival time
-----------------------------------------------------------
            0.578   slack (MET)


Startpoint: dp.rf.rf[11][0]$_DFFE_PP_
            (rising edge-triggered flip-flop clocked by clk)
Endpoint: dp.rf.rf[5][16]$_DFFE_PP_
          (rising edge-triggered flip-flop clocked by clk)
Path Group: clk
Path Type: max

   Delay     Time   Description
-----------------------------------------------------------
   0.000    0.000   clock clk (rise edge)
   0.775    0.775   clock network delay (ideal)
   0.000    0.775 ^ dp.rf.rf[11][0]$_DFFE_PP_/CLK (sky130_fd_sc_hd__edfxtp_1)
   0.362    1.137 v dp.rf.rf[11][0]$_DFFE_PP_/Q (sky130_fd_sc_hd__edfxtp_1)
   0.486    1.623 v _4369_/X (sky130_fd_sc_hd__mux4_2)
   0.178    1.801 ^ _4371_/Y (sky130_fd_sc_hd__mux2i_1)
   0.176    1.977 v _4372_/Y (sky130_fd_sc_hd__o221ai_1)
   0.204    2.181 ^ _6038_/Y (sky130_fd_sc_hd__nand3_2)
   0.108    2.289 v _6039_/Y (sky130_fd_sc_hd__o31ai_4)
   0.226    2.515 ^ _7513_/Y (sky130_fd_sc_hd__xnor2_2)
   0.065    2.580 v _7514_/Y (sky130_fd_sc_hd__inv_2)
   0.366    2.945 v _7641_/COUT (sky130_fd_sc_hd__fa_2)
   0.375    3.321 v _7640_/COUT (sky130_fd_sc_hd__fa_2)
   0.189    3.510 v _5928_/X (sky130_fd_sc_hd__a21o_1)
   0.187    3.698 ^ _5929_/Y (sky130_fd_sc_hd__a21oi_2)
   0.084    3.781 v _5931_/Y (sky130_fd_sc_hd__o21ai_2)
   0.138    3.919 v rebuffer1242/X (sky130_fd_sc_hd__buf_4)
   0.126    4.045 v place825/X (sky130_fd_sc_hd__buf_4)
   0.195    4.240 ^ _6578_/Y (sky130_fd_sc_hd__a31oi_2)
   0.099    4.339 v _6579_/Y (sky130_fd_sc_hd__inv_1)
   0.326    4.666 v _6580_/X (sky130_fd_sc_hd__or2_2)
   0.116    4.782 ^ _6581_/Y (sky130_fd_sc_hd__a21oi_2)
   0.147    4.929 ^ place804/X (sky130_fd_sc_hd__buf_4)
   0.103    5.032 v _6582_/Y (sky130_fd_sc_hd__o21ai_0)
   0.195    5.227 ^ _6583_/Y (sky130_fd_sc_hd__xnor2_1)
   0.100    5.326 v _6586_/Y (sky130_fd_sc_hd__a21oi_1)
   0.300    5.627 ^ _6587_/Y (sky130_fd_sc_hd__o32ai_1)
   0.226    5.853 ^ place782/X (sky130_fd_sc_hd__buf_4)
   0.937    6.790 ^ _7211_/X (sky130_fd_sc_hd__o31a_1)
   0.031    6.821 ^ dp.rf.rf[5][16]$_DFFE_PP_/D (sky130_fd_sc_hd__edfxtp_1)
            6.821   data arrival time

   7.000    7.000   clock clk (rise edge)
   0.775    7.775   clock network delay (ideal)
   0.000    7.775   clock reconvergence pessimism
            7.775 ^ dp.rf.rf[5][16]$_DFFE_PP_/CLK (sky130_fd_sc_hd__edfxtp_1)
  -0.376    7.399   library setup time
            7.399   data required time
-----------------------------------------------------------
            7.399   data required time
           -6.821   data arrival time
-----------------------------------------------------------
            0.578   slack (MET)


Startpoint: dp.rf.rf[11][0]$_DFFE_PP_
            (rising edge-triggered flip-flop clocked by clk)
Endpoint: dp.rf.rf[6][16]$_DFFE_PP_
          (rising edge-triggered flip-flop clocked by clk)
Path Group: clk
Path Type: max

   Delay     Time   Description
-----------------------------------------------------------
   0.000    0.000   clock clk (rise edge)
   0.775    0.775   clock network delay (ideal)
   0.000    0.775 ^ dp.rf.rf[11][0]$_DFFE_PP_/CLK (sky130_fd_sc_hd__edfxtp_1)
   0.362    1.137 v dp.rf.rf[11][0]$_DFFE_PP_/Q (sky130_fd_sc_hd__edfxtp_1)
   0.486    1.623 v _4369_/X (sky130_fd_sc_hd__mux4_2)
   0.178    1.801 ^ _4371_/Y (sky130_fd_sc_hd__mux2i_1)
   0.176    1.977 v _4372_/Y (sky130_fd_sc_hd__o221ai_1)
   0.204    2.181 ^ _6038_/Y (sky130_fd_sc_hd__nand3_2)
   0.108    2.289 v _6039_/Y (sky130_fd_sc_hd__o31ai_4)
   0.226    2.515 ^ _7513_/Y (sky130_fd_sc_hd__xnor2_2)
   0.065    2.580 v _7514_/Y (sky130_fd_sc_hd__inv_2)
   0.366    2.945 v _7641_/COUT (sky130_fd_sc_hd__fa_2)
   0.375    3.321 v _7640_/COUT (sky130_fd_sc_hd__fa_2)
   0.189    3.510 v _5928_/X (sky130_fd_sc_hd__a21o_1)
   0.187    3.698 ^ _5929_/Y (sky130_fd_sc_hd__a21oi_2)
   0.084    3.781 v _5931_/Y (sky130_fd_sc_hd__o21ai_2)
   0.138    3.919 v rebuffer1242/X (sky130_fd_sc_hd__buf_4)
   0.126    4.045 v place825/X (sky130_fd_sc_hd__buf_4)
   0.195    4.240 ^ _6578_/Y (sky130_fd_sc_hd__a31oi_2)
   0.099    4.339 v _6579_/Y (sky130_fd_sc_hd__inv_1)
   0.326    4.666 v _6580_/X (sky130_fd_sc_hd__or2_2)
   0.116    4.782 ^ _6581_/Y (sky130_fd_sc_hd__a21oi_2)
   0.147    4.929 ^ place804/X (sky130_fd_sc_hd__buf_4)
   0.103    5.032 v _6582_/Y (sky130_fd_sc_hd__o21ai_0)
   0.195    5.227 ^ _6583_/Y (sky130_fd_sc_hd__xnor2_1)
   0.100    5.326 v _6586_/Y (sky130_fd_sc_hd__a21oi_1)
   0.300    5.627 ^ _6587_/Y (sky130_fd_sc_hd__o32ai_1)
   0.226    5.853 ^ place782/X (sky130_fd_sc_hd__buf_4)
   0.937    6.790 ^ _7211_/X (sky130_fd_sc_hd__o31a_1)
   0.031    6.821 ^ dp.rf.rf[6][16]$_DFFE_PP_/D (sky130_fd_sc_hd__edfxtp_1)
            6.821   data arrival time

   7.000    7.000   clock clk (rise edge)
   0.775    7.775   clock network delay (ideal)
   0.000    7.775   clock reconvergence pessimism
            7.775 ^ dp.rf.rf[6][16]$_DFFE_PP_/CLK (sky130_fd_sc_hd__edfxtp_1)
  -0.376    7.399   library setup time
            7.399   data required time
-----------------------------------------------------------
            7.399   data required time
           -6.821   data arrival time
-----------------------------------------------------------
            0.578   slack (MET)


Startpoint: dp.rf.rf[11][0]$_DFFE_PP_
            (rising edge-triggered flip-flop clocked by clk)
Endpoint: dp.rf.rf[4][16]$_DFFE_PP_
          (rising edge-triggered flip-flop clocked by clk)
Path Group: clk
Path Type: max

   Delay     Time   Description
-----------------------------------------------------------
   0.000    0.000   clock clk (rise edge)
   0.775    0.775   clock network delay (ideal)
   0.000    0.775 ^ dp.rf.rf[11][0]$_DFFE_PP_/CLK (sky130_fd_sc_hd__edfxtp_1)
   0.362    1.137 v dp.rf.rf[11][0]$_DFFE_PP_/Q (sky130_fd_sc_hd__edfxtp_1)
   0.486    1.623 v _4369_/X (sky130_fd_sc_hd__mux4_2)
   0.178    1.801 ^ _4371_/Y (sky130_fd_sc_hd__mux2i_1)
   0.176    1.977 v _4372_/Y (sky130_fd_sc_hd__o221ai_1)
   0.204    2.181 ^ _6038_/Y (sky130_fd_sc_hd__nand3_2)
   0.108    2.289 v _6039_/Y (sky130_fd_sc_hd__o31ai_4)
   0.226    2.515 ^ _7513_/Y (sky130_fd_sc_hd__xnor2_2)
   0.065    2.580 v _7514_/Y (sky130_fd_sc_hd__inv_2)
   0.366    2.945 v _7641_/COUT (sky130_fd_sc_hd__fa_2)
   0.375    3.321 v _7640_/COUT (sky130_fd_sc_hd__fa_2)
   0.189    3.510 v _5928_/X (sky130_fd_sc_hd__a21o_1)
   0.187    3.698 ^ _5929_/Y (sky130_fd_sc_hd__a21oi_2)
   0.084    3.781 v _5931_/Y (sky130_fd_sc_hd__o21ai_2)
   0.138    3.919 v rebuffer1242/X (sky130_fd_sc_hd__buf_4)
   0.126    4.045 v place825/X (sky130_fd_sc_hd__buf_4)
   0.195    4.240 ^ _6578_/Y (sky130_fd_sc_hd__a31oi_2)
   0.099    4.339 v _6579_/Y (sky130_fd_sc_hd__inv_1)
   0.326    4.666 v _6580_/X (sky130_fd_sc_hd__or2_2)
   0.116    4.782 ^ _6581_/Y (sky130_fd_sc_hd__a21oi_2)
   0.147    4.929 ^ place804/X (sky130_fd_sc_hd__buf_4)
   0.103    5.032 v _6582_/Y (sky130_fd_sc_hd__o21ai_0)
   0.195    5.227 ^ _6583_/Y (sky130_fd_sc_hd__xnor2_1)
   0.100    5.326 v _6586_/Y (sky130_fd_sc_hd__a21oi_1)
   0.300    5.627 ^ _6587_/Y (sky130_fd_sc_hd__o32ai_1)
   0.226    5.853 ^ place782/X (sky130_fd_sc_hd__buf_4)
   0.937    6.790 ^ _7211_/X (sky130_fd_sc_hd__o31a_1)
   0.030    6.820 ^ dp.rf.rf[4][16]$_DFFE_PP_/D (sky130_fd_sc_hd__edfxtp_1)
            6.820   data arrival time

   7.000    7.000   clock clk (rise edge)
   0.775    7.775   clock network delay (ideal)
   0.000    7.775   clock reconvergence pessimism
            7.775 ^ dp.rf.rf[4][16]$_DFFE_PP_/CLK (sky130_fd_sc_hd__edfxtp_1)
  -0.376    7.399   library setup time
            7.399   data required time
-----------------------------------------------------------
            7.399   data required time
           -6.820   data arrival time
-----------------------------------------------------------
            0.578   slack (MET)


Startpoint: dp.rf.rf[11][0]$_DFFE_PP_
            (rising edge-triggered flip-flop clocked by clk)
Endpoint: dp.rf.rf[7][16]$_DFFE_PP_
          (rising edge-triggered flip-flop clocked by clk)
Path Group: clk
Path Type: max

   Delay     Time   Description
-----------------------------------------------------------
   0.000    0.000   clock clk (rise edge)
   0.775    0.775   clock network delay (ideal)
   0.000    0.775 ^ dp.rf.rf[11][0]$_DFFE_PP_/CLK (sky130_fd_sc_hd__edfxtp_1)
   0.362    1.137 v dp.rf.rf[11][0]$_DFFE_PP_/Q (sky130_fd_sc_hd__edfxtp_1)
   0.486    1.623 v _4369_/X (sky130_fd_sc_hd__mux4_2)
   0.178    1.801 ^ _4371_/Y (sky130_fd_sc_hd__mux2i_1)
   0.176    1.977 v _4372_/Y (sky130_fd_sc_hd__o221ai_1)
   0.204    2.181 ^ _6038_/Y (sky130_fd_sc_hd__nand3_2)
   0.108    2.289 v _6039_/Y (sky130_fd_sc_hd__o31ai_4)
   0.226    2.515 ^ _7513_/Y (sky130_fd_sc_hd__xnor2_2)
   0.065    2.580 v _7514_/Y (sky130_fd_sc_hd__inv_2)
   0.366    2.945 v _7641_/COUT (sky130_fd_sc_hd__fa_2)
   0.375    3.321 v _7640_/COUT (sky130_fd_sc_hd__fa_2)
   0.189    3.510 v _5928_/X (sky130_fd_sc_hd__a21o_1)
   0.187    3.698 ^ _5929_/Y (sky130_fd_sc_hd__a21oi_2)
   0.084    3.781 v _5931_/Y (sky130_fd_sc_hd__o21ai_2)
   0.138    3.919 v rebuffer1242/X (sky130_fd_sc_hd__buf_4)
   0.126    4.045 v place825/X (sky130_fd_sc_hd__buf_4)
   0.195    4.240 ^ _6578_/Y (sky130_fd_sc_hd__a31oi_2)
   0.099    4.339 v _6579_/Y (sky130_fd_sc_hd__inv_1)
   0.326    4.666 v _6580_/X (sky130_fd_sc_hd__or2_2)
   0.116    4.782 ^ _6581_/Y (sky130_fd_sc_hd__a21oi_2)
   0.147    4.929 ^ place804/X (sky130_fd_sc_hd__buf_4)
   0.103    5.032 v _6582_/Y (sky130_fd_sc_hd__o21ai_0)
   0.195    5.227 ^ _6583_/Y (sky130_fd_sc_hd__xnor2_1)
   0.100    5.326 v _6586_/Y (sky130_fd_sc_hd__a21oi_1)
   0.300    5.627 ^ _6587_/Y (sky130_fd_sc_hd__o32ai_1)
   0.226    5.853 ^ place782/X (sky130_fd_sc_hd__buf_4)
   0.937    6.790 ^ _7211_/X (sky130_fd_sc_hd__o31a_1)
   0.030    6.820 ^ dp.rf.rf[7][16]$_DFFE_PP_/D (sky130_fd_sc_hd__edfxtp_1)
            6.820   data arrival time

   7.000    7.000   clock clk (rise edge)
   0.775    7.775   clock network delay (ideal)
   0.000    7.775   clock reconvergence pessimism
            7.775 ^ dp.rf.rf[7][16]$_DFFE_PP_/CLK (sky130_fd_sc_hd__edfxtp_1)
  -0.376    7.399   library setup time
            7.399   data required time
-----------------------------------------------------------
            7.399   data required time
           -6.820   data arrival time
-----------------------------------------------------------
            0.578   slack (MET)


Startpoint: dp.rf.rf[11][0]$_DFFE_PP_
            (rising edge-triggered flip-flop clocked by clk)
Endpoint: dp.rf.rf[0][16]$_DFFE_PP_
          (rising edge-triggered flip-flop clocked by clk)
Path Group: clk
Path Type: max

   Delay     Time   Description
-----------------------------------------------------------
   0.000    0.000   clock clk (rise edge)
   0.775    0.775   clock network delay (ideal)
   0.000    0.775 ^ dp.rf.rf[11][0]$_DFFE_PP_/CLK (sky130_fd_sc_hd__edfxtp_1)
   0.362    1.137 v dp.rf.rf[11][0]$_DFFE_PP_/Q (sky130_fd_sc_hd__edfxtp_1)
   0.486    1.623 v _4369_/X (sky130_fd_sc_hd__mux4_2)
   0.178    1.801 ^ _4371_/Y (sky130_fd_sc_hd__mux2i_1)
   0.176    1.977 v _4372_/Y (sky130_fd_sc_hd__o221ai_1)
   0.204    2.181 ^ _6038_/Y (sky130_fd_sc_hd__nand3_2)
   0.108    2.289 v _6039_/Y (sky130_fd_sc_hd__o31ai_4)
   0.226    2.515 ^ _7513_/Y (sky130_fd_sc_hd__xnor2_2)
   0.065    2.580 v _7514_/Y (sky130_fd_sc_hd__inv_2)
   0.366    2.945 v _7641_/COUT (sky130_fd_sc_hd__fa_2)
   0.375    3.321 v _7640_/COUT (sky130_fd_sc_hd__fa_2)
   0.189    3.510 v _5928_/X (sky130_fd_sc_hd__a21o_1)
   0.187    3.698 ^ _5929_/Y (sky130_fd_sc_hd__a21oi_2)
   0.084    3.781 v _5931_/Y (sky130_fd_sc_hd__o21ai_2)
   0.138    3.919 v rebuffer1242/X (sky130_fd_sc_hd__buf_4)
   0.126    4.045 v place825/X (sky130_fd_sc_hd__buf_4)
   0.195    4.240 ^ _6578_/Y (sky130_fd_sc_hd__a31oi_2)
   0.099    4.339 v _6579_/Y (sky130_fd_sc_hd__inv_1)
   0.326    4.666 v _6580_/X (sky130_fd_sc_hd__or2_2)
   0.116    4.782 ^ _6581_/Y (sky130_fd_sc_hd__a21oi_2)
   0.147    4.929 ^ place804/X (sky130_fd_sc_hd__buf_4)
   0.103    5.032 v _6582_/Y (sky130_fd_sc_hd__o21ai_0)
   0.195    5.227 ^ _6583_/Y (sky130_fd_sc_hd__xnor2_1)
   0.100    5.326 v _6586_/Y (sky130_fd_sc_hd__a21oi_1)
   0.300    5.627 ^ _6587_/Y (sky130_fd_sc_hd__o32ai_1)
   0.226    5.853 ^ place782/X (sky130_fd_sc_hd__buf_4)
   0.937    6.790 ^ _7211_/X (sky130_fd_sc_hd__o31a_1)
   0.030    6.819 ^ dp.rf.rf[0][16]$_DFFE_PP_/D (sky130_fd_sc_hd__edfxtp_1)
            6.819   data arrival time

   7.000    7.000   clock clk (rise edge)
   0.775    7.775   clock network delay (ideal)
   0.000    7.775   clock reconvergence pessimism
            7.775 ^ dp.rf.rf[0][16]$_DFFE_PP_/CLK (sky130_fd_sc_hd__edfxtp_1)
  -0.376    7.399   library setup time
            7.399   data required time
-----------------------------------------------------------
            7.399   data required time
           -6.819   data arrival time
-----------------------------------------------------------
            0.579   slack (MET)


Startpoint: dp.rf.rf[11][0]$_DFFE_PP_
            (rising edge-triggered flip-flop clocked by clk)
Endpoint: dp.rf.rf[1][16]$_DFFE_PP_
          (rising edge-triggered flip-flop clocked by clk)
Path Group: clk
Path Type: max

   Delay     Time   Description
-----------------------------------------------------------
   0.000    0.000   clock clk (rise edge)
   0.775    0.775   clock network delay (ideal)
   0.000    0.775 ^ dp.rf.rf[11][0]$_DFFE_PP_/CLK (sky130_fd_sc_hd__edfxtp_1)
   0.362    1.137 v dp.rf.rf[11][0]$_DFFE_PP_/Q (sky130_fd_sc_hd__edfxtp_1)
   0.486    1.623 v _4369_/X (sky130_fd_sc_hd__mux4_2)
   0.178    1.801 ^ _4371_/Y (sky130_fd_sc_hd__mux2i_1)
   0.176    1.977 v _4372_/Y (sky130_fd_sc_hd__o221ai_1)
   0.204    2.181 ^ _6038_/Y (sky130_fd_sc_hd__nand3_2)
   0.108    2.289 v _6039_/Y (sky130_fd_sc_hd__o31ai_4)
   0.226    2.515 ^ _7513_/Y (sky130_fd_sc_hd__xnor2_2)
   0.065    2.580 v _7514_/Y (sky130_fd_sc_hd__inv_2)
   0.366    2.945 v _7641_/COUT (sky130_fd_sc_hd__fa_2)
   0.375    3.321 v _7640_/COUT (sky130_fd_sc_hd__fa_2)
   0.189    3.510 v _5928_/X (sky130_fd_sc_hd__a21o_1)
   0.187    3.698 ^ _5929_/Y (sky130_fd_sc_hd__a21oi_2)
   0.084    3.781 v _5931_/Y (sky130_fd_sc_hd__o21ai_2)
   0.138    3.919 v rebuffer1242/X (sky130_fd_sc_hd__buf_4)
   0.126    4.045 v place825/X (sky130_fd_sc_hd__buf_4)
   0.195    4.240 ^ _6578_/Y (sky130_fd_sc_hd__a31oi_2)
   0.099    4.339 v _6579_/Y (sky130_fd_sc_hd__inv_1)
   0.326    4.666 v _6580_/X (sky130_fd_sc_hd__or2_2)
   0.116    4.782 ^ _6581_/Y (sky130_fd_sc_hd__a21oi_2)
   0.147    4.929 ^ place804/X (sky130_fd_sc_hd__buf_4)
   0.103    5.032 v _6582_/Y (sky130_fd_sc_hd__o21ai_0)
   0.195    5.227 ^ _6583_/Y (sky130_fd_sc_hd__xnor2_1)
   0.100    5.326 v _6586_/Y (sky130_fd_sc_hd__a21oi_1)
   0.300    5.627 ^ _6587_/Y (sky130_fd_sc_hd__o32ai_1)
   0.226    5.853 ^ place782/X (sky130_fd_sc_hd__buf_4)
   0.937    6.790 ^ _7211_/X (sky130_fd_sc_hd__o31a_1)
   0.029    6.819 ^ dp.rf.rf[1][16]$_DFFE_PP_/D (sky130_fd_sc_hd__edfxtp_1)
            6.819   data arrival time

   7.000    7.000   clock clk (rise edge)
   0.775    7.775   clock network delay (ideal)
   0.000    7.775   clock reconvergence pessimism
            7.775 ^ dp.rf.rf[1][16]$_DFFE_PP_/CLK (sky130_fd_sc_hd__edfxtp_1)
  -0.376    7.399   library setup time
            7.399   data required time
-----------------------------------------------------------
            7.399   data required time
           -6.819   data arrival time
-----------------------------------------------------------
            0.579   slack (MET)


Startpoint: dp.rf.rf[11][0]$_DFFE_PP_
            (rising edge-triggered flip-flop clocked by clk)
Endpoint: dp.rf.rf[2][16]$_DFFE_PP_
          (rising edge-triggered flip-flop clocked by clk)
Path Group: clk
Path Type: max

   Delay     Time   Description
-----------------------------------------------------------
   0.000    0.000   clock clk (rise edge)
   0.775    0.775   clock network delay (ideal)
   0.000    0.775 ^ dp.rf.rf[11][0]$_DFFE_PP_/CLK (sky130_fd_sc_hd__edfxtp_1)
   0.362    1.137 v dp.rf.rf[11][0]$_DFFE_PP_/Q (sky130_fd_sc_hd__edfxtp_1)
   0.486    1.623 v _4369_/X (sky130_fd_sc_hd__mux4_2)
   0.178    1.801 ^ _4371_/Y (sky130_fd_sc_hd__mux2i_1)
   0.176    1.977 v _4372_/Y (sky130_fd_sc_hd__o221ai_1)
   0.204    2.181 ^ _6038_/Y (sky130_fd_sc_hd__nand3_2)
   0.108    2.289 v _6039_/Y (sky130_fd_sc_hd__o31ai_4)
   0.226    2.515 ^ _7513_/Y (sky130_fd_sc_hd__xnor2_2)
   0.065    2.580 v _7514_/Y (sky130_fd_sc_hd__inv_2)
   0.366    2.945 v _7641_/COUT (sky130_fd_sc_hd__fa_2)
   0.375    3.321 v _7640_/COUT (sky130_fd_sc_hd__fa_2)
   0.189    3.510 v _5928_/X (sky130_fd_sc_hd__a21o_1)
   0.187    3.698 ^ _5929_/Y (sky130_fd_sc_hd__a21oi_2)
   0.084    3.781 v _5931_/Y (sky130_fd_sc_hd__o21ai_2)
   0.138    3.919 v rebuffer1242/X (sky130_fd_sc_hd__buf_4)
   0.126    4.045 v place825/X (sky130_fd_sc_hd__buf_4)
   0.195    4.240 ^ _6578_/Y (sky130_fd_sc_hd__a31oi_2)
   0.099    4.339 v _6579_/Y (sky130_fd_sc_hd__inv_1)
   0.326    4.666 v _6580_/X (sky130_fd_sc_hd__or2_2)
   0.116    4.782 ^ _6581_/Y (sky130_fd_sc_hd__a21oi_2)
   0.147    4.929 ^ place804/X (sky130_fd_sc_hd__buf_4)
   0.103    5.032 v _6582_/Y (sky130_fd_sc_hd__o21ai_0)
   0.195    5.227 ^ _6583_/Y (sky130_fd_sc_hd__xnor2_1)
   0.100    5.326 v _6586_/Y (sky130_fd_sc_hd__a21oi_1)
   0.300    5.627 ^ _6587_/Y (sky130_fd_sc_hd__o32ai_1)
   0.226    5.853 ^ place782/X (sky130_fd_sc_hd__buf_4)
   0.937    6.790 ^ _7211_/X (sky130_fd_sc_hd__o31a_1)
   0.029    6.819 ^ dp.rf.rf[2][16]$_DFFE_PP_/D (sky130_fd_sc_hd__edfxtp_1)
            6.819   data arrival time

   7.000    7.000   clock clk (rise edge)
   0.775    7.775   clock network delay (ideal)
   0.000    7.775   clock reconvergence pessimism
            7.775 ^ dp.rf.rf[2][16]$_DFFE_PP_/CLK (sky130_fd_sc_hd__edfxtp_1)
  -0.376    7.399   library setup time
            7.399   data required time
-----------------------------------------------------------
            7.399   data required time
           -6.819   data arrival time
-----------------------------------------------------------
            0.580   slack (MET)


Startpoint: dp.rf.rf[11][0]$_DFFE_PP_
            (rising edge-triggered flip-flop clocked by clk)
Endpoint: dp.rf.rf[3][16]$_DFFE_PP_
          (rising edge-triggered flip-flop clocked by clk)
Path Group: clk
Path Type: max

   Delay     Time   Description
-----------------------------------------------------------
   0.000    0.000   clock clk (rise edge)
   0.775    0.775   clock network delay (ideal)
   0.000    0.775 ^ dp.rf.rf[11][0]$_DFFE_PP_/CLK (sky130_fd_sc_hd__edfxtp_1)
   0.362    1.137 v dp.rf.rf[11][0]$_DFFE_PP_/Q (sky130_fd_sc_hd__edfxtp_1)
   0.486    1.623 v _4369_/X (sky130_fd_sc_hd__mux4_2)
   0.178    1.801 ^ _4371_/Y (sky130_fd_sc_hd__mux2i_1)
   0.176    1.977 v _4372_/Y (sky130_fd_sc_hd__o221ai_1)
   0.204    2.181 ^ _6038_/Y (sky130_fd_sc_hd__nand3_2)
   0.108    2.289 v _6039_/Y (sky130_fd_sc_hd__o31ai_4)
   0.226    2.515 ^ _7513_/Y (sky130_fd_sc_hd__xnor2_2)
   0.065    2.580 v _7514_/Y (sky130_fd_sc_hd__inv_2)
   0.366    2.945 v _7641_/COUT (sky130_fd_sc_hd__fa_2)
   0.375    3.321 v _7640_/COUT (sky130_fd_sc_hd__fa_2)
   0.189    3.510 v _5928_/X (sky130_fd_sc_hd__a21o_1)
   0.187    3.698 ^ _5929_/Y (sky130_fd_sc_hd__a21oi_2)
   0.084    3.781 v _5931_/Y (sky130_fd_sc_hd__o21ai_2)
   0.138    3.919 v rebuffer1242/X (sky130_fd_sc_hd__buf_4)
   0.126    4.045 v place825/X (sky130_fd_sc_hd__buf_4)
   0.195    4.240 ^ _6578_/Y (sky130_fd_sc_hd__a31oi_2)
   0.099    4.339 v _6579_/Y (sky130_fd_sc_hd__inv_1)
   0.326    4.666 v _6580_/X (sky130_fd_sc_hd__or2_2)
   0.116    4.782 ^ _6581_/Y (sky130_fd_sc_hd__a21oi_2)
   0.147    4.929 ^ place804/X (sky130_fd_sc_hd__buf_4)
   0.103    5.032 v _6582_/Y (sky130_fd_sc_hd__o21ai_0)
   0.195    5.227 ^ _6583_/Y (sky130_fd_sc_hd__xnor2_1)
   0.100    5.326 v _6586_/Y (sky130_fd_sc_hd__a21oi_1)
   0.300    5.627 ^ _6587_/Y (sky130_fd_sc_hd__o32ai_1)
   0.226    5.853 ^ place782/X (sky130_fd_sc_hd__buf_4)
   0.937    6.790 ^ _7211_/X (sky130_fd_sc_hd__o31a_1)
   0.029    6.819 ^ dp.rf.rf[3][16]$_DFFE_PP_/D (sky130_fd_sc_hd__edfxtp_1)
            6.819   data arrival time

   7.000    7.000   clock clk (rise edge)
   0.775    7.775   clock network delay (ideal)
   0.000    7.775   clock reconvergence pessimism
            7.775 ^ dp.rf.rf[3][16]$_DFFE_PP_/CLK (sky130_fd_sc_hd__edfxtp_1)
  -0.376    7.399   library setup time
            7.399   data required time
-----------------------------------------------------------
            7.399   data required time
           -6.819   data arrival time
-----------------------------------------------------------
            0.580   slack (MET)


Startpoint: dp.rf.rf[11][0]$_DFFE_PP_
            (rising edge-triggered flip-flop clocked by clk)
Endpoint: dp.rf.rf[24][16]$_DFFE_PP_
          (rising edge-triggered flip-flop clocked by clk)
Path Group: clk
Path Type: max

   Delay     Time   Description
-----------------------------------------------------------
   0.000    0.000   clock clk (rise edge)
   0.775    0.775   clock network delay (ideal)
   0.000    0.775 ^ dp.rf.rf[11][0]$_DFFE_PP_/CLK (sky130_fd_sc_hd__edfxtp_1)
   0.362    1.137 v dp.rf.rf[11][0]$_DFFE_PP_/Q (sky130_fd_sc_hd__edfxtp_1)
   0.486    1.623 v _4369_/X (sky130_fd_sc_hd__mux4_2)
   0.178    1.801 ^ _4371_/Y (sky130_fd_sc_hd__mux2i_1)
   0.176    1.977 v _4372_/Y (sky130_fd_sc_hd__o221ai_1)
   0.204    2.181 ^ _6038_/Y (sky130_fd_sc_hd__nand3_2)
   0.108    2.289 v _6039_/Y (sky130_fd_sc_hd__o31ai_4)
   0.226    2.515 ^ _7513_/Y (sky130_fd_sc_hd__xnor2_2)
   0.065    2.580 v _7514_/Y (sky130_fd_sc_hd__inv_2)
   0.366    2.945 v _7641_/COUT (sky130_fd_sc_hd__fa_2)
   0.375    3.321 v _7640_/COUT (sky130_fd_sc_hd__fa_2)
   0.189    3.510 v _5928_/X (sky130_fd_sc_hd__a21o_1)
   0.187    3.698 ^ _5929_/Y (sky130_fd_sc_hd__a21oi_2)
   0.084    3.781 v _5931_/Y (sky130_fd_sc_hd__o21ai_2)
   0.138    3.919 v rebuffer1242/X (sky130_fd_sc_hd__buf_4)
   0.126    4.045 v place825/X (sky130_fd_sc_hd__buf_4)
   0.195    4.240 ^ _6578_/Y (sky130_fd_sc_hd__a31oi_2)
   0.099    4.339 v _6579_/Y (sky130_fd_sc_hd__inv_1)
   0.326    4.666 v _6580_/X (sky130_fd_sc_hd__or2_2)
   0.116    4.782 ^ _6581_/Y (sky130_fd_sc_hd__a21oi_2)
   0.147    4.929 ^ place804/X (sky130_fd_sc_hd__buf_4)
   0.103    5.032 v _6582_/Y (sky130_fd_sc_hd__o21ai_0)
   0.195    5.227 ^ _6583_/Y (sky130_fd_sc_hd__xnor2_1)
   0.100    5.326 v _6586_/Y (sky130_fd_sc_hd__a21oi_1)
   0.300    5.627 ^ _6587_/Y (sky130_fd_sc_hd__o32ai_1)
   0.226    5.853 ^ place782/X (sky130_fd_sc_hd__buf_4)
   0.937    6.790 ^ _7211_/X (sky130_fd_sc_hd__o31a_1)
   0.029    6.819 ^ dp.rf.rf[24][16]$_DFFE_PP_/D (sky130_fd_sc_hd__edfxtp_1)
            6.819   data arrival time

   7.000    7.000   clock clk (rise edge)
   0.775    7.775   clock network delay (ideal)
   0.000    7.775   clock reconvergence pessimism
            7.775 ^ dp.rf.rf[24][16]$_DFFE_PP_/CLK (sky130_fd_sc_hd__edfxtp_1)
  -0.376    7.399   library setup time
            7.399   data required time
-----------------------------------------------------------
            7.399   data required time
           -6.819   data arrival time
-----------------------------------------------------------
            0.580   slack (MET)


Startpoint: dp.rf.rf[11][0]$_DFFE_PP_
            (rising edge-triggered flip-flop clocked by clk)
Endpoint: dp.rf.rf[25][16]$_DFFE_PP_
          (rising edge-triggered flip-flop clocked by clk)
Path Group: clk
Path Type: max

   Delay     Time   Description
-----------------------------------------------------------
   0.000    0.000   clock clk (rise edge)
   0.775    0.775   clock network delay (ideal)
   0.000    0.775 ^ dp.rf.rf[11][0]$_DFFE_PP_/CLK (sky130_fd_sc_hd__edfxtp_1)
   0.362    1.137 v dp.rf.rf[11][0]$_DFFE_PP_/Q (sky130_fd_sc_hd__edfxtp_1)
   0.486    1.623 v _4369_/X (sky130_fd_sc_hd__mux4_2)
   0.178    1.801 ^ _4371_/Y (sky130_fd_sc_hd__mux2i_1)
   0.176    1.977 v _4372_/Y (sky130_fd_sc_hd__o221ai_1)
   0.204    2.181 ^ _6038_/Y (sky130_fd_sc_hd__nand3_2)
   0.108    2.289 v _6039_/Y (sky130_fd_sc_hd__o31ai_4)
   0.226    2.515 ^ _7513_/Y (sky130_fd_sc_hd__xnor2_2)
   0.065    2.580 v _7514_/Y (sky130_fd_sc_hd__inv_2)
   0.366    2.945 v _7641_/COUT (sky130_fd_sc_hd__fa_2)
   0.375    3.321 v _7640_/COUT (sky130_fd_sc_hd__fa_2)
   0.189    3.510 v _5928_/X (sky130_fd_sc_hd__a21o_1)
   0.187    3.698 ^ _5929_/Y (sky130_fd_sc_hd__a21oi_2)
   0.084    3.781 v _5931_/Y (sky130_fd_sc_hd__o21ai_2)
   0.138    3.919 v rebuffer1242/X (sky130_fd_sc_hd__buf_4)
   0.126    4.045 v place825/X (sky130_fd_sc_hd__buf_4)
   0.195    4.240 ^ _6578_/Y (sky130_fd_sc_hd__a31oi_2)
   0.099    4.339 v _6579_/Y (sky130_fd_sc_hd__inv_1)
   0.326    4.666 v _6580_/X (sky130_fd_sc_hd__or2_2)
   0.116    4.782 ^ _6581_/Y (sky130_fd_sc_hd__a21oi_2)
   0.147    4.929 ^ place804/X (sky130_fd_sc_hd__buf_4)
   0.103    5.032 v _6582_/Y (sky130_fd_sc_hd__o21ai_0)
   0.195    5.227 ^ _6583_/Y (sky130_fd_sc_hd__xnor2_1)
   0.100    5.326 v _6586_/Y (sky130_fd_sc_hd__a21oi_1)
   0.300    5.627 ^ _6587_/Y (sky130_fd_sc_hd__o32ai_1)
   0.226    5.853 ^ place782/X (sky130_fd_sc_hd__buf_4)
   0.937    6.790 ^ _7211_/X (sky130_fd_sc_hd__o31a_1)
   0.029    6.818 ^ dp.rf.rf[25][16]$_DFFE_PP_/D (sky130_fd_sc_hd__edfxtp_1)
            6.818   data arrival time

   7.000    7.000   clock clk (rise edge)
   0.775    7.775   clock network delay (ideal)
   0.000    7.775   clock reconvergence pessimism
            7.775 ^ dp.rf.rf[25][16]$_DFFE_PP_/CLK (sky130_fd_sc_hd__edfxtp_1)
  -0.376    7.399   library setup time
            7.399   data required time
-----------------------------------------------------------
            7.399   data required time
           -6.818   data arrival time
-----------------------------------------------------------
            0.580   slack (MET)


Startpoint: dp.rf.rf[11][0]$_DFFE_PP_
            (rising edge-triggered flip-flop clocked by clk)
Endpoint: dp.rf.rf[26][16]$_DFFE_PP_
          (rising edge-triggered flip-flop clocked by clk)
Path Group: clk
Path Type: max

   Delay     Time   Description
-----------------------------------------------------------
   0.000    0.000   clock clk (rise edge)
   0.775    0.775   clock network delay (ideal)
   0.000    0.775 ^ dp.rf.rf[11][0]$_DFFE_PP_/CLK (sky130_fd_sc_hd__edfxtp_1)
   0.362    1.137 v dp.rf.rf[11][0]$_DFFE_PP_/Q (sky130_fd_sc_hd__edfxtp_1)
   0.486    1.623 v _4369_/X (sky130_fd_sc_hd__mux4_2)
   0.178    1.801 ^ _4371_/Y (sky130_fd_sc_hd__mux2i_1)
   0.176    1.977 v _4372_/Y (sky130_fd_sc_hd__o221ai_1)
   0.204    2.181 ^ _6038_/Y (sky130_fd_sc_hd__nand3_2)
   0.108    2.289 v _6039_/Y (sky130_fd_sc_hd__o31ai_4)
   0.226    2.515 ^ _7513_/Y (sky130_fd_sc_hd__xnor2_2)
   0.065    2.580 v _7514_/Y (sky130_fd_sc_hd__inv_2)
   0.366    2.945 v _7641_/COUT (sky130_fd_sc_hd__fa_2)
   0.375    3.321 v _7640_/COUT (sky130_fd_sc_hd__fa_2)
   0.189    3.510 v _5928_/X (sky130_fd_sc_hd__a21o_1)
   0.187    3.698 ^ _5929_/Y (sky130_fd_sc_hd__a21oi_2)
   0.084    3.781 v _5931_/Y (sky130_fd_sc_hd__o21ai_2)
   0.138    3.919 v rebuffer1242/X (sky130_fd_sc_hd__buf_4)
   0.126    4.045 v place825/X (sky130_fd_sc_hd__buf_4)
   0.195    4.240 ^ _6578_/Y (sky130_fd_sc_hd__a31oi_2)
   0.099    4.339 v _6579_/Y (sky130_fd_sc_hd__inv_1)
   0.326    4.666 v _6580_/X (sky130_fd_sc_hd__or2_2)
   0.116    4.782 ^ _6581_/Y (sky130_fd_sc_hd__a21oi_2)
   0.147    4.929 ^ place804/X (sky130_fd_sc_hd__buf_4)
   0.103    5.032 v _6582_/Y (sky130_fd_sc_hd__o21ai_0)
   0.195    5.227 ^ _6583_/Y (sky130_fd_sc_hd__xnor2_1)
   0.100    5.326 v _6586_/Y (sky130_fd_sc_hd__a21oi_1)
   0.300    5.627 ^ _6587_/Y (sky130_fd_sc_hd__o32ai_1)
   0.226    5.853 ^ place782/X (sky130_fd_sc_hd__buf_4)
   0.937    6.790 ^ _7211_/X (sky130_fd_sc_hd__o31a_1)
   0.028    6.818 ^ dp.rf.rf[26][16]$_DFFE_PP_/D (sky130_fd_sc_hd__edfxtp_1)
            6.818   data arrival time

   7.000    7.000   clock clk (rise edge)
   0.775    7.775   clock network delay (ideal)
   0.000    7.775   clock reconvergence pessimism
            7.775 ^ dp.rf.rf[26][16]$_DFFE_PP_/CLK (sky130_fd_sc_hd__edfxtp_1)
  -0.376    7.399   library setup time
            7.399   data required time
-----------------------------------------------------------
            7.399   data required time
           -6.818   data arrival time
-----------------------------------------------------------
            0.581   slack (MET)


Startpoint: dp.rf.rf[11][0]$_DFFE_PP_
            (rising edge-triggered flip-flop clocked by clk)
Endpoint: dp.rf.rf[27][16]$_DFFE_PP_
          (rising edge-triggered flip-flop clocked by clk)
Path Group: clk
Path Type: max

   Delay     Time   Description
-----------------------------------------------------------
   0.000    0.000   clock clk (rise edge)
   0.775    0.775   clock network delay (ideal)
   0.000    0.775 ^ dp.rf.rf[11][0]$_DFFE_PP_/CLK (sky130_fd_sc_hd__edfxtp_1)
   0.362    1.137 v dp.rf.rf[11][0]$_DFFE_PP_/Q (sky130_fd_sc_hd__edfxtp_1)
   0.486    1.623 v _4369_/X (sky130_fd_sc_hd__mux4_2)
   0.178    1.801 ^ _4371_/Y (sky130_fd_sc_hd__mux2i_1)
   0.176    1.977 v _4372_/Y (sky130_fd_sc_hd__o221ai_1)
   0.204    2.181 ^ _6038_/Y (sky130_fd_sc_hd__nand3_2)
   0.108    2.289 v _6039_/Y (sky130_fd_sc_hd__o31ai_4)
   0.226    2.515 ^ _7513_/Y (sky130_fd_sc_hd__xnor2_2)
   0.065    2.580 v _7514_/Y (sky130_fd_sc_hd__inv_2)
   0.366    2.945 v _7641_/COUT (sky130_fd_sc_hd__fa_2)
   0.375    3.321 v _7640_/COUT (sky130_fd_sc_hd__fa_2)
   0.189    3.510 v _5928_/X (sky130_fd_sc_hd__a21o_1)
   0.187    3.698 ^ _5929_/Y (sky130_fd_sc_hd__a21oi_2)
   0.084    3.781 v _5931_/Y (sky130_fd_sc_hd__o21ai_2)
   0.138    3.919 v rebuffer1242/X (sky130_fd_sc_hd__buf_4)
   0.126    4.045 v place825/X (sky130_fd_sc_hd__buf_4)
   0.195    4.240 ^ _6578_/Y (sky130_fd_sc_hd__a31oi_2)
   0.099    4.339 v _6579_/Y (sky130_fd_sc_hd__inv_1)
   0.326    4.666 v _6580_/X (sky130_fd_sc_hd__or2_2)
   0.116    4.782 ^ _6581_/Y (sky130_fd_sc_hd__a21oi_2)
   0.147    4.929 ^ place804/X (sky130_fd_sc_hd__buf_4)
   0.103    5.032 v _6582_/Y (sky130_fd_sc_hd__o21ai_0)
   0.195    5.227 ^ _6583_/Y (sky130_fd_sc_hd__xnor2_1)
   0.100    5.326 v _6586_/Y (sky130_fd_sc_hd__a21oi_1)
   0.300    5.627 ^ _6587_/Y (sky130_fd_sc_hd__o32ai_1)
   0.226    5.853 ^ place782/X (sky130_fd_sc_hd__buf_4)
   0.937    6.790 ^ _7211_/X (sky130_fd_sc_hd__o31a_1)
   0.028    6.817 ^ dp.rf.rf[27][16]$_DFFE_PP_/D (sky130_fd_sc_hd__edfxtp_1)
            6.817   data arrival time

   7.000    7.000   clock clk (rise edge)
   0.775    7.775   clock network delay (ideal)
   0.000    7.775   clock reconvergence pessimism
            7.775 ^ dp.rf.rf[27][16]$_DFFE_PP_/CLK (sky130_fd_sc_hd__edfxtp_1)
  -0.376    7.399   library setup time
            7.399   data required time
-----------------------------------------------------------
            7.399   data required time
           -6.817   data arrival time
-----------------------------------------------------------
            0.581   slack (MET)


Startpoint: dp.rf.rf[11][0]$_DFFE_PP_
            (rising edge-triggered flip-flop clocked by clk)
Endpoint: dp.rf.rf[30][16]$_DFFE_PP_
          (rising edge-triggered flip-flop clocked by clk)
Path Group: clk
Path Type: max

   Delay     Time   Description
-----------------------------------------------------------
   0.000    0.000   clock clk (rise edge)
   0.775    0.775   clock network delay (ideal)
   0.000    0.775 ^ dp.rf.rf[11][0]$_DFFE_PP_/CLK (sky130_fd_sc_hd__edfxtp_1)
   0.362    1.137 v dp.rf.rf[11][0]$_DFFE_PP_/Q (sky130_fd_sc_hd__edfxtp_1)
   0.486    1.623 v _4369_/X (sky130_fd_sc_hd__mux4_2)
   0.178    1.801 ^ _4371_/Y (sky130_fd_sc_hd__mux2i_1)
   0.176    1.977 v _4372_/Y (sky130_fd_sc_hd__o221ai_1)
   0.204    2.181 ^ _6038_/Y (sky130_fd_sc_hd__nand3_2)
   0.108    2.289 v _6039_/Y (sky130_fd_sc_hd__o31ai_4)
   0.226    2.515 ^ _7513_/Y (sky130_fd_sc_hd__xnor2_2)
   0.065    2.580 v _7514_/Y (sky130_fd_sc_hd__inv_2)
   0.366    2.945 v _7641_/COUT (sky130_fd_sc_hd__fa_2)
   0.375    3.321 v _7640_/COUT (sky130_fd_sc_hd__fa_2)
   0.189    3.510 v _5928_/X (sky130_fd_sc_hd__a21o_1)
   0.187    3.698 ^ _5929_/Y (sky130_fd_sc_hd__a21oi_2)
   0.084    3.781 v _5931_/Y (sky130_fd_sc_hd__o21ai_2)
   0.138    3.919 v rebuffer1242/X (sky130_fd_sc_hd__buf_4)
   0.126    4.045 v place825/X (sky130_fd_sc_hd__buf_4)
   0.195    4.240 ^ _6578_/Y (sky130_fd_sc_hd__a31oi_2)
   0.099    4.339 v _6579_/Y (sky130_fd_sc_hd__inv_1)
   0.326    4.666 v _6580_/X (sky130_fd_sc_hd__or2_2)
   0.116    4.782 ^ _6581_/Y (sky130_fd_sc_hd__a21oi_2)
   0.147    4.929 ^ place804/X (sky130_fd_sc_hd__buf_4)
   0.103    5.032 v _6582_/Y (sky130_fd_sc_hd__o21ai_0)
   0.195    5.227 ^ _6583_/Y (sky130_fd_sc_hd__xnor2_1)
   0.100    5.326 v _6586_/Y (sky130_fd_sc_hd__a21oi_1)
   0.300    5.627 ^ _6587_/Y (sky130_fd_sc_hd__o32ai_1)
   0.226    5.853 ^ place782/X (sky130_fd_sc_hd__buf_4)
   0.937    6.790 ^ _7211_/X (sky130_fd_sc_hd__o31a_1)
   0.027    6.817 ^ dp.rf.rf[30][16]$_DFFE_PP_/D (sky130_fd_sc_hd__edfxtp_1)
            6.817   data arrival time

   7.000    7.000   clock clk (rise edge)
   0.775    7.775   clock network delay (ideal)
   0.000    7.775   clock reconvergence pessimism
            7.775 ^ dp.rf.rf[30][16]$_DFFE_PP_/CLK (sky130_fd_sc_hd__edfxtp_1)
  -0.376    7.399   library setup time
            7.399   data required time
-----------------------------------------------------------
            7.399   data required time
           -6.817   data arrival time
-----------------------------------------------------------
            0.582   slack (MET)


Startpoint: dp.rf.rf[11][0]$_DFFE_PP_
            (rising edge-triggered flip-flop clocked by clk)
Endpoint: dp.rf.rf[29][16]$_DFFE_PP_
          (rising edge-triggered flip-flop clocked by clk)
Path Group: clk
Path Type: max

   Delay     Time   Description
-----------------------------------------------------------
   0.000    0.000   clock clk (rise edge)
   0.775    0.775   clock network delay (ideal)
   0.000    0.775 ^ dp.rf.rf[11][0]$_DFFE_PP_/CLK (sky130_fd_sc_hd__edfxtp_1)
   0.362    1.137 v dp.rf.rf[11][0]$_DFFE_PP_/Q (sky130_fd_sc_hd__edfxtp_1)
   0.486    1.623 v _4369_/X (sky130_fd_sc_hd__mux4_2)
   0.178    1.801 ^ _4371_/Y (sky130_fd_sc_hd__mux2i_1)
   0.176    1.977 v _4372_/Y (sky130_fd_sc_hd__o221ai_1)
   0.204    2.181 ^ _6038_/Y (sky130_fd_sc_hd__nand3_2)
   0.108    2.289 v _6039_/Y (sky130_fd_sc_hd__o31ai_4)
   0.226    2.515 ^ _7513_/Y (sky130_fd_sc_hd__xnor2_2)
   0.065    2.580 v _7514_/Y (sky130_fd_sc_hd__inv_2)
   0.366    2.945 v _7641_/COUT (sky130_fd_sc_hd__fa_2)
   0.375    3.321 v _7640_/COUT (sky130_fd_sc_hd__fa_2)
   0.189    3.510 v _5928_/X (sky130_fd_sc_hd__a21o_1)
   0.187    3.698 ^ _5929_/Y (sky130_fd_sc_hd__a21oi_2)
   0.084    3.781 v _5931_/Y (sky130_fd_sc_hd__o21ai_2)
   0.138    3.919 v rebuffer1242/X (sky130_fd_sc_hd__buf_4)
   0.126    4.045 v place825/X (sky130_fd_sc_hd__buf_4)
   0.195    4.240 ^ _6578_/Y (sky130_fd_sc_hd__a31oi_2)
   0.099    4.339 v _6579_/Y (sky130_fd_sc_hd__inv_1)
   0.326    4.666 v _6580_/X (sky130_fd_sc_hd__or2_2)
   0.116    4.782 ^ _6581_/Y (sky130_fd_sc_hd__a21oi_2)
   0.147    4.929 ^ place804/X (sky130_fd_sc_hd__buf_4)
   0.103    5.032 v _6582_/Y (sky130_fd_sc_hd__o21ai_0)
   0.195    5.227 ^ _6583_/Y (sky130_fd_sc_hd__xnor2_1)
   0.100    5.326 v _6586_/Y (sky130_fd_sc_hd__a21oi_1)
   0.300    5.627 ^ _6587_/Y (sky130_fd_sc_hd__o32ai_1)
   0.226    5.853 ^ place782/X (sky130_fd_sc_hd__buf_4)
   0.937    6.790 ^ _7211_/X (sky130_fd_sc_hd__o31a_1)
   0.027    6.817 ^ dp.rf.rf[29][16]$_DFFE_PP_/D (sky130_fd_sc_hd__edfxtp_1)
            6.817   data arrival time

   7.000    7.000   clock clk (rise edge)
   0.775    7.775   clock network delay (ideal)
   0.000    7.775   clock reconvergence pessimism
            7.775 ^ dp.rf.rf[29][16]$_DFFE_PP_/CLK (sky130_fd_sc_hd__edfxtp_1)
  -0.376    7.399   library setup time
            7.399   data required time
-----------------------------------------------------------
            7.399   data required time
           -6.817   data arrival time
-----------------------------------------------------------
            0.582   slack (MET)


Startpoint: dp.rf.rf[11][0]$_DFFE_PP_
            (rising edge-triggered flip-flop clocked by clk)
Endpoint: dp.rf.rf[28][16]$_DFFE_PP_
          (rising edge-triggered flip-flop clocked by clk)
Path Group: clk
Path Type: max

   Delay     Time   Description
-----------------------------------------------------------
   0.000    0.000   clock clk (rise edge)
   0.775    0.775   clock network delay (ideal)
   0.000    0.775 ^ dp.rf.rf[11][0]$_DFFE_PP_/CLK (sky130_fd_sc_hd__edfxtp_1)
   0.362    1.137 v dp.rf.rf[11][0]$_DFFE_PP_/Q (sky130_fd_sc_hd__edfxtp_1)
   0.486    1.623 v _4369_/X (sky130_fd_sc_hd__mux4_2)
   0.178    1.801 ^ _4371_/Y (sky130_fd_sc_hd__mux2i_1)
   0.176    1.977 v _4372_/Y (sky130_fd_sc_hd__o221ai_1)
   0.204    2.181 ^ _6038_/Y (sky130_fd_sc_hd__nand3_2)
   0.108    2.289 v _6039_/Y (sky130_fd_sc_hd__o31ai_4)
   0.226    2.515 ^ _7513_/Y (sky130_fd_sc_hd__xnor2_2)
   0.065    2.580 v _7514_/Y (sky130_fd_sc_hd__inv_2)
   0.366    2.945 v _7641_/COUT (sky130_fd_sc_hd__fa_2)
   0.375    3.321 v _7640_/COUT (sky130_fd_sc_hd__fa_2)
   0.189    3.510 v _5928_/X (sky130_fd_sc_hd__a21o_1)
   0.187    3.698 ^ _5929_/Y (sky130_fd_sc_hd__a21oi_2)
   0.084    3.781 v _5931_/Y (sky130_fd_sc_hd__o21ai_2)
   0.138    3.919 v rebuffer1242/X (sky130_fd_sc_hd__buf_4)
   0.126    4.045 v place825/X (sky130_fd_sc_hd__buf_4)
   0.195    4.240 ^ _6578_/Y (sky130_fd_sc_hd__a31oi_2)
   0.099    4.339 v _6579_/Y (sky130_fd_sc_hd__inv_1)
   0.326    4.666 v _6580_/X (sky130_fd_sc_hd__or2_2)
   0.116    4.782 ^ _6581_/Y (sky130_fd_sc_hd__a21oi_2)
   0.147    4.929 ^ place804/X (sky130_fd_sc_hd__buf_4)
   0.103    5.032 v _6582_/Y (sky130_fd_sc_hd__o21ai_0)
   0.195    5.227 ^ _6583_/Y (sky130_fd_sc_hd__xnor2_1)
   0.100    5.326 v _6586_/Y (sky130_fd_sc_hd__a21oi_1)
   0.300    5.627 ^ _6587_/Y (sky130_fd_sc_hd__o32ai_1)
   0.226    5.853 ^ place782/X (sky130_fd_sc_hd__buf_4)
   0.937    6.790 ^ _7211_/X (sky130_fd_sc_hd__o31a_1)
   0.026    6.816 ^ dp.rf.rf[28][16]$_DFFE_PP_/D (sky130_fd_sc_hd__edfxtp_1)
            6.816   data arrival time

   7.000    7.000   clock clk (rise edge)
   0.775    7.775   clock network delay (ideal)
   0.000    7.775   clock reconvergence pessimism
            7.775 ^ dp.rf.rf[28][16]$_DFFE_PP_/CLK (sky130_fd_sc_hd__edfxtp_1)
  -0.376    7.399   library setup time
            7.399   data required time
-----------------------------------------------------------
            7.399   data required time
           -6.816   data arrival time
-----------------------------------------------------------
            0.583   slack (MET)


Startpoint: dp.rf.rf[11][0]$_DFFE_PP_
            (rising edge-triggered flip-flop clocked by clk)
Endpoint: dp.rf.rf[31][16]$_DFFE_PP_
          (rising edge-triggered flip-flop clocked by clk)
Path Group: clk
Path Type: max

   Delay     Time   Description
-----------------------------------------------------------
   0.000    0.000   clock clk (rise edge)
   0.775    0.775   clock network delay (ideal)
   0.000    0.775 ^ dp.rf.rf[11][0]$_DFFE_PP_/CLK (sky130_fd_sc_hd__edfxtp_1)
   0.362    1.137 v dp.rf.rf[11][0]$_DFFE_PP_/Q (sky130_fd_sc_hd__edfxtp_1)
   0.486    1.623 v _4369_/X (sky130_fd_sc_hd__mux4_2)
   0.178    1.801 ^ _4371_/Y (sky130_fd_sc_hd__mux2i_1)
   0.176    1.977 v _4372_/Y (sky130_fd_sc_hd__o221ai_1)
   0.204    2.181 ^ _6038_/Y (sky130_fd_sc_hd__nand3_2)
   0.108    2.289 v _6039_/Y (sky130_fd_sc_hd__o31ai_4)
   0.226    2.515 ^ _7513_/Y (sky130_fd_sc_hd__xnor2_2)
   0.065    2.580 v _7514_/Y (sky130_fd_sc_hd__inv_2)
   0.366    2.945 v _7641_/COUT (sky130_fd_sc_hd__fa_2)
   0.375    3.321 v _7640_/COUT (sky130_fd_sc_hd__fa_2)
   0.189    3.510 v _5928_/X (sky130_fd_sc_hd__a21o_1)
   0.187    3.698 ^ _5929_/Y (sky130_fd_sc_hd__a21oi_2)
   0.084    3.781 v _5931_/Y (sky130_fd_sc_hd__o21ai_2)
   0.138    3.919 v rebuffer1242/X (sky130_fd_sc_hd__buf_4)
   0.126    4.045 v place825/X (sky130_fd_sc_hd__buf_4)
   0.195    4.240 ^ _6578_/Y (sky130_fd_sc_hd__a31oi_2)
   0.099    4.339 v _6579_/Y (sky130_fd_sc_hd__inv_1)
   0.326    4.666 v _6580_/X (sky130_fd_sc_hd__or2_2)
   0.116    4.782 ^ _6581_/Y (sky130_fd_sc_hd__a21oi_2)
   0.147    4.929 ^ place804/X (sky130_fd_sc_hd__buf_4)
   0.103    5.032 v _6582_/Y (sky130_fd_sc_hd__o21ai_0)
   0.195    5.227 ^ _6583_/Y (sky130_fd_sc_hd__xnor2_1)
   0.100    5.326 v _6586_/Y (sky130_fd_sc_hd__a21oi_1)
   0.300    5.627 ^ _6587_/Y (sky130_fd_sc_hd__o32ai_1)
   0.226    5.853 ^ place782/X (sky130_fd_sc_hd__buf_4)
   0.937    6.790 ^ _7211_/X (sky130_fd_sc_hd__o31a_1)
   0.026    6.816 ^ dp.rf.rf[31][16]$_DFFE_PP_/D (sky130_fd_sc_hd__edfxtp_1)
            6.816   data arrival time

   7.000    7.000   clock clk (rise edge)
   0.775    7.775   clock network delay (ideal)
   0.000    7.775   clock reconvergence pessimism
            7.775 ^ dp.rf.rf[31][16]$_DFFE_PP_/CLK (sky130_fd_sc_hd__edfxtp_1)
  -0.376    7.399   library setup time
            7.399   data required time
-----------------------------------------------------------
            7.399   data required time
           -6.816   data arrival time
-----------------------------------------------------------
            0.583   slack (MET)


Startpoint: dp.rf.rf[11][0]$_DFFE_PP_
            (rising edge-triggered flip-flop clocked by clk)
Endpoint: dp.rf.rf[16][16]$_DFFE_PP_
          (rising edge-triggered flip-flop clocked by clk)
Path Group: clk
Path Type: max

   Delay     Time   Description
-----------------------------------------------------------
   0.000    0.000   clock clk (rise edge)
   0.775    0.775   clock network delay (ideal)
   0.000    0.775 ^ dp.rf.rf[11][0]$_DFFE_PP_/CLK (sky130_fd_sc_hd__edfxtp_1)
   0.362    1.137 v dp.rf.rf[11][0]$_DFFE_PP_/Q (sky130_fd_sc_hd__edfxtp_1)
   0.486    1.623 v _4369_/X (sky130_fd_sc_hd__mux4_2)
   0.178    1.801 ^ _4371_/Y (sky130_fd_sc_hd__mux2i_1)
   0.176    1.977 v _4372_/Y (sky130_fd_sc_hd__o221ai_1)
   0.204    2.181 ^ _6038_/Y (sky130_fd_sc_hd__nand3_2)
   0.108    2.289 v _6039_/Y (sky130_fd_sc_hd__o31ai_4)
   0.226    2.515 ^ _7513_/Y (sky130_fd_sc_hd__xnor2_2)
   0.065    2.580 v _7514_/Y (sky130_fd_sc_hd__inv_2)
   0.366    2.945 v _7641_/COUT (sky130_fd_sc_hd__fa_2)
   0.375    3.321 v _7640_/COUT (sky130_fd_sc_hd__fa_2)
   0.189    3.510 v _5928_/X (sky130_fd_sc_hd__a21o_1)
   0.187    3.698 ^ _5929_/Y (sky130_fd_sc_hd__a21oi_2)
   0.084    3.781 v _5931_/Y (sky130_fd_sc_hd__o21ai_2)
   0.138    3.919 v rebuffer1242/X (sky130_fd_sc_hd__buf_4)
   0.126    4.045 v place825/X (sky130_fd_sc_hd__buf_4)
   0.195    4.240 ^ _6578_/Y (sky130_fd_sc_hd__a31oi_2)
   0.099    4.339 v _6579_/Y (sky130_fd_sc_hd__inv_1)
   0.326    4.666 v _6580_/X (sky130_fd_sc_hd__or2_2)
   0.116    4.782 ^ _6581_/Y (sky130_fd_sc_hd__a21oi_2)
   0.147    4.929 ^ place804/X (sky130_fd_sc_hd__buf_4)
   0.103    5.032 v _6582_/Y (sky130_fd_sc_hd__o21ai_0)
   0.195    5.227 ^ _6583_/Y (sky130_fd_sc_hd__xnor2_1)
   0.100    5.326 v _6586_/Y (sky130_fd_sc_hd__a21oi_1)
   0.300    5.627 ^ _6587_/Y (sky130_fd_sc_hd__o32ai_1)
   0.226    5.853 ^ place782/X (sky130_fd_sc_hd__buf_4)
   0.937    6.790 ^ _7211_/X (sky130_fd_sc_hd__o31a_1)
   0.026    6.815 ^ dp.rf.rf[16][16]$_DFFE_PP_/D (sky130_fd_sc_hd__edfxtp_1)
            6.815   data arrival time

   7.000    7.000   clock clk (rise edge)
   0.775    7.775   clock network delay (ideal)
   0.000    7.775   clock reconvergence pessimism
            7.775 ^ dp.rf.rf[16][16]$_DFFE_PP_/CLK (sky130_fd_sc_hd__edfxtp_1)
  -0.376    7.399   library setup time
            7.399   data required time
-----------------------------------------------------------
            7.399   data required time
           -6.815   data arrival time
-----------------------------------------------------------
            0.583   slack (MET)


Startpoint: dp.rf.rf[11][0]$_DFFE_PP_
            (rising edge-triggered flip-flop clocked by clk)
Endpoint: dp.rf.rf[19][16]$_DFFE_PP_
          (rising edge-triggered flip-flop clocked by clk)
Path Group: clk
Path Type: max

   Delay     Time   Description
-----------------------------------------------------------
   0.000    0.000   clock clk (rise edge)
   0.775    0.775   clock network delay (ideal)
   0.000    0.775 ^ dp.rf.rf[11][0]$_DFFE_PP_/CLK (sky130_fd_sc_hd__edfxtp_1)
   0.362    1.137 v dp.rf.rf[11][0]$_DFFE_PP_/Q (sky130_fd_sc_hd__edfxtp_1)
   0.486    1.623 v _4369_/X (sky130_fd_sc_hd__mux4_2)
   0.178    1.801 ^ _4371_/Y (sky130_fd_sc_hd__mux2i_1)
   0.176    1.977 v _4372_/Y (sky130_fd_sc_hd__o221ai_1)
   0.204    2.181 ^ _6038_/Y (sky130_fd_sc_hd__nand3_2)
   0.108    2.289 v _6039_/Y (sky130_fd_sc_hd__o31ai_4)
   0.226    2.515 ^ _7513_/Y (sky130_fd_sc_hd__xnor2_2)
   0.065    2.580 v _7514_/Y (sky130_fd_sc_hd__inv_2)
   0.366    2.945 v _7641_/COUT (sky130_fd_sc_hd__fa_2)
   0.375    3.321 v _7640_/COUT (sky130_fd_sc_hd__fa_2)
   0.189    3.510 v _5928_/X (sky130_fd_sc_hd__a21o_1)
   0.187    3.698 ^ _5929_/Y (sky130_fd_sc_hd__a21oi_2)
   0.084    3.781 v _5931_/Y (sky130_fd_sc_hd__o21ai_2)
   0.138    3.919 v rebuffer1242/X (sky130_fd_sc_hd__buf_4)
   0.126    4.045 v place825/X (sky130_fd_sc_hd__buf_4)
   0.195    4.240 ^ _6578_/Y (sky130_fd_sc_hd__a31oi_2)
   0.099    4.339 v _6579_/Y (sky130_fd_sc_hd__inv_1)
   0.326    4.666 v _6580_/X (sky130_fd_sc_hd__or2_2)
   0.116    4.782 ^ _6581_/Y (sky130_fd_sc_hd__a21oi_2)
   0.147    4.929 ^ place804/X (sky130_fd_sc_hd__buf_4)
   0.103    5.032 v _6582_/Y (sky130_fd_sc_hd__o21ai_0)
   0.195    5.227 ^ _6583_/Y (sky130_fd_sc_hd__xnor2_1)
   0.100    5.326 v _6586_/Y (sky130_fd_sc_hd__a21oi_1)
   0.300    5.627 ^ _6587_/Y (sky130_fd_sc_hd__o32ai_1)
   0.226    5.853 ^ place782/X (sky130_fd_sc_hd__buf_4)
   0.937    6.790 ^ _7211_/X (sky130_fd_sc_hd__o31a_1)
   0.025    6.815 ^ dp.rf.rf[19][16]$_DFFE_PP_/D (sky130_fd_sc_hd__edfxtp_1)
            6.815   data arrival time

   7.000    7.000   clock clk (rise edge)
   0.775    7.775   clock network delay (ideal)
   0.000    7.775   clock reconvergence pessimism
            7.775 ^ dp.rf.rf[19][16]$_DFFE_PP_/CLK (sky130_fd_sc_hd__edfxtp_1)
  -0.376    7.399   library setup time
            7.399   data required time
-----------------------------------------------------------
            7.399   data required time
           -6.815   data arrival time
-----------------------------------------------------------
            0.583   slack (MET)


Startpoint: dp.rf.rf[30][2]$_DFFE_PP_
            (rising edge-triggered flip-flop clocked by clk)
Endpoint: dp.rf.rf[27][26]$_DFFE_PP_
          (rising edge-triggered flip-flop clocked by clk)
Path Group: clk
Path Type: max

   Delay     Time   Description
-----------------------------------------------------------
   0.000    0.000   clock clk (rise edge)
   0.775    0.775   clock network delay (ideal)
   0.000    0.775 ^ dp.rf.rf[30][2]$_DFFE_PP_/CLK (sky130_fd_sc_hd__edfxtp_1)
   0.361    1.136 v dp.rf.rf[30][2]$_DFFE_PP_/Q (sky130_fd_sc_hd__edfxtp_1)
   0.495    1.631 v _4310_/X (sky130_fd_sc_hd__mux4_2)
   0.286    1.917 ^ _4311_/Y (sky130_fd_sc_hd__o21ai_0)
   0.156    2.072 v _4319_/Y (sky130_fd_sc_hd__o22ai_1)
   0.505    2.577 ^ _4320_/Y (sky130_fd_sc_hd__a211oi_2)
   0.308    2.885 ^ place1037/X (sky130_fd_sc_hd__buf_4)
   0.121    3.006 v _7416_/Y (sky130_fd_sc_hd__o21ai_0)
   0.349    3.355 ^ _7735_/SUM (sky130_fd_sc_hd__ha_1)
   0.132    3.487 ^ _6883_/X (sky130_fd_sc_hd__a21o_1)
   0.074    3.561 v _6884_/Y (sky130_fd_sc_hd__a21oi_1)
   0.138    3.699 ^ _6885_/Y (sky130_fd_sc_hd__o21bai_1)
   0.124    3.824 v _6886_/Y (sky130_fd_sc_hd__a21oi_1)
   0.262    4.086 ^ _6887_/Y (sky130_fd_sc_hd__o21bai_1)
   0.162    4.248 v _6895_/Y (sky130_fd_sc_hd__a41oi_1)
   0.175    4.423 v place810/X (sky130_fd_sc_hd__buf_4)
   0.488    4.910 ^ _6899_/Y (sky130_fd_sc_hd__a21oi_1)
   0.202    5.112 v _6903_/Y (sky130_fd_sc_hd__a41oi_2)
   0.179    5.291 v place802/X (sky130_fd_sc_hd__buf_4)
   0.214    5.505 ^ _6907_/Y (sky130_fd_sc_hd__a21oi_1)
   0.217    5.722 v _6911_/Y (sky130_fd_sc_hd__a41oi_1)
   0.389    6.110 ^ _6915_/Y (sky130_fd_sc_hd__a21oi_1)
   0.186    6.297 ^ place790/X (sky130_fd_sc_hd__buf_4)
   0.180    6.477 ^ _6983_/Y (sky130_fd_sc_hd__xnor2_1)
   0.179    6.656 v _7162_/Y (sky130_fd_sc_hd__o221ai_2)
   0.223    6.879 v place749/X (sky130_fd_sc_hd__buf_12)
   0.030    6.909 v dp.rf.rf[27][26]$_DFFE_PP_/D (sky130_fd_sc_hd__edfxtp_1)
            6.909   data arrival time

   7.000    7.000   clock clk (rise edge)
   0.775    7.775   clock network delay (ideal)
   0.000    7.775   clock reconvergence pessimism
            7.775 ^ dp.rf.rf[27][26]$_DFFE_PP_/CLK (sky130_fd_sc_hd__edfxtp_1)
  -0.282    7.493   library setup time
            7.493   data required time
-----------------------------------------------------------
            7.493   data required time
           -6.909   data arrival time
-----------------------------------------------------------
            0.584   slack (MET)


Startpoint: dp.rf.rf[30][2]$_DFFE_PP_
            (rising edge-triggered flip-flop clocked by clk)
Endpoint: dp.rf.rf[26][26]$_DFFE_PP_
          (rising edge-triggered flip-flop clocked by clk)
Path Group: clk
Path Type: max

   Delay     Time   Description
-----------------------------------------------------------
   0.000    0.000   clock clk (rise edge)
   0.775    0.775   clock network delay (ideal)
   0.000    0.775 ^ dp.rf.rf[30][2]$_DFFE_PP_/CLK (sky130_fd_sc_hd__edfxtp_1)
   0.361    1.136 v dp.rf.rf[30][2]$_DFFE_PP_/Q (sky130_fd_sc_hd__edfxtp_1)
   0.495    1.631 v _4310_/X (sky130_fd_sc_hd__mux4_2)
   0.286    1.917 ^ _4311_/Y (sky130_fd_sc_hd__o21ai_0)
   0.156    2.072 v _4319_/Y (sky130_fd_sc_hd__o22ai_1)
   0.505    2.577 ^ _4320_/Y (sky130_fd_sc_hd__a211oi_2)
   0.308    2.885 ^ place1037/X (sky130_fd_sc_hd__buf_4)
   0.121    3.006 v _7416_/Y (sky130_fd_sc_hd__o21ai_0)
   0.349    3.355 ^ _7735_/SUM (sky130_fd_sc_hd__ha_1)
   0.132    3.487 ^ _6883_/X (sky130_fd_sc_hd__a21o_1)
   0.074    3.561 v _6884_/Y (sky130_fd_sc_hd__a21oi_1)
   0.138    3.699 ^ _6885_/Y (sky130_fd_sc_hd__o21bai_1)
   0.124    3.824 v _6886_/Y (sky130_fd_sc_hd__a21oi_1)
   0.262    4.086 ^ _6887_/Y (sky130_fd_sc_hd__o21bai_1)
   0.162    4.248 v _6895_/Y (sky130_fd_sc_hd__a41oi_1)
   0.175    4.423 v place810/X (sky130_fd_sc_hd__buf_4)
   0.488    4.910 ^ _6899_/Y (sky130_fd_sc_hd__a21oi_1)
   0.202    5.112 v _6903_/Y (sky130_fd_sc_hd__a41oi_2)
   0.179    5.291 v place802/X (sky130_fd_sc_hd__buf_4)
   0.214    5.505 ^ _6907_/Y (sky130_fd_sc_hd__a21oi_1)
   0.217    5.722 v _6911_/Y (sky130_fd_sc_hd__a41oi_1)
   0.389    6.110 ^ _6915_/Y (sky130_fd_sc_hd__a21oi_1)
   0.186    6.297 ^ place790/X (sky130_fd_sc_hd__buf_4)
   0.180    6.477 ^ _6983_/Y (sky130_fd_sc_hd__xnor2_1)
   0.179    6.656 v _7162_/Y (sky130_fd_sc_hd__o221ai_2)
   0.223    6.879 v place749/X (sky130_fd_sc_hd__buf_12)
   0.030    6.909 v dp.rf.rf[26][26]$_DFFE_PP_/D (sky130_fd_sc_hd__edfxtp_1)
            6.909   data arrival time

   7.000    7.000   clock clk (rise edge)
   0.775    7.775   clock network delay (ideal)
   0.000    7.775   clock reconvergence pessimism
            7.775 ^ dp.rf.rf[26][26]$_DFFE_PP_/CLK (sky130_fd_sc_hd__edfxtp_1)
  -0.282    7.493   library setup time
            7.493   data required time
-----------------------------------------------------------
            7.493   data required time
           -6.909   data arrival time
-----------------------------------------------------------
            0.584   slack (MET)


Startpoint: dp.rf.rf[30][2]$_DFFE_PP_
            (rising edge-triggered flip-flop clocked by clk)
Endpoint: dp.rf.rf[28][26]$_DFFE_PP_
          (rising edge-triggered flip-flop clocked by clk)
Path Group: clk
Path Type: max

   Delay     Time   Description
-----------------------------------------------------------
   0.000    0.000   clock clk (rise edge)
   0.775    0.775   clock network delay (ideal)
   0.000    0.775 ^ dp.rf.rf[30][2]$_DFFE_PP_/CLK (sky130_fd_sc_hd__edfxtp_1)
   0.361    1.136 v dp.rf.rf[30][2]$_DFFE_PP_/Q (sky130_fd_sc_hd__edfxtp_1)
   0.495    1.631 v _4310_/X (sky130_fd_sc_hd__mux4_2)
   0.286    1.917 ^ _4311_/Y (sky130_fd_sc_hd__o21ai_0)
   0.156    2.072 v _4319_/Y (sky130_fd_sc_hd__o22ai_1)
   0.505    2.577 ^ _4320_/Y (sky130_fd_sc_hd__a211oi_2)
   0.308    2.885 ^ place1037/X (sky130_fd_sc_hd__buf_4)
   0.121    3.006 v _7416_/Y (sky130_fd_sc_hd__o21ai_0)
   0.349    3.355 ^ _7735_/SUM (sky130_fd_sc_hd__ha_1)
   0.132    3.487 ^ _6883_/X (sky130_fd_sc_hd__a21o_1)
   0.074    3.561 v _6884_/Y (sky130_fd_sc_hd__a21oi_1)
   0.138    3.699 ^ _6885_/Y (sky130_fd_sc_hd__o21bai_1)
   0.124    3.824 v _6886_/Y (sky130_fd_sc_hd__a21oi_1)
   0.262    4.086 ^ _6887_/Y (sky130_fd_sc_hd__o21bai_1)
   0.162    4.248 v _6895_/Y (sky130_fd_sc_hd__a41oi_1)
   0.175    4.423 v place810/X (sky130_fd_sc_hd__buf_4)
   0.488    4.910 ^ _6899_/Y (sky130_fd_sc_hd__a21oi_1)
   0.202    5.112 v _6903_/Y (sky130_fd_sc_hd__a41oi_2)
   0.179    5.291 v place802/X (sky130_fd_sc_hd__buf_4)
   0.214    5.505 ^ _6907_/Y (sky130_fd_sc_hd__a21oi_1)
   0.217    5.722 v _6911_/Y (sky130_fd_sc_hd__a41oi_1)
   0.389    6.110 ^ _6915_/Y (sky130_fd_sc_hd__a21oi_1)
   0.186    6.297 ^ place790/X (sky130_fd_sc_hd__buf_4)
   0.180    6.477 ^ _6983_/Y (sky130_fd_sc_hd__xnor2_1)
   0.179    6.656 v _7162_/Y (sky130_fd_sc_hd__o221ai_2)
   0.223    6.879 v place749/X (sky130_fd_sc_hd__buf_12)
   0.030    6.909 v dp.rf.rf[28][26]$_DFFE_PP_/D (sky130_fd_sc_hd__edfxtp_1)
            6.909   data arrival time

   7.000    7.000   clock clk (rise edge)
   0.775    7.775   clock network delay (ideal)
   0.000    7.775   clock reconvergence pessimism
            7.775 ^ dp.rf.rf[28][26]$_DFFE_PP_/CLK (sky130_fd_sc_hd__edfxtp_1)
  -0.282    7.493   library setup time
            7.493   data required time
-----------------------------------------------------------
            7.493   data required time
           -6.909   data arrival time
-----------------------------------------------------------
            0.584   slack (MET)


Startpoint: dp.rf.rf[11][0]$_DFFE_PP_
            (rising edge-triggered flip-flop clocked by clk)
Endpoint: dp.rf.rf[18][16]$_DFFE_PP_
          (rising edge-triggered flip-flop clocked by clk)
Path Group: clk
Path Type: max

   Delay     Time   Description
-----------------------------------------------------------
   0.000    0.000   clock clk (rise edge)
   0.775    0.775   clock network delay (ideal)
   0.000    0.775 ^ dp.rf.rf[11][0]$_DFFE_PP_/CLK (sky130_fd_sc_hd__edfxtp_1)
   0.362    1.137 v dp.rf.rf[11][0]$_DFFE_PP_/Q (sky130_fd_sc_hd__edfxtp_1)
   0.486    1.623 v _4369_/X (sky130_fd_sc_hd__mux4_2)
   0.178    1.801 ^ _4371_/Y (sky130_fd_sc_hd__mux2i_1)
   0.176    1.977 v _4372_/Y (sky130_fd_sc_hd__o221ai_1)
   0.204    2.181 ^ _6038_/Y (sky130_fd_sc_hd__nand3_2)
   0.108    2.289 v _6039_/Y (sky130_fd_sc_hd__o31ai_4)
   0.226    2.515 ^ _7513_/Y (sky130_fd_sc_hd__xnor2_2)
   0.065    2.580 v _7514_/Y (sky130_fd_sc_hd__inv_2)
   0.366    2.945 v _7641_/COUT (sky130_fd_sc_hd__fa_2)
   0.375    3.321 v _7640_/COUT (sky130_fd_sc_hd__fa_2)
   0.189    3.510 v _5928_/X (sky130_fd_sc_hd__a21o_1)
   0.187    3.698 ^ _5929_/Y (sky130_fd_sc_hd__a21oi_2)
   0.084    3.781 v _5931_/Y (sky130_fd_sc_hd__o21ai_2)
   0.138    3.919 v rebuffer1242/X (sky130_fd_sc_hd__buf_4)
   0.126    4.045 v place825/X (sky130_fd_sc_hd__buf_4)
   0.195    4.240 ^ _6578_/Y (sky130_fd_sc_hd__a31oi_2)
   0.099    4.339 v _6579_/Y (sky130_fd_sc_hd__inv_1)
   0.326    4.666 v _6580_/X (sky130_fd_sc_hd__or2_2)
   0.116    4.782 ^ _6581_/Y (sky130_fd_sc_hd__a21oi_2)
   0.147    4.929 ^ place804/X (sky130_fd_sc_hd__buf_4)
   0.103    5.032 v _6582_/Y (sky130_fd_sc_hd__o21ai_0)
   0.195    5.227 ^ _6583_/Y (sky130_fd_sc_hd__xnor2_1)
   0.100    5.326 v _6586_/Y (sky130_fd_sc_hd__a21oi_1)
   0.300    5.627 ^ _6587_/Y (sky130_fd_sc_hd__o32ai_1)
   0.226    5.853 ^ place782/X (sky130_fd_sc_hd__buf_4)
   0.937    6.790 ^ _7211_/X (sky130_fd_sc_hd__o31a_1)
   0.025    6.815 ^ dp.rf.rf[18][16]$_DFFE_PP_/D (sky130_fd_sc_hd__edfxtp_1)
            6.815   data arrival time

   7.000    7.000   clock clk (rise edge)
   0.775    7.775   clock network delay (ideal)
   0.000    7.775   clock reconvergence pessimism
            7.775 ^ dp.rf.rf[18][16]$_DFFE_PP_/CLK (sky130_fd_sc_hd__edfxtp_1)
  -0.376    7.399   library setup time
            7.399   data required time
-----------------------------------------------------------
            7.399   data required time
           -6.815   data arrival time
-----------------------------------------------------------
            0.584   slack (MET)


Startpoint: dp.rf.rf[30][2]$_DFFE_PP_
            (rising edge-triggered flip-flop clocked by clk)
Endpoint: dp.rf.rf[29][26]$_DFFE_PP_
          (rising edge-triggered flip-flop clocked by clk)
Path Group: clk
Path Type: max

   Delay     Time   Description
-----------------------------------------------------------
   0.000    0.000   clock clk (rise edge)
   0.775    0.775   clock network delay (ideal)
   0.000    0.775 ^ dp.rf.rf[30][2]$_DFFE_PP_/CLK (sky130_fd_sc_hd__edfxtp_1)
   0.361    1.136 v dp.rf.rf[30][2]$_DFFE_PP_/Q (sky130_fd_sc_hd__edfxtp_1)
   0.495    1.631 v _4310_/X (sky130_fd_sc_hd__mux4_2)
   0.286    1.917 ^ _4311_/Y (sky130_fd_sc_hd__o21ai_0)
   0.156    2.072 v _4319_/Y (sky130_fd_sc_hd__o22ai_1)
   0.505    2.577 ^ _4320_/Y (sky130_fd_sc_hd__a211oi_2)
   0.308    2.885 ^ place1037/X (sky130_fd_sc_hd__buf_4)
   0.121    3.006 v _7416_/Y (sky130_fd_sc_hd__o21ai_0)
   0.349    3.355 ^ _7735_/SUM (sky130_fd_sc_hd__ha_1)
   0.132    3.487 ^ _6883_/X (sky130_fd_sc_hd__a21o_1)
   0.074    3.561 v _6884_/Y (sky130_fd_sc_hd__a21oi_1)
   0.138    3.699 ^ _6885_/Y (sky130_fd_sc_hd__o21bai_1)
   0.124    3.824 v _6886_/Y (sky130_fd_sc_hd__a21oi_1)
   0.262    4.086 ^ _6887_/Y (sky130_fd_sc_hd__o21bai_1)
   0.162    4.248 v _6895_/Y (sky130_fd_sc_hd__a41oi_1)
   0.175    4.423 v place810/X (sky130_fd_sc_hd__buf_4)
   0.488    4.910 ^ _6899_/Y (sky130_fd_sc_hd__a21oi_1)
   0.202    5.112 v _6903_/Y (sky130_fd_sc_hd__a41oi_2)
   0.179    5.291 v place802/X (sky130_fd_sc_hd__buf_4)
   0.214    5.505 ^ _6907_/Y (sky130_fd_sc_hd__a21oi_1)
   0.217    5.722 v _6911_/Y (sky130_fd_sc_hd__a41oi_1)
   0.389    6.110 ^ _6915_/Y (sky130_fd_sc_hd__a21oi_1)
   0.186    6.297 ^ place790/X (sky130_fd_sc_hd__buf_4)
   0.180    6.477 ^ _6983_/Y (sky130_fd_sc_hd__xnor2_1)
   0.179    6.656 v _7162_/Y (sky130_fd_sc_hd__o221ai_2)
   0.223    6.879 v place749/X (sky130_fd_sc_hd__buf_12)
   0.030    6.909 v dp.rf.rf[29][26]$_DFFE_PP_/D (sky130_fd_sc_hd__edfxtp_1)
            6.909   data arrival time

   7.000    7.000   clock clk (rise edge)
   0.775    7.775   clock network delay (ideal)
   0.000    7.775   clock reconvergence pessimism
            7.775 ^ dp.rf.rf[29][26]$_DFFE_PP_/CLK (sky130_fd_sc_hd__edfxtp_1)
  -0.282    7.493   library setup time
            7.493   data required time
-----------------------------------------------------------
            7.493   data required time
           -6.909   data arrival time
-----------------------------------------------------------
            0.584   slack (MET)


Startpoint: dp.rf.rf[30][2]$_DFFE_PP_
            (rising edge-triggered flip-flop clocked by clk)
Endpoint: dp.rf.rf[7][26]$_DFFE_PP_
          (rising edge-triggered flip-flop clocked by clk)
Path Group: clk
Path Type: max

   Delay     Time   Description
-----------------------------------------------------------
   0.000    0.000   clock clk (rise edge)
   0.775    0.775   clock network delay (ideal)
   0.000    0.775 ^ dp.rf.rf[30][2]$_DFFE_PP_/CLK (sky130_fd_sc_hd__edfxtp_1)
   0.361    1.136 v dp.rf.rf[30][2]$_DFFE_PP_/Q (sky130_fd_sc_hd__edfxtp_1)
   0.495    1.631 v _4310_/X (sky130_fd_sc_hd__mux4_2)
   0.286    1.917 ^ _4311_/Y (sky130_fd_sc_hd__o21ai_0)
   0.156    2.072 v _4319_/Y (sky130_fd_sc_hd__o22ai_1)
   0.505    2.577 ^ _4320_/Y (sky130_fd_sc_hd__a211oi_2)
   0.308    2.885 ^ place1037/X (sky130_fd_sc_hd__buf_4)
   0.121    3.006 v _7416_/Y (sky130_fd_sc_hd__o21ai_0)
   0.349    3.355 ^ _7735_/SUM (sky130_fd_sc_hd__ha_1)
   0.132    3.487 ^ _6883_/X (sky130_fd_sc_hd__a21o_1)
   0.074    3.561 v _6884_/Y (sky130_fd_sc_hd__a21oi_1)
   0.138    3.699 ^ _6885_/Y (sky130_fd_sc_hd__o21bai_1)
   0.124    3.824 v _6886_/Y (sky130_fd_sc_hd__a21oi_1)
   0.262    4.086 ^ _6887_/Y (sky130_fd_sc_hd__o21bai_1)
   0.162    4.248 v _6895_/Y (sky130_fd_sc_hd__a41oi_1)
   0.175    4.423 v place810/X (sky130_fd_sc_hd__buf_4)
   0.488    4.910 ^ _6899_/Y (sky130_fd_sc_hd__a21oi_1)
   0.202    5.112 v _6903_/Y (sky130_fd_sc_hd__a41oi_2)
   0.179    5.291 v place802/X (sky130_fd_sc_hd__buf_4)
   0.214    5.505 ^ _6907_/Y (sky130_fd_sc_hd__a21oi_1)
   0.217    5.722 v _6911_/Y (sky130_fd_sc_hd__a41oi_1)
   0.389    6.110 ^ _6915_/Y (sky130_fd_sc_hd__a21oi_1)
   0.186    6.297 ^ place790/X (sky130_fd_sc_hd__buf_4)
   0.180    6.477 ^ _6983_/Y (sky130_fd_sc_hd__xnor2_1)
   0.179    6.656 v _7162_/Y (sky130_fd_sc_hd__o221ai_2)
   0.223    6.879 v place749/X (sky130_fd_sc_hd__buf_12)
   0.030    6.909 v dp.rf.rf[7][26]$_DFFE_PP_/D (sky130_fd_sc_hd__edfxtp_1)
            6.909   data arrival time

   7.000    7.000   clock clk (rise edge)
   0.775    7.775   clock network delay (ideal)
   0.000    7.775   clock reconvergence pessimism
            7.775 ^ dp.rf.rf[7][26]$_DFFE_PP_/CLK (sky130_fd_sc_hd__edfxtp_1)
  -0.282    7.493   library setup time
            7.493   data required time
-----------------------------------------------------------
            7.493   data required time
           -6.909   data arrival time
-----------------------------------------------------------
            0.584   slack (MET)


Startpoint: dp.rf.rf[30][2]$_DFFE_PP_
            (rising edge-triggered flip-flop clocked by clk)
Endpoint: dp.rf.rf[6][26]$_DFFE_PP_
          (rising edge-triggered flip-flop clocked by clk)
Path Group: clk
Path Type: max

   Delay     Time   Description
-----------------------------------------------------------
   0.000    0.000   clock clk (rise edge)
   0.775    0.775   clock network delay (ideal)
   0.000    0.775 ^ dp.rf.rf[30][2]$_DFFE_PP_/CLK (sky130_fd_sc_hd__edfxtp_1)
   0.361    1.136 v dp.rf.rf[30][2]$_DFFE_PP_/Q (sky130_fd_sc_hd__edfxtp_1)
   0.495    1.631 v _4310_/X (sky130_fd_sc_hd__mux4_2)
   0.286    1.917 ^ _4311_/Y (sky130_fd_sc_hd__o21ai_0)
   0.156    2.072 v _4319_/Y (sky130_fd_sc_hd__o22ai_1)
   0.505    2.577 ^ _4320_/Y (sky130_fd_sc_hd__a211oi_2)
   0.308    2.885 ^ place1037/X (sky130_fd_sc_hd__buf_4)
   0.121    3.006 v _7416_/Y (sky130_fd_sc_hd__o21ai_0)
   0.349    3.355 ^ _7735_/SUM (sky130_fd_sc_hd__ha_1)
   0.132    3.487 ^ _6883_/X (sky130_fd_sc_hd__a21o_1)
   0.074    3.561 v _6884_/Y (sky130_fd_sc_hd__a21oi_1)
   0.138    3.699 ^ _6885_/Y (sky130_fd_sc_hd__o21bai_1)
   0.124    3.824 v _6886_/Y (sky130_fd_sc_hd__a21oi_1)
   0.262    4.086 ^ _6887_/Y (sky130_fd_sc_hd__o21bai_1)
   0.162    4.248 v _6895_/Y (sky130_fd_sc_hd__a41oi_1)
   0.175    4.423 v place810/X (sky130_fd_sc_hd__buf_4)
   0.488    4.910 ^ _6899_/Y (sky130_fd_sc_hd__a21oi_1)
   0.202    5.112 v _6903_/Y (sky130_fd_sc_hd__a41oi_2)
   0.179    5.291 v place802/X (sky130_fd_sc_hd__buf_4)
   0.214    5.505 ^ _6907_/Y (sky130_fd_sc_hd__a21oi_1)
   0.217    5.722 v _6911_/Y (sky130_fd_sc_hd__a41oi_1)
   0.389    6.110 ^ _6915_/Y (sky130_fd_sc_hd__a21oi_1)
   0.186    6.297 ^ place790/X (sky130_fd_sc_hd__buf_4)
   0.180    6.477 ^ _6983_/Y (sky130_fd_sc_hd__xnor2_1)
   0.179    6.656 v _7162_/Y (sky130_fd_sc_hd__o221ai_2)
   0.223    6.879 v place749/X (sky130_fd_sc_hd__buf_12)
   0.030    6.909 v dp.rf.rf[6][26]$_DFFE_PP_/D (sky130_fd_sc_hd__edfxtp_1)
            6.909   data arrival time

   7.000    7.000   clock clk (rise edge)
   0.775    7.775   clock network delay (ideal)
   0.000    7.775   clock reconvergence pessimism
            7.775 ^ dp.rf.rf[6][26]$_DFFE_PP_/CLK (sky130_fd_sc_hd__edfxtp_1)
  -0.282    7.493   library setup time
            7.493   data required time
-----------------------------------------------------------
            7.493   data required time
           -6.909   data arrival time
-----------------------------------------------------------
            0.584   slack (MET)


Startpoint: dp.rf.rf[30][2]$_DFFE_PP_
            (rising edge-triggered flip-flop clocked by clk)
Endpoint: dp.rf.rf[5][26]$_DFFE_PP_
          (rising edge-triggered flip-flop clocked by clk)
Path Group: clk
Path Type: max

   Delay     Time   Description
-----------------------------------------------------------
   0.000    0.000   clock clk (rise edge)
   0.775    0.775   clock network delay (ideal)
   0.000    0.775 ^ dp.rf.rf[30][2]$_DFFE_PP_/CLK (sky130_fd_sc_hd__edfxtp_1)
   0.361    1.136 v dp.rf.rf[30][2]$_DFFE_PP_/Q (sky130_fd_sc_hd__edfxtp_1)
   0.495    1.631 v _4310_/X (sky130_fd_sc_hd__mux4_2)
   0.286    1.917 ^ _4311_/Y (sky130_fd_sc_hd__o21ai_0)
   0.156    2.072 v _4319_/Y (sky130_fd_sc_hd__o22ai_1)
   0.505    2.577 ^ _4320_/Y (sky130_fd_sc_hd__a211oi_2)
   0.308    2.885 ^ place1037/X (sky130_fd_sc_hd__buf_4)
   0.121    3.006 v _7416_/Y (sky130_fd_sc_hd__o21ai_0)
   0.349    3.355 ^ _7735_/SUM (sky130_fd_sc_hd__ha_1)
   0.132    3.487 ^ _6883_/X (sky130_fd_sc_hd__a21o_1)
   0.074    3.561 v _6884_/Y (sky130_fd_sc_hd__a21oi_1)
   0.138    3.699 ^ _6885_/Y (sky130_fd_sc_hd__o21bai_1)
   0.124    3.824 v _6886_/Y (sky130_fd_sc_hd__a21oi_1)
   0.262    4.086 ^ _6887_/Y (sky130_fd_sc_hd__o21bai_1)
   0.162    4.248 v _6895_/Y (sky130_fd_sc_hd__a41oi_1)
   0.175    4.423 v place810/X (sky130_fd_sc_hd__buf_4)
   0.488    4.910 ^ _6899_/Y (sky130_fd_sc_hd__a21oi_1)
   0.202    5.112 v _6903_/Y (sky130_fd_sc_hd__a41oi_2)
   0.179    5.291 v place802/X (sky130_fd_sc_hd__buf_4)
   0.214    5.505 ^ _6907_/Y (sky130_fd_sc_hd__a21oi_1)
   0.217    5.722 v _6911_/Y (sky130_fd_sc_hd__a41oi_1)
   0.389    6.110 ^ _6915_/Y (sky130_fd_sc_hd__a21oi_1)
   0.186    6.297 ^ place790/X (sky130_fd_sc_hd__buf_4)
   0.180    6.477 ^ _6983_/Y (sky130_fd_sc_hd__xnor2_1)
   0.179    6.656 v _7162_/Y (sky130_fd_sc_hd__o221ai_2)
   0.223    6.879 v place749/X (sky130_fd_sc_hd__buf_12)
   0.030    6.909 v dp.rf.rf[5][26]$_DFFE_PP_/D (sky130_fd_sc_hd__edfxtp_1)
            6.909   data arrival time

   7.000    7.000   clock clk (rise edge)
   0.775    7.775   clock network delay (ideal)
   0.000    7.775   clock reconvergence pessimism
            7.775 ^ dp.rf.rf[5][26]$_DFFE_PP_/CLK (sky130_fd_sc_hd__edfxtp_1)
  -0.282    7.493   library setup time
            7.493   data required time
-----------------------------------------------------------
            7.493   data required time
           -6.909   data arrival time
-----------------------------------------------------------
            0.584   slack (MET)


Startpoint: dp.rf.rf[30][2]$_DFFE_PP_
            (rising edge-triggered flip-flop clocked by clk)
Endpoint: dp.rf.rf[1][26]$_DFFE_PP_
          (rising edge-triggered flip-flop clocked by clk)
Path Group: clk
Path Type: max

   Delay     Time   Description
-----------------------------------------------------------
   0.000    0.000   clock clk (rise edge)
   0.775    0.775   clock network delay (ideal)
   0.000    0.775 ^ dp.rf.rf[30][2]$_DFFE_PP_/CLK (sky130_fd_sc_hd__edfxtp_1)
   0.361    1.136 v dp.rf.rf[30][2]$_DFFE_PP_/Q (sky130_fd_sc_hd__edfxtp_1)
   0.495    1.631 v _4310_/X (sky130_fd_sc_hd__mux4_2)
   0.286    1.917 ^ _4311_/Y (sky130_fd_sc_hd__o21ai_0)
   0.156    2.072 v _4319_/Y (sky130_fd_sc_hd__o22ai_1)
   0.505    2.577 ^ _4320_/Y (sky130_fd_sc_hd__a211oi_2)
   0.308    2.885 ^ place1037/X (sky130_fd_sc_hd__buf_4)
   0.121    3.006 v _7416_/Y (sky130_fd_sc_hd__o21ai_0)
   0.349    3.355 ^ _7735_/SUM (sky130_fd_sc_hd__ha_1)
   0.132    3.487 ^ _6883_/X (sky130_fd_sc_hd__a21o_1)
   0.074    3.561 v _6884_/Y (sky130_fd_sc_hd__a21oi_1)
   0.138    3.699 ^ _6885_/Y (sky130_fd_sc_hd__o21bai_1)
   0.124    3.824 v _6886_/Y (sky130_fd_sc_hd__a21oi_1)
   0.262    4.086 ^ _6887_/Y (sky130_fd_sc_hd__o21bai_1)
   0.162    4.248 v _6895_/Y (sky130_fd_sc_hd__a41oi_1)
   0.175    4.423 v place810/X (sky130_fd_sc_hd__buf_4)
   0.488    4.910 ^ _6899_/Y (sky130_fd_sc_hd__a21oi_1)
   0.202    5.112 v _6903_/Y (sky130_fd_sc_hd__a41oi_2)
   0.179    5.291 v place802/X (sky130_fd_sc_hd__buf_4)
   0.214    5.505 ^ _6907_/Y (sky130_fd_sc_hd__a21oi_1)
   0.217    5.722 v _6911_/Y (sky130_fd_sc_hd__a41oi_1)
   0.389    6.110 ^ _6915_/Y (sky130_fd_sc_hd__a21oi_1)
   0.186    6.297 ^ place790/X (sky130_fd_sc_hd__buf_4)
   0.180    6.477 ^ _6983_/Y (sky130_fd_sc_hd__xnor2_1)
   0.179    6.656 v _7162_/Y (sky130_fd_sc_hd__o221ai_2)
   0.223    6.879 v place749/X (sky130_fd_sc_hd__buf_12)
   0.030    6.909 v dp.rf.rf[1][26]$_DFFE_PP_/D (sky130_fd_sc_hd__edfxtp_1)
            6.909   data arrival time

   7.000    7.000   clock clk (rise edge)
   0.775    7.775   clock network delay (ideal)
   0.000    7.775   clock reconvergence pessimism
            7.775 ^ dp.rf.rf[1][26]$_DFFE_PP_/CLK (sky130_fd_sc_hd__edfxtp_1)
  -0.282    7.493   library setup time
            7.493   data required time
-----------------------------------------------------------
            7.493   data required time
           -6.909   data arrival time
-----------------------------------------------------------
            0.584   slack (MET)


Startpoint: dp.rf.rf[30][2]$_DFFE_PP_
            (rising edge-triggered flip-flop clocked by clk)
Endpoint: dp.rf.rf[20][26]$_DFFE_PP_
          (rising edge-triggered flip-flop clocked by clk)
Path Group: clk
Path Type: max

   Delay     Time   Description
-----------------------------------------------------------
   0.000    0.000   clock clk (rise edge)
   0.775    0.775   clock network delay (ideal)
   0.000    0.775 ^ dp.rf.rf[30][2]$_DFFE_PP_/CLK (sky130_fd_sc_hd__edfxtp_1)
   0.361    1.136 v dp.rf.rf[30][2]$_DFFE_PP_/Q (sky130_fd_sc_hd__edfxtp_1)
   0.495    1.631 v _4310_/X (sky130_fd_sc_hd__mux4_2)
   0.286    1.917 ^ _4311_/Y (sky130_fd_sc_hd__o21ai_0)
   0.156    2.072 v _4319_/Y (sky130_fd_sc_hd__o22ai_1)
   0.505    2.577 ^ _4320_/Y (sky130_fd_sc_hd__a211oi_2)
   0.308    2.885 ^ place1037/X (sky130_fd_sc_hd__buf_4)
   0.121    3.006 v _7416_/Y (sky130_fd_sc_hd__o21ai_0)
   0.349    3.355 ^ _7735_/SUM (sky130_fd_sc_hd__ha_1)
   0.132    3.487 ^ _6883_/X (sky130_fd_sc_hd__a21o_1)
   0.074    3.561 v _6884_/Y (sky130_fd_sc_hd__a21oi_1)
   0.138    3.699 ^ _6885_/Y (sky130_fd_sc_hd__o21bai_1)
   0.124    3.824 v _6886_/Y (sky130_fd_sc_hd__a21oi_1)
   0.262    4.086 ^ _6887_/Y (sky130_fd_sc_hd__o21bai_1)
   0.162    4.248 v _6895_/Y (sky130_fd_sc_hd__a41oi_1)
   0.175    4.423 v place810/X (sky130_fd_sc_hd__buf_4)
   0.488    4.910 ^ _6899_/Y (sky130_fd_sc_hd__a21oi_1)
   0.202    5.112 v _6903_/Y (sky130_fd_sc_hd__a41oi_2)
   0.179    5.291 v place802/X (sky130_fd_sc_hd__buf_4)
   0.214    5.505 ^ _6907_/Y (sky130_fd_sc_hd__a21oi_1)
   0.217    5.722 v _6911_/Y (sky130_fd_sc_hd__a41oi_1)
   0.389    6.110 ^ _6915_/Y (sky130_fd_sc_hd__a21oi_1)
   0.186    6.297 ^ place790/X (sky130_fd_sc_hd__buf_4)
   0.180    6.477 ^ _6983_/Y (sky130_fd_sc_hd__xnor2_1)
   0.179    6.656 v _7162_/Y (sky130_fd_sc_hd__o221ai_2)
   0.223    6.879 v place749/X (sky130_fd_sc_hd__buf_12)
   0.030    6.909 v dp.rf.rf[20][26]$_DFFE_PP_/D (sky130_fd_sc_hd__edfxtp_1)
            6.909   data arrival time

   7.000    7.000   clock clk (rise edge)
   0.775    7.775   clock network delay (ideal)
   0.000    7.775   clock reconvergence pessimism
            7.775 ^ dp.rf.rf[20][26]$_DFFE_PP_/CLK (sky130_fd_sc_hd__edfxtp_1)
  -0.282    7.493   library setup time
            7.493   data required time
-----------------------------------------------------------
            7.493   data required time
           -6.909   data arrival time
-----------------------------------------------------------
            0.584   slack (MET)


Startpoint: dp.rf.rf[30][2]$_DFFE_PP_
            (rising edge-triggered flip-flop clocked by clk)
Endpoint: dp.rf.rf[30][26]$_DFFE_PP_
          (rising edge-triggered flip-flop clocked by clk)
Path Group: clk
Path Type: max

   Delay     Time   Description
-----------------------------------------------------------
   0.000    0.000   clock clk (rise edge)
   0.775    0.775   clock network delay (ideal)
   0.000    0.775 ^ dp.rf.rf[30][2]$_DFFE_PP_/CLK (sky130_fd_sc_hd__edfxtp_1)
   0.361    1.136 v dp.rf.rf[30][2]$_DFFE_PP_/Q (sky130_fd_sc_hd__edfxtp_1)
   0.495    1.631 v _4310_/X (sky130_fd_sc_hd__mux4_2)
   0.286    1.917 ^ _4311_/Y (sky130_fd_sc_hd__o21ai_0)
   0.156    2.072 v _4319_/Y (sky130_fd_sc_hd__o22ai_1)
   0.505    2.577 ^ _4320_/Y (sky130_fd_sc_hd__a211oi_2)
   0.308    2.885 ^ place1037/X (sky130_fd_sc_hd__buf_4)
   0.121    3.006 v _7416_/Y (sky130_fd_sc_hd__o21ai_0)
   0.349    3.355 ^ _7735_/SUM (sky130_fd_sc_hd__ha_1)
   0.132    3.487 ^ _6883_/X (sky130_fd_sc_hd__a21o_1)
   0.074    3.561 v _6884_/Y (sky130_fd_sc_hd__a21oi_1)
   0.138    3.699 ^ _6885_/Y (sky130_fd_sc_hd__o21bai_1)
   0.124    3.824 v _6886_/Y (sky130_fd_sc_hd__a21oi_1)
   0.262    4.086 ^ _6887_/Y (sky130_fd_sc_hd__o21bai_1)
   0.162    4.248 v _6895_/Y (sky130_fd_sc_hd__a41oi_1)
   0.175    4.423 v place810/X (sky130_fd_sc_hd__buf_4)
   0.488    4.910 ^ _6899_/Y (sky130_fd_sc_hd__a21oi_1)
   0.202    5.112 v _6903_/Y (sky130_fd_sc_hd__a41oi_2)
   0.179    5.291 v place802/X (sky130_fd_sc_hd__buf_4)
   0.214    5.505 ^ _6907_/Y (sky130_fd_sc_hd__a21oi_1)
   0.217    5.722 v _6911_/Y (sky130_fd_sc_hd__a41oi_1)
   0.389    6.110 ^ _6915_/Y (sky130_fd_sc_hd__a21oi_1)
   0.186    6.297 ^ place790/X (sky130_fd_sc_hd__buf_4)
   0.180    6.477 ^ _6983_/Y (sky130_fd_sc_hd__xnor2_1)
   0.179    6.656 v _7162_/Y (sky130_fd_sc_hd__o221ai_2)
   0.223    6.879 v place749/X (sky130_fd_sc_hd__buf_12)
   0.030    6.909 v dp.rf.rf[30][26]$_DFFE_PP_/D (sky130_fd_sc_hd__edfxtp_1)
            6.909   data arrival time

   7.000    7.000   clock clk (rise edge)
   0.775    7.775   clock network delay (ideal)
   0.000    7.775   clock reconvergence pessimism
            7.775 ^ dp.rf.rf[30][26]$_DFFE_PP_/CLK (sky130_fd_sc_hd__edfxtp_1)
  -0.282    7.493   library setup time
            7.493   data required time
-----------------------------------------------------------
            7.493   data required time
           -6.909   data arrival time
-----------------------------------------------------------
            0.585   slack (MET)


Startpoint: dp.rf.rf[30][2]$_DFFE_PP_
            (rising edge-triggered flip-flop clocked by clk)
Endpoint: dp.rf.rf[21][26]$_DFFE_PP_
          (rising edge-triggered flip-flop clocked by clk)
Path Group: clk
Path Type: max

   Delay     Time   Description
-----------------------------------------------------------
   0.000    0.000   clock clk (rise edge)
   0.775    0.775   clock network delay (ideal)
   0.000    0.775 ^ dp.rf.rf[30][2]$_DFFE_PP_/CLK (sky130_fd_sc_hd__edfxtp_1)
   0.361    1.136 v dp.rf.rf[30][2]$_DFFE_PP_/Q (sky130_fd_sc_hd__edfxtp_1)
   0.495    1.631 v _4310_/X (sky130_fd_sc_hd__mux4_2)
   0.286    1.917 ^ _4311_/Y (sky130_fd_sc_hd__o21ai_0)
   0.156    2.072 v _4319_/Y (sky130_fd_sc_hd__o22ai_1)
   0.505    2.577 ^ _4320_/Y (sky130_fd_sc_hd__a211oi_2)
   0.308    2.885 ^ place1037/X (sky130_fd_sc_hd__buf_4)
   0.121    3.006 v _7416_/Y (sky130_fd_sc_hd__o21ai_0)
   0.349    3.355 ^ _7735_/SUM (sky130_fd_sc_hd__ha_1)
   0.132    3.487 ^ _6883_/X (sky130_fd_sc_hd__a21o_1)
   0.074    3.561 v _6884_/Y (sky130_fd_sc_hd__a21oi_1)
   0.138    3.699 ^ _6885_/Y (sky130_fd_sc_hd__o21bai_1)
   0.124    3.824 v _6886_/Y (sky130_fd_sc_hd__a21oi_1)
   0.262    4.086 ^ _6887_/Y (sky130_fd_sc_hd__o21bai_1)
   0.162    4.248 v _6895_/Y (sky130_fd_sc_hd__a41oi_1)
   0.175    4.423 v place810/X (sky130_fd_sc_hd__buf_4)
   0.488    4.910 ^ _6899_/Y (sky130_fd_sc_hd__a21oi_1)
   0.202    5.112 v _6903_/Y (sky130_fd_sc_hd__a41oi_2)
   0.179    5.291 v place802/X (sky130_fd_sc_hd__buf_4)
   0.214    5.505 ^ _6907_/Y (sky130_fd_sc_hd__a21oi_1)
   0.217    5.722 v _6911_/Y (sky130_fd_sc_hd__a41oi_1)
   0.389    6.110 ^ _6915_/Y (sky130_fd_sc_hd__a21oi_1)
   0.186    6.297 ^ place790/X (sky130_fd_sc_hd__buf_4)
   0.180    6.477 ^ _6983_/Y (sky130_fd_sc_hd__xnor2_1)
   0.179    6.656 v _7162_/Y (sky130_fd_sc_hd__o221ai_2)
   0.223    6.879 v place749/X (sky130_fd_sc_hd__buf_12)
   0.030    6.909 v dp.rf.rf[21][26]$_DFFE_PP_/D (sky130_fd_sc_hd__edfxtp_1)
            6.909   data arrival time

   7.000    7.000   clock clk (rise edge)
   0.775    7.775   clock network delay (ideal)
   0.000    7.775   clock reconvergence pessimism
            7.775 ^ dp.rf.rf[21][26]$_DFFE_PP_/CLK (sky130_fd_sc_hd__edfxtp_1)
  -0.282    7.493   library setup time
            7.493   data required time
-----------------------------------------------------------
            7.493   data required time
           -6.909   data arrival time
-----------------------------------------------------------
            0.585   slack (MET)


Startpoint: dp.rf.rf[30][2]$_DFFE_PP_
            (rising edge-triggered flip-flop clocked by clk)
Endpoint: dp.rf.rf[23][26]$_DFFE_PP_
          (rising edge-triggered flip-flop clocked by clk)
Path Group: clk
Path Type: max

   Delay     Time   Description
-----------------------------------------------------------
   0.000    0.000   clock clk (rise edge)
   0.775    0.775   clock network delay (ideal)
   0.000    0.775 ^ dp.rf.rf[30][2]$_DFFE_PP_/CLK (sky130_fd_sc_hd__edfxtp_1)
   0.361    1.136 v dp.rf.rf[30][2]$_DFFE_PP_/Q (sky130_fd_sc_hd__edfxtp_1)
   0.495    1.631 v _4310_/X (sky130_fd_sc_hd__mux4_2)
   0.286    1.917 ^ _4311_/Y (sky130_fd_sc_hd__o21ai_0)
   0.156    2.072 v _4319_/Y (sky130_fd_sc_hd__o22ai_1)
   0.505    2.577 ^ _4320_/Y (sky130_fd_sc_hd__a211oi_2)
   0.308    2.885 ^ place1037/X (sky130_fd_sc_hd__buf_4)
   0.121    3.006 v _7416_/Y (sky130_fd_sc_hd__o21ai_0)
   0.349    3.355 ^ _7735_/SUM (sky130_fd_sc_hd__ha_1)
   0.132    3.487 ^ _6883_/X (sky130_fd_sc_hd__a21o_1)
   0.074    3.561 v _6884_/Y (sky130_fd_sc_hd__a21oi_1)
   0.138    3.699 ^ _6885_/Y (sky130_fd_sc_hd__o21bai_1)
   0.124    3.824 v _6886_/Y (sky130_fd_sc_hd__a21oi_1)
   0.262    4.086 ^ _6887_/Y (sky130_fd_sc_hd__o21bai_1)
   0.162    4.248 v _6895_/Y (sky130_fd_sc_hd__a41oi_1)
   0.175    4.423 v place810/X (sky130_fd_sc_hd__buf_4)
   0.488    4.910 ^ _6899_/Y (sky130_fd_sc_hd__a21oi_1)
   0.202    5.112 v _6903_/Y (sky130_fd_sc_hd__a41oi_2)
   0.179    5.291 v place802/X (sky130_fd_sc_hd__buf_4)
   0.214    5.505 ^ _6907_/Y (sky130_fd_sc_hd__a21oi_1)
   0.217    5.722 v _6911_/Y (sky130_fd_sc_hd__a41oi_1)
   0.389    6.110 ^ _6915_/Y (sky130_fd_sc_hd__a21oi_1)
   0.186    6.297 ^ place790/X (sky130_fd_sc_hd__buf_4)
   0.180    6.477 ^ _6983_/Y (sky130_fd_sc_hd__xnor2_1)
   0.179    6.656 v _7162_/Y (sky130_fd_sc_hd__o221ai_2)
   0.223    6.879 v place749/X (sky130_fd_sc_hd__buf_12)
   0.030    6.909 v dp.rf.rf[23][26]$_DFFE_PP_/D (sky130_fd_sc_hd__edfxtp_1)
            6.909   data arrival time

   7.000    7.000   clock clk (rise edge)
   0.775    7.775   clock network delay (ideal)
   0.000    7.775   clock reconvergence pessimism
            7.775 ^ dp.rf.rf[23][26]$_DFFE_PP_/CLK (sky130_fd_sc_hd__edfxtp_1)
  -0.282    7.493   library setup time
            7.493   data required time
-----------------------------------------------------------
            7.493   data required time
           -6.909   data arrival time
-----------------------------------------------------------
            0.585   slack (MET)


Startpoint: dp.rf.rf[30][2]$_DFFE_PP_
            (rising edge-triggered flip-flop clocked by clk)
Endpoint: dp.rf.rf[22][26]$_DFFE_PP_
          (rising edge-triggered flip-flop clocked by clk)
Path Group: clk
Path Type: max

   Delay     Time   Description
-----------------------------------------------------------
   0.000    0.000   clock clk (rise edge)
   0.775    0.775   clock network delay (ideal)
   0.000    0.775 ^ dp.rf.rf[30][2]$_DFFE_PP_/CLK (sky130_fd_sc_hd__edfxtp_1)
   0.361    1.136 v dp.rf.rf[30][2]$_DFFE_PP_/Q (sky130_fd_sc_hd__edfxtp_1)
   0.495    1.631 v _4310_/X (sky130_fd_sc_hd__mux4_2)
   0.286    1.917 ^ _4311_/Y (sky130_fd_sc_hd__o21ai_0)
   0.156    2.072 v _4319_/Y (sky130_fd_sc_hd__o22ai_1)
   0.505    2.577 ^ _4320_/Y (sky130_fd_sc_hd__a211oi_2)
   0.308    2.885 ^ place1037/X (sky130_fd_sc_hd__buf_4)
   0.121    3.006 v _7416_/Y (sky130_fd_sc_hd__o21ai_0)
   0.349    3.355 ^ _7735_/SUM (sky130_fd_sc_hd__ha_1)
   0.132    3.487 ^ _6883_/X (sky130_fd_sc_hd__a21o_1)
   0.074    3.561 v _6884_/Y (sky130_fd_sc_hd__a21oi_1)
   0.138    3.699 ^ _6885_/Y (sky130_fd_sc_hd__o21bai_1)
   0.124    3.824 v _6886_/Y (sky130_fd_sc_hd__a21oi_1)
   0.262    4.086 ^ _6887_/Y (sky130_fd_sc_hd__o21bai_1)
   0.162    4.248 v _6895_/Y (sky130_fd_sc_hd__a41oi_1)
   0.175    4.423 v place810/X (sky130_fd_sc_hd__buf_4)
   0.488    4.910 ^ _6899_/Y (sky130_fd_sc_hd__a21oi_1)
   0.202    5.112 v _6903_/Y (sky130_fd_sc_hd__a41oi_2)
   0.179    5.291 v place802/X (sky130_fd_sc_hd__buf_4)
   0.214    5.505 ^ _6907_/Y (sky130_fd_sc_hd__a21oi_1)
   0.217    5.722 v _6911_/Y (sky130_fd_sc_hd__a41oi_1)
   0.389    6.110 ^ _6915_/Y (sky130_fd_sc_hd__a21oi_1)
   0.186    6.297 ^ place790/X (sky130_fd_sc_hd__buf_4)
   0.180    6.477 ^ _6983_/Y (sky130_fd_sc_hd__xnor2_1)
   0.179    6.656 v _7162_/Y (sky130_fd_sc_hd__o221ai_2)
   0.223    6.879 v place749/X (sky130_fd_sc_hd__buf_12)
   0.030    6.909 v dp.rf.rf[22][26]$_DFFE_PP_/D (sky130_fd_sc_hd__edfxtp_1)
            6.909   data arrival time

   7.000    7.000   clock clk (rise edge)
   0.775    7.775   clock network delay (ideal)
   0.000    7.775   clock reconvergence pessimism
            7.775 ^ dp.rf.rf[22][26]$_DFFE_PP_/CLK (sky130_fd_sc_hd__edfxtp_1)
  -0.282    7.493   library setup time
            7.493   data required time
-----------------------------------------------------------
            7.493   data required time
           -6.909   data arrival time
-----------------------------------------------------------
            0.585   slack (MET)


Startpoint: dp.rf.rf[11][2]$_DFFE_PP_
            (rising edge-triggered flip-flop clocked by clk)
Endpoint: aluout[20] (output port clocked by vclk_clk)
Path Group: vclk_clk
Path Type: max

   Delay     Time   Description
-----------------------------------------------------------
   0.000    0.000   clock clk (rise edge)
   0.775    0.775   clock network delay (ideal)
   0.000    0.775 ^ dp.rf.rf[11][2]$_DFFE_PP_/CLK (sky130_fd_sc_hd__edfxtp_1)
   0.357    1.132 v dp.rf.rf[11][2]$_DFFE_PP_/Q (sky130_fd_sc_hd__edfxtp_1)
   0.512    1.644 v _4270_/X (sky130_fd_sc_hd__mux4_2)
   0.494    2.139 v _4274_/X (sky130_fd_sc_hd__mux4_2)
   0.166    2.305 ^ _4281_/Y (sky130_fd_sc_hd__a22oi_2)
   0.163    2.468 ^ place1090/X (sky130_fd_sc_hd__buf_4)
   0.065    2.533 v _6016_/Y (sky130_fd_sc_hd__nand2_1)
   0.198    2.730 v _6084_/X (sky130_fd_sc_hd__o21a_1)
   0.152    2.882 v _7511_/Y (sky130_fd_sc_hd__xnor2_2)
   0.320    3.202 ^ _7714_/SUM (sky130_fd_sc_hd__ha_1)
   0.155    3.357 ^ _5928_/X (sky130_fd_sc_hd__a21o_1)
   0.078    3.436 v _5929_/Y (sky130_fd_sc_hd__a21oi_2)
   0.147    3.582 ^ _5931_/Y (sky130_fd_sc_hd__o21ai_2)
   0.109    3.692 v _5935_/Y (sky130_fd_sc_hd__a311oi_2)
   0.187    3.879 v place822/X (sky130_fd_sc_hd__buf_4)
   0.261    4.140 ^ _5954_/Y (sky130_fd_sc_hd__o2111ai_4)
   0.104    4.244 v _5958_/Y (sky130_fd_sc_hd__nand2_2)
   0.130    4.374 v rebuffer1237/X (sky130_fd_sc_hd__buf_6)
   0.116    4.490 v rebuffer1236/X (sky130_fd_sc_hd__buf_4)
   0.116    4.606 v rebuffer1235/X (sky130_fd_sc_hd__buf_4)
   0.115    4.720 v rebuffer1234/X (sky130_fd_sc_hd__buf_4)
   0.114    4.834 v rebuffer1233/X (sky130_fd_sc_hd__buf_4)
   0.121    4.956 v rebuffer1232/X (sky130_fd_sc_hd__buf_4)
   0.117    5.073 v rebuffer1231/X (sky130_fd_sc_hd__buf_4)
   0.116    5.189 v rebuffer1230/X (sky130_fd_sc_hd__buf_4)
   0.118    5.307 v rebuffer1229/X (sky130_fd_sc_hd__buf_4)
   0.116    5.422 v rebuffer1228/X (sky130_fd_sc_hd__buf_4)
   0.119    5.541 v rebuffer1227/X (sky130_fd_sc_hd__buf_4)
   0.119    5.660 v rebuffer1226/X (sky130_fd_sc_hd__buf_4)
   0.130    5.790 v place805/X (sky130_fd_sc_hd__buf_4)
   0.121    5.912 v _6490_/Y (sky130_fd_sc_hd__xnor2_2)
   0.174    6.086 ^ _6493_/Y (sky130_fd_sc_hd__a21oi_2)
   0.099    6.185 v _6494_/Y (sky130_fd_sc_hd__o22ai_2)
   0.147    6.332 v output110/X (sky130_fd_sc_hd__buf_6)
   0.001    6.332 v aluout[20] (out)
            6.332   data arrival time

   7.000    7.000   clock vclk_clk (rise edge)
   0.775    7.775   clock network delay (ideal)
   0.000    7.775   clock reconvergence pessimism
  -1.400    6.375   output external delay
            6.375   data required time
-----------------------------------------------------------
            6.375   data required time
           -6.332   data arrival time
-----------------------------------------------------------
            0.043   slack (MET)


Startpoint: dp.rf.rf[11][0]$_DFFE_PP_
            (rising edge-triggered flip-flop clocked by clk)
Endpoint: aluout[0] (output port clocked by vclk_clk)
Path Group: vclk_clk
Path Type: max

   Delay     Time   Description
-----------------------------------------------------------
   0.000    0.000   clock clk (rise edge)
   0.775    0.775   clock network delay (ideal)
   0.000    0.775 ^ dp.rf.rf[11][0]$_DFFE_PP_/CLK (sky130_fd_sc_hd__edfxtp_1)
   0.362    1.137 v dp.rf.rf[11][0]$_DFFE_PP_/Q (sky130_fd_sc_hd__edfxtp_1)
   0.486    1.623 v _4369_/X (sky130_fd_sc_hd__mux4_2)
   0.178    1.801 ^ _4371_/Y (sky130_fd_sc_hd__mux2i_1)
   0.176    1.977 v _4372_/Y (sky130_fd_sc_hd__o221ai_1)
   0.204    2.181 ^ _6038_/Y (sky130_fd_sc_hd__nand3_2)
   0.108    2.289 v _6039_/Y (sky130_fd_sc_hd__o31ai_4)
   0.226    2.515 ^ _7513_/Y (sky130_fd_sc_hd__xnor2_2)
   0.065    2.580 v _7514_/Y (sky130_fd_sc_hd__inv_2)
   0.366    2.945 v _7641_/COUT (sky130_fd_sc_hd__fa_2)
   0.375    3.321 v _7640_/COUT (sky130_fd_sc_hd__fa_2)
   0.189    3.510 v _5928_/X (sky130_fd_sc_hd__a21o_1)
   0.187    3.698 ^ _5929_/Y (sky130_fd_sc_hd__a21oi_2)
   0.084    3.781 v _5931_/Y (sky130_fd_sc_hd__o21ai_2)
   0.242    4.023 ^ _5935_/Y (sky130_fd_sc_hd__a311oi_2)
   0.215    4.239 ^ place822/X (sky130_fd_sc_hd__buf_4)
   0.177    4.416 v _5954_/Y (sky130_fd_sc_hd__o2111ai_4)
   0.145    4.561 ^ _5958_/Y (sky130_fd_sc_hd__nand2_2)
   0.072    4.633 v _5963_/Y (sky130_fd_sc_hd__o21ai_2)
   0.211    4.845 ^ _5967_/Y (sky130_fd_sc_hd__o41ai_2)
   0.177    5.022 ^ place798/X (sky130_fd_sc_hd__buf_4)
   0.107    5.129 v _5973_/Y (sky130_fd_sc_hd__o311ai_4)
   0.222    5.350 v _6841_/X (sky130_fd_sc_hd__a21o_1)
   0.121    5.471 ^ _6842_/Y (sky130_fd_sc_hd__a21oi_2)
   0.153    5.624 ^ place776/X (sky130_fd_sc_hd__buf_4)
   0.116    5.740 ^ _6852_/Y (sky130_fd_sc_hd__xnor2_2)
   0.113    5.853 v _6857_/Y (sky130_fd_sc_hd__a31oi_1)
   0.311    6.165 ^ _6858_/Y (sky130_fd_sc_hd__o22ai_2)
   0.161    6.325 ^ output98/X (sky130_fd_sc_hd__buf_2)
   0.000    6.325 ^ aluout[0] (out)
            6.325   data arrival time

   7.000    7.000   clock vclk_clk (rise edge)
   0.775    7.775   clock network delay (ideal)
   0.000    7.775   clock reconvergence pessimism
  -1.400    6.375   output external delay
            6.375   data required time
-----------------------------------------------------------
            6.375   data required time
           -6.325   data arrival time
-----------------------------------------------------------
            0.050   slack (MET)


Startpoint: dp.rf.rf[11][0]$_DFFE_PP_
            (rising edge-triggered flip-flop clocked by clk)
Endpoint: aluout[28] (output port clocked by vclk_clk)
Path Group: vclk_clk
Path Type: max

   Delay     Time   Description
-----------------------------------------------------------
   0.000    0.000   clock clk (rise edge)
   0.775    0.775   clock network delay (ideal)
   0.000    0.775 ^ dp.rf.rf[11][0]$_DFFE_PP_/CLK (sky130_fd_sc_hd__edfxtp_1)
   0.362    1.137 v dp.rf.rf[11][0]$_DFFE_PP_/Q (sky130_fd_sc_hd__edfxtp_1)
   0.486    1.623 v _4369_/X (sky130_fd_sc_hd__mux4_2)
   0.178    1.801 ^ _4371_/Y (sky130_fd_sc_hd__mux2i_1)
   0.176    1.977 v _4372_/Y (sky130_fd_sc_hd__o221ai_1)
   0.204    2.181 ^ _6038_/Y (sky130_fd_sc_hd__nand3_2)
   0.108    2.289 v _6039_/Y (sky130_fd_sc_hd__o31ai_4)
   0.226    2.515 ^ _7513_/Y (sky130_fd_sc_hd__xnor2_2)
   0.065    2.580 v _7514_/Y (sky130_fd_sc_hd__inv_2)
   0.366    2.945 v _7641_/COUT (sky130_fd_sc_hd__fa_2)
   0.375    3.321 v _7640_/COUT (sky130_fd_sc_hd__fa_2)
   0.189    3.510 v _5928_/X (sky130_fd_sc_hd__a21o_1)
   0.187    3.698 ^ _5929_/Y (sky130_fd_sc_hd__a21oi_2)
   0.084    3.781 v _5931_/Y (sky130_fd_sc_hd__o21ai_2)
   0.242    4.023 ^ _5935_/Y (sky130_fd_sc_hd__a311oi_2)
   0.215    4.239 ^ place822/X (sky130_fd_sc_hd__buf_4)
   0.177    4.416 v _5954_/Y (sky130_fd_sc_hd__o2111ai_4)
   0.145    4.561 ^ _5958_/Y (sky130_fd_sc_hd__nand2_2)
   0.072    4.633 v _5963_/Y (sky130_fd_sc_hd__o21ai_2)
   0.211    4.845 ^ _5967_/Y (sky130_fd_sc_hd__o41ai_2)
   0.177    5.022 ^ place798/X (sky130_fd_sc_hd__buf_4)
   0.134    5.156 ^ _6250_/X (sky130_fd_sc_hd__o21ba_2)
   0.064    5.220 v _6251_/Y (sky130_fd_sc_hd__o21bai_1)
   0.168    5.388 v _6252_/X (sky130_fd_sc_hd__a21o_1)
   0.136    5.525 v _6253_/X (sky130_fd_sc_hd__xor2_1)
   0.199    5.724 v _6255_/X (sky130_fd_sc_hd__a22o_1)
   0.250    5.973 v _6298_/X (sky130_fd_sc_hd__or2_4)
   0.243    6.216 v output118/X (sky130_fd_sc_hd__dlygate4sd2_1)
   0.000    6.216 v aluout[28] (out)
            6.216   data arrival time

   7.000    7.000   clock vclk_clk (rise edge)
   0.775    7.775   clock network delay (ideal)
   0.000    7.775   clock reconvergence pessimism
  -1.400    6.375   output external delay
            6.375   data required time
-----------------------------------------------------------
            6.375   data required time
           -6.216   data arrival time
-----------------------------------------------------------
            0.159   slack (MET)


Startpoint: dp.rf.rf[11][0]$_DFFE_PP_
            (rising edge-triggered flip-flop clocked by clk)
Endpoint: aluout[16] (output port clocked by vclk_clk)
Path Group: vclk_clk
Path Type: max

   Delay     Time   Description
-----------------------------------------------------------
   0.000    0.000   clock clk (rise edge)
   0.775    0.775   clock network delay (ideal)
   0.000    0.775 ^ dp.rf.rf[11][0]$_DFFE_PP_/CLK (sky130_fd_sc_hd__edfxtp_1)
   0.362    1.137 v dp.rf.rf[11][0]$_DFFE_PP_/Q (sky130_fd_sc_hd__edfxtp_1)
   0.486    1.623 v _4369_/X (sky130_fd_sc_hd__mux4_2)
   0.178    1.801 ^ _4371_/Y (sky130_fd_sc_hd__mux2i_1)
   0.176    1.977 v _4372_/Y (sky130_fd_sc_hd__o221ai_1)
   0.204    2.181 ^ _6038_/Y (sky130_fd_sc_hd__nand3_2)
   0.108    2.289 v _6039_/Y (sky130_fd_sc_hd__o31ai_4)
   0.226    2.515 ^ _7513_/Y (sky130_fd_sc_hd__xnor2_2)
   0.065    2.580 v _7514_/Y (sky130_fd_sc_hd__inv_2)
   0.366    2.945 v _7641_/COUT (sky130_fd_sc_hd__fa_2)
   0.375    3.321 v _7640_/COUT (sky130_fd_sc_hd__fa_2)
   0.189    3.510 v _5928_/X (sky130_fd_sc_hd__a21o_1)
   0.187    3.698 ^ _5929_/Y (sky130_fd_sc_hd__a21oi_2)
   0.084    3.781 v _5931_/Y (sky130_fd_sc_hd__o21ai_2)
   0.138    3.919 v rebuffer1242/X (sky130_fd_sc_hd__buf_4)
   0.126    4.045 v place825/X (sky130_fd_sc_hd__buf_4)
   0.195    4.240 ^ _6578_/Y (sky130_fd_sc_hd__a31oi_2)
   0.099    4.339 v _6579_/Y (sky130_fd_sc_hd__inv_1)
   0.326    4.666 v _6580_/X (sky130_fd_sc_hd__or2_2)
   0.116    4.782 ^ _6581_/Y (sky130_fd_sc_hd__a21oi_2)
   0.147    4.929 ^ place804/X (sky130_fd_sc_hd__buf_4)
   0.103    5.032 v _6582_/Y (sky130_fd_sc_hd__o21ai_0)
   0.195    5.227 ^ _6583_/Y (sky130_fd_sc_hd__xnor2_1)
   0.100    5.326 v _6586_/Y (sky130_fd_sc_hd__a21oi_1)
   0.300    5.627 ^ _6587_/Y (sky130_fd_sc_hd__o32ai_1)
   0.570    6.197 ^ output105/X (sky130_fd_sc_hd__clkdlybuf4s50_1)
   0.000    6.197 ^ aluout[16] (out)
            6.197   data arrival time

   7.000    7.000   clock vclk_clk (rise edge)
   0.775    7.775   clock network delay (ideal)
   0.000    7.775   clock reconvergence pessimism
  -1.400    6.375   output external delay
            6.375   data required time
-----------------------------------------------------------
            6.375   data required time
           -6.197   data arrival time
-----------------------------------------------------------
            0.178   slack (MET)


Startpoint: dp.rf.rf[31][3]$_DFFE_PP_
            (rising edge-triggered flip-flop clocked by clk)
Endpoint: aluout[29] (output port clocked by vclk_clk)
Path Group: vclk_clk
Path Type: max

   Delay     Time   Description
-----------------------------------------------------------
   0.000    0.000   clock clk (rise edge)
   0.775    0.775   clock network delay (ideal)
   0.000    0.775 ^ dp.rf.rf[31][3]$_DFFE_PP_/CLK (sky130_fd_sc_hd__edfxtp_1)
   0.353    1.128 v dp.rf.rf[31][3]$_DFFE_PP_/Q (sky130_fd_sc_hd__edfxtp_1)
   0.483    1.611 v _4438_/X (sky130_fd_sc_hd__mux4_2)
   0.519    2.130 v _4440_/X (sky130_fd_sc_hd__mux4_2)
   0.307    2.436 v _4441_/X (sky130_fd_sc_hd__a22o_1)
   0.161    2.597 ^ _6055_/Y (sky130_fd_sc_hd__nor2_1)
   0.143    2.741 ^ place1051/X (sky130_fd_sc_hd__buf_4)
   0.034    2.775 v _6060_/Y (sky130_fd_sc_hd__a21oi_4)
   0.169    2.944 v _7509_/Y (sky130_fd_sc_hd__xnor2_1)
   0.330    3.274 ^ _7712_/SUM (sky130_fd_sc_hd__ha_1)
   0.130    3.404 ^ place875/X (sky130_fd_sc_hd__buf_4)
   0.043    3.447 v _6149_/Y (sky130_fd_sc_hd__inv_1)
   0.177    3.624 ^ _6152_/Y (sky130_fd_sc_hd__o21bai_2)
   0.154    3.778 ^ _6154_/X (sky130_fd_sc_hd__a21o_1)
   0.138    3.916 v _6157_/Y (sky130_fd_sc_hd__nand3_2)
   0.201    4.117 ^ _6161_/Y (sky130_fd_sc_hd__o31ai_2)
   0.172    4.289 ^ place813/X (sky130_fd_sc_hd__buf_4)
   0.068    4.357 v _6165_/Y (sky130_fd_sc_hd__o31ai_1)
   0.172    4.529 v place807/X (sky130_fd_sc_hd__buf_4)
   0.233    4.762 ^ _6170_/Y (sky130_fd_sc_hd__o2111ai_4)
   0.131    4.894 v _6175_/Y (sky130_fd_sc_hd__nand3_4)
   0.173    5.067 ^ _6180_/Y (sky130_fd_sc_hd__a31oi_4)
   0.120    5.186 v _6181_/Y (sky130_fd_sc_hd__a31oi_1)
   0.153    5.339 v _6182_/X (sky130_fd_sc_hd__xor2_1)
   0.159    5.498 ^ _6185_/Y (sky130_fd_sc_hd__o21ai_1)
   0.176    5.673 ^ _6243_/Y (sky130_fd_sc_hd__o2bb2ai_2)
   0.508    6.181 ^ output119/X (sky130_fd_sc_hd__clkdlybuf4s50_1)
   0.000    6.181 ^ aluout[29] (out)
            6.181   data arrival time

   7.000    7.000   clock vclk_clk (rise edge)
   0.775    7.775   clock network delay (ideal)
   0.000    7.775   clock reconvergence pessimism
  -1.400    6.375   output external delay
            6.375   data required time
-----------------------------------------------------------
            6.375   data required time
           -6.181   data arrival time
-----------------------------------------------------------
            0.194   slack (MET)


Startpoint: dp.rf.rf[31][3]$_DFFE_PP_
            (rising edge-triggered flip-flop clocked by clk)
Endpoint: aluout[25] (output port clocked by vclk_clk)
Path Group: vclk_clk
Path Type: max

   Delay     Time   Description
-----------------------------------------------------------
   0.000    0.000   clock clk (rise edge)
   0.775    0.775   clock network delay (ideal)
   0.000    0.775 ^ dp.rf.rf[31][3]$_DFFE_PP_/CLK (sky130_fd_sc_hd__edfxtp_1)
   0.353    1.128 v dp.rf.rf[31][3]$_DFFE_PP_/Q (sky130_fd_sc_hd__edfxtp_1)
   0.483    1.611 v _4438_/X (sky130_fd_sc_hd__mux4_2)
   0.519    2.130 v _4440_/X (sky130_fd_sc_hd__mux4_2)
   0.307    2.436 v _4441_/X (sky130_fd_sc_hd__a22o_1)
   0.161    2.597 ^ _6055_/Y (sky130_fd_sc_hd__nor2_1)
   0.143    2.741 ^ place1051/X (sky130_fd_sc_hd__buf_4)
   0.034    2.775 v _6060_/Y (sky130_fd_sc_hd__a21oi_4)
   0.169    2.944 v _7509_/Y (sky130_fd_sc_hd__xnor2_1)
   0.330    3.274 ^ _7712_/SUM (sky130_fd_sc_hd__ha_1)
   0.130    3.404 ^ place875/X (sky130_fd_sc_hd__buf_4)
   0.043    3.447 v _6149_/Y (sky130_fd_sc_hd__inv_1)
   0.177    3.624 ^ _6152_/Y (sky130_fd_sc_hd__o21bai_2)
   0.154    3.778 ^ _6154_/X (sky130_fd_sc_hd__a21o_1)
   0.138    3.916 v _6157_/Y (sky130_fd_sc_hd__nand3_2)
   0.201    4.117 ^ _6161_/Y (sky130_fd_sc_hd__o31ai_2)
   0.172    4.289 ^ place813/X (sky130_fd_sc_hd__buf_4)
   0.068    4.357 v _6165_/Y (sky130_fd_sc_hd__o31ai_1)
   0.172    4.529 v place807/X (sky130_fd_sc_hd__buf_4)
   0.233    4.762 ^ _6170_/Y (sky130_fd_sc_hd__o2111ai_4)
   0.118    4.880 v _6354_/Y (sky130_fd_sc_hd__nand2_1)
   0.209    5.089 v _6357_/X (sky130_fd_sc_hd__o21a_1)
   0.140    5.229 ^ _6358_/Y (sky130_fd_sc_hd__xnor2_1)
   0.144    5.373 v _6361_/Y (sky130_fd_sc_hd__a21oi_1)
   0.244    5.617 ^ _6385_/Y (sky130_fd_sc_hd__o22ai_2)
   0.551    6.168 ^ output115/X (sky130_fd_sc_hd__clkdlybuf4s50_1)
   0.000    6.168 ^ aluout[25] (out)
            6.168   data arrival time

   7.000    7.000   clock vclk_clk (rise edge)
   0.775    7.775   clock network delay (ideal)
   0.000    7.775   clock reconvergence pessimism
  -1.400    6.375   output external delay
            6.375   data required time
-----------------------------------------------------------
            6.375   data required time
           -6.168   data arrival time
-----------------------------------------------------------
            0.207   slack (MET)


Startpoint: dp.rf.rf[31][3]$_DFFE_PP_
            (rising edge-triggered flip-flop clocked by clk)
Endpoint: aluout[27] (output port clocked by vclk_clk)
Path Group: vclk_clk
Path Type: max

   Delay     Time   Description
-----------------------------------------------------------
   0.000    0.000   clock clk (rise edge)
   0.775    0.775   clock network delay (ideal)
   0.000    0.775 ^ dp.rf.rf[31][3]$_DFFE_PP_/CLK (sky130_fd_sc_hd__edfxtp_1)
   0.353    1.128 v dp.rf.rf[31][3]$_DFFE_PP_/Q (sky130_fd_sc_hd__edfxtp_1)
   0.483    1.611 v _4438_/X (sky130_fd_sc_hd__mux4_2)
   0.519    2.130 v _4440_/X (sky130_fd_sc_hd__mux4_2)
   0.307    2.436 v _4441_/X (sky130_fd_sc_hd__a22o_1)
   0.161    2.597 ^ _6055_/Y (sky130_fd_sc_hd__nor2_1)
   0.143    2.741 ^ place1051/X (sky130_fd_sc_hd__buf_4)
   0.034    2.775 v _6060_/Y (sky130_fd_sc_hd__a21oi_4)
   0.169    2.944 v _7509_/Y (sky130_fd_sc_hd__xnor2_1)
   0.330    3.274 ^ _7712_/SUM (sky130_fd_sc_hd__ha_1)
   0.130    3.404 ^ place875/X (sky130_fd_sc_hd__buf_4)
   0.043    3.447 v _6149_/Y (sky130_fd_sc_hd__inv_1)
   0.177    3.624 ^ _6152_/Y (sky130_fd_sc_hd__o21bai_2)
   0.154    3.778 ^ _6154_/X (sky130_fd_sc_hd__a21o_1)
   0.138    3.916 v _6157_/Y (sky130_fd_sc_hd__nand3_2)
   0.201    4.117 ^ _6161_/Y (sky130_fd_sc_hd__o31ai_2)
   0.172    4.289 ^ place813/X (sky130_fd_sc_hd__buf_4)
   0.068    4.357 v _6165_/Y (sky130_fd_sc_hd__o31ai_1)
   0.172    4.529 v place807/X (sky130_fd_sc_hd__buf_4)
   0.233    4.762 ^ _6170_/Y (sky130_fd_sc_hd__o2111ai_4)
   0.131    4.894 v _6175_/Y (sky130_fd_sc_hd__nand3_4)
   0.173    5.067 ^ _6180_/Y (sky130_fd_sc_hd__a31oi_4)
   0.135    5.201 ^ place797/X (sky130_fd_sc_hd__buf_4)
   0.137    5.339 ^ _6326_/X (sky130_fd_sc_hd__xor2_1)
   0.097    5.436 v _6331_/Y (sky130_fd_sc_hd__a21oi_1)
   0.111    5.547 ^ _6332_/Y (sky130_fd_sc_hd__o32ai_2)
   0.169    5.715 ^ place779/X (sky130_fd_sc_hd__buf_4)
   0.448    6.163 ^ output117/X (sky130_fd_sc_hd__clkdlybuf4s50_1)
   0.000    6.163 ^ aluout[27] (out)
            6.163   data arrival time

   7.000    7.000   clock vclk_clk (rise edge)
   0.775    7.775   clock network delay (ideal)
   0.000    7.775   clock reconvergence pessimism
  -1.400    6.375   output external delay
            6.375   data required time
-----------------------------------------------------------
            6.375   data required time
           -6.163   data arrival time
-----------------------------------------------------------
            0.212   slack (MET)


Startpoint: dp.rf.rf[11][0]$_DFFE_PP_
            (rising edge-triggered flip-flop clocked by clk)
Endpoint: aluout[24] (output port clocked by vclk_clk)
Path Group: vclk_clk
Path Type: max

   Delay     Time   Description
-----------------------------------------------------------
   0.000    0.000   clock clk (rise edge)
   0.775    0.775   clock network delay (ideal)
   0.000    0.775 ^ dp.rf.rf[11][0]$_DFFE_PP_/CLK (sky130_fd_sc_hd__edfxtp_1)
   0.362    1.137 v dp.rf.rf[11][0]$_DFFE_PP_/Q (sky130_fd_sc_hd__edfxtp_1)
   0.486    1.623 v _4369_/X (sky130_fd_sc_hd__mux4_2)
   0.178    1.801 ^ _4371_/Y (sky130_fd_sc_hd__mux2i_1)
   0.176    1.977 v _4372_/Y (sky130_fd_sc_hd__o221ai_1)
   0.204    2.181 ^ _6038_/Y (sky130_fd_sc_hd__nand3_2)
   0.108    2.289 v _6039_/Y (sky130_fd_sc_hd__o31ai_4)
   0.226    2.515 ^ _7513_/Y (sky130_fd_sc_hd__xnor2_2)
   0.065    2.580 v _7514_/Y (sky130_fd_sc_hd__inv_2)
   0.366    2.945 v _7641_/COUT (sky130_fd_sc_hd__fa_2)
   0.375    3.321 v _7640_/COUT (sky130_fd_sc_hd__fa_2)
   0.189    3.510 v _5928_/X (sky130_fd_sc_hd__a21o_1)
   0.187    3.698 ^ _5929_/Y (sky130_fd_sc_hd__a21oi_2)
   0.084    3.781 v _5931_/Y (sky130_fd_sc_hd__o21ai_2)
   0.242    4.023 ^ _5935_/Y (sky130_fd_sc_hd__a311oi_2)
   0.215    4.239 ^ place822/X (sky130_fd_sc_hd__buf_4)
   0.177    4.416 v _5954_/Y (sky130_fd_sc_hd__o2111ai_4)
   0.145    4.561 ^ _5958_/Y (sky130_fd_sc_hd__nand2_2)
   0.072    4.633 v _5963_/Y (sky130_fd_sc_hd__o21ai_2)
   0.144    4.777 v place801/X (sky130_fd_sc_hd__buf_4)
   0.160    4.937 v _6406_/X (sky130_fd_sc_hd__o21a_1)
   0.107    5.044 ^ _6407_/Y (sky130_fd_sc_hd__nor2_1)
   0.135    5.179 ^ _6408_/Y (sky130_fd_sc_hd__xnor2_1)
   0.140    5.319 v _6411_/Y (sky130_fd_sc_hd__a21oi_1)
   0.231    5.550 ^ _6412_/Y (sky130_fd_sc_hd__o2bb2ai_2)
   0.585    6.136 ^ output114/X (sky130_fd_sc_hd__clkdlybuf4s50_1)
   0.001    6.137 ^ aluout[24] (out)
            6.137   data arrival time

   7.000    7.000   clock vclk_clk (rise edge)
   0.775    7.775   clock network delay (ideal)
   0.000    7.775   clock reconvergence pessimism
  -1.400    6.375   output external delay
            6.375   data required time
-----------------------------------------------------------
            6.375   data required time
           -6.137   data arrival time
-----------------------------------------------------------
            0.238   slack (MET)


Startpoint: dp.rf.rf[11][0]$_DFFE_PP_
            (rising edge-triggered flip-flop clocked by clk)
Endpoint: aluout[14] (output port clocked by vclk_clk)
Path Group: vclk_clk
Path Type: max

   Delay     Time   Description
-----------------------------------------------------------
   0.000    0.000   clock clk (rise edge)
   0.775    0.775   clock network delay (ideal)
   0.000    0.775 ^ dp.rf.rf[11][0]$_DFFE_PP_/CLK (sky130_fd_sc_hd__edfxtp_1)
   0.362    1.137 v dp.rf.rf[11][0]$_DFFE_PP_/Q (sky130_fd_sc_hd__edfxtp_1)
   0.486    1.623 v _4369_/X (sky130_fd_sc_hd__mux4_2)
   0.178    1.801 ^ _4371_/Y (sky130_fd_sc_hd__mux2i_1)
   0.176    1.977 v _4372_/Y (sky130_fd_sc_hd__o221ai_1)
   0.204    2.181 ^ _6038_/Y (sky130_fd_sc_hd__nand3_2)
   0.108    2.289 v _6039_/Y (sky130_fd_sc_hd__o31ai_4)
   0.226    2.515 ^ _7513_/Y (sky130_fd_sc_hd__xnor2_2)
   0.065    2.580 v _7514_/Y (sky130_fd_sc_hd__inv_2)
   0.366    2.945 v _7641_/COUT (sky130_fd_sc_hd__fa_2)
   0.375    3.321 v _7640_/COUT (sky130_fd_sc_hd__fa_2)
   0.189    3.510 v _5928_/X (sky130_fd_sc_hd__a21o_1)
   0.187    3.698 ^ _5929_/Y (sky130_fd_sc_hd__a21oi_2)
   0.084    3.781 v _5931_/Y (sky130_fd_sc_hd__o21ai_2)
   0.138    3.919 v rebuffer1242/X (sky130_fd_sc_hd__buf_4)
   0.126    4.045 v place825/X (sky130_fd_sc_hd__buf_4)
   0.195    4.240 ^ _6578_/Y (sky130_fd_sc_hd__a31oi_2)
   0.099    4.339 v _6579_/Y (sky130_fd_sc_hd__inv_1)
   0.326    4.666 v _6580_/X (sky130_fd_sc_hd__or2_2)
   0.116    4.782 ^ _6581_/Y (sky130_fd_sc_hd__a21oi_2)
   0.147    4.929 ^ place804/X (sky130_fd_sc_hd__buf_4)
   0.065    4.993 v _6611_/Y (sky130_fd_sc_hd__o21bai_1)
   0.150    5.144 ^ _6612_/Y (sky130_fd_sc_hd__a21oi_1)
   0.173    5.317 ^ _6613_/X (sky130_fd_sc_hd__xor2_1)
   0.055    5.371 v _6614_/Y (sky130_fd_sc_hd__nor2_1)
   0.205    5.576 ^ _6615_/Y (sky130_fd_sc_hd__o21ai_1)
   0.134    5.710 v _6626_/Y (sky130_fd_sc_hd__nand2_1)
   0.425    6.135 v output103/X (sky130_fd_sc_hd__clkdlybuf4s50_1)
   0.000    6.135 v aluout[14] (out)
            6.135   data arrival time

   7.000    7.000   clock vclk_clk (rise edge)
   0.775    7.775   clock network delay (ideal)
   0.000    7.775   clock reconvergence pessimism
  -1.400    6.375   output external delay
            6.375   data required time
-----------------------------------------------------------
            6.375   data required time
           -6.135   data arrival time
-----------------------------------------------------------
            0.240   slack (MET)


Startpoint: dp.rf.rf[11][2]$_DFFE_PP_
            (rising edge-triggered flip-flop clocked by clk)
Endpoint: aluout[19] (output port clocked by vclk_clk)
Path Group: vclk_clk
Path Type: max

   Delay     Time   Description
-----------------------------------------------------------
   0.000    0.000   clock clk (rise edge)
   0.775    0.775   clock network delay (ideal)
   0.000    0.775 ^ dp.rf.rf[11][2]$_DFFE_PP_/CLK (sky130_fd_sc_hd__edfxtp_1)
   0.357    1.132 v dp.rf.rf[11][2]$_DFFE_PP_/Q (sky130_fd_sc_hd__edfxtp_1)
   0.512    1.644 v _4270_/X (sky130_fd_sc_hd__mux4_2)
   0.494    2.139 v _4274_/X (sky130_fd_sc_hd__mux4_2)
   0.166    2.305 ^ _4281_/Y (sky130_fd_sc_hd__a22oi_2)
   0.163    2.468 ^ place1090/X (sky130_fd_sc_hd__buf_4)
   0.065    2.533 v _6016_/Y (sky130_fd_sc_hd__nand2_1)
   0.198    2.730 v _6084_/X (sky130_fd_sc_hd__o21a_1)
   0.152    2.882 v _7511_/Y (sky130_fd_sc_hd__xnor2_2)
   0.329    3.211 v _7714_/SUM (sky130_fd_sc_hd__ha_1)
   0.155    3.367 v place874/X (sky130_fd_sc_hd__buf_4)
   0.194    3.561 ^ _6151_/Y (sky130_fd_sc_hd__a21oi_2)
   0.105    3.666 v _6152_/Y (sky130_fd_sc_hd__o21bai_2)
   0.178    3.844 v _6154_/X (sky130_fd_sc_hd__a21o_1)
   0.129    3.973 ^ _6157_/Y (sky130_fd_sc_hd__nand3_2)
   0.071    4.044 v _6161_/Y (sky130_fd_sc_hd__o31ai_2)
   0.158    4.202 v place813/X (sky130_fd_sc_hd__buf_4)
   0.203    4.404 ^ _6165_/Y (sky130_fd_sc_hd__o31ai_1)
   0.213    4.617 ^ place807/X (sky130_fd_sc_hd__buf_4)
   0.141    4.758 ^ place806/X (sky130_fd_sc_hd__buf_4)
   0.059    4.817 v _6496_/Y (sky130_fd_sc_hd__o21bai_1)
   0.188    5.005 ^ _6497_/Y (sky130_fd_sc_hd__a21oi_1)
   0.136    5.141 ^ _6498_/Y (sky130_fd_sc_hd__xnor2_1)
   0.096    5.238 v _6501_/Y (sky130_fd_sc_hd__a21oi_1)
   0.254    5.492 ^ _6521_/Y (sky130_fd_sc_hd__o22ai_2)
   0.626    6.117 ^ output108/X (sky130_fd_sc_hd__clkdlybuf4s50_1)
   0.002    6.119 ^ aluout[19] (out)
            6.119   data arrival time

   7.000    7.000   clock vclk_clk (rise edge)
   0.775    7.775   clock network delay (ideal)
   0.000    7.775   clock reconvergence pessimism
  -1.400    6.375   output external delay
            6.375   data required time
-----------------------------------------------------------
            6.375   data required time
           -6.119   data arrival time
-----------------------------------------------------------
            0.256   slack (MET)


Startpoint: dp.rf.rf[31][3]$_DFFE_PP_
            (rising edge-triggered flip-flop clocked by clk)
Endpoint: aluout[23] (output port clocked by vclk_clk)
Path Group: vclk_clk
Path Type: max

   Delay     Time   Description
-----------------------------------------------------------
   0.000    0.000   clock clk (rise edge)
   0.775    0.775   clock network delay (ideal)
   0.000    0.775 ^ dp.rf.rf[31][3]$_DFFE_PP_/CLK (sky130_fd_sc_hd__edfxtp_1)
   0.353    1.128 v dp.rf.rf[31][3]$_DFFE_PP_/Q (sky130_fd_sc_hd__edfxtp_1)
   0.483    1.611 v _4438_/X (sky130_fd_sc_hd__mux4_2)
   0.519    2.130 v _4440_/X (sky130_fd_sc_hd__mux4_2)
   0.307    2.436 v _4441_/X (sky130_fd_sc_hd__a22o_1)
   0.161    2.597 ^ _6055_/Y (sky130_fd_sc_hd__nor2_1)
   0.143    2.741 ^ place1051/X (sky130_fd_sc_hd__buf_4)
   0.034    2.775 v _6060_/Y (sky130_fd_sc_hd__a21oi_4)
   0.169    2.944 v _7509_/Y (sky130_fd_sc_hd__xnor2_1)
   0.330    3.274 ^ _7712_/SUM (sky130_fd_sc_hd__ha_1)
   0.130    3.404 ^ place875/X (sky130_fd_sc_hd__buf_4)
   0.043    3.447 v _6149_/Y (sky130_fd_sc_hd__inv_1)
   0.177    3.624 ^ _6152_/Y (sky130_fd_sc_hd__o21bai_2)
   0.154    3.778 ^ _6154_/X (sky130_fd_sc_hd__a21o_1)
   0.138    3.916 v _6157_/Y (sky130_fd_sc_hd__nand3_2)
   0.201    4.117 ^ _6161_/Y (sky130_fd_sc_hd__o31ai_2)
   0.172    4.289 ^ place813/X (sky130_fd_sc_hd__buf_4)
   0.068    4.357 v _6165_/Y (sky130_fd_sc_hd__o31ai_1)
   0.172    4.529 v place807/X (sky130_fd_sc_hd__buf_4)
   0.233    4.762 ^ _6170_/Y (sky130_fd_sc_hd__o2111ai_4)
   0.118    4.880 v _6354_/Y (sky130_fd_sc_hd__nand2_1)
   0.150    5.031 v place800/X (sky130_fd_sc_hd__buf_4)
   0.121    5.151 ^ _6432_/Y (sky130_fd_sc_hd__xnor2_1)
   0.079    5.230 v _6435_/Y (sky130_fd_sc_hd__a21oi_1)
   0.148    5.379 ^ _6436_/Y (sky130_fd_sc_hd__nor2_1)
   0.132    5.510 ^ _6437_/X (sky130_fd_sc_hd__a21o_1)
   0.562    6.073 ^ output113/X (sky130_fd_sc_hd__clkdlybuf4s50_1)
   0.001    6.074 ^ aluout[23] (out)
            6.074   data arrival time

   7.000    7.000   clock vclk_clk (rise edge)
   0.775    7.775   clock network delay (ideal)
   0.000    7.775   clock reconvergence pessimism
  -1.400    6.375   output external delay
            6.375   data required time
-----------------------------------------------------------
            6.375   data required time
           -6.074   data arrival time
-----------------------------------------------------------
            0.301   slack (MET)


Startpoint: dp.rf.rf[11][2]$_DFFE_PP_
            (rising edge-triggered flip-flop clocked by clk)
Endpoint: aluout[31] (output port clocked by vclk_clk)
Path Group: vclk_clk
Path Type: max

   Delay     Time   Description
-----------------------------------------------------------
   0.000    0.000   clock clk (rise edge)
   0.775    0.775   clock network delay (ideal)
   0.000    0.775 ^ dp.rf.rf[11][2]$_DFFE_PP_/CLK (sky130_fd_sc_hd__edfxtp_1)
   0.357    1.132 v dp.rf.rf[11][2]$_DFFE_PP_/Q (sky130_fd_sc_hd__edfxtp_1)
   0.512    1.644 v _4270_/X (sky130_fd_sc_hd__mux4_2)
   0.494    2.139 v _4274_/X (sky130_fd_sc_hd__mux4_2)
   0.166    2.305 ^ _4281_/Y (sky130_fd_sc_hd__a22oi_2)
   0.163    2.468 ^ place1090/X (sky130_fd_sc_hd__buf_4)
   0.065    2.533 v _6016_/Y (sky130_fd_sc_hd__nand2_1)
   0.198    2.730 v _6084_/X (sky130_fd_sc_hd__o21a_1)
   0.152    2.882 v _7511_/Y (sky130_fd_sc_hd__xnor2_2)
   0.329    3.211 v _7714_/SUM (sky130_fd_sc_hd__ha_1)
   0.155    3.367 v place874/X (sky130_fd_sc_hd__buf_4)
   0.194    3.561 ^ _6151_/Y (sky130_fd_sc_hd__a21oi_2)
   0.105    3.666 v _6152_/Y (sky130_fd_sc_hd__o21bai_2)
   0.178    3.844 v _6154_/X (sky130_fd_sc_hd__a21o_1)
   0.129    3.973 ^ _6157_/Y (sky130_fd_sc_hd__nand3_2)
   0.071    4.044 v _6161_/Y (sky130_fd_sc_hd__o31ai_2)
   0.158    4.202 v place813/X (sky130_fd_sc_hd__buf_4)
   0.203    4.404 ^ _6165_/Y (sky130_fd_sc_hd__o31ai_1)
   0.213    4.617 ^ place807/X (sky130_fd_sc_hd__buf_4)
   0.147    4.765 v _6170_/Y (sky130_fd_sc_hd__o2111ai_4)
   0.133    4.897 ^ _6175_/Y (sky130_fd_sc_hd__nand3_4)
   0.117    5.014 v _7613_/Y (sky130_fd_sc_hd__nand4_1)
   0.143    5.157 ^ _7615_/Y (sky130_fd_sc_hd__nand3_1)
   0.190    5.347 ^ _7616_/Y (sky130_fd_sc_hd__mux2i_1)
   0.218    5.565 ^ _7633_/X (sky130_fd_sc_hd__a211o_1)
   0.487    6.052 ^ output122/X (sky130_fd_sc_hd__clkdlybuf4s50_1)
   0.000    6.052 ^ aluout[31] (out)
            6.052   data arrival time

   7.000    7.000   clock vclk_clk (rise edge)
   0.775    7.775   clock network delay (ideal)
   0.000    7.775   clock reconvergence pessimism
  -1.400    6.375   output external delay
            6.375   data required time
-----------------------------------------------------------
            6.375   data required time
           -6.052   data arrival time
-----------------------------------------------------------
            0.323   slack (MET)


Startpoint: dp.rf.rf[11][0]$_DFFE_PP_
            (rising edge-triggered flip-flop clocked by clk)
Endpoint: aluout[30] (output port clocked by vclk_clk)
Path Group: vclk_clk
Path Type: max

   Delay     Time   Description
-----------------------------------------------------------
   0.000    0.000   clock clk (rise edge)
   0.775    0.775   clock network delay (ideal)
   0.000    0.775 ^ dp.rf.rf[11][0]$_DFFE_PP_/CLK (sky130_fd_sc_hd__edfxtp_1)
   0.362    1.137 v dp.rf.rf[11][0]$_DFFE_PP_/Q (sky130_fd_sc_hd__edfxtp_1)
   0.486    1.623 v _4369_/X (sky130_fd_sc_hd__mux4_2)
   0.178    1.801 ^ _4371_/Y (sky130_fd_sc_hd__mux2i_1)
   0.176    1.977 v _4372_/Y (sky130_fd_sc_hd__o221ai_1)
   0.204    2.181 ^ _6038_/Y (sky130_fd_sc_hd__nand3_2)
   0.108    2.289 v _6039_/Y (sky130_fd_sc_hd__o31ai_4)
   0.226    2.515 ^ _7513_/Y (sky130_fd_sc_hd__xnor2_2)
   0.065    2.580 v _7514_/Y (sky130_fd_sc_hd__inv_2)
   0.366    2.945 v _7641_/COUT (sky130_fd_sc_hd__fa_2)
   0.375    3.321 v _7640_/COUT (sky130_fd_sc_hd__fa_2)
   0.189    3.510 v _5928_/X (sky130_fd_sc_hd__a21o_1)
   0.187    3.698 ^ _5929_/Y (sky130_fd_sc_hd__a21oi_2)
   0.084    3.781 v _5931_/Y (sky130_fd_sc_hd__o21ai_2)
   0.242    4.023 ^ _5935_/Y (sky130_fd_sc_hd__a311oi_2)
   0.215    4.239 ^ place822/X (sky130_fd_sc_hd__buf_4)
   0.177    4.416 v _5954_/Y (sky130_fd_sc_hd__o2111ai_4)
   0.145    4.561 ^ _5958_/Y (sky130_fd_sc_hd__nand2_2)
   0.072    4.633 v _5963_/Y (sky130_fd_sc_hd__o21ai_2)
   0.211    4.845 ^ _5967_/Y (sky130_fd_sc_hd__o41ai_2)
   0.177    5.022 ^ place798/X (sky130_fd_sc_hd__buf_4)
   0.107    5.129 v _5973_/Y (sky130_fd_sc_hd__o311ai_4)
   0.171    5.300 v place794/X (sky130_fd_sc_hd__buf_4)
   0.126    5.426 ^ _5974_/X (sky130_fd_sc_hd__xor2_1)
   0.096    5.523 v _5981_/Y (sky130_fd_sc_hd__a21oi_1)
   0.268    5.790 ^ _6135_/Y (sky130_fd_sc_hd__o22ai_2)
   0.236    6.027 ^ output121/X (sky130_fd_sc_hd__dlygate4sd2_1)
   0.000    6.027 ^ aluout[30] (out)
            6.027   data arrival time

   7.000    7.000   clock vclk_clk (rise edge)
   0.775    7.775   clock network delay (ideal)
   0.000    7.775   clock reconvergence pessimism
  -1.400    6.375   output external delay
            6.375   data required time
-----------------------------------------------------------
            6.375   data required time
           -6.027   data arrival time
-----------------------------------------------------------
            0.348   slack (MET)


Startpoint: dp.rf.rf[11][0]$_DFFE_PP_
            (rising edge-triggered flip-flop clocked by clk)
Endpoint: aluout[10] (output port clocked by vclk_clk)
Path Group: vclk_clk
Path Type: max

   Delay     Time   Description
-----------------------------------------------------------
   0.000    0.000   clock clk (rise edge)
   0.775    0.775   clock network delay (ideal)
   0.000    0.775 ^ dp.rf.rf[11][0]$_DFFE_PP_/CLK (sky130_fd_sc_hd__edfxtp_1)
   0.362    1.137 v dp.rf.rf[11][0]$_DFFE_PP_/Q (sky130_fd_sc_hd__edfxtp_1)
   0.486    1.623 v _4369_/X (sky130_fd_sc_hd__mux4_2)
   0.178    1.801 ^ _4371_/Y (sky130_fd_sc_hd__mux2i_1)
   0.176    1.977 v _4372_/Y (sky130_fd_sc_hd__o221ai_1)
   0.204    2.181 ^ _6038_/Y (sky130_fd_sc_hd__nand3_2)
   0.108    2.289 v _6039_/Y (sky130_fd_sc_hd__o31ai_4)
   0.226    2.515 ^ _7513_/Y (sky130_fd_sc_hd__xnor2_2)
   0.065    2.580 v _7514_/Y (sky130_fd_sc_hd__inv_2)
   0.366    2.945 v _7641_/COUT (sky130_fd_sc_hd__fa_2)
   0.375    3.321 v _7640_/COUT (sky130_fd_sc_hd__fa_2)
   0.189    3.510 v _5928_/X (sky130_fd_sc_hd__a21o_1)
   0.187    3.698 ^ _5929_/Y (sky130_fd_sc_hd__a21oi_2)
   0.084    3.781 v _5931_/Y (sky130_fd_sc_hd__o21ai_2)
   0.138    3.919 v rebuffer1242/X (sky130_fd_sc_hd__buf_4)
   0.126    4.045 v place825/X (sky130_fd_sc_hd__buf_4)
   0.195    4.240 ^ _6578_/Y (sky130_fd_sc_hd__a31oi_2)
   0.099    4.339 v _6579_/Y (sky130_fd_sc_hd__inv_1)
   0.135    4.474 v place811/X (sky130_fd_sc_hd__buf_4)
   0.159    4.633 v _6686_/X (sky130_fd_sc_hd__a21o_1)
   0.168    4.801 ^ _6687_/Y (sky130_fd_sc_hd__a21oi_1)
   0.162    4.964 ^ _6688_/X (sky130_fd_sc_hd__xor2_1)
   0.052    5.015 v _6689_/Y (sky130_fd_sc_hd__nor2_1)
   0.249    5.264 ^ _6690_/Y (sky130_fd_sc_hd__o21ai_0)
   0.236    5.500 v _6691_/Y (sky130_fd_sc_hd__o221ai_1)
   0.489    5.989 v output99/X (sky130_fd_sc_hd__clkdlybuf4s50_1)
   0.000    5.989 v aluout[10] (out)
            5.989   data arrival time

   7.000    7.000   clock vclk_clk (rise edge)
   0.775    7.775   clock network delay (ideal)
   0.000    7.775   clock reconvergence pessimism
  -1.400    6.375   output external delay
            6.375   data required time
-----------------------------------------------------------
            6.375   data required time
           -5.989   data arrival time
-----------------------------------------------------------
            0.386   slack (MET)


Startpoint: dp.rf.rf[3][1]$_DFFE_PP_
            (rising edge-triggered flip-flop clocked by clk)
Endpoint: aluout[4] (output port clocked by vclk_clk)
Path Group: vclk_clk
Path Type: max

   Delay     Time   Description
-----------------------------------------------------------
   0.000    0.000   clock clk (rise edge)
   0.775    0.775   clock network delay (ideal)
   0.000    0.775 ^ dp.rf.rf[3][1]$_DFFE_PP_/CLK (sky130_fd_sc_hd__edfxtp_1)
   0.367    1.142 v dp.rf.rf[3][1]$_DFFE_PP_/Q (sky130_fd_sc_hd__edfxtp_1)
   0.474    1.617 v _4417_/X (sky130_fd_sc_hd__mux4_2)
   0.164    1.781 ^ _4418_/Y (sky130_fd_sc_hd__mux2i_1)
   0.137    1.918 v _4419_/Y (sky130_fd_sc_hd__o22ai_1)
   0.290    2.207 v _4427_/X (sky130_fd_sc_hd__o21a_1)
   0.176    2.383 v _6022_/Y (sky130_fd_sc_hd__nand2b_1)
   0.228    2.612 v place1008/X (sky130_fd_sc_hd__buf_4)
   0.434    3.046 ^ _6078_/Y (sky130_fd_sc_hd__nand2_2)
   0.290    3.336 ^ place949/X (sky130_fd_sc_hd__buf_4)
   0.266    3.603 ^ _6462_/Y (sky130_fd_sc_hd__mux2i_1)
   0.110    3.713 v _6479_/Y (sky130_fd_sc_hd__mux2i_1)
   0.366    4.079 ^ _6480_/Y (sky130_fd_sc_hd__mux2i_1)
   0.102    4.180 v _6481_/Y (sky130_fd_sc_hd__nand2_1)
   0.409    4.590 ^ _6484_/Y (sky130_fd_sc_hd__a21oi_1)
   0.313    4.903 v _6783_/Y (sky130_fd_sc_hd__o211ai_1)
   0.491    5.394 ^ _6785_/Y (sky130_fd_sc_hd__a22oi_1)
   0.560    5.954 ^ output124/X (sky130_fd_sc_hd__clkdlybuf4s50_1)
   0.000    5.954 ^ aluout[4] (out)
            5.954   data arrival time

   7.000    7.000   clock vclk_clk (rise edge)
   0.775    7.775   clock network delay (ideal)
   0.000    7.775   clock reconvergence pessimism
  -1.400    6.375   output external delay
            6.375   data required time
-----------------------------------------------------------
            6.375   data required time
           -5.954   data arrival time
-----------------------------------------------------------
            0.421   slack (MET)


Startpoint: dp.rf.rf[11][0]$_DFFE_PP_
            (rising edge-triggered flip-flop clocked by clk)
Endpoint: aluout[12] (output port clocked by vclk_clk)
Path Group: vclk_clk
Path Type: max

   Delay     Time   Description
-----------------------------------------------------------
   0.000    0.000   clock clk (rise edge)
   0.775    0.775   clock network delay (ideal)
   0.000    0.775 ^ dp.rf.rf[11][0]$_DFFE_PP_/CLK (sky130_fd_sc_hd__edfxtp_1)
   0.362    1.137 v dp.rf.rf[11][0]$_DFFE_PP_/Q (sky130_fd_sc_hd__edfxtp_1)
   0.486    1.623 v _4369_/X (sky130_fd_sc_hd__mux4_2)
   0.178    1.801 ^ _4371_/Y (sky130_fd_sc_hd__mux2i_1)
   0.176    1.977 v _4372_/Y (sky130_fd_sc_hd__o221ai_1)
   0.204    2.181 ^ _6038_/Y (sky130_fd_sc_hd__nand3_2)
   0.108    2.289 v _6039_/Y (sky130_fd_sc_hd__o31ai_4)
   0.226    2.515 ^ _7513_/Y (sky130_fd_sc_hd__xnor2_2)
   0.065    2.580 v _7514_/Y (sky130_fd_sc_hd__inv_2)
   0.366    2.945 v _7641_/COUT (sky130_fd_sc_hd__fa_2)
   0.375    3.321 v _7640_/COUT (sky130_fd_sc_hd__fa_2)
   0.189    3.510 v _5928_/X (sky130_fd_sc_hd__a21o_1)
   0.187    3.698 ^ _5929_/Y (sky130_fd_sc_hd__a21oi_2)
   0.084    3.781 v _5931_/Y (sky130_fd_sc_hd__o21ai_2)
   0.138    3.919 v rebuffer1242/X (sky130_fd_sc_hd__buf_4)
   0.126    4.045 v place825/X (sky130_fd_sc_hd__buf_4)
   0.195    4.240 ^ _6578_/Y (sky130_fd_sc_hd__a31oi_2)
   0.099    4.339 v _6579_/Y (sky130_fd_sc_hd__inv_1)
   0.326    4.666 v _6580_/X (sky130_fd_sc_hd__or2_2)
   0.116    4.782 ^ _6581_/Y (sky130_fd_sc_hd__a21oi_2)
   0.147    4.929 ^ place804/X (sky130_fd_sc_hd__buf_4)
   0.111    5.039 ^ place803/X (sky130_fd_sc_hd__buf_4)
   0.101    5.141 ^ _6656_/Y (sky130_fd_sc_hd__xnor2_1)
   0.090    5.230 v _6659_/Y (sky130_fd_sc_hd__a21oi_1)
   0.209    5.439 ^ _6660_/Y (sky130_fd_sc_hd__o22ai_1)
   0.505    5.944 ^ output101/X (sky130_fd_sc_hd__clkdlybuf4s50_1)
   0.000    5.944 ^ aluout[12] (out)
            5.944   data arrival time

   7.000    7.000   clock vclk_clk (rise edge)
   0.775    7.775   clock network delay (ideal)
   0.000    7.775   clock reconvergence pessimism
  -1.400    6.375   output external delay
            6.375   data required time
-----------------------------------------------------------
            6.375   data required time
           -5.944   data arrival time
-----------------------------------------------------------
            0.431   slack (MET)


Startpoint: dp.rf.rf[11][0]$_DFFE_PP_
            (rising edge-triggered flip-flop clocked by clk)
Endpoint: aluout[22] (output port clocked by vclk_clk)
Path Group: vclk_clk
Path Type: max

   Delay     Time   Description
-----------------------------------------------------------
   0.000    0.000   clock clk (rise edge)
   0.775    0.775   clock network delay (ideal)
   0.000    0.775 ^ dp.rf.rf[11][0]$_DFFE_PP_/CLK (sky130_fd_sc_hd__edfxtp_1)
   0.362    1.137 v dp.rf.rf[11][0]$_DFFE_PP_/Q (sky130_fd_sc_hd__edfxtp_1)
   0.486    1.623 v _4369_/X (sky130_fd_sc_hd__mux4_2)
   0.178    1.801 ^ _4371_/Y (sky130_fd_sc_hd__mux2i_1)
   0.176    1.977 v _4372_/Y (sky130_fd_sc_hd__o221ai_1)
   0.204    2.181 ^ _6038_/Y (sky130_fd_sc_hd__nand3_2)
   0.108    2.289 v _6039_/Y (sky130_fd_sc_hd__o31ai_4)
   0.226    2.515 ^ _7513_/Y (sky130_fd_sc_hd__xnor2_2)
   0.065    2.580 v _7514_/Y (sky130_fd_sc_hd__inv_2)
   0.366    2.945 v _7641_/COUT (sky130_fd_sc_hd__fa_2)
   0.375    3.321 v _7640_/COUT (sky130_fd_sc_hd__fa_2)
   0.189    3.510 v _5928_/X (sky130_fd_sc_hd__a21o_1)
   0.187    3.698 ^ _5929_/Y (sky130_fd_sc_hd__a21oi_2)
   0.084    3.781 v _5931_/Y (sky130_fd_sc_hd__o21ai_2)
   0.242    4.023 ^ _5935_/Y (sky130_fd_sc_hd__a311oi_2)
   0.215    4.239 ^ place822/X (sky130_fd_sc_hd__buf_4)
   0.177    4.416 v _5954_/Y (sky130_fd_sc_hd__o2111ai_4)
   0.198    4.613 v rebuffer1253/X (sky130_fd_sc_hd__buf_4)
   0.120    4.734 v rebuffer1241/X (sky130_fd_sc_hd__buf_4)
   0.119    4.853 v place808/X (sky130_fd_sc_hd__buf_4)
   0.222    5.075 v _6453_/X (sky130_fd_sc_hd__a31o_2)
   0.296    5.371 v _6454_/X (sky130_fd_sc_hd__a211o_1)
   0.217    5.588 ^ _6458_/Y (sky130_fd_sc_hd__a21oi_2)
   0.141    5.729 v _6459_/Y (sky130_fd_sc_hd__o22ai_1)
   0.212    5.941 v output112/X (sky130_fd_sc_hd__dlymetal6s2s_1)
   0.002    5.943 v aluout[22] (out)
            5.943   data arrival time

   7.000    7.000   clock vclk_clk (rise edge)
   0.775    7.775   clock network delay (ideal)
   0.000    7.775   clock reconvergence pessimism
  -1.400    6.375   output external delay
            6.375   data required time
-----------------------------------------------------------
            6.375   data required time
           -5.943   data arrival time
-----------------------------------------------------------
            0.432   slack (MET)


Startpoint: dp.rf.rf[11][2]$_DFFE_PP_
            (rising edge-triggered flip-flop clocked by clk)
Endpoint: aluout[17] (output port clocked by vclk_clk)
Path Group: vclk_clk
Path Type: max

   Delay     Time   Description
-----------------------------------------------------------
   0.000    0.000   clock clk (rise edge)
   0.775    0.775   clock network delay (ideal)
   0.000    0.775 ^ dp.rf.rf[11][2]$_DFFE_PP_/CLK (sky130_fd_sc_hd__edfxtp_1)
   0.357    1.132 v dp.rf.rf[11][2]$_DFFE_PP_/Q (sky130_fd_sc_hd__edfxtp_1)
   0.512    1.644 v _4270_/X (sky130_fd_sc_hd__mux4_2)
   0.494    2.139 v _4274_/X (sky130_fd_sc_hd__mux4_2)
   0.166    2.305 ^ _4281_/Y (sky130_fd_sc_hd__a22oi_2)
   0.163    2.468 ^ place1090/X (sky130_fd_sc_hd__buf_4)
   0.065    2.533 v _6016_/Y (sky130_fd_sc_hd__nand2_1)
   0.198    2.730 v _6084_/X (sky130_fd_sc_hd__o21a_1)
   0.152    2.882 v _7511_/Y (sky130_fd_sc_hd__xnor2_2)
   0.329    3.211 v _7714_/SUM (sky130_fd_sc_hd__ha_1)
   0.155    3.367 v place874/X (sky130_fd_sc_hd__buf_4)
   0.194    3.561 ^ _6151_/Y (sky130_fd_sc_hd__a21oi_2)
   0.105    3.666 v _6152_/Y (sky130_fd_sc_hd__o21bai_2)
   0.178    3.844 v _6154_/X (sky130_fd_sc_hd__a21o_1)
   0.129    3.973 ^ _6157_/Y (sky130_fd_sc_hd__nand3_2)
   0.071    4.044 v _6161_/Y (sky130_fd_sc_hd__o31ai_2)
   0.158    4.202 v place813/X (sky130_fd_sc_hd__buf_4)
   0.203    4.404 ^ _6165_/Y (sky130_fd_sc_hd__o31ai_1)
   0.213    4.617 ^ place807/X (sky130_fd_sc_hd__buf_4)
   0.141    4.758 ^ place806/X (sky130_fd_sc_hd__buf_4)
   0.058    4.816 v _6543_/Y (sky130_fd_sc_hd__xnor2_1)
   0.366    5.182 ^ _6546_/Y (sky130_fd_sc_hd__a21oi_1)
   0.147    5.329 v _6561_/Y (sky130_fd_sc_hd__o22ai_1)
   0.167    5.497 v place796/X (sky130_fd_sc_hd__buf_4)
   0.408    5.904 v output106/X (sky130_fd_sc_hd__clkdlybuf4s50_1)
   0.000    5.904 v aluout[17] (out)
            5.904   data arrival time

   7.000    7.000   clock vclk_clk (rise edge)
   0.775    7.775   clock network delay (ideal)
   0.000    7.775   clock reconvergence pessimism
  -1.400    6.375   output external delay
            6.375   data required time
-----------------------------------------------------------
            6.375   data required time
           -5.904   data arrival time
-----------------------------------------------------------
            0.471   slack (MET)


Startpoint: dp.rf.rf[11][0]$_DFFE_PP_
            (rising edge-triggered flip-flop clocked by clk)
Endpoint: aluout[26] (output port clocked by vclk_clk)
Path Group: vclk_clk
Path Type: max

   Delay     Time   Description
-----------------------------------------------------------
   0.000    0.000   clock clk (rise edge)
   0.775    0.775   clock network delay (ideal)
   0.000    0.775 ^ dp.rf.rf[11][0]$_DFFE_PP_/CLK (sky130_fd_sc_hd__edfxtp_1)
   0.362    1.137 v dp.rf.rf[11][0]$_DFFE_PP_/Q (sky130_fd_sc_hd__edfxtp_1)
   0.486    1.623 v _4369_/X (sky130_fd_sc_hd__mux4_2)
   0.178    1.801 ^ _4371_/Y (sky130_fd_sc_hd__mux2i_1)
   0.176    1.977 v _4372_/Y (sky130_fd_sc_hd__o221ai_1)
   0.204    2.181 ^ _6038_/Y (sky130_fd_sc_hd__nand3_2)
   0.108    2.289 v _6039_/Y (sky130_fd_sc_hd__o31ai_4)
   0.226    2.515 ^ _7513_/Y (sky130_fd_sc_hd__xnor2_2)
   0.065    2.580 v _7514_/Y (sky130_fd_sc_hd__inv_2)
   0.366    2.945 v _7641_/COUT (sky130_fd_sc_hd__fa_2)
   0.375    3.321 v _7640_/COUT (sky130_fd_sc_hd__fa_2)
   0.189    3.510 v _5928_/X (sky130_fd_sc_hd__a21o_1)
   0.187    3.698 ^ _5929_/Y (sky130_fd_sc_hd__a21oi_2)
   0.084    3.781 v _5931_/Y (sky130_fd_sc_hd__o21ai_2)
   0.242    4.023 ^ _5935_/Y (sky130_fd_sc_hd__a311oi_2)
   0.215    4.239 ^ place822/X (sky130_fd_sc_hd__buf_4)
   0.177    4.416 v _5954_/Y (sky130_fd_sc_hd__o2111ai_4)
   0.145    4.561 ^ _5958_/Y (sky130_fd_sc_hd__nand2_2)
   0.072    4.633 v _5963_/Y (sky130_fd_sc_hd__o21ai_2)
   0.211    4.845 ^ _5967_/Y (sky130_fd_sc_hd__o41ai_2)
   0.177    5.022 ^ place798/X (sky130_fd_sc_hd__buf_4)
   0.134    5.156 ^ _6250_/X (sky130_fd_sc_hd__o21ba_2)
   0.107    5.263 ^ place793/X (sky130_fd_sc_hd__buf_4)
   0.101    5.364 ^ _6348_/Y (sky130_fd_sc_hd__xnor2_1)
   0.089    5.453 v _6351_/Y (sky130_fd_sc_hd__a21oi_1)
   0.151    5.604 ^ _6353_/Y (sky130_fd_sc_hd__o2bb2ai_1)
   0.172    5.776 ^ place767/X (sky130_fd_sc_hd__buf_4)
   0.105    5.881 ^ output116/X (sky130_fd_sc_hd__dlymetal6s2s_1)
   0.000    5.881 ^ aluout[26] (out)
            5.881   data arrival time

   7.000    7.000   clock vclk_clk (rise edge)
   0.775    7.775   clock network delay (ideal)
   0.000    7.775   clock reconvergence pessimism
  -1.400    6.375   output external delay
            6.375   data required time
-----------------------------------------------------------
            6.375   data required time
           -5.881   data arrival time
-----------------------------------------------------------
            0.494   slack (MET)


Startpoint: dp.rf.rf[3][1]$_DFFE_PP_
            (rising edge-triggered flip-flop clocked by clk)
Endpoint: aluout[1] (output port clocked by vclk_clk)
Path Group: vclk_clk
Path Type: max

   Delay     Time   Description
-----------------------------------------------------------
   0.000    0.000   clock clk (rise edge)
   0.775    0.775   clock network delay (ideal)
   0.000    0.775 ^ dp.rf.rf[3][1]$_DFFE_PP_/CLK (sky130_fd_sc_hd__edfxtp_1)
   0.367    1.142 v dp.rf.rf[3][1]$_DFFE_PP_/Q (sky130_fd_sc_hd__edfxtp_1)
   0.474    1.617 v _4417_/X (sky130_fd_sc_hd__mux4_2)
   0.164    1.781 ^ _4418_/Y (sky130_fd_sc_hd__mux2i_1)
   0.137    1.918 v _4419_/Y (sky130_fd_sc_hd__o22ai_1)
   0.290    2.207 v _4427_/X (sky130_fd_sc_hd__o21a_1)
   0.176    2.383 v _6022_/Y (sky130_fd_sc_hd__nand2b_1)
   0.228    2.612 v place1008/X (sky130_fd_sc_hd__buf_4)
   0.434    3.046 ^ _6078_/Y (sky130_fd_sc_hd__nand2_2)
   0.290    3.336 ^ place949/X (sky130_fd_sc_hd__buf_4)
   0.266    3.603 ^ _6462_/Y (sky130_fd_sc_hd__mux2i_1)
   0.151    3.754 v _6463_/Y (sky130_fd_sc_hd__mux2i_1)
   0.309    4.063 ^ _6553_/Y (sky130_fd_sc_hd__mux2i_1)
   0.124    4.186 v _6554_/Y (sky130_fd_sc_hd__mux2i_1)
   0.377    4.563 ^ _6557_/Y (sky130_fd_sc_hd__o22ai_1)
   0.284    4.847 v _6827_/Y (sky130_fd_sc_hd__a21oi_1)
   0.425    5.272 ^ _6830_/Y (sky130_fd_sc_hd__o22ai_1)
   0.578    5.850 ^ output109/X (sky130_fd_sc_hd__clkdlybuf4s50_1)
   0.000    5.850 ^ aluout[1] (out)
            5.850   data arrival time

   7.000    7.000   clock vclk_clk (rise edge)
   0.775    7.775   clock network delay (ideal)
   0.000    7.775   clock reconvergence pessimism
  -1.400    6.375   output external delay
            6.375   data required time
-----------------------------------------------------------
            6.375   data required time
           -5.850   data arrival time
-----------------------------------------------------------
            0.525   slack (MET)


Startpoint: dp.rf.rf[11][0]$_DFFE_PP_
            (rising edge-triggered flip-flop clocked by clk)
Endpoint: aluout[18] (output port clocked by vclk_clk)
Path Group: vclk_clk
Path Type: max

   Delay     Time   Description
-----------------------------------------------------------
   0.000    0.000   clock clk (rise edge)
   0.775    0.775   clock network delay (ideal)
   0.000    0.775 ^ dp.rf.rf[11][0]$_DFFE_PP_/CLK (sky130_fd_sc_hd__edfxtp_1)
   0.362    1.137 v dp.rf.rf[11][0]$_DFFE_PP_/Q (sky130_fd_sc_hd__edfxtp_1)
   0.486    1.623 v _4369_/X (sky130_fd_sc_hd__mux4_2)
   0.178    1.801 ^ _4371_/Y (sky130_fd_sc_hd__mux2i_1)
   0.176    1.977 v _4372_/Y (sky130_fd_sc_hd__o221ai_1)
   0.204    2.181 ^ _6038_/Y (sky130_fd_sc_hd__nand3_2)
   0.108    2.289 v _6039_/Y (sky130_fd_sc_hd__o31ai_4)
   0.226    2.515 ^ _7513_/Y (sky130_fd_sc_hd__xnor2_2)
   0.065    2.580 v _7514_/Y (sky130_fd_sc_hd__inv_2)
   0.366    2.945 v _7641_/COUT (sky130_fd_sc_hd__fa_2)
   0.375    3.321 v _7640_/COUT (sky130_fd_sc_hd__fa_2)
   0.189    3.510 v _5928_/X (sky130_fd_sc_hd__a21o_1)
   0.187    3.698 ^ _5929_/Y (sky130_fd_sc_hd__a21oi_2)
   0.084    3.781 v _5931_/Y (sky130_fd_sc_hd__o21ai_2)
   0.242    4.023 ^ _5935_/Y (sky130_fd_sc_hd__a311oi_2)
   0.215    4.239 ^ place822/X (sky130_fd_sc_hd__buf_4)
   0.129    4.367 ^ rebuffer1248/X (sky130_fd_sc_hd__buf_4)
   0.146    4.514 v _6535_/Y (sky130_fd_sc_hd__o211ai_1)
   0.228    4.742 ^ _6536_/Y (sky130_fd_sc_hd__a21oi_1)
   0.138    4.880 ^ _6537_/Y (sky130_fd_sc_hd__xnor2_1)
   0.090    4.969 v _6541_/Y (sky130_fd_sc_hd__a21oi_1)
   0.226    5.195 ^ _6542_/Y (sky130_fd_sc_hd__o2bb2ai_1)
   0.636    5.831 ^ output107/X (sky130_fd_sc_hd__clkdlybuf4s50_1)
   0.003    5.834 ^ aluout[18] (out)
            5.834   data arrival time

   7.000    7.000   clock vclk_clk (rise edge)
   0.775    7.775   clock network delay (ideal)
   0.000    7.775   clock reconvergence pessimism
  -1.400    6.375   output external delay
            6.375   data required time
-----------------------------------------------------------
            6.375   data required time
           -5.834   data arrival time
-----------------------------------------------------------
            0.541   slack (MET)


Startpoint: dp.rf.rf[3][1]$_DFFE_PP_
            (rising edge-triggered flip-flop clocked by clk)
Endpoint: aluout[5] (output port clocked by vclk_clk)
Path Group: vclk_clk
Path Type: max

   Delay     Time   Description
-----------------------------------------------------------
   0.000    0.000   clock clk (rise edge)
   0.775    0.775   clock network delay (ideal)
   0.000    0.775 ^ dp.rf.rf[3][1]$_DFFE_PP_/CLK (sky130_fd_sc_hd__edfxtp_1)
   0.367    1.142 v dp.rf.rf[3][1]$_DFFE_PP_/Q (sky130_fd_sc_hd__edfxtp_1)
   0.474    1.617 v _4417_/X (sky130_fd_sc_hd__mux4_2)
   0.164    1.781 ^ _4418_/Y (sky130_fd_sc_hd__mux2i_1)
   0.137    1.918 v _4419_/Y (sky130_fd_sc_hd__o22ai_1)
   0.290    2.207 v _4427_/X (sky130_fd_sc_hd__o21a_1)
   0.176    2.383 v _6022_/Y (sky130_fd_sc_hd__nand2b_1)
   0.228    2.612 v place1008/X (sky130_fd_sc_hd__buf_4)
   0.434    3.046 ^ _6078_/Y (sky130_fd_sc_hd__nand2_2)
   0.290    3.336 ^ place949/X (sky130_fd_sc_hd__buf_4)
   0.266    3.603 ^ _6462_/Y (sky130_fd_sc_hd__mux2i_1)
   0.151    3.754 v _6463_/Y (sky130_fd_sc_hd__mux2i_1)
   0.367    4.120 ^ _6464_/Y (sky130_fd_sc_hd__mux2i_1)
   0.248    4.368 ^ _6465_/X (sky130_fd_sc_hd__o211a_1)
   0.112    4.480 v _6763_/Y (sky130_fd_sc_hd__o31ai_1)
   0.528    5.008 ^ _6764_/Y (sky130_fd_sc_hd__a21oi_1)
   0.317    5.325 ^ _6771_/X (sky130_fd_sc_hd__o22a_1)
   0.489    5.813 ^ output125/X (sky130_fd_sc_hd__clkdlybuf4s50_1)
   0.000    5.813 ^ aluout[5] (out)
            5.813   data arrival time

   7.000    7.000   clock vclk_clk (rise edge)
   0.775    7.775   clock network delay (ideal)
   0.000    7.775   clock reconvergence pessimism
  -1.400    6.375   output external delay
            6.375   data required time
-----------------------------------------------------------
            6.375   data required time
           -5.813   data arrival time
-----------------------------------------------------------
            0.562   slack (MET)


Startpoint: dp.rf.rf[3][1]$_DFFE_PP_
            (rising edge-triggered flip-flop clocked by clk)
Endpoint: aluout[11] (output port clocked by vclk_clk)
Path Group: vclk_clk
Path Type: max

   Delay     Time   Description
-----------------------------------------------------------
   0.000    0.000   clock clk (rise edge)
   0.775    0.775   clock network delay (ideal)
   0.000    0.775 ^ dp.rf.rf[3][1]$_DFFE_PP_/CLK (sky130_fd_sc_hd__edfxtp_1)
   0.367    1.142 v dp.rf.rf[3][1]$_DFFE_PP_/Q (sky130_fd_sc_hd__edfxtp_1)
   0.474    1.617 v _4417_/X (sky130_fd_sc_hd__mux4_2)
   0.164    1.781 ^ _4418_/Y (sky130_fd_sc_hd__mux2i_1)
   0.137    1.918 v _4419_/Y (sky130_fd_sc_hd__o22ai_1)
   0.290    2.207 v _4427_/X (sky130_fd_sc_hd__o21a_1)
   0.176    2.383 v _6022_/Y (sky130_fd_sc_hd__nand2b_1)
   0.228    2.612 v place1008/X (sky130_fd_sc_hd__buf_4)
   0.434    3.046 ^ _6078_/Y (sky130_fd_sc_hd__nand2_2)
   0.193    3.239 v _6284_/Y (sky130_fd_sc_hd__mux2i_1)
   0.508    3.747 ^ _6301_/Y (sky130_fd_sc_hd__mux2i_1)
   0.258    4.005 v _6302_/Y (sky130_fd_sc_hd__mux2i_1)
   0.452    4.457 ^ _6305_/Y (sky130_fd_sc_hd__a21oi_1)
   0.312    4.769 v _6671_/Y (sky130_fd_sc_hd__o22ai_1)
   0.316    5.086 v _6672_/X (sky130_fd_sc_hd__o221a_2)
   0.309    5.395 v _6673_/X (sky130_fd_sc_hd__or2_2)
   0.408    5.803 v output100/X (sky130_fd_sc_hd__clkdlybuf4s50_1)
   0.000    5.803 v aluout[11] (out)
            5.803   data arrival time

   7.000    7.000   clock vclk_clk (rise edge)
   0.775    7.775   clock network delay (ideal)
   0.000    7.775   clock reconvergence pessimism
  -1.400    6.375   output external delay
            6.375   data required time
-----------------------------------------------------------
            6.375   data required time
           -5.803   data arrival time
-----------------------------------------------------------
            0.572   slack (MET)


Startpoint: dp.rf.rf[11][2]$_DFFE_PP_
            (rising edge-triggered flip-flop clocked by clk)
Endpoint: aluout[9] (output port clocked by vclk_clk)
Path Group: vclk_clk
Path Type: max

   Delay     Time   Description
-----------------------------------------------------------
   0.000    0.000   clock clk (rise edge)
   0.775    0.775   clock network delay (ideal)
   0.000    0.775 ^ dp.rf.rf[11][2]$_DFFE_PP_/CLK (sky130_fd_sc_hd__edfxtp_1)
   0.357    1.132 v dp.rf.rf[11][2]$_DFFE_PP_/Q (sky130_fd_sc_hd__edfxtp_1)
   0.512    1.644 v _4270_/X (sky130_fd_sc_hd__mux4_2)
   0.494    2.139 v _4274_/X (sky130_fd_sc_hd__mux4_2)
   0.166    2.305 ^ _4281_/Y (sky130_fd_sc_hd__a22oi_2)
   0.163    2.468 ^ place1090/X (sky130_fd_sc_hd__buf_4)
   0.065    2.533 v _6016_/Y (sky130_fd_sc_hd__nand2_1)
   0.198    2.730 v _6084_/X (sky130_fd_sc_hd__o21a_1)
   0.152    2.882 v _7511_/Y (sky130_fd_sc_hd__xnor2_2)
   0.329    3.211 v _7714_/SUM (sky130_fd_sc_hd__ha_1)
   0.155    3.367 v place874/X (sky130_fd_sc_hd__buf_4)
   0.194    3.561 ^ _6151_/Y (sky130_fd_sc_hd__a21oi_2)
   0.105    3.666 v _6152_/Y (sky130_fd_sc_hd__o21bai_2)
   0.182    3.848 v _6699_/X (sky130_fd_sc_hd__and2_1)
   0.509    4.357 ^ _6700_/Y (sky130_fd_sc_hd__o41ai_1)
   0.222    4.579 v _6702_/Y (sky130_fd_sc_hd__o21ai_0)
   0.164    4.743 ^ _6703_/X (sky130_fd_sc_hd__xor2_1)
   0.161    4.903 v _6706_/Y (sky130_fd_sc_hd__a21oi_1)
   0.357    5.261 ^ _6707_/Y (sky130_fd_sc_hd__o2bb2ai_1)
   0.525    5.785 ^ output129/X (sky130_fd_sc_hd__clkdlybuf4s50_1)
   0.000    5.785 ^ aluout[9] (out)
            5.785   data arrival time

   7.000    7.000   clock vclk_clk (rise edge)
   0.775    7.775   clock network delay (ideal)
   0.000    7.775   clock reconvergence pessimism
  -1.400    6.375   output external delay
            6.375   data required time
-----------------------------------------------------------
            6.375   data required time
           -5.785   data arrival time
-----------------------------------------------------------
            0.590   slack (MET)


Startpoint: dp.rf.rf[11][2]$_DFFE_PP_
            (rising edge-triggered flip-flop clocked by clk)
Endpoint: aluout[21] (output port clocked by vclk_clk)
Path Group: vclk_clk
Path Type: max

   Delay     Time   Description
-----------------------------------------------------------
   0.000    0.000   clock clk (rise edge)
   0.775    0.775   clock network delay (ideal)
   0.000    0.775 ^ dp.rf.rf[11][2]$_DFFE_PP_/CLK (sky130_fd_sc_hd__edfxtp_1)
   0.357    1.132 v dp.rf.rf[11][2]$_DFFE_PP_/Q (sky130_fd_sc_hd__edfxtp_1)
   0.512    1.644 v _4270_/X (sky130_fd_sc_hd__mux4_2)
   0.494    2.139 v _4274_/X (sky130_fd_sc_hd__mux4_2)
   0.166    2.305 ^ _4281_/Y (sky130_fd_sc_hd__a22oi_2)
   0.163    2.468 ^ place1090/X (sky130_fd_sc_hd__buf_4)
   0.065    2.533 v _6016_/Y (sky130_fd_sc_hd__nand2_1)
   0.198    2.730 v _6084_/X (sky130_fd_sc_hd__o21a_1)
   0.152    2.882 v _7511_/Y (sky130_fd_sc_hd__xnor2_2)
   0.329    3.211 v _7714_/SUM (sky130_fd_sc_hd__ha_1)
   0.155    3.367 v place874/X (sky130_fd_sc_hd__buf_4)
   0.194    3.561 ^ _6151_/Y (sky130_fd_sc_hd__a21oi_2)
   0.105    3.666 v _6152_/Y (sky130_fd_sc_hd__o21bai_2)
   0.178    3.844 v _6154_/X (sky130_fd_sc_hd__a21o_1)
   0.129    3.973 ^ _6157_/Y (sky130_fd_sc_hd__nand3_2)
   0.071    4.044 v _6161_/Y (sky130_fd_sc_hd__o31ai_2)
   0.158    4.202 v place813/X (sky130_fd_sc_hd__buf_4)
   0.203    4.404 ^ _6165_/Y (sky130_fd_sc_hd__o31ai_1)
   0.213    4.617 ^ place807/X (sky130_fd_sc_hd__buf_4)
   0.141    4.758 ^ place806/X (sky130_fd_sc_hd__buf_4)
   0.105    4.863 v _6471_/Y (sky130_fd_sc_hd__o211ai_1)
   0.133    4.996 ^ _6472_/Y (sky130_fd_sc_hd__nor2_1)
   0.132    5.128 ^ _6473_/Y (sky130_fd_sc_hd__xnor2_1)
   0.131    5.259 v _6476_/Y (sky130_fd_sc_hd__a21oi_1)
   0.263    5.522 ^ _6477_/Y (sky130_fd_sc_hd__o2bb2ai_2)
   0.243    5.766 ^ output111/X (sky130_fd_sc_hd__dlymetal6s2s_1)
   0.002    5.768 ^ aluout[21] (out)
            5.768   data arrival time

   7.000    7.000   clock vclk_clk (rise edge)
   0.775    7.775   clock network delay (ideal)
   0.000    7.775   clock reconvergence pessimism
  -1.400    6.375   output external delay
            6.375   data required time
-----------------------------------------------------------
            6.375   data required time
           -5.768   data arrival time
-----------------------------------------------------------
            0.607   slack (MET)


Startpoint: dp.rf.rf[3][1]$_DFFE_PP_
            (rising edge-triggered flip-flop clocked by clk)
Endpoint: aluout[2] (output port clocked by vclk_clk)
Path Group: vclk_clk
Path Type: max

   Delay     Time   Description
-----------------------------------------------------------
   0.000    0.000   clock clk (rise edge)
   0.775    0.775   clock network delay (ideal)
   0.000    0.775 ^ dp.rf.rf[3][1]$_DFFE_PP_/CLK (sky130_fd_sc_hd__edfxtp_1)
   0.367    1.142 v dp.rf.rf[3][1]$_DFFE_PP_/Q (sky130_fd_sc_hd__edfxtp_1)
   0.474    1.617 v _4417_/X (sky130_fd_sc_hd__mux4_2)
   0.164    1.781 ^ _4418_/Y (sky130_fd_sc_hd__mux2i_1)
   0.137    1.918 v _4419_/Y (sky130_fd_sc_hd__o22ai_1)
   0.290    2.207 v _4427_/X (sky130_fd_sc_hd__o21a_1)
   0.176    2.383 v _6022_/Y (sky130_fd_sc_hd__nand2b_1)
   0.228    2.612 v place1008/X (sky130_fd_sc_hd__buf_4)
   0.434    3.046 ^ _6078_/Y (sky130_fd_sc_hd__nand2_2)
   0.290    3.336 ^ place949/X (sky130_fd_sc_hd__buf_4)
   0.287    3.624 ^ _6426_/Y (sky130_fd_sc_hd__mux2i_1)
   0.161    3.785 v _6442_/Y (sky130_fd_sc_hd__mux2i_1)
   0.302    4.087 ^ _6529_/Y (sky130_fd_sc_hd__mux2i_1)
   0.221    4.309 ^ _6530_/X (sky130_fd_sc_hd__mux2_2)
   0.118    4.426 v _6531_/Y (sky130_fd_sc_hd__nand2_1)
   0.506    4.932 ^ _6809_/Y (sky130_fd_sc_hd__a22oi_1)
   0.342    5.273 ^ _6815_/X (sky130_fd_sc_hd__o221a_2)
   0.481    5.754 ^ output120/X (sky130_fd_sc_hd__clkdlybuf4s50_1)
   0.000    5.754 ^ aluout[2] (out)
            5.754   data arrival time

   7.000    7.000   clock vclk_clk (rise edge)
   0.775    7.775   clock network delay (ideal)
   0.000    7.775   clock reconvergence pessimism
  -1.400    6.375   output external delay
            6.375   data required time
-----------------------------------------------------------
            6.375   data required time
           -5.754   data arrival time
-----------------------------------------------------------
            0.621   slack (MET)


Startpoint: dp.rf.rf[11][0]$_DFFE_PP_
            (rising edge-triggered flip-flop clocked by clk)
Endpoint: aluout[8] (output port clocked by vclk_clk)
Path Group: vclk_clk
Path Type: max

   Delay     Time   Description
-----------------------------------------------------------
   0.000    0.000   clock clk (rise edge)
   0.775    0.775   clock network delay (ideal)
   0.000    0.775 ^ dp.rf.rf[11][0]$_DFFE_PP_/CLK (sky130_fd_sc_hd__edfxtp_1)
   0.362    1.137 v dp.rf.rf[11][0]$_DFFE_PP_/Q (sky130_fd_sc_hd__edfxtp_1)
   0.486    1.623 v _4369_/X (sky130_fd_sc_hd__mux4_2)
   0.178    1.801 ^ _4371_/Y (sky130_fd_sc_hd__mux2i_1)
   0.176    1.977 v _4372_/Y (sky130_fd_sc_hd__o221ai_1)
   0.204    2.181 ^ _6038_/Y (sky130_fd_sc_hd__nand3_2)
   0.108    2.289 v _6039_/Y (sky130_fd_sc_hd__o31ai_4)
   0.226    2.515 ^ _7513_/Y (sky130_fd_sc_hd__xnor2_2)
   0.065    2.580 v _7514_/Y (sky130_fd_sc_hd__inv_2)
   0.366    2.945 v _7641_/COUT (sky130_fd_sc_hd__fa_2)
   0.375    3.321 v _7640_/COUT (sky130_fd_sc_hd__fa_2)
   0.189    3.510 v _5928_/X (sky130_fd_sc_hd__a21o_1)
   0.187    3.698 ^ _5929_/Y (sky130_fd_sc_hd__a21oi_2)
   0.084    3.781 v _5931_/Y (sky130_fd_sc_hd__o21ai_2)
   0.138    3.919 v rebuffer1242/X (sky130_fd_sc_hd__buf_4)
   0.126    4.045 v place825/X (sky130_fd_sc_hd__buf_4)
   0.195    4.240 ^ _6578_/Y (sky130_fd_sc_hd__a31oi_2)
   0.141    4.381 ^ place820/X (sky130_fd_sc_hd__buf_4)
   0.049    4.431 v _6718_/X (sky130_fd_sc_hd__xor2_1)
   0.149    4.580 ^ _6719_/Y (sky130_fd_sc_hd__o22ai_1)
   0.068    4.648 v _6720_/Y (sky130_fd_sc_hd__a21oi_1)
   0.285    4.933 ^ _6723_/Y (sky130_fd_sc_hd__o22ai_1)
   0.109    5.043 v _6724_/Y (sky130_fd_sc_hd__nor2_1)
   0.195    5.238 ^ _6725_/Y (sky130_fd_sc_hd__a21oi_1)
   0.501    5.739 ^ output128/X (sky130_fd_sc_hd__clkdlybuf4s50_1)
   0.000    5.739 ^ aluout[8] (out)
            5.739   data arrival time

   7.000    7.000   clock vclk_clk (rise edge)
   0.775    7.775   clock network delay (ideal)
   0.000    7.775   clock reconvergence pessimism
  -1.400    6.375   output external delay
            6.375   data required time
-----------------------------------------------------------
            6.375   data required time
           -5.739   data arrival time
-----------------------------------------------------------
            0.636   slack (MET)


Startpoint: dp.rf.rf[3][1]$_DFFE_PP_
            (rising edge-triggered flip-flop clocked by clk)
Endpoint: aluout[7] (output port clocked by vclk_clk)
Path Group: vclk_clk
Path Type: max

   Delay     Time   Description
-----------------------------------------------------------
   0.000    0.000   clock clk (rise edge)
   0.775    0.775   clock network delay (ideal)
   0.000    0.775 ^ dp.rf.rf[3][1]$_DFFE_PP_/CLK (sky130_fd_sc_hd__edfxtp_1)
   0.367    1.142 v dp.rf.rf[3][1]$_DFFE_PP_/Q (sky130_fd_sc_hd__edfxtp_1)
   0.474    1.617 v _4417_/X (sky130_fd_sc_hd__mux4_2)
   0.164    1.781 ^ _4418_/Y (sky130_fd_sc_hd__mux2i_1)
   0.137    1.918 v _4419_/Y (sky130_fd_sc_hd__o22ai_1)
   0.290    2.207 v _4427_/X (sky130_fd_sc_hd__o21a_1)
   0.176    2.383 v _6022_/Y (sky130_fd_sc_hd__nand2b_1)
   0.228    2.612 v place1008/X (sky130_fd_sc_hd__buf_4)
   0.434    3.046 ^ _6078_/Y (sky130_fd_sc_hd__nand2_2)
   0.290    3.336 ^ place949/X (sky130_fd_sc_hd__buf_4)
   0.123    3.459 v _6426_/Y (sky130_fd_sc_hd__mux2i_1)
   0.293    3.753 v _6427_/X (sky130_fd_sc_hd__mux2_2)
   0.199    3.952 ^ _6428_/Y (sky130_fd_sc_hd__mux2i_1)
   0.065    4.017 v _6429_/Y (sky130_fd_sc_hd__nor2_1)
   0.448    4.464 ^ _6430_/Y (sky130_fd_sc_hd__o22ai_1)
   0.105    4.570 v _6737_/Y (sky130_fd_sc_hd__nand2_1)
   0.270    4.840 ^ _6738_/Y (sky130_fd_sc_hd__o211ai_1)
   0.340    5.179 v _6739_/Y (sky130_fd_sc_hd__o221ai_1)
   0.505    5.684 v output127/X (sky130_fd_sc_hd__clkdlybuf4s50_1)
   0.000    5.685 v aluout[7] (out)
            5.685   data arrival time

   7.000    7.000   clock vclk_clk (rise edge)
   0.775    7.775   clock network delay (ideal)
   0.000    7.775   clock reconvergence pessimism
  -1.400    6.375   output external delay
            6.375   data required time
-----------------------------------------------------------
            6.375   data required time
           -5.685   data arrival time
-----------------------------------------------------------
            0.690   slack (MET)


Startpoint: dp.rf.rf[3][1]$_DFFE_PP_
            (rising edge-triggered flip-flop clocked by clk)
Endpoint: aluout[3] (output port clocked by vclk_clk)
Path Group: vclk_clk
Path Type: max

   Delay     Time   Description
-----------------------------------------------------------
   0.000    0.000   clock clk (rise edge)
   0.775    0.775   clock network delay (ideal)
   0.000    0.775 ^ dp.rf.rf[3][1]$_DFFE_PP_/CLK (sky130_fd_sc_hd__edfxtp_1)
   0.367    1.142 v dp.rf.rf[3][1]$_DFFE_PP_/Q (sky130_fd_sc_hd__edfxtp_1)
   0.474    1.617 v _4417_/X (sky130_fd_sc_hd__mux4_2)
   0.164    1.781 ^ _4418_/Y (sky130_fd_sc_hd__mux2i_1)
   0.137    1.918 v _4419_/Y (sky130_fd_sc_hd__o22ai_1)
   0.290    2.207 v _4427_/X (sky130_fd_sc_hd__o21a_1)
   0.176    2.383 v _6022_/Y (sky130_fd_sc_hd__nand2b_1)
   0.228    2.612 v place1008/X (sky130_fd_sc_hd__buf_4)
   0.434    3.046 ^ _6078_/Y (sky130_fd_sc_hd__nand2_2)
   0.290    3.336 ^ place949/X (sky130_fd_sc_hd__buf_4)
   0.259    3.595 ^ _6478_/Y (sky130_fd_sc_hd__mux2i_1)
   0.160    3.755 v _6516_/Y (sky130_fd_sc_hd__mux2i_1)
   0.370    4.125 ^ _6517_/Y (sky130_fd_sc_hd__mux2i_1)
   0.095    4.220 v _6518_/Y (sky130_fd_sc_hd__nand2_1)
   0.184    4.404 ^ _6519_/Y (sky130_fd_sc_hd__o31ai_1)
   0.347    4.750 v _6798_/Y (sky130_fd_sc_hd__o22ai_1)
   0.172    4.922 ^ _6799_/Y (sky130_fd_sc_hd__nor2_1)
   0.208    5.130 ^ _6800_/X (sky130_fd_sc_hd__o22a_1)
   0.486    5.616 ^ output123/X (sky130_fd_sc_hd__clkdlybuf4s50_1)
   0.000    5.616 ^ aluout[3] (out)
            5.616   data arrival time

   7.000    7.000   clock vclk_clk (rise edge)
   0.775    7.775   clock network delay (ideal)
   0.000    7.775   clock reconvergence pessimism
  -1.400    6.375   output external delay
            6.375   data required time
-----------------------------------------------------------
            6.375   data required time
           -5.616   data arrival time
-----------------------------------------------------------
            0.759   slack (MET)


Startpoint: dp.rf.rf[11][0]$_DFFE_PP_
            (rising edge-triggered flip-flop clocked by clk)
Endpoint: aluout[6] (output port clocked by vclk_clk)
Path Group: vclk_clk
Path Type: max

   Delay     Time   Description
-----------------------------------------------------------
   0.000    0.000   clock clk (rise edge)
   0.775    0.775   clock network delay (ideal)
   0.000    0.775 ^ dp.rf.rf[11][0]$_DFFE_PP_/CLK (sky130_fd_sc_hd__edfxtp_1)
   0.362    1.137 v dp.rf.rf[11][0]$_DFFE_PP_/Q (sky130_fd_sc_hd__edfxtp_1)
   0.486    1.623 v _4369_/X (sky130_fd_sc_hd__mux4_2)
   0.178    1.801 ^ _4371_/Y (sky130_fd_sc_hd__mux2i_1)
   0.176    1.977 v _4372_/Y (sky130_fd_sc_hd__o221ai_1)
   0.204    2.181 ^ _6038_/Y (sky130_fd_sc_hd__nand3_2)
   0.108    2.289 v _6039_/Y (sky130_fd_sc_hd__o31ai_4)
   0.226    2.515 ^ _7513_/Y (sky130_fd_sc_hd__xnor2_2)
   0.065    2.580 v _7514_/Y (sky130_fd_sc_hd__inv_2)
   0.366    2.945 v _7641_/COUT (sky130_fd_sc_hd__fa_2)
   0.375    3.321 v _7640_/COUT (sky130_fd_sc_hd__fa_2)
   0.189    3.510 v _5928_/X (sky130_fd_sc_hd__a21o_1)
   0.187    3.698 ^ _5929_/Y (sky130_fd_sc_hd__a21oi_2)
   0.143    3.840 ^ place827/X (sky130_fd_sc_hd__buf_4)
   0.072    3.913 v _6741_/Y (sky130_fd_sc_hd__o21bai_1)
   0.191    4.104 ^ _6742_/Y (sky130_fd_sc_hd__a21oi_1)
   0.093    4.197 v _6743_/Y (sky130_fd_sc_hd__xnor2_1)
   0.064    4.261 ^ _6744_/Y (sky130_fd_sc_hd__nand2_1)
   0.365    4.627 v _6745_/Y (sky130_fd_sc_hd__o221ai_1)
   0.551    5.177 v _6756_/X (sky130_fd_sc_hd__a221o_1)
   0.437    5.614 v output126/X (sky130_fd_sc_hd__clkdlybuf4s50_1)
   0.000    5.614 v aluout[6] (out)
            5.614   data arrival time

   7.000    7.000   clock vclk_clk (rise edge)
   0.775    7.775   clock network delay (ideal)
   0.000    7.775   clock reconvergence pessimism
  -1.400    6.375   output external delay
            6.375   data required time
-----------------------------------------------------------
            6.375   data required time
           -5.614   data arrival time
-----------------------------------------------------------
            0.761   slack (MET)


Startpoint: dp.rf.rf[3][1]$_DFFE_PP_
            (rising edge-triggered flip-flop clocked by clk)
Endpoint: aluout[15] (output port clocked by vclk_clk)
Path Group: vclk_clk
Path Type: max

   Delay     Time   Description
-----------------------------------------------------------
   0.000    0.000   clock clk (rise edge)
   0.775    0.775   clock network delay (ideal)
   0.000    0.775 ^ dp.rf.rf[3][1]$_DFFE_PP_/CLK (sky130_fd_sc_hd__edfxtp_1)
   0.367    1.142 v dp.rf.rf[3][1]$_DFFE_PP_/Q (sky130_fd_sc_hd__edfxtp_1)
   0.474    1.617 v _4417_/X (sky130_fd_sc_hd__mux4_2)
   0.164    1.781 ^ _4418_/Y (sky130_fd_sc_hd__mux2i_1)
   0.137    1.918 v _4419_/Y (sky130_fd_sc_hd__o22ai_1)
   0.290    2.207 v _4427_/X (sky130_fd_sc_hd__o21a_1)
   0.176    2.383 v _6022_/Y (sky130_fd_sc_hd__nand2b_1)
   0.228    2.612 v place1008/X (sky130_fd_sc_hd__buf_4)
   0.434    3.046 ^ _6078_/Y (sky130_fd_sc_hd__nand2_2)
   0.193    3.239 v _6284_/Y (sky130_fd_sc_hd__mux2i_1)
   0.508    3.747 ^ _6301_/Y (sky130_fd_sc_hd__mux2i_1)
   0.258    4.005 v _6302_/Y (sky130_fd_sc_hd__mux2i_1)
   0.213    4.218 v _6589_/X (sky130_fd_sc_hd__and2_0)
   0.409    4.627 ^ _6592_/Y (sky130_fd_sc_hd__o21ai_0)
   0.093    4.720 v _6598_/Y (sky130_fd_sc_hd__nand2_1)
   0.271    4.992 v _6601_/X (sky130_fd_sc_hd__a21o_1)
   0.225    5.217 v _6607_/X (sky130_fd_sc_hd__a21o_1)
   0.393    5.610 v output104/X (sky130_fd_sc_hd__clkdlybuf4s50_1)
   0.000    5.610 v aluout[15] (out)
            5.610   data arrival time

   7.000    7.000   clock vclk_clk (rise edge)
   0.775    7.775   clock network delay (ideal)
   0.000    7.775   clock reconvergence pessimism
  -1.400    6.375   output external delay
            6.375   data required time
-----------------------------------------------------------
            6.375   data required time
           -5.610   data arrival time
-----------------------------------------------------------
            0.765   slack (MET)


Startpoint: dp.rf.rf[11][2]$_DFFE_PP_
            (rising edge-triggered flip-flop clocked by clk)
Endpoint: aluout[13] (output port clocked by vclk_clk)
Path Group: vclk_clk
Path Type: max

   Delay     Time   Description
-----------------------------------------------------------
   0.000    0.000   clock clk (rise edge)
   0.775    0.775   clock network delay (ideal)
   0.000    0.775 ^ dp.rf.rf[11][2]$_DFFE_PP_/CLK (sky130_fd_sc_hd__edfxtp_1)
   0.357    1.132 v dp.rf.rf[11][2]$_DFFE_PP_/Q (sky130_fd_sc_hd__edfxtp_1)
   0.512    1.644 v _4270_/X (sky130_fd_sc_hd__mux4_2)
   0.494    2.139 v _4274_/X (sky130_fd_sc_hd__mux4_2)
   0.166    2.305 ^ _4281_/Y (sky130_fd_sc_hd__a22oi_2)
   0.163    2.468 ^ place1090/X (sky130_fd_sc_hd__buf_4)
   0.065    2.533 v _6016_/Y (sky130_fd_sc_hd__nand2_1)
   0.198    2.730 v _6084_/X (sky130_fd_sc_hd__o21a_1)
   0.152    2.882 v _7511_/Y (sky130_fd_sc_hd__xnor2_2)
   0.329    3.211 v _7714_/SUM (sky130_fd_sc_hd__ha_1)
   0.155    3.367 v place874/X (sky130_fd_sc_hd__buf_4)
   0.194    3.561 ^ _6151_/Y (sky130_fd_sc_hd__a21oi_2)
   0.105    3.666 v _6152_/Y (sky130_fd_sc_hd__o21bai_2)
   0.178    3.844 v _6154_/X (sky130_fd_sc_hd__a21o_1)
   0.129    3.973 ^ _6157_/Y (sky130_fd_sc_hd__nand3_2)
   0.082    4.055 v _6638_/Y (sky130_fd_sc_hd__o21bai_1)
   0.167    4.222 ^ _6639_/Y (sky130_fd_sc_hd__a21oi_1)
   0.178    4.399 ^ _6640_/X (sky130_fd_sc_hd__xor2_1)
   0.051    4.450 v _6641_/Y (sky130_fd_sc_hd__nor2_1)
   0.348    4.798 ^ _6644_/Y (sky130_fd_sc_hd__o21ai_0)
   0.280    5.078 v _6645_/Y (sky130_fd_sc_hd__o211ai_1)
   0.482    5.560 v output102/X (sky130_fd_sc_hd__clkdlybuf4s50_1)
   0.000    5.560 v aluout[13] (out)
            5.560   data arrival time

   7.000    7.000   clock vclk_clk (rise edge)
   0.775    7.775   clock network delay (ideal)
   0.000    7.775   clock reconvergence pessimism
  -1.400    6.375   output external delay
            6.375   data required time
-----------------------------------------------------------
            6.375   data required time
           -5.560   data arrival time
-----------------------------------------------------------
            0.815   slack (MET)


Startpoint: dp.rf.rf[24][31]$_DFFE_PP_
            (rising edge-triggered flip-flop clocked by clk)
Endpoint: writedata[31] (output port clocked by vclk_clk)
Path Group: vclk_clk
Path Type: max

   Delay     Time   Description
-----------------------------------------------------------
   0.000    0.000   clock clk (rise edge)
   0.775    0.775   clock network delay (ideal)
   0.000    0.775 ^ dp.rf.rf[24][31]$_DFFE_PP_/CLK (sky130_fd_sc_hd__edfxtp_1)
   0.396    1.171 v dp.rf.rf[24][31]$_DFFE_PP_/Q (sky130_fd_sc_hd__edfxtp_1)
   0.481    1.652 v _4949_/X (sky130_fd_sc_hd__mux4_2)
   0.472    2.124 v _4953_/X (sky130_fd_sc_hd__mux4_2)
   0.478    2.602 ^ _4959_/Y (sky130_fd_sc_hd__a22oi_2)
   0.294    2.896 ^ place1088/X (sky130_fd_sc_hd__buf_4)
   0.096    2.992 v _7600_/Y (sky130_fd_sc_hd__nor2_1)
   0.429    3.421 v output189/X (sky130_fd_sc_hd__clkdlybuf4s50_1)
   0.000    3.421 v writedata[31] (out)
            3.421   data arrival time

   7.000    7.000   clock vclk_clk (rise edge)
   0.775    7.775   clock network delay (ideal)
   0.000    7.775   clock reconvergence pessimism
  -1.400    6.375   output external delay
            6.375   data required time
-----------------------------------------------------------
            6.375   data required time
           -3.421   data arrival time
-----------------------------------------------------------
            2.954   slack (MET)


Startpoint: dp.rf.rf[1][15]$_DFFE_PP_
            (rising edge-triggered flip-flop clocked by clk)
Endpoint: writedata[15] (output port clocked by vclk_clk)
Path Group: vclk_clk
Path Type: max

   Delay     Time   Description
-----------------------------------------------------------
   0.000    0.000   clock clk (rise edge)
   0.775    0.775   clock network delay (ideal)
   0.000    0.775 ^ dp.rf.rf[1][15]$_DFFE_PP_/CLK (sky130_fd_sc_hd__edfxtp_1)
   0.334    1.109 ^ dp.rf.rf[1][15]$_DFFE_PP_/Q (sky130_fd_sc_hd__edfxtp_1)
   0.094    1.203 v _4672_/Y (sky130_fd_sc_hd__mux2i_1)
   0.214    1.417 ^ _4681_/Y (sky130_fd_sc_hd__o21ai_0)
   0.061    1.478 v _4682_/Y (sky130_fd_sc_hd__nor2_1)
   0.145    1.624 ^ _4683_/Y (sky130_fd_sc_hd__a21oi_1)
   0.130    1.753 v _4684_/Y (sky130_fd_sc_hd__o221ai_1)
   0.280    2.034 ^ _4685_/Y (sky130_fd_sc_hd__a21oi_1)
   0.116    2.150 v _4686_/Y (sky130_fd_sc_hd__a31oi_1)
   0.236    2.386 v place912/X (sky130_fd_sc_hd__buf_4)
   0.138    2.524 v place911/X (sky130_fd_sc_hd__buf_4)
   0.310    2.834 ^ _7534_/Y (sky130_fd_sc_hd__nor2_1)
   0.539    3.373 ^ output171/X (sky130_fd_sc_hd__clkdlybuf4s50_1)
   0.000    3.373 ^ writedata[15] (out)
            3.373   data arrival time

   7.000    7.000   clock vclk_clk (rise edge)
   0.775    7.775   clock network delay (ideal)
   0.000    7.775   clock reconvergence pessimism
  -1.400    6.375   output external delay
            6.375   data required time
-----------------------------------------------------------
            6.375   data required time
           -3.373   data arrival time
-----------------------------------------------------------
            3.002   slack (MET)


Startpoint: dp.rf.rf[17][10]$_DFFE_PP_
            (rising edge-triggered flip-flop clocked by clk)
Endpoint: writedata[10] (output port clocked by vclk_clk)
Path Group: vclk_clk
Path Type: max

   Delay     Time   Description
-----------------------------------------------------------
   0.000    0.000   clock clk (rise edge)
   0.775    0.775   clock network delay (ideal)
   0.000    0.775 ^ dp.rf.rf[17][10]$_DFFE_PP_/CLK (sky130_fd_sc_hd__edfxtp_1)
   0.321    1.096 ^ dp.rf.rf[17][10]$_DFFE_PP_/Q (sky130_fd_sc_hd__edfxtp_1)
   0.230    1.326 ^ _4932_/X (sky130_fd_sc_hd__mux4_2)
   0.122    1.447 ^ _4933_/X (sky130_fd_sc_hd__and2_1)
   0.047    1.495 v _4934_/Y (sky130_fd_sc_hd__a211oi_1)
   0.474    1.969 ^ _4935_/Y (sky130_fd_sc_hd__a31oi_1)
   0.206    2.175 v _4941_/Y (sky130_fd_sc_hd__a22oi_2)
   0.228    2.403 v place1021/X (sky130_fd_sc_hd__buf_4)
   0.328    2.731 ^ _7540_/Y (sky130_fd_sc_hd__nor2_1)
   0.540    3.271 ^ output166/X (sky130_fd_sc_hd__clkdlybuf4s50_1)
   0.000    3.271 ^ writedata[10] (out)
            3.271   data arrival time

   7.000    7.000   clock vclk_clk (rise edge)
   0.775    7.775   clock network delay (ideal)
   0.000    7.775   clock reconvergence pessimism
  -1.400    6.375   output external delay
            6.375   data required time
-----------------------------------------------------------
            6.375   data required time
           -3.271   data arrival time
-----------------------------------------------------------
            3.104   slack (MET)


Startpoint: dp.rf.rf[15][4]$_DFFE_PP_
            (rising edge-triggered flip-flop clocked by clk)
Endpoint: writedata[4] (output port clocked by vclk_clk)
Path Group: vclk_clk
Path Type: max

   Delay     Time   Description
-----------------------------------------------------------
   0.000    0.000   clock clk (rise edge)
   0.775    0.775   clock network delay (ideal)
   0.000    0.775 ^ dp.rf.rf[15][4]$_DFFE_PP_/CLK (sky130_fd_sc_hd__edfxtp_1)
   0.361    1.136 v dp.rf.rf[15][4]$_DFFE_PP_/Q (sky130_fd_sc_hd__edfxtp_1)
   0.489    1.625 v _3960_/X (sky130_fd_sc_hd__mux4_2)
   0.493    2.117 v _3966_/X (sky130_fd_sc_hd__mux4_2)
   0.208    2.325 ^ _3977_/Y (sky130_fd_sc_hd__a22oi_1)
   0.192    2.517 ^ place1092/X (sky130_fd_sc_hd__buf_4)
   0.124    2.641 ^ place1091/X (sky130_fd_sc_hd__buf_4)
   0.122    2.764 v _3978_/Y (sky130_fd_sc_hd__inv_1)
   0.448    3.211 v output191/X (sky130_fd_sc_hd__clkdlybuf4s50_1)
   0.000    3.211 v writedata[4] (out)
            3.211   data arrival time

   7.000    7.000   clock vclk_clk (rise edge)
   0.775    7.775   clock network delay (ideal)
   0.000    7.775   clock reconvergence pessimism
  -1.400    6.375   output external delay
            6.375   data required time
-----------------------------------------------------------
            6.375   data required time
           -3.211   data arrival time
-----------------------------------------------------------
            3.164   slack (MET)


Startpoint: dp.rf.rf[20][22]$_DFFE_PP_
            (rising edge-triggered flip-flop clocked by clk)
Endpoint: writedata[22] (output port clocked by vclk_clk)
Path Group: vclk_clk
Path Type: max

   Delay     Time   Description
-----------------------------------------------------------
   0.000    0.000   clock clk (rise edge)
   0.775    0.775   clock network delay (ideal)
   0.000    0.775 ^ dp.rf.rf[20][22]$_DFFE_PP_/CLK (sky130_fd_sc_hd__edfxtp_1)
   0.373    1.148 v dp.rf.rf[20][22]$_DFFE_PP_/Q (sky130_fd_sc_hd__edfxtp_1)
   0.491    1.639 v _5458_/X (sky130_fd_sc_hd__mux4_2)
   0.514    2.153 v _5459_/X (sky130_fd_sc_hd__mux4_2)
   0.323    2.476 v _5460_/X (sky130_fd_sc_hd__a22o_1)
   0.205    2.681 v place1087/X (sky130_fd_sc_hd__buf_4)
   0.128    2.809 v _7526_/X (sky130_fd_sc_hd__and2_1)
   0.397    3.207 v output179/X (sky130_fd_sc_hd__clkdlybuf4s50_1)
   0.000    3.207 v writedata[22] (out)
            3.207   data arrival time

   7.000    7.000   clock vclk_clk (rise edge)
   0.775    7.775   clock network delay (ideal)
   0.000    7.775   clock reconvergence pessimism
  -1.400    6.375   output external delay
            6.375   data required time
-----------------------------------------------------------
            6.375   data required time
           -3.207   data arrival time
-----------------------------------------------------------
            3.168   slack (MET)


Startpoint: dp.rf.rf[9][14]$_DFFE_PP_
            (rising edge-triggered flip-flop clocked by clk)
Endpoint: writedata[14] (output port clocked by vclk_clk)
Path Group: vclk_clk
Path Type: max

   Delay     Time   Description
-----------------------------------------------------------
   0.000    0.000   clock clk (rise edge)
   0.775    0.775   clock network delay (ideal)
   0.000    0.775 ^ dp.rf.rf[9][14]$_DFFE_PP_/CLK (sky130_fd_sc_hd__edfxtp_1)
   0.367    1.142 ^ dp.rf.rf[9][14]$_DFFE_PP_/Q (sky130_fd_sc_hd__edfxtp_1)
   0.137    1.278 ^ place1121/X (sky130_fd_sc_hd__buf_4)
   0.061    1.339 v _4692_/Y (sky130_fd_sc_hd__mux2i_1)
   0.284    1.624 ^ _4694_/Y (sky130_fd_sc_hd__o221ai_1)
   0.175    1.798 ^ _4697_/X (sky130_fd_sc_hd__o21a_1)
   0.038    1.836 v _4698_/Y (sky130_fd_sc_hd__nor2_1)
   0.292    2.128 ^ _4709_/Y (sky130_fd_sc_hd__o32ai_1)
   0.195    2.323 ^ place1028/X (sky130_fd_sc_hd__buf_4)
   0.121    2.444 ^ place1027/X (sky130_fd_sc_hd__buf_4)
   0.234    2.678 ^ _7536_/X (sky130_fd_sc_hd__and2_1)
   0.500    3.179 ^ output170/X (sky130_fd_sc_hd__clkdlybuf4s50_1)
   0.000    3.179 ^ writedata[14] (out)
            3.179   data arrival time

   7.000    7.000   clock vclk_clk (rise edge)
   0.775    7.775   clock network delay (ideal)
   0.000    7.775   clock reconvergence pessimism
  -1.400    6.375   output external delay
            6.375   data required time
-----------------------------------------------------------
            6.375   data required time
           -3.179   data arrival time
-----------------------------------------------------------
            3.196   slack (MET)


Startpoint: dp.rf.rf[11][19]$_DFFE_PP_
            (rising edge-triggered flip-flop clocked by clk)
Endpoint: writedata[19] (output port clocked by vclk_clk)
Path Group: vclk_clk
Path Type: max

   Delay     Time   Description
-----------------------------------------------------------
   0.000    0.000   clock clk (rise edge)
   0.775    0.775   clock network delay (ideal)
   0.000    0.775 ^ dp.rf.rf[11][19]$_DFFE_PP_/CLK (sky130_fd_sc_hd__edfxtp_1)
   0.361    1.136 v dp.rf.rf[11][19]$_DFFE_PP_/Q (sky130_fd_sc_hd__edfxtp_1)
   0.486    1.621 v _5651_/X (sky130_fd_sc_hd__mux4_2)
   0.461    2.082 v _5655_/X (sky130_fd_sc_hd__mux4_2)
   0.095    2.176 ^ _5656_/Y (sky130_fd_sc_hd__nand2_1)
   0.109    2.285 v _5657_/Y (sky130_fd_sc_hd__o21ai_0)
   0.183    2.468 v place1057/X (sky130_fd_sc_hd__buf_4)
   0.158    2.626 v place1056/X (sky130_fd_sc_hd__buf_4)
   0.140    2.766 v _7529_/X (sky130_fd_sc_hd__and2_1)
   0.401    3.167 v output175/X (sky130_fd_sc_hd__clkdlybuf4s50_1)
   0.000    3.167 v writedata[19] (out)
            3.167   data arrival time

   7.000    7.000   clock vclk_clk (rise edge)
   0.775    7.775   clock network delay (ideal)
   0.000    7.775   clock reconvergence pessimism
  -1.400    6.375   output external delay
            6.375   data required time
-----------------------------------------------------------
            6.375   data required time
           -3.167   data arrival time
-----------------------------------------------------------
            3.208   slack (MET)


Startpoint: dp.rf.rf[21][24]$_DFFE_PP_
            (rising edge-triggered flip-flop clocked by clk)
Endpoint: writedata[24] (output port clocked by vclk_clk)
Path Group: vclk_clk
Path Type: max

   Delay     Time   Description
-----------------------------------------------------------
   0.000    0.000   clock clk (rise edge)
   0.775    0.775   clock network delay (ideal)
   0.000    0.775 ^ dp.rf.rf[21][24]$_DFFE_PP_/CLK (sky130_fd_sc_hd__edfxtp_1)
   0.376    1.151 v dp.rf.rf[21][24]$_DFFE_PP_/Q (sky130_fd_sc_hd__edfxtp_1)
   0.516    1.666 v _5349_/X (sky130_fd_sc_hd__mux4_2)
   0.498    2.165 v _5353_/X (sky130_fd_sc_hd__mux4_2)
   0.218    2.382 ^ _5354_/Y (sky130_fd_sc_hd__a32oi_1)
   0.277    2.659 ^ place1062/X (sky130_fd_sc_hd__buf_4)
   0.087    2.746 v _7524_/Y (sky130_fd_sc_hd__nor2_1)
   0.418    3.163 v output181/X (sky130_fd_sc_hd__clkdlybuf4s50_1)
   0.000    3.163 v writedata[24] (out)
            3.163   data arrival time

   7.000    7.000   clock vclk_clk (rise edge)
   0.775    7.775   clock network delay (ideal)
   0.000    7.775   clock reconvergence pessimism
  -1.400    6.375   output external delay
            6.375   data required time
-----------------------------------------------------------
            6.375   data required time
           -3.163   data arrival time
-----------------------------------------------------------
            3.212   slack (MET)


Startpoint: dp.rf.rf[11][2]$_DFFE_PP_
            (rising edge-triggered flip-flop clocked by clk)
Endpoint: writedata[2] (output port clocked by vclk_clk)
Path Group: vclk_clk
Path Type: max

   Delay     Time   Description
-----------------------------------------------------------
   0.000    0.000   clock clk (rise edge)
   0.775    0.775   clock network delay (ideal)
   0.000    0.775 ^ dp.rf.rf[11][2]$_DFFE_PP_/CLK (sky130_fd_sc_hd__edfxtp_1)
   0.357    1.132 v dp.rf.rf[11][2]$_DFFE_PP_/Q (sky130_fd_sc_hd__edfxtp_1)
   0.512    1.644 v _4270_/X (sky130_fd_sc_hd__mux4_2)
   0.494    2.139 v _4274_/X (sky130_fd_sc_hd__mux4_2)
   0.166    2.305 ^ _4281_/Y (sky130_fd_sc_hd__a22oi_2)
   0.163    2.468 ^ place1090/X (sky130_fd_sc_hd__buf_4)
   0.099    2.567 ^ rebuffer1252/X (sky130_fd_sc_hd__buf_4)
   0.126    2.693 v _4282_/Y (sky130_fd_sc_hd__inv_1)
   0.456    3.150 v output187/X (sky130_fd_sc_hd__clkdlybuf4s50_1)
   0.000    3.150 v writedata[2] (out)
            3.150   data arrival time

   7.000    7.000   clock vclk_clk (rise edge)
   0.775    7.775   clock network delay (ideal)
   0.000    7.775   clock reconvergence pessimism
  -1.400    6.375   output external delay
            6.375   data required time
-----------------------------------------------------------
            6.375   data required time
           -3.150   data arrival time
-----------------------------------------------------------
            3.225   slack (MET)


Startpoint: dp.rf.rf[31][3]$_DFFE_PP_
            (rising edge-triggered flip-flop clocked by clk)
Endpoint: writedata[3] (output port clocked by vclk_clk)
Path Group: vclk_clk
Path Type: max

   Delay     Time   Description
-----------------------------------------------------------
   0.000    0.000   clock clk (rise edge)
   0.775    0.775   clock network delay (ideal)
   0.000    0.775 ^ dp.rf.rf[31][3]$_DFFE_PP_/CLK (sky130_fd_sc_hd__edfxtp_1)
   0.353    1.128 v dp.rf.rf[31][3]$_DFFE_PP_/Q (sky130_fd_sc_hd__edfxtp_1)
   0.483    1.611 v _4438_/X (sky130_fd_sc_hd__mux4_2)
   0.519    2.130 v _4440_/X (sky130_fd_sc_hd__mux4_2)
   0.307    2.436 v _4441_/X (sky130_fd_sc_hd__a22o_1)
   0.235    2.671 v place1089/X (sky130_fd_sc_hd__buf_4)
   0.470    3.142 v output190/X (sky130_fd_sc_hd__clkdlybuf4s50_1)
   0.001    3.142 v writedata[3] (out)
            3.142   data arrival time

   7.000    7.000   clock vclk_clk (rise edge)
   0.775    7.775   clock network delay (ideal)
   0.000    7.775   clock reconvergence pessimism
  -1.400    6.375   output external delay
            6.375   data required time
-----------------------------------------------------------
            6.375   data required time
           -3.142   data arrival time
-----------------------------------------------------------
            3.233   slack (MET)


Startpoint: dp.rf.rf[9][9]$_DFFE_PP_
            (rising edge-triggered flip-flop clocked by clk)
Endpoint: writedata[9] (output port clocked by vclk_clk)
Path Group: vclk_clk
Path Type: max

   Delay     Time   Description
-----------------------------------------------------------
   0.000    0.000   clock clk (rise edge)
   0.775    0.775   clock network delay (ideal)
   0.000    0.775 ^ dp.rf.rf[9][9]$_DFFE_PP_/CLK (sky130_fd_sc_hd__edfxtp_1)
   0.328    1.103 ^ dp.rf.rf[9][9]$_DFFE_PP_/Q (sky130_fd_sc_hd__edfxtp_1)
   0.103    1.206 v _4533_/Y (sky130_fd_sc_hd__mux2i_1)
   0.339    1.544 ^ _4535_/Y (sky130_fd_sc_hd__o221ai_1)
   0.207    1.751 v _4537_/Y (sky130_fd_sc_hd__o22ai_1)
   0.341    2.092 ^ _4549_/Y (sky130_fd_sc_hd__o32ai_1)
   0.190    2.283 ^ place1078/X (sky130_fd_sc_hd__buf_4)
   0.148    2.431 ^ place1077/X (sky130_fd_sc_hd__buf_4)
   0.208    2.638 ^ _7541_/X (sky130_fd_sc_hd__and2_1)
   0.500    3.138 ^ output196/X (sky130_fd_sc_hd__clkdlybuf4s50_1)
   0.000    3.138 ^ writedata[9] (out)
            3.138   data arrival time

   7.000    7.000   clock vclk_clk (rise edge)
   0.775    7.775   clock network delay (ideal)
   0.000    7.775   clock reconvergence pessimism
  -1.400    6.375   output external delay
            6.375   data required time
-----------------------------------------------------------
            6.375   data required time
           -3.138   data arrival time
-----------------------------------------------------------
            3.237   slack (MET)


Startpoint: dp.rf.rf[14][5]$_DFFE_PP_
            (rising edge-triggered flip-flop clocked by clk)
Endpoint: writedata[5] (output port clocked by vclk_clk)
Path Group: vclk_clk
Path Type: max

   Delay     Time   Description
-----------------------------------------------------------
   0.000    0.000   clock clk (rise edge)
   0.775    0.775   clock network delay (ideal)
   0.000    0.775 ^ dp.rf.rf[14][5]$_DFFE_PP_/CLK (sky130_fd_sc_hd__edfxtp_1)
   0.367    1.142 v dp.rf.rf[14][5]$_DFFE_PP_/Q (sky130_fd_sc_hd__edfxtp_1)
   0.502    1.644 v _4260_/X (sky130_fd_sc_hd__mux4_2)
   0.493    2.137 v _4263_/X (sky130_fd_sc_hd__mux4_2)
   0.189    2.326 ^ _4264_/Y (sky130_fd_sc_hd__a32oi_2)
   0.181    2.507 ^ place1081/X (sky130_fd_sc_hd__buf_6)
   0.142    2.649 v _4483_/Y (sky130_fd_sc_hd__inv_1)
   0.474    3.124 v output192/X (sky130_fd_sc_hd__clkdlybuf4s50_1)
   0.000    3.124 v writedata[5] (out)
            3.124   data arrival time

   7.000    7.000   clock vclk_clk (rise edge)
   0.775    7.775   clock network delay (ideal)
   0.000    7.775   clock reconvergence pessimism
  -1.400    6.375   output external delay
            6.375   data required time
-----------------------------------------------------------
            6.375   data required time
           -3.124   data arrival time
-----------------------------------------------------------
            3.251   slack (MET)


Startpoint: dp.rf.rf[23][28]$_DFFE_PP_
            (rising edge-triggered flip-flop clocked by clk)
Endpoint: writedata[28] (output port clocked by vclk_clk)
Path Group: vclk_clk
Path Type: max

   Delay     Time   Description
-----------------------------------------------------------
   0.000    0.000   clock clk (rise edge)
   0.775    0.775   clock network delay (ideal)
   0.000    0.775 ^ dp.rf.rf[23][28]$_DFFE_PP_/CLK (sky130_fd_sc_hd__edfxtp_1)
   0.352    1.127 v dp.rf.rf[23][28]$_DFFE_PP_/Q (sky130_fd_sc_hd__edfxtp_1)
   0.464    1.591 v _5159_/X (sky130_fd_sc_hd__mux4_2)
   0.174    1.765 v _5160_/X (sky130_fd_sc_hd__and2_1)
   0.269    2.034 ^ _5169_/Y (sky130_fd_sc_hd__o22ai_1)
   0.258    2.292 v _5181_/Y (sky130_fd_sc_hd__o22ai_1)
   0.277    2.569 v place1064/X (sky130_fd_sc_hd__buf_4)
   0.146    2.715 v _7520_/X (sky130_fd_sc_hd__and2_1)
   0.400    3.115 v output185/X (sky130_fd_sc_hd__clkdlybuf4s50_1)
   0.000    3.115 v writedata[28] (out)
            3.115   data arrival time

   7.000    7.000   clock vclk_clk (rise edge)
   0.775    7.775   clock network delay (ideal)
   0.000    7.775   clock reconvergence pessimism
  -1.400    6.375   output external delay
            6.375   data required time
-----------------------------------------------------------
            6.375   data required time
           -3.115   data arrival time
-----------------------------------------------------------
            3.260   slack (MET)


Startpoint: dp.rf.rf[12][23]$_DFFE_PP_
            (rising edge-triggered flip-flop clocked by clk)
Endpoint: writedata[23] (output port clocked by vclk_clk)
Path Group: vclk_clk
Path Type: max

   Delay     Time   Description
-----------------------------------------------------------
   0.000    0.000   clock clk (rise edge)
   0.775    0.775   clock network delay (ideal)
   0.000    0.775 ^ dp.rf.rf[12][23]$_DFFE_PP_/CLK (sky130_fd_sc_hd__edfxtp_1)
   0.375    1.150 v dp.rf.rf[12][23]$_DFFE_PP_/Q (sky130_fd_sc_hd__edfxtp_1)
   0.509    1.659 v _5591_/X (sky130_fd_sc_hd__mux4_2)
   0.497    2.156 v _5593_/X (sky130_fd_sc_hd__mux4_2)
   0.216    2.373 ^ _5599_/Y (sky130_fd_sc_hd__a22oi_1)
   0.235    2.607 ^ place1086/X (sky130_fd_sc_hd__buf_4)
   0.078    2.686 v _7525_/Y (sky130_fd_sc_hd__nor2_1)
   0.421    3.107 v output180/X (sky130_fd_sc_hd__clkdlybuf4s50_1)
   0.000    3.107 v writedata[23] (out)
            3.107   data arrival time

   7.000    7.000   clock vclk_clk (rise edge)
   0.775    7.775   clock network delay (ideal)
   0.000    7.775   clock reconvergence pessimism
  -1.400    6.375   output external delay
            6.375   data required time
-----------------------------------------------------------
            6.375   data required time
           -3.107   data arrival time
-----------------------------------------------------------
            3.268   slack (MET)


Startpoint: dp.rf.rf[11][16]$_DFFE_PP_
            (rising edge-triggered flip-flop clocked by clk)
Endpoint: writedata[16] (output port clocked by vclk_clk)
Path Group: vclk_clk
Path Type: max

   Delay     Time   Description
-----------------------------------------------------------
   0.000    0.000   clock clk (rise edge)
   0.775    0.775   clock network delay (ideal)
   0.000    0.775 ^ dp.rf.rf[11][16]$_DFFE_PP_/CLK (sky130_fd_sc_hd__edfxtp_1)
   0.358    1.133 v dp.rf.rf[11][16]$_DFFE_PP_/Q (sky130_fd_sc_hd__edfxtp_1)
   0.494    1.626 v _5777_/X (sky130_fd_sc_hd__mux4_2)
   0.505    2.131 v _5778_/X (sky130_fd_sc_hd__mux4_2)
   0.170    2.301 ^ _5779_/Y (sky130_fd_sc_hd__a22oi_1)
   0.179    2.481 ^ place1014/X (sky130_fd_sc_hd__buf_4)
   0.135    2.616 ^ place1013/X (sky130_fd_sc_hd__buf_4)
   0.047    2.663 v _7532_/Y (sky130_fd_sc_hd__nor2_1)
   0.414    3.077 v output172/X (sky130_fd_sc_hd__clkdlybuf4s50_1)
   0.000    3.077 v writedata[16] (out)
            3.077   data arrival time

   7.000    7.000   clock vclk_clk (rise edge)
   0.775    7.775   clock network delay (ideal)
   0.000    7.775   clock reconvergence pessimism
  -1.400    6.375   output external delay
            6.375   data required time
-----------------------------------------------------------
            6.375   data required time
           -3.077   data arrival time
-----------------------------------------------------------
            3.298   slack (MET)


Startpoint: dp.rf.rf[7][13]$_DFFE_PP_
            (rising edge-triggered flip-flop clocked by clk)
Endpoint: writedata[13] (output port clocked by vclk_clk)
Path Group: vclk_clk
Path Type: max

   Delay     Time   Description
-----------------------------------------------------------
   0.000    0.000   clock clk (rise edge)
   0.775    0.775   clock network delay (ideal)
   0.000    0.775 ^ dp.rf.rf[7][13]$_DFFE_PP_/CLK (sky130_fd_sc_hd__edfxtp_1)
   0.353    1.128 v dp.rf.rf[7][13]$_DFFE_PP_/Q (sky130_fd_sc_hd__edfxtp_1)
   0.496    1.624 v _4795_/X (sky130_fd_sc_hd__mux4_2)
   0.476    2.100 v _4796_/X (sky130_fd_sc_hd__mux4_2)
   0.150    2.251 ^ _4804_/Y (sky130_fd_sc_hd__a21oi_1)
   0.166    2.416 ^ place1069/X (sky130_fd_sc_hd__buf_4)
   0.124    2.540 ^ place1068/X (sky130_fd_sc_hd__buf_4)
   0.094    2.634 v _7537_/Y (sky130_fd_sc_hd__nor2_1)
   0.441    3.075 v output169/X (sky130_fd_sc_hd__clkdlybuf4s50_1)
   0.000    3.075 v writedata[13] (out)
            3.075   data arrival time

   7.000    7.000   clock vclk_clk (rise edge)
   0.775    7.775   clock network delay (ideal)
   0.000    7.775   clock reconvergence pessimism
  -1.400    6.375   output external delay
            6.375   data required time
-----------------------------------------------------------
            6.375   data required time
           -3.075   data arrival time
-----------------------------------------------------------
            3.300   slack (MET)


Startpoint: dp.rf.rf[0][12]$_DFFE_PP_
            (rising edge-triggered flip-flop clocked by clk)
Endpoint: writedata[12] (output port clocked by vclk_clk)
Path Group: vclk_clk
Path Type: max

   Delay     Time   Description
-----------------------------------------------------------
   0.000    0.000   clock clk (rise edge)
   0.775    0.775   clock network delay (ideal)
   0.000    0.775 ^ dp.rf.rf[0][12]$_DFFE_PP_/CLK (sky130_fd_sc_hd__edfxtp_1)
   0.366    1.141 v dp.rf.rf[0][12]$_DFFE_PP_/Q (sky130_fd_sc_hd__edfxtp_1)
   0.479    1.620 v _4746_/X (sky130_fd_sc_hd__mux4_2)
   0.488    2.109 v _4747_/X (sky130_fd_sc_hd__mux4_2)
   0.157    2.266 ^ _4757_/Y (sky130_fd_sc_hd__a21oi_1)
   0.144    2.410 ^ place1073/X (sky130_fd_sc_hd__buf_4)
   0.117    2.527 ^ place1072/X (sky130_fd_sc_hd__buf_4)
   0.098    2.626 v _7538_/Y (sky130_fd_sc_hd__nor2_1)
   0.446    3.071 v output168/X (sky130_fd_sc_hd__clkdlybuf4s50_1)
   0.000    3.071 v writedata[12] (out)
            3.071   data arrival time

   7.000    7.000   clock vclk_clk (rise edge)
   0.775    7.775   clock network delay (ideal)
   0.000    7.775   clock reconvergence pessimism
  -1.400    6.375   output external delay
            6.375   data required time
-----------------------------------------------------------
            6.375   data required time
           -3.071   data arrival time
-----------------------------------------------------------
            3.304   slack (MET)


Startpoint: dp.rf.rf[12][29]$_DFFE_PP_
            (rising edge-triggered flip-flop clocked by clk)
Endpoint: writedata[29] (output port clocked by vclk_clk)
Path Group: vclk_clk
Path Type: max

   Delay     Time   Description
-----------------------------------------------------------
   0.000    0.000   clock clk (rise edge)
   0.775    0.775   clock network delay (ideal)
   0.000    0.775 ^ dp.rf.rf[12][29]$_DFFE_PP_/CLK (sky130_fd_sc_hd__edfxtp_1)
   0.387    1.162 v dp.rf.rf[12][29]$_DFFE_PP_/Q (sky130_fd_sc_hd__edfxtp_1)
   0.478    1.640 v _5111_/X (sky130_fd_sc_hd__mux4_2)
   0.300    1.940 ^ _5115_/Y (sky130_fd_sc_hd__a211oi_1)
   0.209    2.149 ^ _5121_/X (sky130_fd_sc_hd__or3_1)
   0.345    2.495 ^ _5122_/X (sky130_fd_sc_hd__o31a_1)
   0.105    2.600 v _7518_/Y (sky130_fd_sc_hd__nor2_1)
   0.451    3.051 v output186/X (sky130_fd_sc_hd__clkdlybuf4s50_1)
   0.000    3.051 v writedata[29] (out)
            3.051   data arrival time

   7.000    7.000   clock vclk_clk (rise edge)
   0.775    7.775   clock network delay (ideal)
   0.000    7.775   clock reconvergence pessimism
  -1.400    6.375   output external delay
            6.375   data required time
-----------------------------------------------------------
            6.375   data required time
           -3.051   data arrival time
-----------------------------------------------------------
            3.324   slack (MET)


Startpoint: dp.rf.rf[1][17]$_DFFE_PP_
            (rising edge-triggered flip-flop clocked by clk)
Endpoint: writedata[17] (output port clocked by vclk_clk)
Path Group: vclk_clk
Path Type: max

   Delay     Time   Description
-----------------------------------------------------------
   0.000    0.000   clock clk (rise edge)
   0.775    0.775   clock network delay (ideal)
   0.000    0.775 ^ dp.rf.rf[1][17]$_DFFE_PP_/CLK (sky130_fd_sc_hd__edfxtp_1)
   0.376    1.151 v dp.rf.rf[1][17]$_DFFE_PP_/Q (sky130_fd_sc_hd__edfxtp_1)
   0.480    1.630 v _5751_/X (sky130_fd_sc_hd__mux4_2)
   0.463    2.093 v _5754_/X (sky130_fd_sc_hd__mux4_2)
   0.214    2.307 ^ _5762_/Y (sky130_fd_sc_hd__a21oi_1)
   0.165    2.472 ^ place1055/X (sky130_fd_sc_hd__buf_4)
   0.121    2.593 ^ place1054/X (sky130_fd_sc_hd__buf_4)
   0.044    2.637 v _7531_/Y (sky130_fd_sc_hd__nor2_1)
   0.414    3.051 v output173/X (sky130_fd_sc_hd__clkdlybuf4s50_1)
   0.000    3.051 v writedata[17] (out)
            3.051   data arrival time

   7.000    7.000   clock vclk_clk (rise edge)
   0.775    7.775   clock network delay (ideal)
   0.000    7.775   clock reconvergence pessimism
  -1.400    6.375   output external delay
            6.375   data required time
-----------------------------------------------------------
            6.375   data required time
           -3.051   data arrival time
-----------------------------------------------------------
            3.324   slack (MET)


Startpoint: dp.rf.rf[11][8]$_DFFE_PP_
            (rising edge-triggered flip-flop clocked by clk)
Endpoint: writedata[8] (output port clocked by vclk_clk)
Path Group: vclk_clk
Path Type: max

   Delay     Time   Description
-----------------------------------------------------------
   0.000    0.000   clock clk (rise edge)
   0.775    0.775   clock network delay (ideal)
   0.000    0.775 ^ dp.rf.rf[11][8]$_DFFE_PP_/CLK (sky130_fd_sc_hd__edfxtp_1)
   0.339    1.114 ^ dp.rf.rf[11][8]$_DFFE_PP_/Q (sky130_fd_sc_hd__edfxtp_1)
   0.085    1.199 v _4593_/Y (sky130_fd_sc_hd__mux2i_1)
   0.297    1.496 ^ _4594_/Y (sky130_fd_sc_hd__o221ai_1)
   0.140    1.636 v _4596_/Y (sky130_fd_sc_hd__o22ai_1)
   0.285    1.922 ^ _4609_/Y (sky130_fd_sc_hd__o32ai_1)
   0.234    2.156 ^ place1075/X (sky130_fd_sc_hd__buf_4)
   0.153    2.309 ^ place1074/X (sky130_fd_sc_hd__buf_4)
   0.212    2.521 ^ _7542_/X (sky130_fd_sc_hd__and2_1)
   0.485    3.006 ^ output195/X (sky130_fd_sc_hd__clkdlybuf4s50_1)
   0.000    3.006 ^ writedata[8] (out)
            3.006   data arrival time

   7.000    7.000   clock vclk_clk (rise edge)
   0.775    7.775   clock network delay (ideal)
   0.000    7.775   clock reconvergence pessimism
  -1.400    6.375   output external delay
            6.375   data required time
-----------------------------------------------------------
            6.375   data required time
           -3.006   data arrival time
-----------------------------------------------------------
            3.369   slack (MET)


Startpoint: dp.rf.rf[19][11]$_DFFE_PP_
            (rising edge-triggered flip-flop clocked by clk)
Endpoint: writedata[11] (output port clocked by vclk_clk)
Path Group: vclk_clk
Path Type: max

   Delay     Time   Description
-----------------------------------------------------------
   0.000    0.000   clock clk (rise edge)
   0.775    0.775   clock network delay (ideal)
   0.000    0.775 ^ dp.rf.rf[19][11]$_DFFE_PP_/CLK (sky130_fd_sc_hd__edfxtp_1)
   0.360    1.135 v dp.rf.rf[19][11]$_DFFE_PP_/Q (sky130_fd_sc_hd__edfxtp_1)
   0.490    1.626 v _4887_/X (sky130_fd_sc_hd__mux4_2)
   0.161    1.787 ^ _4888_/Y (sky130_fd_sc_hd__mux2i_1)
   0.130    1.916 v _4889_/Y (sky130_fd_sc_hd__o22ai_1)
   0.217    2.134 ^ _4890_/Y (sky130_fd_sc_hd__a211oi_1)
   0.202    2.336 ^ place1066/X (sky130_fd_sc_hd__buf_4)
   0.123    2.459 ^ place1065/X (sky130_fd_sc_hd__buf_4)
   0.099    2.558 v _7539_/Y (sky130_fd_sc_hd__nor2_1)
   0.447    3.005 v output167/X (sky130_fd_sc_hd__clkdlybuf4s50_1)
   0.000    3.005 v writedata[11] (out)
            3.005   data arrival time

   7.000    7.000   clock vclk_clk (rise edge)
   0.775    7.775   clock network delay (ideal)
   0.000    7.775   clock reconvergence pessimism
  -1.400    6.375   output external delay
            6.375   data required time
-----------------------------------------------------------
            6.375   data required time
           -3.005   data arrival time
-----------------------------------------------------------
            3.370   slack (MET)


Startpoint: dp.rf.rf[14][21]$_DFFE_PP_
            (rising edge-triggered flip-flop clocked by clk)
Endpoint: writedata[21] (output port clocked by vclk_clk)
Path Group: vclk_clk
Path Type: max

   Delay     Time   Description
-----------------------------------------------------------
   0.000    0.000   clock clk (rise edge)
   0.775    0.775   clock network delay (ideal)
   0.000    0.775 ^ dp.rf.rf[14][21]$_DFFE_PP_/CLK (sky130_fd_sc_hd__edfxtp_1)
   0.381    1.156 v dp.rf.rf[14][21]$_DFFE_PP_/Q (sky130_fd_sc_hd__edfxtp_1)
   0.477    1.633 v _5461_/X (sky130_fd_sc_hd__mux4_2)
   0.504    2.137 v _5465_/X (sky130_fd_sc_hd__mux4_2)
   0.175    2.312 ^ _5473_/Y (sky130_fd_sc_hd__a21oi_1)
   0.194    2.506 ^ place1060/X (sky130_fd_sc_hd__buf_4)
   0.066    2.573 v _7527_/Y (sky130_fd_sc_hd__nor2_1)
   0.430    3.002 v output178/X (sky130_fd_sc_hd__clkdlybuf4s50_1)
   0.000    3.003 v writedata[21] (out)
            3.003   data arrival time

   7.000    7.000   clock vclk_clk (rise edge)
   0.775    7.775   clock network delay (ideal)
   0.000    7.775   clock reconvergence pessimism
  -1.400    6.375   output external delay
            6.375   data required time
-----------------------------------------------------------
            6.375   data required time
           -3.003   data arrival time
-----------------------------------------------------------
            3.372   slack (MET)


Startpoint: dp.rf.rf[1][26]$_DFFE_PP_
            (rising edge-triggered flip-flop clocked by clk)
Endpoint: writedata[26] (output port clocked by vclk_clk)
Path Group: vclk_clk
Path Type: max

   Delay     Time   Description
-----------------------------------------------------------
   0.000    0.000   clock clk (rise edge)
   0.775    0.775   clock network delay (ideal)
   0.000    0.775 ^ dp.rf.rf[1][26]$_DFFE_PP_/CLK (sky130_fd_sc_hd__edfxtp_1)
   0.336    1.111 ^ dp.rf.rf[1][26]$_DFFE_PP_/Q (sky130_fd_sc_hd__edfxtp_1)
   0.083    1.194 v _5195_/Y (sky130_fd_sc_hd__mux2i_1)
   0.271    1.465 ^ _5197_/Y (sky130_fd_sc_hd__o221ai_1)
   0.160    1.625 v _5203_/Y (sky130_fd_sc_hd__o22ai_1)
   0.379    2.004 ^ _5215_/Y (sky130_fd_sc_hd__o32ai_2)
   0.330    2.334 ^ place1063/X (sky130_fd_sc_hd__buf_4)
   0.193    2.527 ^ _7522_/X (sky130_fd_sc_hd__and2_1)
   0.457    2.985 ^ output183/X (sky130_fd_sc_hd__clkdlybuf4s50_1)
   0.000    2.985 ^ writedata[26] (out)
            2.985   data arrival time

   7.000    7.000   clock vclk_clk (rise edge)
   0.775    7.775   clock network delay (ideal)
   0.000    7.775   clock reconvergence pessimism
  -1.400    6.375   output external delay
            6.375   data required time
-----------------------------------------------------------
            6.375   data required time
           -2.985   data arrival time
-----------------------------------------------------------
            3.390   slack (MET)


Startpoint: dp.rf.rf[3][20]$_DFFE_PP_
            (rising edge-triggered flip-flop clocked by clk)
Endpoint: writedata[20] (output port clocked by vclk_clk)
Path Group: vclk_clk
Path Type: max

   Delay     Time   Description
-----------------------------------------------------------
   0.000    0.000   clock clk (rise edge)
   0.775    0.775   clock network delay (ideal)
   0.000    0.775 ^ dp.rf.rf[3][20]$_DFFE_PP_/CLK (sky130_fd_sc_hd__edfxtp_1)
   0.370    1.145 v dp.rf.rf[3][20]$_DFFE_PP_/Q (sky130_fd_sc_hd__edfxtp_1)
   0.491    1.636 v _5510_/X (sky130_fd_sc_hd__mux4_2)
   0.472    2.108 v _5511_/X (sky130_fd_sc_hd__mux4_2)
   0.190    2.298 ^ _5519_/Y (sky130_fd_sc_hd__a21oi_1)
   0.181    2.479 ^ place1058/X (sky130_fd_sc_hd__buf_4)
   0.070    2.549 v _7528_/Y (sky130_fd_sc_hd__nor2_1)
   0.425    2.974 v output177/X (sky130_fd_sc_hd__clkdlybuf4s50_1)
   0.000    2.974 v writedata[20] (out)
            2.974   data arrival time

   7.000    7.000   clock vclk_clk (rise edge)
   0.775    7.775   clock network delay (ideal)
   0.000    7.775   clock reconvergence pessimism
  -1.400    6.375   output external delay
            6.375   data required time
-----------------------------------------------------------
            6.375   data required time
           -2.974   data arrival time
-----------------------------------------------------------
            3.401   slack (MET)


Startpoint: dp.rf.rf[1][18]$_DFFE_PP_
            (rising edge-triggered flip-flop clocked by clk)
Endpoint: writedata[18] (output port clocked by vclk_clk)
Path Group: vclk_clk
Path Type: max

   Delay     Time   Description
-----------------------------------------------------------
   0.000    0.000   clock clk (rise edge)
   0.775    0.775   clock network delay (ideal)
   0.000    0.775 ^ dp.rf.rf[1][18]$_DFFE_PP_/CLK (sky130_fd_sc_hd__edfxtp_1)
   0.333    1.108 ^ dp.rf.rf[1][18]$_DFFE_PP_/Q (sky130_fd_sc_hd__edfxtp_1)
   0.078    1.186 v _5664_/Y (sky130_fd_sc_hd__mux2i_1)
   0.281    1.466 ^ _5666_/Y (sky130_fd_sc_hd__o221ai_1)
   0.142    1.608 v _5668_/Y (sky130_fd_sc_hd__o22ai_1)
   0.437    2.045 ^ _5680_/Y (sky130_fd_sc_hd__o31ai_1)
   0.291    2.337 ^ place1015/X (sky130_fd_sc_hd__buf_4)
   0.159    2.496 ^ _7530_/X (sky130_fd_sc_hd__and2_1)
   0.451    2.946 ^ output174/X (sky130_fd_sc_hd__clkdlybuf4s50_1)
   0.000    2.946 ^ writedata[18] (out)
            2.946   data arrival time

   7.000    7.000   clock vclk_clk (rise edge)
   0.775    7.775   clock network delay (ideal)
   0.000    7.775   clock reconvergence pessimism
  -1.400    6.375   output external delay
            6.375   data required time
-----------------------------------------------------------
            6.375   data required time
           -2.946   data arrival time
-----------------------------------------------------------
            3.429   slack (MET)


Startpoint: dp.rf.rf[8][27]$_DFFE_PP_
            (rising edge-triggered flip-flop clocked by clk)
Endpoint: writedata[27] (output port clocked by vclk_clk)
Path Group: vclk_clk
Path Type: max

   Delay     Time   Description
-----------------------------------------------------------
   0.000    0.000   clock clk (rise edge)
   0.775    0.775   clock network delay (ideal)
   0.000    0.775 ^ dp.rf.rf[8][27]$_DFFE_PP_/CLK (sky130_fd_sc_hd__edfxtp_1)
   0.325    1.100 ^ dp.rf.rf[8][27]$_DFFE_PP_/Q (sky130_fd_sc_hd__edfxtp_1)
   0.075    1.175 v _5358_/Y (sky130_fd_sc_hd__mux2i_1)
   0.354    1.528 ^ _5360_/Y (sky130_fd_sc_hd__o221ai_1)
   0.175    1.704 v _5366_/Y (sky130_fd_sc_hd__o22ai_1)
   0.297    2.000 ^ _5378_/Y (sky130_fd_sc_hd__o32ai_2)
   0.305    2.305 ^ place1061/X (sky130_fd_sc_hd__buf_4)
   0.188    2.493 ^ _7521_/X (sky130_fd_sc_hd__and2_1)
   0.447    2.940 ^ output184/X (sky130_fd_sc_hd__clkdlybuf4s50_1)
   0.000    2.940 ^ writedata[27] (out)
            2.940   data arrival time

   7.000    7.000   clock vclk_clk (rise edge)
   0.775    7.775   clock network delay (ideal)
   0.000    7.775   clock reconvergence pessimism
  -1.400    6.375   output external delay
            6.375   data required time
-----------------------------------------------------------
            6.375   data required time
           -2.940   data arrival time
-----------------------------------------------------------
            3.435   slack (MET)


Startpoint: dp.rf.rf[7][25]$_DFFE_PP_
            (rising edge-triggered flip-flop clocked by clk)
Endpoint: writedata[25] (output port clocked by vclk_clk)
Path Group: vclk_clk
Path Type: max

   Delay     Time   Description
-----------------------------------------------------------
   0.000    0.000   clock clk (rise edge)
   0.775    0.775   clock network delay (ideal)
   0.000    0.775 ^ dp.rf.rf[7][25]$_DFFE_PP_/CLK (sky130_fd_sc_hd__edfxtp_1)
   0.361    1.136 v dp.rf.rf[7][25]$_DFFE_PP_/Q (sky130_fd_sc_hd__edfxtp_1)
   0.512    1.648 v _5285_/X (sky130_fd_sc_hd__mux4_2)
   0.341    1.989 v _5289_/X (sky130_fd_sc_hd__a211o_1)
   0.212    2.200 ^ _5305_/Y (sky130_fd_sc_hd__a31oi_1)
   0.239    2.439 ^ place1017/X (sky130_fd_sc_hd__buf_4)
   0.074    2.513 v _7523_/Y (sky130_fd_sc_hd__nor2_1)
   0.420    2.934 v output182/X (sky130_fd_sc_hd__clkdlybuf4s50_1)
   0.000    2.934 v writedata[25] (out)
            2.934   data arrival time

   7.000    7.000   clock vclk_clk (rise edge)
   0.775    7.775   clock network delay (ideal)
   0.000    7.775   clock reconvergence pessimism
  -1.400    6.375   output external delay
            6.375   data required time
-----------------------------------------------------------
            6.375   data required time
           -2.934   data arrival time
-----------------------------------------------------------
            3.441   slack (MET)


Startpoint: dp.rf.rf[4][30]$_DFFE_PP_
            (rising edge-triggered flip-flop clocked by clk)
Endpoint: writedata[30] (output port clocked by vclk_clk)
Path Group: vclk_clk
Path Type: max

   Delay     Time   Description
-----------------------------------------------------------
   0.000    0.000   clock clk (rise edge)
   0.775    0.775   clock network delay (ideal)
   0.000    0.775 ^ dp.rf.rf[4][30]$_DFFE_PP_/CLK (sky130_fd_sc_hd__edfxtp_1)
   0.348    1.123 v dp.rf.rf[4][30]$_DFFE_PP_/Q (sky130_fd_sc_hd__edfxtp_1)
   0.137    1.260 v _5011_/Y (sky130_fd_sc_hd__nor2b_1)
   0.422    1.682 ^ _5012_/Y (sky130_fd_sc_hd__a2111oi_0)
   0.064    1.746 v _5013_/Y (sky130_fd_sc_hd__a31oi_1)
   0.213    1.959 v _5014_/Y (sky130_fd_sc_hd__nor4b_1)
   0.228    2.187 ^ _5015_/Y (sky130_fd_sc_hd__nor3_1)
   0.219    2.407 ^ place1020/X (sky130_fd_sc_hd__buf_4)
   0.075    2.482 v _7517_/Y (sky130_fd_sc_hd__nor2_1)
   0.424    2.906 v output188/X (sky130_fd_sc_hd__clkdlybuf4s50_1)
   0.000    2.906 v writedata[30] (out)
            2.906   data arrival time

   7.000    7.000   clock vclk_clk (rise edge)
   0.775    7.775   clock network delay (ideal)
   0.000    7.775   clock reconvergence pessimism
  -1.400    6.375   output external delay
            6.375   data required time
-----------------------------------------------------------
            6.375   data required time
           -2.906   data arrival time
-----------------------------------------------------------
            3.469   slack (MET)


Startpoint: dp.rf.rf[23][6]$_DFFE_PP_
            (rising edge-triggered flip-flop clocked by clk)
Endpoint: writedata[6] (output port clocked by vclk_clk)
Path Group: vclk_clk
Path Type: max

   Delay     Time   Description
-----------------------------------------------------------
   0.000    0.000   clock clk (rise edge)
   0.775    0.775   clock network delay (ideal)
   0.000    0.775 ^ dp.rf.rf[23][6]$_DFFE_PP_/CLK (sky130_fd_sc_hd__edfxtp_1)
   0.354    1.129 v dp.rf.rf[23][6]$_DFFE_PP_/Q (sky130_fd_sc_hd__edfxtp_1)
   0.485    1.614 v _4179_/X (sky130_fd_sc_hd__mux4_2)
   0.185    1.799 ^ _4183_/Y (sky130_fd_sc_hd__mux2i_1)
   0.170    1.970 ^ _4191_/X (sky130_fd_sc_hd__a211o_1)
   0.084    2.054 v _4192_/Y (sky130_fd_sc_hd__o31ai_2)
   0.199    2.252 v place1040/X (sky130_fd_sc_hd__buf_12)
   0.198    2.451 v place1039/X (sky130_fd_sc_hd__buf_4)
   0.420    2.871 v output193/X (sky130_fd_sc_hd__clkdlybuf4s50_1)
   0.000    2.871 v writedata[6] (out)
            2.871   data arrival time

   7.000    7.000   clock vclk_clk (rise edge)
   0.775    7.775   clock network delay (ideal)
   0.000    7.775   clock reconvergence pessimism
  -1.400    6.375   output external delay
            6.375   data required time
-----------------------------------------------------------
            6.375   data required time
           -2.871   data arrival time
-----------------------------------------------------------
            3.504   slack (MET)


Startpoint: dp.rf.rf[24][7]$_DFFE_PP_
            (rising edge-triggered flip-flop clocked by clk)
Endpoint: writedata[7] (output port clocked by vclk_clk)
Path Group: vclk_clk
Path Type: max

   Delay     Time   Description
-----------------------------------------------------------
   0.000    0.000   clock clk (rise edge)
   0.775    0.775   clock network delay (ideal)
   0.000    0.775 ^ dp.rf.rf[24][7]$_DFFE_PP_/CLK (sky130_fd_sc_hd__edfxtp_1)
   0.353    1.128 ^ dp.rf.rf[24][7]$_DFFE_PP_/Q (sky130_fd_sc_hd__edfxtp_1)
   0.084    1.213 v _3939_/Y (sky130_fd_sc_hd__mux2i_1)
   0.287    1.500 ^ _3943_/Y (sky130_fd_sc_hd__o221ai_1)
   0.229    1.728 v _3948_/Y (sky130_fd_sc_hd__o221ai_1)
   0.195    1.924 ^ _3952_/Y (sky130_fd_sc_hd__o32ai_2)
   0.232    2.156 ^ place1083/X (sky130_fd_sc_hd__buf_4)
   0.190    2.346 ^ place1082/X (sky130_fd_sc_hd__buf_4)
   0.512    2.858 ^ output194/X (sky130_fd_sc_hd__clkdlybuf4s50_1)
   0.000    2.859 ^ writedata[7] (out)
            2.859   data arrival time

   7.000    7.000   clock vclk_clk (rise edge)
   0.775    7.775   clock network delay (ideal)
   0.000    7.775   clock reconvergence pessimism
  -1.400    6.375   output external delay
            6.375   data required time
-----------------------------------------------------------
            6.375   data required time
           -2.859   data arrival time
-----------------------------------------------------------
            3.516   slack (MET)


Startpoint: dp.rf.rf[3][1]$_DFFE_PP_
            (rising edge-triggered flip-flop clocked by clk)
Endpoint: writedata[1] (output port clocked by vclk_clk)
Path Group: vclk_clk
Path Type: max

   Delay     Time   Description
-----------------------------------------------------------
   0.000    0.000   clock clk (rise edge)
   0.775    0.775   clock network delay (ideal)
   0.000    0.775 ^ dp.rf.rf[3][1]$_DFFE_PP_/CLK (sky130_fd_sc_hd__edfxtp_1)
   0.367    1.142 v dp.rf.rf[3][1]$_DFFE_PP_/Q (sky130_fd_sc_hd__edfxtp_1)
   0.474    1.617 v _4417_/X (sky130_fd_sc_hd__mux4_2)
   0.164    1.781 ^ _4418_/Y (sky130_fd_sc_hd__mux2i_1)
   0.137    1.918 v _4419_/Y (sky130_fd_sc_hd__o22ai_1)
   0.290    2.207 v _4427_/X (sky130_fd_sc_hd__o21a_1)
   0.200    2.407 v place1079/X (sky130_fd_sc_hd__buf_4)
   0.420    2.827 v output176/X (sky130_fd_sc_hd__clkdlybuf4s50_1)
   0.000    2.827 v writedata[1] (out)
            2.827   data arrival time

   7.000    7.000   clock vclk_clk (rise edge)
   0.775    7.775   clock network delay (ideal)
   0.000    7.775   clock reconvergence pessimism
  -1.400    6.375   output external delay
            6.375   data required time
-----------------------------------------------------------
            6.375   data required time
           -2.827   data arrival time
-----------------------------------------------------------
            3.548   slack (MET)


Startpoint: dp.rf.rf[11][0]$_DFFE_PP_
            (rising edge-triggered flip-flop clocked by clk)
Endpoint: writedata[0] (output port clocked by vclk_clk)
Path Group: vclk_clk
Path Type: max

   Delay     Time   Description
-----------------------------------------------------------
   0.000    0.000   clock clk (rise edge)
   0.775    0.775   clock network delay (ideal)
   0.000    0.775 ^ dp.rf.rf[11][0]$_DFFE_PP_/CLK (sky130_fd_sc_hd__edfxtp_1)
   0.362    1.137 v dp.rf.rf[11][0]$_DFFE_PP_/Q (sky130_fd_sc_hd__edfxtp_1)
   0.486    1.623 v _4369_/X (sky130_fd_sc_hd__mux4_2)
   0.178    1.801 ^ _4371_/Y (sky130_fd_sc_hd__mux2i_1)
   0.176    1.977 v _4372_/Y (sky130_fd_sc_hd__o221ai_1)
   0.382    2.359 v _4373_/X (sky130_fd_sc_hd__and2_1)
   0.468    2.827 v output165/X (sky130_fd_sc_hd__clkdlybuf4s50_1)
   0.000    2.827 v writedata[0] (out)
            2.827   data arrival time

   7.000    7.000   clock vclk_clk (rise edge)
   0.775    7.775   clock network delay (ideal)
   0.000    7.775   clock reconvergence pessimism
  -1.400    6.375   output external delay
            6.375   data required time
-----------------------------------------------------------
            6.375   data required time
           -2.827   data arrival time
-----------------------------------------------------------
            3.548   slack (MET)


Startpoint: dp.pcreg.q[25]$_DFF_PP0_
            (rising edge-triggered flip-flop clocked by clk)
Endpoint: pc[25] (output port clocked by vclk_clk)
Path Group: vclk_clk
Path Type: max

   Delay     Time   Description
-----------------------------------------------------------
   0.000    0.000   clock clk (rise edge)
   0.775    0.775   clock network delay (ideal)
   0.000    0.775 ^ dp.pcreg.q[25]$_DFF_PP0_/CLK (sky130_fd_sc_hd__dfrtp_1)
   0.498    1.273 ^ dp.pcreg.q[25]$_DFF_PP0_/Q (sky130_fd_sc_hd__dfrtp_1)
   0.822    2.096 ^ output149/X (sky130_fd_sc_hd__clkdlybuf4s50_1)
   0.002    2.098 ^ pc[25] (out)
            2.098   data arrival time

   7.000    7.000   clock vclk_clk (rise edge)
   0.775    7.775   clock network delay (ideal)
   0.000    7.775   clock reconvergence pessimism
  -1.400    6.375   output external delay
            6.375   data required time
-----------------------------------------------------------
            6.375   data required time
           -2.098   data arrival time
-----------------------------------------------------------
            4.277   slack (MET)


Startpoint: dp.pcreg.q[27]$_DFF_PP0_
            (rising edge-triggered flip-flop clocked by clk)
Endpoint: pc[27] (output port clocked by vclk_clk)
Path Group: vclk_clk
Path Type: max

   Delay     Time   Description
-----------------------------------------------------------
   0.000    0.000   clock clk (rise edge)
   0.775    0.775   clock network delay (ideal)
   0.000    0.775 ^ dp.pcreg.q[27]$_DFF_PP0_/CLK (sky130_fd_sc_hd__dfrtp_1)
   0.693    1.468 ^ dp.pcreg.q[27]$_DFF_PP0_/Q (sky130_fd_sc_hd__dfrtp_1)
   0.603    2.071 ^ output151/X (sky130_fd_sc_hd__clkdlybuf4s50_1)
   0.000    2.071 ^ pc[27] (out)
            2.071   data arrival time

   7.000    7.000   clock vclk_clk (rise edge)
   0.775    7.775   clock network delay (ideal)
   0.000    7.775   clock reconvergence pessimism
  -1.400    6.375   output external delay
            6.375   data required time
-----------------------------------------------------------
            6.375   data required time
           -2.071   data arrival time
-----------------------------------------------------------
            4.304   slack (MET)


Startpoint: dp.pcreg.q[26]$_DFF_PP0_
            (rising edge-triggered flip-flop clocked by clk)
Endpoint: pc[26] (output port clocked by vclk_clk)
Path Group: vclk_clk
Path Type: max

   Delay     Time   Description
-----------------------------------------------------------
   0.000    0.000   clock clk (rise edge)
   0.775    0.775   clock network delay (ideal)
   0.000    0.775 ^ dp.pcreg.q[26]$_DFF_PP0_/CLK (sky130_fd_sc_hd__dfrtp_1)
   0.696    1.471 ^ dp.pcreg.q[26]$_DFF_PP0_/Q (sky130_fd_sc_hd__dfrtp_1)
   0.591    2.062 ^ output150/X (sky130_fd_sc_hd__clkdlybuf4s50_1)
   0.000    2.062 ^ pc[26] (out)
            2.062   data arrival time

   7.000    7.000   clock vclk_clk (rise edge)
   0.775    7.775   clock network delay (ideal)
   0.000    7.775   clock reconvergence pessimism
  -1.400    6.375   output external delay
            6.375   data required time
-----------------------------------------------------------
            6.375   data required time
           -2.062   data arrival time
-----------------------------------------------------------
            4.313   slack (MET)


Startpoint: dp.pcreg.q[22]$_DFF_PP0_
            (rising edge-triggered flip-flop clocked by clk)
Endpoint: pc[22] (output port clocked by vclk_clk)
Path Group: vclk_clk
Path Type: max

   Delay     Time   Description
-----------------------------------------------------------
   0.000    0.000   clock clk (rise edge)
   0.775    0.775   clock network delay (ideal)
   0.000    0.775 ^ dp.pcreg.q[22]$_DFF_PP0_/CLK (sky130_fd_sc_hd__dfrtp_1)
   0.474    1.249 ^ dp.pcreg.q[22]$_DFF_PP0_/Q (sky130_fd_sc_hd__dfrtp_1)
   0.784    2.033 ^ output146/X (sky130_fd_sc_hd__clkdlybuf4s50_1)
   0.000    2.033 ^ pc[22] (out)
            2.033   data arrival time

   7.000    7.000   clock vclk_clk (rise edge)
   0.775    7.775   clock network delay (ideal)
   0.000    7.775   clock reconvergence pessimism
  -1.400    6.375   output external delay
            6.375   data required time
-----------------------------------------------------------
            6.375   data required time
           -2.033   data arrival time
-----------------------------------------------------------
            4.342   slack (MET)


Startpoint: dp.pcreg.q[30]$_DFF_PP0_
            (rising edge-triggered flip-flop clocked by clk)
Endpoint: pc[30] (output port clocked by vclk_clk)
Path Group: vclk_clk
Path Type: max

   Delay     Time   Description
-----------------------------------------------------------
   0.000    0.000   clock clk (rise edge)
   0.775    0.775   clock network delay (ideal)
   0.000    0.775 ^ dp.pcreg.q[30]$_DFF_PP0_/CLK (sky130_fd_sc_hd__dfrtp_1)
   0.658    1.433 ^ dp.pcreg.q[30]$_DFF_PP0_/Q (sky130_fd_sc_hd__dfrtp_1)
   0.589    2.022 ^ output155/X (sky130_fd_sc_hd__clkdlybuf4s50_1)
   0.000    2.022 ^ pc[30] (out)
            2.022   data arrival time

   7.000    7.000   clock vclk_clk (rise edge)
   0.775    7.775   clock network delay (ideal)
   0.000    7.775   clock reconvergence pessimism
  -1.400    6.375   output external delay
            6.375   data required time
-----------------------------------------------------------
            6.375   data required time
           -2.022   data arrival time
-----------------------------------------------------------
            4.353   slack (MET)


Startpoint: dp.pcreg.q[23]$_DFF_PP0_
            (rising edge-triggered flip-flop clocked by clk)
Endpoint: pc[23] (output port clocked by vclk_clk)
Path Group: vclk_clk
Path Type: max

   Delay     Time   Description
-----------------------------------------------------------
   0.000    0.000   clock clk (rise edge)
   0.775    0.775   clock network delay (ideal)
   0.000    0.775 ^ dp.pcreg.q[23]$_DFF_PP0_/CLK (sky130_fd_sc_hd__dfrtp_1)
   0.623    1.398 ^ dp.pcreg.q[23]$_DFF_PP0_/Q (sky130_fd_sc_hd__dfrtp_1)
   0.616    2.014 ^ output147/X (sky130_fd_sc_hd__clkdlybuf4s50_1)
   0.000    2.015 ^ pc[23] (out)
            2.015   data arrival time

   7.000    7.000   clock vclk_clk (rise edge)
   0.775    7.775   clock network delay (ideal)
   0.000    7.775   clock reconvergence pessimism
  -1.400    6.375   output external delay
            6.375   data required time
-----------------------------------------------------------
            6.375   data required time
           -2.015   data arrival time
-----------------------------------------------------------
            4.360   slack (MET)


Startpoint: dp.pcreg.q[24]$_DFF_PP0_
            (rising edge-triggered flip-flop clocked by clk)
Endpoint: pc[24] (output port clocked by vclk_clk)
Path Group: vclk_clk
Path Type: max

   Delay     Time   Description
-----------------------------------------------------------
   0.000    0.000   clock clk (rise edge)
   0.775    0.775   clock network delay (ideal)
   0.000    0.775 ^ dp.pcreg.q[24]$_DFF_PP0_/CLK (sky130_fd_sc_hd__dfrtp_1)
   0.454    1.229 ^ dp.pcreg.q[24]$_DFF_PP0_/Q (sky130_fd_sc_hd__dfrtp_1)
   0.782    2.011 ^ output148/X (sky130_fd_sc_hd__clkdlybuf4s50_1)
   0.001    2.013 ^ pc[24] (out)
            2.013   data arrival time

   7.000    7.000   clock vclk_clk (rise edge)
   0.775    7.775   clock network delay (ideal)
   0.000    7.775   clock reconvergence pessimism
  -1.400    6.375   output external delay
            6.375   data required time
-----------------------------------------------------------
            6.375   data required time
           -2.013   data arrival time
-----------------------------------------------------------
            4.362   slack (MET)


Startpoint: dp.pcreg.q[28]$_DFF_PP0_
            (rising edge-triggered flip-flop clocked by clk)
Endpoint: pc[28] (output port clocked by vclk_clk)
Path Group: vclk_clk
Path Type: max

   Delay     Time   Description
-----------------------------------------------------------
   0.000    0.000   clock clk (rise edge)
   0.775    0.775   clock network delay (ideal)
   0.000    0.775 ^ dp.pcreg.q[28]$_DFF_PP0_/CLK (sky130_fd_sc_hd__dfrtp_1)
   0.413    1.188 ^ dp.pcreg.q[28]$_DFF_PP0_/Q (sky130_fd_sc_hd__dfrtp_1)
   0.812    2.000 ^ output152/X (sky130_fd_sc_hd__clkdlybuf4s50_1)
   0.003    2.003 ^ pc[28] (out)
            2.003   data arrival time

   7.000    7.000   clock vclk_clk (rise edge)
   0.775    7.775   clock network delay (ideal)
   0.000    7.775   clock reconvergence pessimism
  -1.400    6.375   output external delay
            6.375   data required time
-----------------------------------------------------------
            6.375   data required time
           -2.003   data arrival time
-----------------------------------------------------------
            4.372   slack (MET)


Startpoint: dp.pcreg.q[31]$_DFF_PP0_
            (rising edge-triggered flip-flop clocked by clk)
Endpoint: pc[31] (output port clocked by vclk_clk)
Path Group: vclk_clk
Path Type: max

   Delay     Time   Description
-----------------------------------------------------------
   0.000    0.000   clock clk (rise edge)
   0.775    0.775   clock network delay (ideal)
   0.000    0.775 ^ dp.pcreg.q[31]$_DFF_PP0_/CLK (sky130_fd_sc_hd__dfrtp_1)
   0.643    1.418 ^ dp.pcreg.q[31]$_DFF_PP0_/Q (sky130_fd_sc_hd__dfrtp_1)
   0.578    1.996 ^ output156/X (sky130_fd_sc_hd__clkdlybuf4s50_1)
   0.000    1.996 ^ pc[31] (out)
            1.996   data arrival time

   7.000    7.000   clock vclk_clk (rise edge)
   0.775    7.775   clock network delay (ideal)
   0.000    7.775   clock reconvergence pessimism
  -1.400    6.375   output external delay
            6.375   data required time
-----------------------------------------------------------
            6.375   data required time
           -1.996   data arrival time
-----------------------------------------------------------
            4.379   slack (MET)


Startpoint: dp.pcreg.q[29]$_DFF_PP0_
            (rising edge-triggered flip-flop clocked by clk)
Endpoint: pc[29] (output port clocked by vclk_clk)
Path Group: vclk_clk
Path Type: max

   Delay     Time   Description
-----------------------------------------------------------
   0.000    0.000   clock clk (rise edge)
   0.775    0.775   clock network delay (ideal)
   0.000    0.775 ^ dp.pcreg.q[29]$_DFF_PP0_/CLK (sky130_fd_sc_hd__dfrtp_1)
   0.628    1.403 ^ dp.pcreg.q[29]$_DFF_PP0_/Q (sky130_fd_sc_hd__dfrtp_1)
   0.569    1.972 ^ output153/X (sky130_fd_sc_hd__clkdlybuf4s50_1)
   0.000    1.972 ^ pc[29] (out)
            1.972   data arrival time

   7.000    7.000   clock vclk_clk (rise edge)
   0.775    7.775   clock network delay (ideal)
   0.000    7.775   clock reconvergence pessimism
  -1.400    6.375   output external delay
            6.375   data required time
-----------------------------------------------------------
            6.375   data required time
           -1.972   data arrival time
-----------------------------------------------------------
            4.403   slack (MET)


Startpoint: dp.pcreg.q[15]$_DFF_PP0_
            (rising edge-triggered flip-flop clocked by clk)
Endpoint: pc[15] (output port clocked by vclk_clk)
Path Group: vclk_clk
Path Type: max

   Delay     Time   Description
-----------------------------------------------------------
   0.000    0.000   clock clk (rise edge)
   0.775    0.775   clock network delay (ideal)
   0.000    0.775 ^ dp.pcreg.q[15]$_DFF_PP0_/CLK (sky130_fd_sc_hd__dfrtp_1)
   0.581    1.356 ^ dp.pcreg.q[15]$_DFF_PP0_/Q (sky130_fd_sc_hd__dfrtp_1)
   0.560    1.916 ^ output138/X (sky130_fd_sc_hd__clkdlybuf4s50_1)
   0.000    1.916 ^ pc[15] (out)
            1.916   data arrival time

   7.000    7.000   clock vclk_clk (rise edge)
   0.775    7.775   clock network delay (ideal)
   0.000    7.775   clock reconvergence pessimism
  -1.400    6.375   output external delay
            6.375   data required time
-----------------------------------------------------------
            6.375   data required time
           -1.916   data arrival time
-----------------------------------------------------------
            4.459   slack (MET)


Startpoint: dp.pcreg.q[11]$_DFF_PP0_
            (rising edge-triggered flip-flop clocked by clk)
Endpoint: pc[11] (output port clocked by vclk_clk)
Path Group: vclk_clk
Path Type: max

   Delay     Time   Description
-----------------------------------------------------------
   0.000    0.000   clock clk (rise edge)
   0.775    0.775   clock network delay (ideal)
   0.000    0.775 ^ dp.pcreg.q[11]$_DFF_PP0_/CLK (sky130_fd_sc_hd__dfrtp_1)
   0.515    1.290 ^ dp.pcreg.q[11]$_DFF_PP0_/Q (sky130_fd_sc_hd__dfrtp_1)
   0.558    1.849 ^ output134/X (sky130_fd_sc_hd__clkdlybuf4s50_1)
   0.000    1.849 ^ pc[11] (out)
            1.849   data arrival time

   7.000    7.000   clock vclk_clk (rise edge)
   0.775    7.775   clock network delay (ideal)
   0.000    7.775   clock reconvergence pessimism
  -1.400    6.375   output external delay
            6.375   data required time
-----------------------------------------------------------
            6.375   data required time
           -1.849   data arrival time
-----------------------------------------------------------
            4.526   slack (MET)


Startpoint: dp.pcreg.q[17]$_DFF_PP0_
            (rising edge-triggered flip-flop clocked by clk)
Endpoint: pc[17] (output port clocked by vclk_clk)
Path Group: vclk_clk
Path Type: max

   Delay     Time   Description
-----------------------------------------------------------
   0.000    0.000   clock clk (rise edge)
   0.775    0.775   clock network delay (ideal)
   0.000    0.775 ^ dp.pcreg.q[17]$_DFF_PP0_/CLK (sky130_fd_sc_hd__dfrtp_1)
   0.522    1.297 ^ dp.pcreg.q[17]$_DFF_PP0_/Q (sky130_fd_sc_hd__dfrtp_1)
   0.547    1.844 ^ output140/X (sky130_fd_sc_hd__clkdlybuf4s50_1)
   0.000    1.844 ^ pc[17] (out)
            1.844   data arrival time

   7.000    7.000   clock vclk_clk (rise edge)
   0.775    7.775   clock network delay (ideal)
   0.000    7.775   clock reconvergence pessimism
  -1.400    6.375   output external delay
            6.375   data required time
-----------------------------------------------------------
            6.375   data required time
           -1.844   data arrival time
-----------------------------------------------------------
            4.531   slack (MET)


Startpoint: dp.pcreg.q[16]$_DFF_PP0_
            (rising edge-triggered flip-flop clocked by clk)
Endpoint: pc[16] (output port clocked by vclk_clk)
Path Group: vclk_clk
Path Type: max

   Delay     Time   Description
-----------------------------------------------------------
   0.000    0.000   clock clk (rise edge)
   0.775    0.775   clock network delay (ideal)
   0.000    0.775 ^ dp.pcreg.q[16]$_DFF_PP0_/CLK (sky130_fd_sc_hd__dfrtp_1)
   0.506    1.281 ^ dp.pcreg.q[16]$_DFF_PP0_/Q (sky130_fd_sc_hd__dfrtp_1)
   0.533    1.814 ^ output139/X (sky130_fd_sc_hd__clkdlybuf4s50_1)
   0.000    1.814 ^ pc[16] (out)
            1.814   data arrival time

   7.000    7.000   clock vclk_clk (rise edge)
   0.775    7.775   clock network delay (ideal)
   0.000    7.775   clock reconvergence pessimism
  -1.400    6.375   output external delay
            6.375   data required time
-----------------------------------------------------------
            6.375   data required time
           -1.814   data arrival time
-----------------------------------------------------------
            4.561   slack (MET)


Startpoint: dp.pcreg.q[8]$_DFF_PP0_
            (rising edge-triggered flip-flop clocked by clk)
Endpoint: pc[8] (output port clocked by vclk_clk)
Path Group: vclk_clk
Path Type: max

   Delay     Time   Description
-----------------------------------------------------------
   0.000    0.000   clock clk (rise edge)
   0.775    0.775   clock network delay (ideal)
   0.000    0.775 ^ dp.pcreg.q[8]$_DFF_PP0_/CLK (sky130_fd_sc_hd__dfrtp_1)
   0.498    1.273 ^ dp.pcreg.q[8]$_DFF_PP0_/Q (sky130_fd_sc_hd__dfrtp_1)
   0.530    1.803 ^ output162/X (sky130_fd_sc_hd__clkdlybuf4s50_1)
   0.000    1.803 ^ pc[8] (out)
            1.803   data arrival time

   7.000    7.000   clock vclk_clk (rise edge)
   0.775    7.775   clock network delay (ideal)
   0.000    7.775   clock reconvergence pessimism
  -1.400    6.375   output external delay
            6.375   data required time
-----------------------------------------------------------
            6.375   data required time
           -1.803   data arrival time
-----------------------------------------------------------
            4.572   slack (MET)


Startpoint: dp.pcreg.q[12]$_DFF_PP0_
            (rising edge-triggered flip-flop clocked by clk)
Endpoint: pc[12] (output port clocked by vclk_clk)
Path Group: vclk_clk
Path Type: max

   Delay     Time   Description
-----------------------------------------------------------
   0.000    0.000   clock clk (rise edge)
   0.775    0.775   clock network delay (ideal)
   0.000    0.775 ^ dp.pcreg.q[12]$_DFF_PP0_/CLK (sky130_fd_sc_hd__dfrtp_1)
   0.489    1.264 ^ dp.pcreg.q[12]$_DFF_PP0_/Q (sky130_fd_sc_hd__dfrtp_1)
   0.529    1.792 ^ output135/X (sky130_fd_sc_hd__clkdlybuf4s50_1)
   0.000    1.792 ^ pc[12] (out)
            1.792   data arrival time

   7.000    7.000   clock vclk_clk (rise edge)
   0.775    7.775   clock network delay (ideal)
   0.000    7.775   clock reconvergence pessimism
  -1.400    6.375   output external delay
            6.375   data required time
-----------------------------------------------------------
            6.375   data required time
           -1.792   data arrival time
-----------------------------------------------------------
            4.583   slack (MET)


Startpoint: dp.pcreg.q[9]$_DFF_PP0_
            (rising edge-triggered flip-flop clocked by clk)
Endpoint: pc[9] (output port clocked by vclk_clk)
Path Group: vclk_clk
Path Type: max

   Delay     Time   Description
-----------------------------------------------------------
   0.000    0.000   clock clk (rise edge)
   0.775    0.775   clock network delay (ideal)
   0.000    0.775 ^ dp.pcreg.q[9]$_DFF_PP0_/CLK (sky130_fd_sc_hd__dfrtp_1)
   0.483    1.258 ^ dp.pcreg.q[9]$_DFF_PP0_/Q (sky130_fd_sc_hd__dfrtp_1)
   0.526    1.784 ^ output163/X (sky130_fd_sc_hd__clkdlybuf4s50_1)
   0.000    1.784 ^ pc[9] (out)
            1.784   data arrival time

   7.000    7.000   clock vclk_clk (rise edge)
   0.775    7.775   clock network delay (ideal)
   0.000    7.775   clock reconvergence pessimism
  -1.400    6.375   output external delay
            6.375   data required time
-----------------------------------------------------------
            6.375   data required time
           -1.784   data arrival time
-----------------------------------------------------------
            4.591   slack (MET)


Startpoint: dp.pcreg.q[2]$_DFF_PP0_
            (rising edge-triggered flip-flop clocked by clk)
Endpoint: pc[2] (output port clocked by vclk_clk)
Path Group: vclk_clk
Path Type: max

   Delay     Time   Description
-----------------------------------------------------------
   0.000    0.000   clock clk (rise edge)
   0.775    0.775   clock network delay (ideal)
   0.000    0.775 ^ dp.pcreg.q[2]$_DFF_PP0_/CLK (sky130_fd_sc_hd__dfrtp_1)
   0.472    1.247 ^ dp.pcreg.q[2]$_DFF_PP0_/Q (sky130_fd_sc_hd__dfrtp_1)
   0.517    1.765 ^ output154/X (sky130_fd_sc_hd__clkdlybuf4s50_1)
   0.000    1.765 ^ pc[2] (out)
            1.765   data arrival time

   7.000    7.000   clock vclk_clk (rise edge)
   0.775    7.775   clock network delay (ideal)
   0.000    7.775   clock reconvergence pessimism
  -1.400    6.375   output external delay
            6.375   data required time
-----------------------------------------------------------
            6.375   data required time
           -1.765   data arrival time
-----------------------------------------------------------
            4.610   slack (MET)


Startpoint: dp.pcreg.q[13]$_DFF_PP0_
            (rising edge-triggered flip-flop clocked by clk)
Endpoint: pc[13] (output port clocked by vclk_clk)
Path Group: vclk_clk
Path Type: max

   Delay     Time   Description
-----------------------------------------------------------
   0.000    0.000   clock clk (rise edge)
   0.775    0.775   clock network delay (ideal)
   0.000    0.775 ^ dp.pcreg.q[13]$_DFF_PP0_/CLK (sky130_fd_sc_hd__dfrtp_1)
   0.471    1.246 ^ dp.pcreg.q[13]$_DFF_PP0_/Q (sky130_fd_sc_hd__dfrtp_1)
   0.517    1.763 ^ output136/X (sky130_fd_sc_hd__clkdlybuf4s50_1)
   0.000    1.763 ^ pc[13] (out)
            1.763   data arrival time

   7.000    7.000   clock vclk_clk (rise edge)
   0.775    7.775   clock network delay (ideal)
   0.000    7.775   clock reconvergence pessimism
  -1.400    6.375   output external delay
            6.375   data required time
-----------------------------------------------------------
            6.375   data required time
           -1.763   data arrival time
-----------------------------------------------------------
            4.612   slack (MET)


Startpoint: dp.pcreg.q[18]$_DFF_PP0_
            (rising edge-triggered flip-flop clocked by clk)
Endpoint: pc[18] (output port clocked by vclk_clk)
Path Group: vclk_clk
Path Type: max

   Delay     Time   Description
-----------------------------------------------------------
   0.000    0.000   clock clk (rise edge)
   0.775    0.775   clock network delay (ideal)
   0.000    0.775 ^ dp.pcreg.q[18]$_DFF_PP0_/CLK (sky130_fd_sc_hd__dfrtp_1)
   0.462    1.237 ^ dp.pcreg.q[18]$_DFF_PP0_/Q (sky130_fd_sc_hd__dfrtp_1)
   0.523    1.760 ^ output141/X (sky130_fd_sc_hd__clkdlybuf4s50_1)
   0.000    1.760 ^ pc[18] (out)
            1.760   data arrival time

   7.000    7.000   clock vclk_clk (rise edge)
   0.775    7.775   clock network delay (ideal)
   0.000    7.775   clock reconvergence pessimism
  -1.400    6.375   output external delay
            6.375   data required time
-----------------------------------------------------------
            6.375   data required time
           -1.760   data arrival time
-----------------------------------------------------------
            4.615   slack (MET)


Startpoint: dp.pcreg.q[21]$_DFF_PP0_
            (rising edge-triggered flip-flop clocked by clk)
Endpoint: pc[21] (output port clocked by vclk_clk)
Path Group: vclk_clk
Path Type: max

   Delay     Time   Description
-----------------------------------------------------------
   0.000    0.000   clock clk (rise edge)
   0.775    0.775   clock network delay (ideal)
   0.000    0.775 ^ dp.pcreg.q[21]$_DFF_PP0_/CLK (sky130_fd_sc_hd__dfrtp_1)
   0.465    1.240 ^ dp.pcreg.q[21]$_DFF_PP0_/Q (sky130_fd_sc_hd__dfrtp_1)
   0.519    1.759 ^ output145/X (sky130_fd_sc_hd__clkdlybuf4s50_1)
   0.000    1.759 ^ pc[21] (out)
            1.759   data arrival time

   7.000    7.000   clock vclk_clk (rise edge)
   0.775    7.775   clock network delay (ideal)
   0.000    7.775   clock reconvergence pessimism
  -1.400    6.375   output external delay
            6.375   data required time
-----------------------------------------------------------
            6.375   data required time
           -1.759   data arrival time
-----------------------------------------------------------
            4.616   slack (MET)


Startpoint: dp.pcreg.q[6]$_DFF_PP0_
            (rising edge-triggered flip-flop clocked by clk)
Endpoint: pc[6] (output port clocked by vclk_clk)
Path Group: vclk_clk
Path Type: max

   Delay     Time   Description
-----------------------------------------------------------
   0.000    0.000   clock clk (rise edge)
   0.775    0.775   clock network delay (ideal)
   0.000    0.775 ^ dp.pcreg.q[6]$_DFF_PP0_/CLK (sky130_fd_sc_hd__dfrtp_1)
   0.465    1.240 ^ dp.pcreg.q[6]$_DFF_PP0_/Q (sky130_fd_sc_hd__dfrtp_1)
   0.513    1.753 ^ output160/X (sky130_fd_sc_hd__clkdlybuf4s50_1)
   0.000    1.753 ^ pc[6] (out)
            1.753   data arrival time

   7.000    7.000   clock vclk_clk (rise edge)
   0.775    7.775   clock network delay (ideal)
   0.000    7.775   clock reconvergence pessimism
  -1.400    6.375   output external delay
            6.375   data required time
-----------------------------------------------------------
            6.375   data required time
           -1.753   data arrival time
-----------------------------------------------------------
            4.622   slack (MET)


Startpoint: dp.pcreg.q[14]$_DFF_PP0_
            (rising edge-triggered flip-flop clocked by clk)
Endpoint: pc[14] (output port clocked by vclk_clk)
Path Group: vclk_clk
Path Type: max

   Delay     Time   Description
-----------------------------------------------------------
   0.000    0.000   clock clk (rise edge)
   0.775    0.775   clock network delay (ideal)
   0.000    0.775 ^ dp.pcreg.q[14]$_DFF_PP0_/CLK (sky130_fd_sc_hd__dfrtp_1)
   0.466    1.241 ^ dp.pcreg.q[14]$_DFF_PP0_/Q (sky130_fd_sc_hd__dfrtp_1)
   0.511    1.751 ^ output137/X (sky130_fd_sc_hd__clkdlybuf4s50_1)
   0.000    1.751 ^ pc[14] (out)
            1.751   data arrival time

   7.000    7.000   clock vclk_clk (rise edge)
   0.775    7.775   clock network delay (ideal)
   0.000    7.775   clock reconvergence pessimism
  -1.400    6.375   output external delay
            6.375   data required time
-----------------------------------------------------------
            6.375   data required time
           -1.751   data arrival time
-----------------------------------------------------------
            4.624   slack (MET)


Startpoint: dp.pcreg.q[4]$_DFF_PP0_
            (rising edge-triggered flip-flop clocked by clk)
Endpoint: pc[4] (output port clocked by vclk_clk)
Path Group: vclk_clk
Path Type: max

   Delay     Time   Description
-----------------------------------------------------------
   0.000    0.000   clock clk (rise edge)
   0.775    0.775   clock network delay (ideal)
   0.000    0.775 ^ dp.pcreg.q[4]$_DFF_PP0_/CLK (sky130_fd_sc_hd__dfrtp_1)
   0.438    1.213 ^ dp.pcreg.q[4]$_DFF_PP0_/Q (sky130_fd_sc_hd__dfrtp_1)
   0.529    1.742 ^ output158/X (sky130_fd_sc_hd__clkdlybuf4s50_1)
   0.000    1.742 ^ pc[4] (out)
            1.742   data arrival time

   7.000    7.000   clock vclk_clk (rise edge)
   0.775    7.775   clock network delay (ideal)
   0.000    7.775   clock reconvergence pessimism
  -1.400    6.375   output external delay
            6.375   data required time
-----------------------------------------------------------
            6.375   data required time
           -1.742   data arrival time
-----------------------------------------------------------
            4.633   slack (MET)


Startpoint: dp.pcreg.q[5]$_DFF_PP0_
            (rising edge-triggered flip-flop clocked by clk)
Endpoint: pc[5] (output port clocked by vclk_clk)
Path Group: vclk_clk
Path Type: max

   Delay     Time   Description
-----------------------------------------------------------
   0.000    0.000   clock clk (rise edge)
   0.775    0.775   clock network delay (ideal)
   0.000    0.775 ^ dp.pcreg.q[5]$_DFF_PP0_/CLK (sky130_fd_sc_hd__dfrtp_1)
   0.434    1.209 ^ dp.pcreg.q[5]$_DFF_PP0_/Q (sky130_fd_sc_hd__dfrtp_1)
   0.523    1.732 ^ output159/X (sky130_fd_sc_hd__clkdlybuf4s50_1)
   0.000    1.732 ^ pc[5] (out)
            1.732   data arrival time

   7.000    7.000   clock vclk_clk (rise edge)
   0.775    7.775   clock network delay (ideal)
   0.000    7.775   clock reconvergence pessimism
  -1.400    6.375   output external delay
            6.375   data required time
-----------------------------------------------------------
            6.375   data required time
           -1.732   data arrival time
-----------------------------------------------------------
            4.643   slack (MET)


Startpoint: dp.pcreg.q[3]$_DFF_PP0_
            (rising edge-triggered flip-flop clocked by clk)
Endpoint: pc[3] (output port clocked by vclk_clk)
Path Group: vclk_clk
Path Type: max

   Delay     Time   Description
-----------------------------------------------------------
   0.000    0.000   clock clk (rise edge)
   0.775    0.775   clock network delay (ideal)
   0.000    0.775 ^ dp.pcreg.q[3]$_DFF_PP0_/CLK (sky130_fd_sc_hd__dfrtp_1)
   0.426    1.201 ^ dp.pcreg.q[3]$_DFF_PP0_/Q (sky130_fd_sc_hd__dfrtp_1)
   0.524    1.725 ^ output157/X (sky130_fd_sc_hd__clkdlybuf4s50_1)
   0.000    1.725 ^ pc[3] (out)
            1.725   data arrival time

   7.000    7.000   clock vclk_clk (rise edge)
   0.775    7.775   clock network delay (ideal)
   0.000    7.775   clock reconvergence pessimism
  -1.400    6.375   output external delay
            6.375   data required time
-----------------------------------------------------------
            6.375   data required time
           -1.725   data arrival time
-----------------------------------------------------------
            4.650   slack (MET)


Startpoint: dp.pcreg.q[19]$_DFF_PP0_
            (rising edge-triggered flip-flop clocked by clk)
Endpoint: pc[19] (output port clocked by vclk_clk)
Path Group: vclk_clk
Path Type: max

   Delay     Time   Description
-----------------------------------------------------------
   0.000    0.000   clock clk (rise edge)
   0.775    0.775   clock network delay (ideal)
   0.000    0.775 ^ dp.pcreg.q[19]$_DFF_PP0_/CLK (sky130_fd_sc_hd__dfrtp_1)
   0.443    1.218 ^ dp.pcreg.q[19]$_DFF_PP0_/Q (sky130_fd_sc_hd__dfrtp_1)
   0.504    1.723 ^ output142/X (sky130_fd_sc_hd__clkdlybuf4s50_1)
   0.000    1.723 ^ pc[19] (out)
            1.723   data arrival time

   7.000    7.000   clock vclk_clk (rise edge)
   0.775    7.775   clock network delay (ideal)
   0.000    7.775   clock reconvergence pessimism
  -1.400    6.375   output external delay
            6.375   data required time
-----------------------------------------------------------
            6.375   data required time
           -1.723   data arrival time
-----------------------------------------------------------
            4.652   slack (MET)


Startpoint: dp.pcreg.q[20]$_DFF_PP0_
            (rising edge-triggered flip-flop clocked by clk)
Endpoint: pc[20] (output port clocked by vclk_clk)
Path Group: vclk_clk
Path Type: max

   Delay     Time   Description
-----------------------------------------------------------
   0.000    0.000   clock clk (rise edge)
   0.775    0.775   clock network delay (ideal)
   0.000    0.775 ^ dp.pcreg.q[20]$_DFF_PP0_/CLK (sky130_fd_sc_hd__dfrtp_1)
   0.423    1.198 ^ dp.pcreg.q[20]$_DFF_PP0_/Q (sky130_fd_sc_hd__dfrtp_1)
   0.519    1.717 ^ output144/X (sky130_fd_sc_hd__clkdlybuf4s50_1)
   0.000    1.717 ^ pc[20] (out)
            1.717   data arrival time

   7.000    7.000   clock vclk_clk (rise edge)
   0.775    7.775   clock network delay (ideal)
   0.000    7.775   clock reconvergence pessimism
  -1.400    6.375   output external delay
            6.375   data required time
-----------------------------------------------------------
            6.375   data required time
           -1.717   data arrival time
-----------------------------------------------------------
            4.658   slack (MET)


Startpoint: dp.pcreg.q[7]$_DFF_PP0_
            (rising edge-triggered flip-flop clocked by clk)
Endpoint: pc[7] (output port clocked by vclk_clk)
Path Group: vclk_clk
Path Type: max

   Delay     Time   Description
-----------------------------------------------------------
   0.000    0.000   clock clk (rise edge)
   0.775    0.775   clock network delay (ideal)
   0.000    0.775 ^ dp.pcreg.q[7]$_DFF_PP0_/CLK (sky130_fd_sc_hd__dfrtp_1)
   0.396    1.171 ^ dp.pcreg.q[7]$_DFF_PP0_/Q (sky130_fd_sc_hd__dfrtp_1)
   0.527    1.697 ^ output161/X (sky130_fd_sc_hd__clkdlybuf4s50_1)
   0.000    1.698 ^ pc[7] (out)
            1.698   data arrival time

   7.000    7.000   clock vclk_clk (rise edge)
   0.775    7.775   clock network delay (ideal)
   0.000    7.775   clock reconvergence pessimism
  -1.400    6.375   output external delay
            6.375   data required time
-----------------------------------------------------------
            6.375   data required time
           -1.698   data arrival time
-----------------------------------------------------------
            4.677   slack (MET)


Startpoint: dp.pcreg.q[10]$_DFF_PP0_
            (rising edge-triggered flip-flop clocked by clk)
Endpoint: pc[10] (output port clocked by vclk_clk)
Path Group: vclk_clk
Path Type: max

   Delay     Time   Description
-----------------------------------------------------------
   0.000    0.000   clock clk (rise edge)
   0.775    0.775   clock network delay (ideal)
   0.000    0.775 ^ dp.pcreg.q[10]$_DFF_PP0_/CLK (sky130_fd_sc_hd__dfrtp_1)
   0.407    1.182 ^ dp.pcreg.q[10]$_DFF_PP0_/Q (sky130_fd_sc_hd__dfrtp_1)
   0.497    1.678 ^ output133/X (sky130_fd_sc_hd__clkdlybuf4s50_1)
   0.000    1.678 ^ pc[10] (out)
            1.678   data arrival time

   7.000    7.000   clock vclk_clk (rise edge)
   0.775    7.775   clock network delay (ideal)
   0.000    7.775   clock reconvergence pessimism
  -1.400    6.375   output external delay
            6.375   data required time
-----------------------------------------------------------
            6.375   data required time
           -1.678   data arrival time
-----------------------------------------------------------
            4.697   slack (MET)


Startpoint: dp.pcreg.q[1]$_DFFE_PP0P_
            (rising edge-triggered flip-flop clocked by clk)
Endpoint: pc[1] (output port clocked by vclk_clk)
Path Group: vclk_clk
Path Type: max

   Delay     Time   Description
-----------------------------------------------------------
   0.000    0.000   clock clk (rise edge)
   0.775    0.775   clock network delay (ideal)
   0.000    0.775 ^ dp.pcreg.q[1]$_DFFE_PP0P_/CLK (sky130_fd_sc_hd__dfrtp_1)
   0.371    1.146 ^ dp.pcreg.q[1]$_DFFE_PP0P_/Q (sky130_fd_sc_hd__dfrtp_1)
   0.490    1.636 ^ output143/X (sky130_fd_sc_hd__clkdlybuf4s50_1)
   0.000    1.636 ^ pc[1] (out)
            1.636   data arrival time

   7.000    7.000   clock vclk_clk (rise edge)
   0.775    7.775   clock network delay (ideal)
   0.000    7.775   clock reconvergence pessimism
  -1.400    6.375   output external delay
            6.375   data required time
-----------------------------------------------------------
            6.375   data required time
           -1.636   data arrival time
-----------------------------------------------------------
            4.739   slack (MET)


Startpoint: dp.pcreg.q[0]$_DFFE_PP0P_
            (rising edge-triggered flip-flop clocked by clk)
Endpoint: pc[0] (output port clocked by vclk_clk)
Path Group: vclk_clk
Path Type: max

   Delay     Time   Description
-----------------------------------------------------------
   0.000    0.000   clock clk (rise edge)
   0.775    0.775   clock network delay (ideal)
   0.000    0.775 ^ dp.pcreg.q[0]$_DFFE_PP0P_/CLK (sky130_fd_sc_hd__dfrtp_1)
   0.374    1.149 ^ dp.pcreg.q[0]$_DFFE_PP0P_/Q (sky130_fd_sc_hd__dfrtp_1)
   0.478    1.627 ^ output132/X (sky130_fd_sc_hd__clkdlybuf4s50_1)
   0.000    1.627 ^ pc[0] (out)
            1.627   data arrival time

   7.000    7.000   clock vclk_clk (rise edge)
   0.775    7.775   clock network delay (ideal)
   0.000    7.775   clock reconvergence pessimism
  -1.400    6.375   output external delay
            6.375   data required time
-----------------------------------------------------------
            6.375   data required time
           -1.627   data arrival time
-----------------------------------------------------------
            4.748   slack (MET)


